    1           2           3           4           5           6           7           8           9           10          11          12          13          14          15          16          17          18          19          20          21          22          23          24          25          26          27          28          29          30          31          32          33          34          35          36          37          38          39          40          41          42          43          44          45          46          47          48          49          50          51          52          53          54          55          56          57          58          59          60          61          62          63          64          65          66          67          68          69          70          71          72          73          74          75          76          77          78          79          80          81          82          83          84          85          86          87          88          89          90          91          92          93          94          95          96          97          98          99          100         101         102         103         104         105         106         107         108         109         110         111         112         113         114         115         116         117         118         119         120         121         122         123         124         125         126         127         128         129         130         131         132         133         134         135         136         137         138         139         140         141         142         143         144         145         146         147         148         149         150         151         152         153         154         155         156         157         158         159         160         161         162         163         164         165         166         167         168         169         170         171         172         173         174         175         176         177         178         179         180         181         182         183         184         185         186         187         188         189         190         191         192         193         194         195         196         197         198         199         200         201         202         203         204         205         206         207         208         209         210         211         212         213         214         215         216         217         218         219         220         221         222         223         224         225         226         227         228         229         230         231         232         233         234         235         236         237         238         239         240         241         242         243         244         245         246         247         248         249         250         251         252         253         254         255         256           
  0 0.308508396 0.313863426 0.319213122 0.324568152 0.329917818 0.335272849 0.340806276 0.346528798 0.352245569 0.357968092 0.363612682 0.369190872 0.374763489 0.380341679 0.385933518 0.391550183 0.397161216 0.402777880 0.408138692 0.413254887 0.418365926 0.423482120 0.428281218 0.432773471 0.437261254 0.441753507 0.446110547 0.450341374 0.454567939 0.458861679 0.463214040 0.467572004 0.471926928 0.476175219 0.480308443 0.484396756 0.488431990 0.492447287 0.496434629 0.500135601 0.503542840 0.507217228 0.511151373 0.514890850 0.518427968 0.522014380 0.525642812 0.529277921 0.532912493 0.536622763 0.540401399 0.544012189 0.547447979 0.550799012 0.554058552 0.557393372 0.560796738 0.564168692 0.567502499 0.570879817 0.574293911 0.577917278 0.581742644 0.585378528 0.588817596 0.592321634 0.595883727 0.599231720 0.602359116 0.605633199 0.609047413 0.612554371 0.616147041 0.619650185 0.623056829 0.626515865 0.630020261 0.633360982 0.636531174 0.639766335 0.643059909 0.646371007 0.649693072 0.653045595 0.656422019 0.659772098 0.663089216 0.666218221 0.669152737 0.672044337 0.674887180 0.677790701 0.680749059 0.683532000 0.686133862 0.688971937 0.692040443 0.694893360 0.697524965 0.700065970 0.702511370 0.704884887 0.707181752 0.709600568 0.712136507 0.714395881 0.716374278 0.718503177 0.720778465 0.722955823 0.725031078 0.727096200 0.729147196 0.731200218 0.733303845 0.735462189 0.737618327 0.739776671 0.741735041 0.743497789 0.745258808 0.747021556 0.748852432 0.750754952 0.752655566 0.754558086 0.756374896 0.758109689 0.759842753 0.761577547 0.763416350 0.765362620 0.767306983 0.769253254 0.771184266 0.773103893 0.775021553 0.776941180 0.778895617 0.780888677 0.782879710 0.784872770 0.786870599 0.788877189 0.790881813 0.792888403 0.794906080 0.796938777 0.798969507 0.801002204 0.803037345 0.805078864 0.807118416 0.809159935 0.811149240 0.813090265 0.815029383 0.816970468 0.818963528 0.821012557 0.823059559 0.825108528 0.827216983 0.829388797 0.831558466 0.833730340 0.835866749 0.837972045 0.840075254 0.842180550 0.844314456 0.846481264 0.848645866 0.850812614 0.852931321 0.855006337 0.857079268 0.859154284 0.861299217 0.863518238 0.865735114 0.867954135 0.870145082 0.872312307 0.874477327 0.876644552 0.878770232 0.880858719 0.882945120 0.885033607 0.887207389 0.889470518 0.891731381 0.893994451 0.896196425 0.898341715 0.900484920 0.902630210 0.904841244 0.907122374 0.909401178 0.911682308 0.913872242 0.915975630 0.918076932 0.920180321 0.922347248 0.924581945 0.926814437 0.929049134 0.931204677 0.933285594 0.935364425 0.937445343 0.939549208 0.941680253 0.943809152 0.945940197 0.947994649 0.949976742 0.951956868 0.953938961 0.955940247 0.957964718 0.959987104 0.962011576 0.964010417 0.965987682 0.967962980 0.969940245 0.971083879 0.971397936 0.971711636 0.972025633 0.971849382 0.971183479 0.970518291 0.969852388 0.972974598 0.979883611 0.986785769 0.993694782 0.997385144 0.997870684 0.998355806 0.998841345 0.998714149 0.997975111 0.997236848 0.996497810 0.999108732 1.005068064 1.011021376 1.016980767 1.022934079 1.028893471   
  1 0.297639996 0.302814722 0.307984263 0.313158989 0.318328530 0.323503256 0.328850508 0.334380656 0.339905232 0.345435381 0.350890726 0.356282383 0.361668646 0.367060304 0.372465521 0.377895117 0.383319288 0.388748884 0.393931895 0.398879141 0.403821439 0.408768684 0.413410157 0.417755753 0.422096997 0.426442593 0.430657893 0.434751600 0.438841194 0.442995816 0.447207123 0.451424032 0.455638051 0.459749341 0.463749617 0.467706680 0.471612602 0.475499392 0.479359269 0.482942790 0.486242771 0.489800870 0.493609905 0.497230977 0.500656784 0.504130304 0.507644534 0.511165380 0.514685690 0.518279374 0.521939158 0.525436938 0.528765798 0.532012880 0.535171807 0.538403451 0.541701496 0.544969261 0.548200369 0.551473618 0.554782450 0.558293641 0.562000155 0.565523684 0.568857193 0.572253704 0.575706422 0.578952491 0.581985414 0.585160315 0.588470817 0.591871023 0.595354080 0.598750949 0.602054715 0.605409265 0.608807802 0.612048328 0.615124404 0.618263304 0.621458828 0.624671519 0.627894998 0.631148100 0.634424448 0.637675583 0.640895009 0.643932819 0.646782994 0.649591744 0.652353585 0.655174315 0.658048213 0.660752833 0.663282573 0.666040897 0.669022262 0.671795368 0.674354672 0.676826715 0.679206610 0.681517124 0.683753848 0.686108649 0.688576937 0.690778136 0.692707777 0.694783330 0.697000623 0.699123502 0.701147795 0.703162730 0.705164313 0.707167864 0.709220827 0.711327195 0.713431478 0.715537846 0.717451394 0.719176352 0.720899522 0.722624481 0.724415958 0.726277351 0.728136897 0.729998291 0.731777310 0.733477712 0.735176444 0.736876845 0.738678634 0.740585089 0.742489636 0.744396091 0.746288538 0.748170793 0.750051141 0.751933336 0.753850043 0.755804896 0.757757843 0.759712756 0.761673152 0.763642967 0.765610754 0.767580569 0.769562006 0.771559000 0.773553967 0.775550902 0.777551174 0.779558718 0.781564176 0.783571720 0.785529554 0.787441850 0.789352238 0.791264534 0.793228328 0.795247436 0.797264516 0.799283624 0.801361442 0.803501904 0.805640221 0.807780683 0.809888065 0.811966598 0.814043105 0.816121638 0.818229198 0.820370018 0.822508693 0.824649513 0.826745093 0.828799784 0.830852389 0.832907081 0.835031033 0.837228417 0.839423597 0.841620982 0.843792617 0.845942855 0.848090947 0.850241184 0.852352738 0.854430020 0.856505215 0.858582497 0.860744119 0.862994313 0.865242243 0.867492437 0.869685113 0.871824861 0.873962402 0.876102149 0.878307462 0.880582631 0.882855594 0.885130763 0.887319565 0.889426470 0.891531229 0.893638134 0.895808816 0.898047626 0.900284171 0.902522922 0.904687047 0.906780899 0.908872783 0.910966635 0.913085163 0.915232539 0.917377710 0.919525087 0.921600342 0.923607886 0.925613403 0.927620947 0.929649651 0.931703508 0.933755279 0.935809135 0.937840641 0.939854026 0.941865385 0.943878710 0.945083320 0.945483088 0.945882499 0.946282327 0.946206808 0.945656776 0.945107341 0.944557309 0.947700322 0.954535246 0.961363375 0.968198299 0.971900940 0.972484887 0.973068237 0.973652184 0.973641217 0.973036408 0.972432196 0.971827388 0.974493623 0.980429590 0.986359596 0.992295563 0.998225629 1.004161596   
  2 0.287241518 0.292244226 0.297241926 0.302244633 0.307242334 0.312245041 0.317414671 0.322761327 0.328102589 0.333449215 0.338724077 0.343937904 0.349146515 0.354360342 0.359587669 0.364838958 0.370084971 0.375336230 0.380349845 0.385136187 0.389917731 0.394704074 0.399195462 0.403401464 0.407603234 0.411809236 0.415889680 0.419853002 0.423812360 0.427834630 0.431911826 0.435994565 0.440074652 0.444055676 0.447929561 0.451761872 0.455544889 0.459309578 0.463048369 0.466520339 0.469718516 0.473166138 0.476856321 0.480365008 0.483685255 0.487051636 0.490457445 0.493869781 0.497281760 0.500764728 0.504311681 0.507702291 0.510929644 0.514078259 0.517141700 0.520275593 0.523473740 0.526642799 0.529776454 0.532951057 0.536160111 0.539564908 0.543158591 0.546575606 0.549809098 0.553103626 0.556452632 0.559602022 0.562545538 0.565626442 0.568838537 0.572137535 0.575516820 0.578812897 0.582019150 0.585274637 0.588572919 0.591718554 0.594705224 0.597752988 0.600855649 0.603975058 0.607105017 0.610263884 0.613445401 0.616602778 0.619729698 0.622681201 0.625451326 0.628181696 0.630866885 0.633609176 0.636403203 0.639033616 0.641495109 0.644177914 0.647076666 0.649774194 0.652265191 0.654672027 0.656989813 0.659240842 0.661420643 0.663714945 0.666119218 0.668265343 0.670149088 0.672174096 0.674336493 0.676407814 0.678384006 0.680351496 0.682306290 0.684263110 0.686268151 0.688325346 0.690380454 0.692437649 0.694308758 0.695997953 0.697685421 0.699374616 0.701128721 0.702951133 0.704771757 0.706594169 0.708337486 0.710005343 0.711671531 0.713339388 0.715105951 0.716974616 0.718841434 0.720710099 0.722565889 0.724412501 0.726257324 0.728103936 0.729984701 0.731903315 0.733819962 0.735738575 0.737663269 0.739597976 0.741530716 0.743465364 0.745412171 0.747374952 0.749335766 0.751298547 0.753265440 0.755240321 0.757213235 0.759188116 0.761115849 0.763000488 0.764883220 0.766767800 0.768703341 0.770693600 0.772681892 0.774672091 0.776720345 0.778830528 0.780938566 0.783048689 0.785127938 0.787180543 0.789231062 0.791283607 0.793365598 0.795481026 0.797594368 0.799709857 0.801782787 0.803817391 0.805849969 0.807884574 0.809987843 0.812163711 0.814337432 0.816513360 0.818665683 0.820798874 0.822929919 0.825063109 0.827160358 0.829225957 0.831289411 0.833355010 0.835504055 0.837740839 0.839975357 0.842212081 0.844394803 0.846527994 0.848659039 0.850792170 0.852990746 0.855258942 0.857524812 0.859793007 0.861979246 0.864087999 0.866194665 0.868303418 0.870476186 0.872717202 0.874955952 0.877196968 0.879367471 0.881471992 0.883574426 0.885678887 0.887809515 0.889970481 0.892129302 0.894290268 0.896383405 0.898413122 0.900440812 0.902470529 0.904523134 0.906602800 0.908680379 0.910760045 0.912820458 0.914865851 0.916909158 0.918954551 0.920214772 0.920693934 0.921172619 0.921651781 0.921669841 0.921227813 0.920786262 0.920344234 0.923504055 0.930264950 0.937019050 0.943779886 0.947490990 0.948165834 0.948839962 0.949514806 0.949611604 0.949131727 0.948652327 0.948172450 0.950887799 0.956797421 0.962701082 0.968610644 0.974514306 0.980423927   
  3 0.277298838 0.282137573 0.286971450 0.291810185 0.296644062 0.301482767 0.306483150 0.311654866 0.316821396 0.321993113 0.327095985 0.332140386 0.337179720 0.342224121 0.347282022 0.352363467 0.357439846 0.362521321 0.367373586 0.372006774 0.376635343 0.381268531 0.385617137 0.389690429 0.393759608 0.397832900 0.401785135 0.405624509 0.409460068 0.413356602 0.417306364 0.421261609 0.425214469 0.429071695 0.432825625 0.436539441 0.440205783 0.443854541 0.447478414 0.450844556 0.453946203 0.457289070 0.460866481 0.464268595 0.467488647 0.470753461 0.474056512 0.477366000 0.480675280 0.484053284 0.487493217 0.490782171 0.493913472 0.496968746 0.499941826 0.502983153 0.506086648 0.509162188 0.512203634 0.515284717 0.518399358 0.521703303 0.525190055 0.528506100 0.531644940 0.534842849 0.538093507 0.541151404 0.544010341 0.547002316 0.550121248 0.553324401 0.556605279 0.559805930 0.562919855 0.566081583 0.569284856 0.572340608 0.575242937 0.578204334 0.581219077 0.584250212 0.587291658 0.590361357 0.593453109 0.596521676 0.599560976 0.602430761 0.605125308 0.607781529 0.610394239 0.613062382 0.615780771 0.618341029 0.620738149 0.623349547 0.626170039 0.628796101 0.631222546 0.633567631 0.635826886 0.638021648 0.640147686 0.642384827 0.644728541 0.646822691 0.648663044 0.650640428 0.652750969 0.654773593 0.656704366 0.658626974 0.660537660 0.662450254 0.664409995 0.666420639 0.668429315 0.670440018 0.672271073 0.673926473 0.675580204 0.677235603 0.678954422 0.680739939 0.682523727 0.684309244 0.686018705 0.687655747 0.689291179 0.690928221 0.692661524 0.694494307 0.696325302 0.698158085 0.699979067 0.701791883 0.703602910 0.705415726 0.707262337 0.709146380 0.711028516 0.712912500 0.714803219 0.716704428 0.718603671 0.720504880 0.722418606 0.724348724 0.726276875 0.728206992 0.730141938 0.732085586 0.734027267 0.735970855 0.737869740 0.739727736 0.741583884 0.743441880 0.745350242 0.747312665 0.749273121 0.751235545 0.753255248 0.755336106 0.757414877 0.759495735 0.761547744 0.763575077 0.765600324 0.767627656 0.769684613 0.771775365 0.773863971 0.775954723 0.778005421 0.780020237 0.782033026 0.784047842 0.786130607 0.788285255 0.790437758 0.792592466 0.794725657 0.796841681 0.798955619 0.801071644 0.803154230 0.805207610 0.807258904 0.809312284 0.811448336 0.813671112 0.815891683 0.818114460 0.820286512 0.822412193 0.824535728 0.826661408 0.828852177 0.831112325 0.833370209 0.835630357 0.837812662 0.839921653 0.842028558 0.844137549 0.846310675 0.848552108 0.850791335 0.853032827 0.855207741 0.857320547 0.859431326 0.861544192 0.863684475 0.865856469 0.868026257 0.870198250 0.872306406 0.874355078 0.876401722 0.878450453 0.880523741 0.882625699 0.884725571 0.886827528 0.888913095 0.890986562 0.893057883 0.895131350 0.896442115 0.896994412 0.897546113 0.898098409 0.898203194 0.897861540 0.897520244 0.897178590 0.900351524 0.907038271 0.913718343 0.920405149 0.924120963 0.924879313 0.925636888 0.926395237 0.926591754 0.926227927 0.925864398 0.925500572 0.928259134 0.934139371 0.940013766 0.945894003 0.951768339 0.957648575   
  4 0.267798126 0.272480637 0.277158469 0.281840980 0.286518812 0.291201323 0.296040446 0.301045597 0.306045711 0.311050832 0.315989941 0.320873052 0.325751305 0.330634415 0.335530996 0.340450853 0.345365763 0.350285619 0.354984432 0.359472007 0.363955081 0.368442655 0.372655541 0.376602709 0.380545944 0.384493113 0.388323605 0.392045379 0.395763397 0.399540544 0.403369278 0.407203525 0.411035568 0.414775372 0.418415397 0.422016859 0.425572515 0.429111332 0.432626247 0.435892075 0.438902318 0.442145914 0.445616394 0.448917538 0.452042729 0.455211371 0.458417118 0.461629182 0.464841127 0.468119711 0.471458316 0.474651039 0.477691412 0.480658382 0.483545929 0.486499637 0.489513636 0.492500693 0.495454878 0.498447567 0.501472771 0.504681349 0.508066833 0.511287391 0.514336526 0.517443120 0.520600855 0.523572206 0.526351213 0.529259026 0.532289803 0.535402298 0.538590193 0.541700542 0.544727147 0.547800183 0.550913572 0.553884447 0.556706905 0.559586763 0.562518358 0.565465987 0.568423867 0.571409166 0.574416041 0.577400625 0.580357134 0.583149672 0.585772753 0.588358998 0.590903163 0.593501329 0.596148252 0.598642290 0.600978553 0.603522480 0.606269062 0.608827591 0.611193061 0.613479972 0.615683854 0.617825627 0.619900942 0.622084141 0.624370694 0.626415849 0.628215313 0.630147815 0.632209420 0.634186149 0.636074007 0.637954354 0.639823377 0.641694248 0.643611252 0.645578027 0.647542834 0.649509609 0.651302755 0.652926326 0.654548228 0.656171799 0.657857299 0.659607947 0.661356866 0.663107574 0.664785087 0.666392982 0.667999268 0.669607162 0.671308875 0.673107684 0.674904704 0.676703513 0.678491473 0.680272222 0.682051122 0.683831871 0.685646057 0.687497199 0.689346492 0.691197634 0.693055928 0.694925189 0.696792543 0.698661804 0.700544000 0.702442884 0.704339862 0.706238747 0.708143175 0.710056841 0.711968660 0.713882327 0.715753436 0.717585862 0.719416440 0.721248806 0.723131001 0.725066662 0.727000356 0.728935957 0.730928123 0.732980669 0.735031128 0.737083673 0.739109278 0.741111994 0.743112743 0.745115459 0.747148156 0.749214709 0.751279175 0.753345728 0.755374610 0.757369876 0.759363174 0.761358440 0.763420880 0.765554547 0.767686009 0.769819677 0.771933734 0.774032533 0.776129246 0.778228045 0.780295730 0.782336473 0.784375191 0.786415935 0.788538456 0.790746808 0.792953014 0.795161366 0.797321975 0.799439192 0.801554322 0.803671598 0.805853605 0.808104694 0.810353518 0.812604547 0.814781725 0.816889405 0.818994999 0.821102738 0.823274553 0.825514793 0.827752769 0.829992950 0.832170308 0.834289193 0.836406052 0.838524938 0.840672493 0.842853010 0.845031321 0.847211778 0.849332213 0.851396859 0.853459418 0.855524063 0.857614756 0.859735608 0.861854374 0.863975227 0.866082430 0.868180096 0.870275676 0.872373343 0.873729765 0.874349177 0.874967933 0.875587344 0.875772059 0.875523388 0.875274956 0.875026286 0.878208518 0.884821177 0.891427219 0.898039877 0.901757002 0.902591765 0.903425694 0.904260457 0.904548764 0.904292285 0.904036105 0.903779626 0.906575680 0.912423670 0.918265879 0.924113870 0.929956079 0.935804069   
  5 0.258725643 0.263259470 0.267788768 0.272322565 0.276851863 0.281385660 0.286071330 0.290917963 0.295759708 0.300606281 0.305389583 0.310119301 0.314844251 0.319573969 0.324317157 0.329083353 0.333844751 0.338610947 0.343163908 0.347513109 0.351857990 0.356207192 0.360291213 0.364118695 0.367942333 0.371769816 0.375484824 0.379094988 0.382701516 0.386365443 0.390079439 0.393798888 0.397516370 0.401144803 0.404676944 0.408171892 0.411622673 0.415057331 0.418469012 0.421639889 0.424563646 0.427713305 0.431082517 0.434288085 0.437323570 0.440401196 0.443514854 0.446634740 0.449754655 0.452939183 0.456181884 0.459283590 0.462237984 0.465121478 0.467928290 0.470799237 0.473728597 0.476632059 0.479503781 0.482412934 0.485353708 0.488472074 0.491761804 0.494892061 0.497856528 0.500876725 0.503946602 0.506836236 0.509539723 0.512368143 0.515315711 0.518342555 0.521442473 0.524467587 0.527411699 0.530400991 0.533429444 0.536320090 0.539067149 0.541869998 0.544723153 0.547591984 0.550470769 0.553376436 0.556303084 0.559208453 0.562086642 0.564806342 0.567362070 0.569882214 0.572361887 0.574893951 0.577473402 0.579905033 0.582183838 0.584664166 0.587341011 0.589835823 0.592143774 0.594375789 0.596527636 0.598619401 0.600647032 0.602779329 0.605012000 0.607010901 0.608771980 0.610662162 0.612677634 0.614611089 0.616458654 0.618299186 0.620128989 0.621960580 0.623837233 0.625762582 0.627685964 0.629611313 0.631368816 0.632962346 0.634554327 0.636147857 0.637801945 0.639519691 0.641235709 0.642953455 0.644600809 0.646181166 0.647759974 0.649340332 0.651012182 0.652778804 0.654543638 0.656310201 0.658066869 0.659817159 0.661565721 0.663316011 0.665099323 0.666919231 0.668737292 0.670557201 0.672384739 0.674223542 0.676060557 0.677899361 0.679751456 0.681620538 0.683487773 0.685356855 0.687232077 0.689117074 0.691000223 0.692885280 0.694729805 0.696537614 0.698343575 0.700151384 0.702008307 0.703918040 0.705825865 0.707735598 0.709701240 0.711726427 0.713749528 0.715774775 0.717774749 0.719753563 0.721730411 0.723709285 0.725718200 0.727761149 0.729802132 0.731845081 0.733852565 0.735828519 0.737802505 0.739778519 0.741820872 0.743933678 0.746044338 0.748157144 0.750252187 0.752333641 0.754413009 0.756494462 0.758547008 0.760574698 0.762600362 0.764628053 0.766736567 0.768930018 0.771121323 0.773314774 0.775463283 0.777571201 0.779677033 0.781785011 0.783957362 0.786198378 0.788437128 0.790678144 0.792848825 0.794953704 0.797056496 0.799161375 0.801330388 0.803567648 0.805802703 0.808040023 0.810217857 0.812340677 0.814461470 0.816584349 0.818736911 0.820923448 0.823107779 0.825294316 0.827424228 0.829501867 0.831577420 0.833655059 0.835760057 0.837896585 0.840030909 0.842167437 0.844292641 0.846410811 0.848526895 0.850645125 0.852042437 0.852723122 0.853403091 0.854083776 0.854341984 0.854179144 0.854016423 0.853853583 0.857041597 0.863580167 0.870112121 0.876650691 0.880365551 0.881269932 0.882173359 0.883077741 0.883450270 0.883292735 0.883135378 0.882977903 0.885805845 0.891618907 0.897426188 0.903239250 0.909046531 0.914859593   
  6 0.250067890 0.254460305 0.258848310 0.263240725 0.267628729 0.272021115 0.276560843 0.281256735 0.285947889 0.290643722 0.295278907 0.299862802 0.304442078 0.309025973 0.313623428 0.318243653 0.322859228 0.327479422 0.331893861 0.336111724 0.340325385 0.344543248 0.348504961 0.352218956 0.355929226 0.359643221 0.363248706 0.366753131 0.370254070 0.373810679 0.377415925 0.381026626 0.384635597 0.388158560 0.391588509 0.394982636 0.398334146 0.401670247 0.404984206 0.408065289 0.410907328 0.413968146 0.417241573 0.420356780 0.423307449 0.426299095 0.429325700 0.432358503 0.435391456 0.438487083 0.441639185 0.444654882 0.447528154 0.450332850 0.453063399 0.455856234 0.458705723 0.461530298 0.464324236 0.467154562 0.470015615 0.473048806 0.476248085 0.479293048 0.482177615 0.485116333 0.488103300 0.490915775 0.493548155 0.496301651 0.499170721 0.502116680 0.505133688 0.508078218 0.510944545 0.513854742 0.516803145 0.519618094 0.522294164 0.525024414 0.527803421 0.530597925 0.533402264 0.536232769 0.539083779 0.541914344 0.544718802 0.547369778 0.549861968 0.552319944 0.554738700 0.557208538 0.559724510 0.562097251 0.564322174 0.566742539 0.569353521 0.571788311 0.574042082 0.576222479 0.578325272 0.580370069 0.582352757 0.584437191 0.586619139 0.588574588 0.590299606 0.592150033 0.594122052 0.596014798 0.597824454 0.599627495 0.601420403 0.603215039 0.605053723 0.606940031 0.608824432 0.610710680 0.612434626 0.613999963 0.615563691 0.617129028 0.618753493 0.620440245 0.622125268 0.623812020 0.625430882 0.626985252 0.628538072 0.630092442 0.631736159 0.633472264 0.635206640 0.636942744 0.638669789 0.640391231 0.642110944 0.643832386 0.645586431 0.647376657 0.649165034 0.650955260 0.652753472 0.654563367 0.656371415 0.658181310 0.660004735 0.661845386 0.663684189 0.665524840 0.667372167 0.669229746 0.671085477 0.672943056 0.674762011 0.676546156 0.678328454 0.680112600 0.681945264 0.683830082 0.685712993 0.687597811 0.689537764 0.691536486 0.693533242 0.695531964 0.697507143 0.699462712 0.701416373 0.703371942 0.705357730 0.707377672 0.709395587 0.711415529 0.713401854 0.715358734 0.717313647 0.719270527 0.721293092 0.723385274 0.725475311 0.727567494 0.729643464 0.731707513 0.733769476 0.735833526 0.737870574 0.739884794 0.741896987 0.743911147 0.746005297 0.748183429 0.750359356 0.752537489 0.754673243 0.756771028 0.758866668 0.760964453 0.763126194 0.765356183 0.767583907 0.769813895 0.771976948 0.774077594 0.776176095 0.778276742 0.780441344 0.782674134 0.784904718 0.787137508 0.789313972 0.791438639 0.793561220 0.795685887 0.797841191 0.800031424 0.802219450 0.804409683 0.806546509 0.808634281 0.810719967 0.812807739 0.814924061 0.817072988 0.819219828 0.821368754 0.823508680 0.825643837 0.827776790 0.829911947 0.831345499 0.832081795 0.832817376 0.833553672 0.833879113 0.833795190 0.833711386 0.833627462 0.836817801 0.843282163 0.849740088 0.856204450 0.859913826 0.860881150 0.861847460 0.862814724 0.863264084 0.863197446 0.863130927 0.863064289 0.865918756 0.871694148 0.877463818 0.883239210 0.889008880 0.894784272   
  7 0.241811529 0.246069551 0.250323325 0.254581332 0.258835077 0.263093084 0.267494142 0.272046804 0.276594877 0.281147480 0.285641968 0.290087402 0.294528395 0.298973829 0.303432912 0.307914555 0.312391698 0.316873342 0.321156353 0.325249642 0.329338849 0.333432138 0.337277949 0.340884417 0.344487309 0.348093778 0.351595581 0.354999900 0.358400822 0.361855865 0.365358174 0.368865937 0.372372240 0.375795424 0.379128695 0.382427484 0.385685146 0.388928056 0.392149627 0.395145893 0.397910804 0.400887728 0.404070675 0.407100469 0.409971148 0.412881613 0.415826082 0.418776691 0.421727508 0.424739242 0.427805811 0.430740386 0.433537096 0.436267555 0.438926250 0.441645443 0.444419652 0.447169811 0.449890465 0.452646464 0.455432385 0.458385259 0.461499184 0.464463770 0.467273057 0.470134944 0.473043710 0.475783527 0.478348911 0.481031835 0.483826905 0.486696690 0.489635438 0.492504150 0.495297194 0.498132944 0.501005828 0.503749549 0.506358624 0.509020507 0.511729896 0.514454365 0.517188489 0.519948184 0.522727966 0.525488019 0.528222978 0.530809224 0.533241749 0.535641134 0.538002789 0.540414035 0.542870104 0.545187593 0.547361732 0.549725711 0.552274764 0.554653049 0.556855917 0.558987796 0.561044455 0.563045084 0.564985752 0.567025185 0.569159329 0.571073949 0.572765112 0.574578166 0.576509476 0.578363955 0.580137968 0.581905842 0.583664060 0.585424006 0.587226987 0.589076579 0.590924263 0.592773855 0.594466209 0.596005023 0.597542286 0.599081099 0.600677729 0.602335215 0.603991091 0.605648577 0.607240617 0.608770490 0.610298872 0.611828744 0.613445818 0.615153193 0.616858780 0.618566155 0.620265126 0.621959209 0.623651624 0.625345707 0.627072096 0.628834069 0.630594313 0.632356346 0.634126723 0.635909021 0.637689590 0.639471889 0.641268015 0.643081486 0.644893229 0.646706700 0.648527324 0.650358677 0.652188122 0.654019475 0.655813932 0.657575309 0.659334898 0.661096215 0.662905514 0.664766312 0.666625261 0.668485999 0.670401156 0.672374308 0.674345553 0.676318705 0.678269804 0.680202782 0.682133794 0.684066772 0.686030030 0.688027382 0.690022767 0.692020118 0.693985820 0.695923805 0.697859883 0.699797869 0.701800823 0.703872502 0.705942094 0.708013773 0.710070848 0.712117374 0.714161873 0.716208398 0.718229771 0.720230043 0.722228348 0.724228680 0.726307988 0.728470266 0.730630398 0.732792735 0.734915078 0.737001836 0.739086449 0.741173208 0.743323505 0.745541573 0.747757375 0.749975383 0.752129674 0.754224598 0.756317437 0.758412421 0.760571122 0.762797832 0.765022278 0.767248988 0.769422352 0.771546841 0.773669243 0.775793731 0.777949691 0.780141294 0.782330751 0.784522355 0.786663532 0.788758695 0.790851772 0.792946935 0.795071602 0.797229946 0.799386203 0.801544547 0.803695917 0.805844486 0.807990909 0.810139477 0.811604857 0.812391341 0.813177049 0.813963532 0.814350128 0.814338505 0.814326882 0.814315200 0.817504525 0.823894680 0.830278516 0.836668730 0.840369284 0.841393113 0.842415869 0.843439639 0.843958735 0.843975186 0.843991578 0.844008029 0.846883833 0.852618992 0.858348370 0.864083529 0.869812965 0.875548124   
  8 0.233943492 0.238073900 0.242200196 0.246330604 0.250456870 0.254587293 0.258856684 0.263273388 0.267685622 0.272102296 0.276463240 0.280777335 0.285087079 0.289401174 0.293729007 0.298079222 0.302425086 0.306775302 0.310933709 0.314908981 0.318880260 0.322855532 0.326591581 0.330096304 0.333597511 0.337102234 0.340505928 0.343815625 0.347121984 0.350481004 0.353885949 0.357296437 0.360705584 0.364034474 0.367276430 0.370485127 0.373654187 0.376809061 0.379943460 0.382859677 0.385551870 0.388449669 0.391547203 0.394496530 0.397291750 0.400125653 0.402992666 0.405865759 0.408739239 0.411671877 0.414657772 0.417515904 0.420240521 0.422901034 0.425492167 0.428142011 0.430845320 0.433525473 0.436177135 0.438863218 0.441578388 0.444455594 0.447489113 0.450377971 0.453116357 0.455905944 0.458741099 0.461412579 0.463914990 0.466531545 0.469256997 0.472055048 0.474920154 0.477717489 0.480441540 0.483207196 0.486008972 0.488685668 0.491231918 0.493829519 0.496473283 0.499131888 0.501800060 0.504493117 0.507205844 0.509899616 0.512569249 0.515094697 0.517471075 0.519815505 0.522123396 0.524479628 0.526879549 0.529145062 0.531271577 0.533582568 0.536073327 0.538398564 0.540553570 0.542639911 0.544653416 0.546612620 0.548513710 0.550510883 0.552600265 0.554476559 0.556136131 0.557914197 0.559807181 0.561625838 0.563366413 0.565101326 0.566826940 0.568554401 0.570323884 0.572138965 0.573952198 0.575767279 0.577429950 0.578943908 0.580456316 0.581970274 0.583540797 0.585170805 0.586799204 0.588429213 0.589995980 0.591502845 0.593008161 0.594514966 0.596106946 0.597787082 0.599465549 0.601145685 0.602818191 0.604486406 0.606153011 0.607821226 0.609521329 0.611256599 0.612990141 0.614725411 0.616469324 0.618225455 0.619979799 0.621735871 0.623506010 0.625293612 0.627079427 0.628867030 0.630662143 0.632468343 0.634272754 0.636078954 0.637849987 0.639589429 0.641327202 0.643066645 0.644853473 0.646691024 0.648526788 0.650364339 0.652255595 0.654204011 0.656150520 0.658098936 0.660026670 0.661937654 0.663846672 0.665757656 0.667698860 0.669674218 0.671647549 0.673622847 0.675568223 0.677487552 0.679404974 0.681324303 0.683307707 0.685359120 0.687408447 0.689459860 0.691497982 0.693526864 0.695553780 0.697582662 0.699588120 0.701574147 0.703558147 0.705544174 0.707608223 0.709754288 0.711898208 0.714044273 0.716152608 0.718227565 0.720300376 0.722375333 0.724513292 0.726718485 0.728921473 0.731126666 0.733271003 0.735358894 0.737444699 0.739532590 0.741684020 0.743903160 0.746120095 0.748339236 0.750507712 0.752630055 0.754750252 0.756872535 0.759027004 0.761217833 0.763406515 0.765597343 0.767740488 0.769840300 0.771938086 0.774037898 0.776168168 0.778333008 0.780495644 0.782660484 0.784820080 0.786978781 0.789135337 0.791294038 0.792786896 0.793618321 0.794448912 0.795280337 0.795722246 0.795776427 0.795830548 0.795884728 0.799069703 0.805385649 0.811695337 0.818011284 0.821700037 0.822774172 0.823847234 0.824921370 0.825503290 0.825595200 0.825687051 0.825778961 0.828671038 0.834363461 0.840050161 0.845742524 0.851429224 0.857121646   
  9 0.226450816 0.230460182 0.234465539 0.238474891 0.242480233 0.246489599 0.250634104 0.254921824 0.259205252 0.263492942 0.267727286 0.271916866 0.276102215 0.280291796 0.284495234 0.288720936 0.292942405 0.297168106 0.301208556 0.305072099 0.308931798 0.312795341 0.316427529 0.319836050 0.323241174 0.326649696 0.329960674 0.333180934 0.336397976 0.339666277 0.342979282 0.346297860 0.349615335 0.352855206 0.356010973 0.359134674 0.362220079 0.365291923 0.368344128 0.371184915 0.373808652 0.376631856 0.379648924 0.382522404 0.385246545 0.388008446 0.390802503 0.393602669 0.396403283 0.399261445 0.402171433 0.404957592 0.407614410 0.410209179 0.412736744 0.415321440 0.417958081 0.420572430 0.423159212 0.425779581 0.428428262 0.431234330 0.434192151 0.437009782 0.439681530 0.442403138 0.445169091 0.447776347 0.450219661 0.452773899 0.455433905 0.458164573 0.460960418 0.463690668 0.466349930 0.469049752 0.471784741 0.474398464 0.476885706 0.479422927 0.482005090 0.484601855 0.487208009 0.489838570 0.492488235 0.495119780 0.497727960 0.500196338 0.502520084 0.504812956 0.507070422 0.509375036 0.511722267 0.513939023 0.516021013 0.518282294 0.520718277 0.522993684 0.525103867 0.527147532 0.529120564 0.531041026 0.532905102 0.534862757 0.536910057 0.538750529 0.540380597 0.542125881 0.543983042 0.545768023 0.547477424 0.549181402 0.550876617 0.552573562 0.554311633 0.556094348 0.557875216 0.559657931 0.561292827 0.562783480 0.564272642 0.565763295 0.567309260 0.568913460 0.570516050 0.572120249 0.573663294 0.575148463 0.576632142 0.578117311 0.579685688 0.581340134 0.582992971 0.584647477 0.586294949 0.587938726 0.589580834 0.591224611 0.592899799 0.594609737 0.596317947 0.598027885 0.599746704 0.601477921 0.603207409 0.604938626 0.606683969 0.608446896 0.610208035 0.611971021 0.613741815 0.615523934 0.617304325 0.619086444 0.620834947 0.622553408 0.624270082 0.625988543 0.627753615 0.629568815 0.631382227 0.633197427 0.635065496 0.636990011 0.638912618 0.640837133 0.642742217 0.644631743 0.646519363 0.648408890 0.650328636 0.652282417 0.654234171 0.656187952 0.658113241 0.660014093 0.661913037 0.663813889 0.665778041 0.667809308 0.669838548 0.671869814 0.673889041 0.675900280 0.677909434 0.679920673 0.681909919 0.683881223 0.685850620 0.687821925 0.689870358 0.691999733 0.694127023 0.696256459 0.698350191 0.700412512 0.702472806 0.704535127 0.706659913 0.708851397 0.711040616 0.713232100 0.715365350 0.717444897 0.719522357 0.721601903 0.723744690 0.725954831 0.728162706 0.730372846 0.732534826 0.734653115 0.736769319 0.738887548 0.741038561 0.743226469 0.745412230 0.747600138 0.749742866 0.751844823 0.753944635 0.756046593 0.758179665 0.760348082 0.762514293 0.764682710 0.766847551 0.769013166 0.771176577 0.773342133 0.774858415 0.775729656 0.776600063 0.777471304 0.777962923 0.778076708 0.778190315 0.778304100 0.781481683 0.787723422 0.793958902 0.800200582 0.803874433 0.804992914 0.806110263 0.807228744 0.807866931 0.808027089 0.808187068 0.808347166 0.811250687 0.816897869 0.822539449 0.828186631 0.833828151 0.839475334   
 10 0.219320789 0.223215401 0.227106139 0.231000751 0.234891474 0.238786086 0.242812246 0.246977776 0.251139104 0.255304605 0.259419024 0.263490647 0.267558217 0.271629840 0.275715500 0.279823363 0.283927083 0.288034946 0.291963726 0.295721650 0.299475789 0.303233713 0.306767732 0.310085416 0.313399762 0.316717416 0.319940895 0.323076814 0.326209575 0.329392284 0.332618564 0.335850418 0.339081436 0.342237324 0.345311821 0.348355412 0.351362050 0.354355693 0.357330382 0.360100210 0.362659574 0.365412652 0.368353933 0.371156037 0.373813391 0.376507521 0.379233062 0.381964624 0.384696752 0.387484878 0.390323430 0.393041968 0.395635068 0.398168117 0.400636077 0.403159589 0.405733675 0.408286214 0.410812140 0.413370788 0.415957063 0.418696314 0.421582997 0.424333751 0.426942974 0.429600745 0.432301760 0.434848756 0.437236696 0.439732492 0.442331105 0.444998533 0.447729349 0.450396657 0.452995092 0.455633104 0.458305478 0.460860133 0.463292062 0.465772688 0.468297064 0.470835805 0.473383844 0.475955725 0.478546351 0.481119514 0.483670026 0.486084938 0.488359332 0.490603954 0.492814273 0.495070577 0.497368336 0.499539524 0.501579821 0.503794551 0.506179214 0.508407950 0.510476291 0.512479961 0.514415145 0.516299367 0.518128872 0.520049572 0.522057474 0.523864508 0.525466919 0.527181685 0.529005229 0.530758858 0.532438993 0.534114122 0.535780907 0.537449300 0.539158046 0.540910423 0.542661011 0.544413388 0.546022236 0.547491133 0.548958600 0.550427496 0.551950455 0.553530395 0.555108786 0.556688786 0.558209598 0.559674442 0.561137795 0.562602639 0.564148724 0.565779030 0.567407668 0.569037974 0.570661843 0.572282553 0.573901594 0.575522244 0.577173889 0.578859806 0.580544055 0.582229972 0.583925009 0.585632563 0.587338388 0.589045942 0.590767682 0.592507124 0.594244778 0.595984221 0.597731769 0.599490941 0.601248324 0.603007495 0.604734361 0.606432557 0.608129025 0.609827220 0.611571431 0.613365054 0.615156889 0.616950452 0.618796229 0.620697618 0.622597098 0.624498487 0.626381576 0.628250182 0.630116940 0.631985545 0.633884311 0.635816932 0.637747645 0.639680266 0.641585946 0.643468440 0.645349085 0.647231638 0.649176657 0.651187956 0.653197289 0.655208588 0.657208920 0.659202337 0.661193728 0.663187146 0.665160000 0.667116284 0.669070601 0.671026886 0.673059285 0.675171614 0.677281857 0.679394186 0.681472719 0.683521688 0.685568571 0.687617540 0.689728379 0.691905260 0.694079995 0.696256876 0.698378146 0.700448036 0.702515900 0.704585791 0.706718504 0.708918214 0.711115718 0.713315427 0.715469301 0.717581689 0.719692051 0.721804440 0.723950028 0.726132989 0.728313744 0.730496705 0.732636750 0.734738350 0.736837804 0.738939345 0.741072655 0.743241906 0.745408952 0.747578204 0.749745309 0.751914680 0.754081845 0.756251216 0.757786810 0.758693039 0.759598315 0.760504544 0.761040449 0.761207759 0.761374950 0.761542320 0.764709532 0.770876944 0.777038217 0.783205628 0.786861718 0.788018823 0.789174736 0.790331841 0.791019857 0.791241169 0.791462243 0.791683495 0.794593751 0.800193429 0.805787444 0.811387122 0.816981137 0.822580814   
 11 0.212540850 0.216326803 0.220108971 0.223894924 0.227677092 0.231463045 0.235377133 0.239426970 0.243472725 0.247522548 0.251523435 0.255483478 0.259439588 0.263399631 0.267373919 0.271370322 0.275362730 0.279359132 0.283182412 0.286840528 0.290494949 0.294153064 0.297594428 0.300826401 0.304055125 0.307287097 0.310428053 0.313484460 0.316537797 0.319639832 0.322784364 0.325934529 0.329084009 0.332160830 0.335158855 0.338127047 0.341059536 0.343979597 0.346881419 0.349584520 0.352083445 0.354770631 0.357640624 0.360375702 0.362970352 0.365600884 0.368261993 0.370929152 0.373596966 0.376319349 0.379090816 0.381745905 0.384279281 0.386754483 0.389166504 0.391632706 0.394148171 0.396642804 0.399111688 0.401612490 0.404140294 0.406816840 0.409636825 0.412324816 0.414875478 0.417473435 0.420113504 0.422604084 0.424940199 0.427381247 0.429922402 0.432530522 0.435200453 0.437808722 0.440350235 0.442930341 0.445544004 0.448043376 0.450423539 0.452851206 0.455321521 0.457805961 0.460299522 0.462816477 0.465351731 0.467870206 0.470366806 0.472731620 0.474959970 0.477159441 0.479325712 0.481536835 0.483788401 0.485917002 0.487918317 0.490089506 0.492426187 0.494611263 0.496640354 0.498606801 0.500506639 0.502357066 0.504154325 0.506040454 0.508011639 0.509787381 0.511364222 0.513050437 0.514842689 0.516566992 0.518219888 0.519868076 0.521508217 0.523150086 0.524831355 0.526555359 0.528277695 0.530001700 0.531586289 0.533034861 0.534482002 0.535930574 0.537432015 0.538989305 0.540545046 0.542102337 0.543602288 0.545047998 0.546492279 0.547938049 0.549463212 0.551070750 0.552676737 0.554284275 0.555885851 0.557484746 0.559082031 0.560680926 0.562310338 0.563973486 0.565635026 0.567298174 0.568970621 0.570655704 0.572339058 0.574024141 0.575723469 0.577440500 0.579155803 0.580872774 0.582598150 0.584335327 0.586070776 0.587807953 0.589514136 0.591192842 0.592869818 0.594548523 0.596272588 0.598045409 0.599816442 0.601589203 0.603413343 0.605292320 0.607169449 0.609048426 0.610910177 0.612758398 0.614604831 0.616453052 0.618331313 0.620243251 0.622153282 0.624065220 0.625951469 0.627815843 0.629678428 0.631542802 0.633468926 0.635460377 0.637449861 0.639441371 0.641422868 0.643398345 0.645371914 0.647347391 0.649303615 0.651244462 0.653183401 0.655124247 0.657140195 0.659235120 0.661327958 0.663422883 0.665485620 0.667520463 0.669553280 0.671588123 0.673684239 0.675845802 0.678005159 0.680166721 0.682274878 0.684333920 0.686390877 0.688449919 0.690571368 0.692759275 0.694945037 0.697132945 0.699277103 0.701381922 0.703484654 0.705589473 0.707727790 0.709903777 0.712077618 0.714253604 0.716388822 0.718487620 0.720584333 0.722683132 0.724814117 0.726981521 0.729146779 0.731314182 0.733480752 0.735650837 0.737818778 0.739988863 0.741540015 0.742476463 0.743412018 0.744348526 0.744923413 0.745138586 0.745353580 0.745568752 0.748722672 0.754815757 0.760902762 0.766995847 0.770631313 0.771821439 0.773010373 0.774200499 0.774932265 0.775207937 0.775483370 0.775759101 0.778671563 0.784221411 0.789765656 0.795315504 0.800859749 0.806409597   
 12 0.206098661 0.209781811 0.213461280 0.217144415 0.220823869 0.224507019 0.228315085 0.232255489 0.236191928 0.240132302 0.244025856 0.247880459 0.251731217 0.255585819 0.259454817 0.263345927 0.267233163 0.271124274 0.274847925 0.278411835 0.281972200 0.285536140 0.288890123 0.292041332 0.295189381 0.298340589 0.301403821 0.304385394 0.307363987 0.310390085 0.313457638 0.316530913 0.319603741 0.322606176 0.325532258 0.328429580 0.331292331 0.334143281 0.336976618 0.339617103 0.342059374 0.344684690 0.347487807 0.350159943 0.352695853 0.355266720 0.357867450 0.360474199 0.363081783 0.365742505 0.368451059 0.371046692 0.373524129 0.375945181 0.378304929 0.380717486 0.383177996 0.385618448 0.388033986 0.390480697 0.392953753 0.395571619 0.398329049 0.400958329 0.403454125 0.405996114 0.408579230 0.411017030 0.413304746 0.415694654 0.418182015 0.420734704 0.423347563 0.425900668 0.428388953 0.430914938 0.433473617 0.435921311 0.438253134 0.440631300 0.443051100 0.445484787 0.447927445 0.450393021 0.452876568 0.455343872 0.457790047 0.460108101 0.462293416 0.464450806 0.466575950 0.468744904 0.470953345 0.473042190 0.475007236 0.477137804 0.479429573 0.481573880 0.483566493 0.485498160 0.487365127 0.489184052 0.490951329 0.492805243 0.494742095 0.496488780 0.498041779 0.499701500 0.501464546 0.503161550 0.504789114 0.506412208 0.508027673 0.509644687 0.511300385 0.512997925 0.514693737 0.516391337 0.517953217 0.519382834 0.520811081 0.522240698 0.523722112 0.525258183 0.526792705 0.528328776 0.529809177 0.531237066 0.532663524 0.534091413 0.535597026 0.537183166 0.538767695 0.540353835 0.541934490 0.543512762 0.545089483 0.546667755 0.548276186 0.549917877 0.551557899 0.553199589 0.554850638 0.556514382 0.558176458 0.559840202 0.561518192 0.563213885 0.564907849 0.566603482 0.568307698 0.570023835 0.571738243 0.573454380 0.575140715 0.576800644 0.578458905 0.580118835 0.581823528 0.583576202 0.585327148 0.587079823 0.588883102 0.590740442 0.592595875 0.594453216 0.596294165 0.598122537 0.599949062 0.601777375 0.603635550 0.605527222 0.607416987 0.609308660 0.611175835 0.613022268 0.614866853 0.616713285 0.618620574 0.620592356 0.622562170 0.624533951 0.626496673 0.628454208 0.630409777 0.632367313 0.634306669 0.636231780 0.638154924 0.640080035 0.642079234 0.644156337 0.646231294 0.648308396 0.650354862 0.652374923 0.654392958 0.656413019 0.658493698 0.660639048 0.662782252 0.664927602 0.667021692 0.669068694 0.671113670 0.673160672 0.675269544 0.677444458 0.679617167 0.681792021 0.683925033 0.686020494 0.688113928 0.690209389 0.692338586 0.694505751 0.696670711 0.698837876 0.700966120 0.703059852 0.705151439 0.707245171 0.709371448 0.711534441 0.713695347 0.715858340 0.718021691 0.720189691 0.722355485 0.724523425 0.726086318 0.727048516 0.728009760 0.728971958 0.729580820 0.729838312 0.730095565 0.730353057 0.733490884 0.739509583 0.745522261 0.751540959 0.755153179 0.756371021 0.757587612 0.758805454 0.759574950 0.759898543 0.760221839 0.760545433 0.763455808 0.768953621 0.774445951 0.779943764 0.785436094 0.790933907   
 13 0.199982077 0.203568041 0.207150429 0.210736394 0.214318767 0.217904732 0.221612602 0.225449592 0.229282722 0.233119696 0.236911863 0.240666881 0.244418144 0.248173162 0.251942784 0.255734533 0.259522498 0.263314247 0.266943902 0.270419061 0.273890734 0.277365863 0.280637562 0.283712775 0.286784887 0.289860070 0.292850196 0.295761406 0.298669696 0.301624417 0.304619640 0.307620615 0.310621381 0.313553929 0.316412479 0.319243252 0.322040617 0.324826658 0.327595770 0.330177546 0.332566798 0.335134178 0.337874502 0.340487719 0.342968583 0.345483601 0.348027825 0.350578040 0.353129178 0.355732203 0.358381867 0.360921830 0.363347024 0.365717441 0.368028402 0.370390832 0.372800052 0.375189871 0.377555579 0.379951775 0.382373661 0.384936661 0.387635589 0.390209943 0.392654568 0.395144284 0.397674114 0.400062680 0.402305216 0.404647410 0.407084554 0.409585476 0.412145078 0.414646655 0.417085230 0.419560671 0.422068059 0.424467534 0.426754236 0.429086238 0.431458920 0.433845222 0.436240405 0.438658029 0.441093236 0.443512827 0.445911944 0.448186427 0.450331658 0.452449858 0.454536736 0.456666410 0.458834589 0.460886419 0.462817788 0.464910507 0.467160404 0.469266742 0.471225351 0.473124683 0.474961042 0.476750731 0.478490174 0.480314165 0.482219040 0.483938694 0.485469639 0.487104744 0.488840669 0.490512311 0.492116243 0.493716061 0.495308489 0.496902525 0.498534381 0.500207245 0.501878440 0.503551304 0.505092084 0.506504118 0.507914782 0.509326816 0.510789514 0.512305737 0.513820469 0.515336692 0.516798913 0.518210053 0.519619823 0.521030962 0.522518158 0.524084210 0.525648654 0.527214706 0.528775632 0.530334592 0.531891942 0.533450842 0.535039425 0.536660731 0.538280487 0.539901793 0.541532636 0.543176115 0.544817984 0.546461463 0.548119187 0.549794495 0.551468134 0.553143442 0.554827452 0.556523442 0.558217764 0.559913754 0.561581016 0.563222945 0.564863205 0.566505075 0.568191051 0.569924295 0.571655869 0.573389113 0.575172186 0.577008545 0.578842998 0.580679357 0.582500160 0.584309101 0.586116254 0.587925196 0.589763761 0.591635525 0.593505442 0.595377266 0.597225606 0.599054217 0.600880980 0.602709591 0.604598224 0.606550455 0.608500719 0.610452950 0.612396836 0.614336312 0.616273820 0.618213296 0.620135605 0.622044563 0.623951674 0.625860631 0.627842665 0.629901528 0.631958365 0.634017229 0.636046886 0.638051450 0.640053988 0.642058551 0.644123077 0.646251559 0.648377895 0.650506377 0.652585387 0.654619217 0.656651020 0.658684850 0.660780013 0.662940562 0.665098906 0.667259455 0.669379890 0.671464443 0.673546910 0.675631464 0.677749932 0.679906368 0.682060719 0.684217155 0.686336458 0.688422859 0.690507114 0.692593515 0.694712758 0.696868956 0.699023008 0.701179206 0.703336656 0.705499709 0.707660556 0.709823608 0.711394787 0.712378323 0.713360906 0.714344442 0.714982450 0.715276897 0.715570986 0.715865433 0.718984485 0.724928796 0.730867088 0.736811399 0.740397751 0.741638184 0.742877364 0.744117737 0.744919360 0.745284557 0.745649397 0.746014595 0.748918712 0.754362464 0.759800732 0.765244484 0.770682752 0.776126504   
 14 0.194179118 0.197673306 0.201164022 0.204658210 0.208148912 0.211643115 0.215256393 0.218995750 0.222731352 0.226470709 0.230167180 0.233828261 0.237485677 0.241146758 0.244822681 0.248520747 0.252215117 0.255913168 0.259454310 0.262845874 0.266234040 0.269625604 0.272819847 0.275823593 0.278824329 0.281828076 0.284749478 0.287594616 0.290436924 0.293324590 0.296251953 0.299185067 0.302118182 0.304985166 0.307780355 0.310548723 0.313284785 0.316009998 0.318718940 0.321245790 0.323585451 0.326098621 0.328780234 0.331338286 0.333767712 0.336230546 0.338721931 0.341219336 0.343717754 0.346266836 0.348861456 0.351349443 0.353725791 0.356049031 0.358314425 0.360630155 0.362991512 0.365334153 0.367653370 0.370002449 0.372376651 0.374888420 0.377532750 0.380055845 0.382452756 0.384893686 0.387373835 0.389716506 0.391917020 0.394214779 0.396605164 0.399057776 0.401567698 0.404021233 0.406413466 0.408841789 0.411301404 0.413655937 0.415900677 0.418189734 0.420518458 0.422860652 0.425211608 0.427584589 0.429974824 0.432349980 0.434705257 0.436939150 0.439047158 0.441128880 0.443180174 0.445273310 0.447404116 0.449421555 0.451321632 0.453379154 0.455590099 0.457661122 0.459588110 0.461457461 0.463265419 0.465027988 0.466741621 0.468537837 0.470413059 0.472107649 0.473618239 0.475230515 0.476941198 0.478589267 0.480171412 0.481749594 0.483320713 0.484893382 0.486503094 0.488153011 0.489801258 0.491451174 0.492972314 0.494368017 0.495762318 0.497158021 0.498603344 0.500101089 0.501597345 0.503095090 0.504540265 0.505935788 0.507329941 0.508725524 0.510195494 0.511742651 0.513288319 0.514835477 0.516377866 0.517918527 0.519457698 0.520998359 0.522568226 0.524170339 0.525770903 0.527373016 0.528984606 0.530608892 0.532231569 0.533855855 0.535494328 0.537150264 0.538804531 0.540460467 0.542125225 0.543801963 0.545477033 0.547153771 0.548802793 0.550427318 0.552050233 0.553674757 0.555342615 0.557057142 0.558769941 0.560484409 0.562247932 0.564063907 0.565878093 0.567694068 0.569495261 0.571285248 0.573073447 0.574863434 0.576682806 0.578535080 0.580385506 0.582237780 0.584067523 0.585878491 0.587687612 0.589498580 0.591368675 0.593301475 0.595232368 0.597165167 0.599090278 0.601011574 0.602930963 0.604852259 0.606757283 0.608649790 0.610540450 0.612432957 0.614397526 0.616437852 0.618476152 0.620516479 0.622528791 0.624517202 0.626503646 0.628492057 0.630539715 0.632650554 0.634759247 0.636870086 0.638933182 0.640952766 0.642970324 0.644989908 0.647070169 0.649215221 0.651358068 0.653503120 0.655609548 0.657681584 0.659751654 0.661823690 0.663929641 0.666073680 0.668215513 0.670359552 0.672467887 0.674544871 0.676619709 0.678696692 0.680806577 0.682953596 0.685098469 0.687245488 0.689394534 0.691550016 0.693703294 0.695858777 0.697434723 0.698435426 0.699435174 0.700435877 0.701098382 0.701424599 0.701750517 0.702076793 0.705174446 0.711044252 0.716908157 0.722777963 0.726336002 0.727594078 0.728850901 0.730108976 0.730937123 0.731337965 0.731738389 0.732139230 0.735033095 0.740420699 0.745802939 0.751190543 0.756572783 0.761960387   
 15 0.188678026 0.192085639 0.195489869 0.198897496 0.202301696 0.205709323 0.209233359 0.212880656 0.216524288 0.220171571 0.223777831 0.227350399 0.230919391 0.234491959 0.238079578 0.241689429 0.245295644 0.248905495 0.252363294 0.255676240 0.258985847 0.262298793 0.265420288 0.268356919 0.271290630 0.274227291 0.277084261 0.279867440 0.282647848 0.285472691 0.288336337 0.291205853 0.294075549 0.296881109 0.299616963 0.302326947 0.305005610 0.307673931 0.310326576 0.312802076 0.315095484 0.317558020 0.320184737 0.322691292 0.325072676 0.327486843 0.329928905 0.332377017 0.334826231 0.337324977 0.339868218 0.342307746 0.344638616 0.346917868 0.349140912 0.351413131 0.353729934 0.356028646 0.358304620 0.360609859 0.362939686 0.365403771 0.367997110 0.370472491 0.372824937 0.375220507 0.377654403 0.379954398 0.382115930 0.384372354 0.386719227 0.389126897 0.391590565 0.393999398 0.396348536 0.398733050 0.401148170 0.403460920 0.405666709 0.407915831 0.410203815 0.412505001 0.414814800 0.417146236 0.419494629 0.421828419 0.424142987 0.426339179 0.428412646 0.430460572 0.432478905 0.434538156 0.436634272 0.438619852 0.440490901 0.442515820 0.444690496 0.446728766 0.448626488 0.450468063 0.452249765 0.453987241 0.455677003 0.457447499 0.459295154 0.460966557 0.462458372 0.464049548 0.465736896 0.467363179 0.468925148 0.470483333 0.472034693 0.473587573 0.475176752 0.476805359 0.478432328 0.480060935 0.481563896 0.482944459 0.484323621 0.485704184 0.487133324 0.488613874 0.490092963 0.491573513 0.493002802 0.494383812 0.495763421 0.497144401 0.498598278 0.500127792 0.501655757 0.503185213 0.504710197 0.506233692 0.507755697 0.509279191 0.510831416 0.512415409 0.513997793 0.515581787 0.517175257 0.518781304 0.520385802 0.521991849 0.523612022 0.525249541 0.526885390 0.528522849 0.530169129 0.531827509 0.533484221 0.535142601 0.536774039 0.538381815 0.539987922 0.541595697 0.543246150 0.544942498 0.546637177 0.548333526 0.550078154 0.551874399 0.553668857 0.555465102 0.557247162 0.559018672 0.560788393 0.562559903 0.564360440 0.566193581 0.568024874 0.569857955 0.571669400 0.573462844 0.575254440 0.577047884 0.578899562 0.580813050 0.582724631 0.584638119 0.586544454 0.588447511 0.590348721 0.592251778 0.594139278 0.596015036 0.597888947 0.599764705 0.601711392 0.603732824 0.605752230 0.607773662 0.609768152 0.611739814 0.613709509 0.615681171 0.617711246 0.619803786 0.621894240 0.623986781 0.626033068 0.628037274 0.630039513 0.632043719 0.634108007 0.636236370 0.638362646 0.640491009 0.642582059 0.644640148 0.646696210 0.648754239 0.650846183 0.652976036 0.655103803 0.657233655 0.659329236 0.661394715 0.663458109 0.665523589 0.667622030 0.669757605 0.671891034 0.674026608 0.676164865 0.678310156 0.680453360 0.682598650 0.684176087 0.685189962 0.686202884 0.687216759 0.687899232 0.688252389 0.688605130 0.688958287 0.692032099 0.697827399 0.703616917 0.709412217 0.712939560 0.714210510 0.715480208 0.716751158 0.717600703 0.718031406 0.718461692 0.718892395 0.721772075 0.727101624 0.732425809 0.737755358 0.743079543 0.748409092   
 16 0.183467254 0.186793268 0.190115973 0.193441987 0.196764678 0.200090706 0.203530654 0.207091212 0.210648194 0.214208737 0.217730060 0.221219286 0.224705026 0.228194252 0.231698811 0.235225663 0.238748997 0.242275864 0.245655313 0.248894379 0.252130210 0.255369276 0.258422434 0.261296183 0.264167041 0.267040789 0.269837379 0.272562534 0.275284976 0.278050959 0.280854970 0.283664942 0.286475271 0.289223373 0.291903764 0.294559121 0.297184169 0.299799323 0.302399397 0.304827005 0.307077318 0.309492618 0.312068105 0.314526618 0.316863328 0.319232106 0.321628243 0.324030429 0.326433808 0.328885645 0.331381023 0.333775401 0.336064041 0.338302433 0.340486139 0.342717916 0.344993353 0.347251236 0.349487036 0.351751536 0.354040116 0.356459826 0.359005749 0.361436754 0.363747954 0.366101354 0.368492275 0.370752662 0.372878045 0.375096142 0.377402604 0.379768550 0.382189244 0.384556562 0.386865735 0.389209539 0.391583353 0.393857360 0.396027058 0.398239166 0.400489300 0.402752459 0.405024111 0.407317042 0.409626573 0.411922008 0.414198756 0.416360021 0.418401539 0.420418203 0.422405988 0.424433887 0.426497847 0.428453952 0.430298269 0.432292938 0.434434026 0.436441898 0.438312620 0.440128505 0.441885948 0.443600267 0.445268035 0.447014749 0.448836923 0.450486928 0.451961488 0.453533202 0.455199003 0.456805170 0.458348483 0.459888250 0.461421341 0.462955981 0.464526176 0.466135025 0.467742264 0.469351113 0.470837206 0.472203791 0.473568976 0.474935561 0.476349741 0.477814287 0.479277372 0.480741918 0.482156456 0.483523905 0.484889954 0.486257404 0.487696230 0.489209175 0.490720600 0.492233545 0.493742168 0.495249540 0.496755391 0.498262733 0.499798357 0.501365185 0.502930522 0.504497349 0.506073654 0.507662416 0.509249628 0.510838389 0.512441158 0.514061093 0.515679419 0.517299354 0.518928111 0.520568848 0.522207916 0.523848653 0.525463223 0.527054846 0.528644919 0.530236542 0.531870186 0.533549011 0.535226107 0.536904931 0.538631201 0.540408313 0.542183638 0.543960750 0.545724213 0.547477603 0.549229264 0.550982654 0.552764773 0.554579079 0.556391597 0.558205903 0.559999228 0.561775208 0.563549459 0.565325439 0.567158759 0.569053054 0.570945442 0.572839677 0.574727297 0.576612055 0.578494906 0.580379605 0.582249463 0.584108174 0.585964978 0.587823689 0.589752316 0.591754496 0.593754709 0.595756948 0.597733200 0.599687457 0.601639807 0.603594065 0.605606019 0.607679546 0.609750986 0.611824512 0.613853157 0.615841091 0.617826998 0.619814932 0.621862173 0.623972714 0.626081169 0.628191769 0.630266249 0.632308900 0.634349525 0.636392176 0.638468504 0.640582621 0.642694592 0.644808650 0.646889627 0.648941636 0.650991619 0.653043687 0.655128598 0.657250524 0.659370363 0.661492288 0.663617492 0.665750206 0.667880774 0.670013487 0.671589315 0.672612488 0.673634648 0.674657822 0.675356090 0.675731421 0.676106393 0.676481724 0.679529369 0.685250044 0.690965056 0.696685731 0.700180054 0.701459408 0.702737451 0.704016805 0.704882741 0.705337763 0.705792308 0.706247330 0.709109187 0.714378774 0.719643116 0.724912763 0.730177104 0.735446692   
 17 0.178535357 0.181784555 0.185030505 0.188279703 0.191525638 0.194774836 0.198135644 0.201614544 0.205089971 0.208568871 0.212010279 0.215421155 0.218828619 0.222239494 0.225665957 0.229114830 0.232560247 0.236009106 0.239315003 0.242484778 0.245651379 0.248821154 0.251810282 0.254625112 0.257437110 0.260251939 0.262991965 0.265662879 0.268331140 0.271042079 0.273790330 0.276544631 0.279299468 0.281993896 0.284622461 0.287226886 0.289801866 0.292367429 0.294918448 0.297301441 0.299511701 0.301883042 0.304410785 0.306824595 0.309119701 0.311446309 0.313799709 0.316159189 0.318520010 0.320928246 0.323379099 0.325731575 0.327980936 0.330181450 0.332328677 0.334522992 0.336760014 0.338980019 0.341178656 0.343405366 0.345655739 0.348034263 0.350536168 0.352925986 0.355198890 0.357513219 0.359864265 0.362087995 0.364179939 0.366362602 0.368631601 0.370958894 0.373339742 0.375668585 0.377940744 0.380246848 0.382582366 0.384820491 0.386956811 0.389134675 0.391349763 0.393577725 0.395814091 0.398071349 0.400344938 0.402604848 0.404846579 0.406975538 0.408987552 0.410975337 0.412934959 0.414933920 0.416968167 0.418897063 0.420716703 0.422683477 0.424793482 0.426773310 0.428619057 0.430411279 0.432146400 0.433839411 0.435486913 0.437211722 0.439010352 0.440640688 0.442099422 0.443653315 0.445299208 0.446886837 0.448413014 0.449935764 0.451452047 0.452969849 0.454522550 0.456113130 0.457702130 0.459292710 0.460763246 0.462116927 0.463469237 0.464822918 0.466223240 0.467672944 0.469121218 0.470570922 0.471971720 0.473326534 0.474680007 0.476034820 0.477459610 0.478957057 0.480452985 0.481950432 0.483443767 0.484935969 0.486426651 0.487918854 0.489438802 0.490989506 0.492538661 0.494089365 0.495649368 0.497221798 0.498792648 0.500365078 0.501951337 0.503554523 0.505156100 0.506759286 0.508371234 0.509995162 0.511617422 0.513241291 0.514839649 0.516415715 0.517990172 0.519566238 0.521183610 0.522845447 0.524505615 0.526167452 0.527876019 0.529634535 0.531391263 0.533149779 0.534895122 0.536630809 0.538364768 0.540100455 0.541864455 0.543660283 0.545454323 0.547250152 0.549025595 0.550784290 0.552541256 0.554299951 0.556115150 0.557990313 0.559863567 0.561738729 0.563607574 0.565473914 0.567338347 0.569204688 0.571056604 0.572897911 0.574737430 0.576578736 0.578488886 0.580471575 0.582452238 0.584434927 0.586392462 0.588328779 0.590263128 0.592199445 0.594192564 0.596246481 0.598298311 0.600352168 0.602362394 0.604332983 0.606301665 0.608272254 0.610301495 0.612393200 0.614482880 0.616574585 0.618631303 0.620657086 0.622680962 0.624706745 0.626766026 0.628862858 0.630957544 0.633054376 0.635119021 0.637155712 0.639190376 0.641227067 0.643296480 0.645402730 0.647506833 0.649613082 0.651722968 0.653840721 0.655956328 0.658074081 0.659645200 0.660674036 0.661701858 0.662730694 0.663440585 0.663833559 0.664226174 0.664619207 0.667638361 0.673284411 0.678924859 0.684570968 0.688030064 0.689313471 0.690595627 0.691879034 0.692756474 0.693230510 0.693704069 0.694178104 0.697018623 0.702226520 0.707429171 0.712637067 0.717839777 0.723047674   
 18 0.173871189 0.177048132 0.180221885 0.183398828 0.186572582 0.189749509 0.193035871 0.196438029 0.199836761 0.203238904 0.206605211 0.209942490 0.213276431 0.216613710 0.219966844 0.223342508 0.226714805 0.230090484 0.233327374 0.236432195 0.239533901 0.242638722 0.245567888 0.248327613 0.251084566 0.253844291 0.256531537 0.259151757 0.261769414 0.264428973 0.267125130 0.269827455 0.272530556 0.275174856 0.277755141 0.280312032 0.282840401 0.285359800 0.287865132 0.290206671 0.292379737 0.294710219 0.297193527 0.299565792 0.301822335 0.304109782 0.306423545 0.308743417 0.311064661 0.313432455 0.315841973 0.318155587 0.320368588 0.322534025 0.324647546 0.326807171 0.329008639 0.331193656 0.333357841 0.335549653 0.337764621 0.340104997 0.342566073 0.344917744 0.347155303 0.349433452 0.351747632 0.353937447 0.355998576 0.358148485 0.360382855 0.362674356 0.365018398 0.367311656 0.369549572 0.371820867 0.374121010 0.376326025 0.378431529 0.380577803 0.382760555 0.384956002 0.387159705 0.389384001 0.391624391 0.393851489 0.396060884 0.398160040 0.400144845 0.402106047 0.404039800 0.406012058 0.408018947 0.409922779 0.411719769 0.413660854 0.415742159 0.417696148 0.419518888 0.421289355 0.423004031 0.424677461 0.426306397 0.428011060 0.429788053 0.431400299 0.432844609 0.434382081 0.436009735 0.437580317 0.439090729 0.440597862 0.442098707 0.443601042 0.445137590 0.446711361 0.448283523 0.449857295 0.451313466 0.452655256 0.453995675 0.455337465 0.456725001 0.458160967 0.459595501 0.461031497 0.462419599 0.463762701 0.465104461 0.466447562 0.467859268 0.469342232 0.470823735 0.472306699 0.473785669 0.475263596 0.476740062 0.478218019 0.479723245 0.481258690 0.482792586 0.484328032 0.485872686 0.487429589 0.488984942 0.490541875 0.492112398 0.493699640 0.495285302 0.496872574 0.498468488 0.500076175 0.501682281 0.503290057 0.504872799 0.506433904 0.507993400 0.509554446 0.511156082 0.512801468 0.514445186 0.516090572 0.517781854 0.519522309 0.521261036 0.523001492 0.524729192 0.526447535 0.528164148 0.529882491 0.531628788 0.533406377 0.535182238 0.536959827 0.538717628 0.540459156 0.542198896 0.543940425 0.545737505 0.547593653 0.549447954 0.551304102 0.553154230 0.555002034 0.556847990 0.558695793 0.560529649 0.562353313 0.564175129 0.565998793 0.567890167 0.569853008 0.571813881 0.573776722 0.575715125 0.577632904 0.579548836 0.581466615 0.583440423 0.585474014 0.587505639 0.589539230 0.591530204 0.593482614 0.595433056 0.597385466 0.599395633 0.601467550 0.603537321 0.605609238 0.607646942 0.609654605 0.611660361 0.613668084 0.615708888 0.617786884 0.619862795 0.621940792 0.623987496 0.626007080 0.628024638 0.630044222 0.632096291 0.634184837 0.636271238 0.638359785 0.640452266 0.642552793 0.644651234 0.646751761 0.648315370 0.649346292 0.650376201 0.651407123 0.652124763 0.652531147 0.652937114 0.653343499 0.656332016 0.661903441 0.667469263 0.673040688 0.676462471 0.677745759 0.679027796 0.680311084 0.681195498 0.681683481 0.682171047 0.682659030 0.685474813 0.690619290 0.695758641 0.700903118 0.706042469 0.711186945   
 19 0.169463754 0.172572792 0.175678730 0.178787768 0.181893691 0.185002729 0.188219160 0.191549212 0.194875926 0.198205978 0.201501772 0.204769984 0.208034918 0.211303130 0.214587480 0.217894539 0.221198276 0.224505335 0.227677584 0.230721608 0.233762592 0.236806631 0.239679724 0.242387980 0.245093539 0.247801796 0.250439703 0.253012717 0.255583137 0.258194774 0.260842443 0.263496310 0.266151130 0.268748790 0.271284103 0.273796797 0.276281834 0.278758287 0.281221181 0.283524245 0.285662830 0.287955463 0.290397465 0.292731225 0.294952035 0.297203213 0.299480230 0.301763386 0.304048032 0.306378335 0.308749586 0.311027199 0.313206643 0.315339684 0.317422062 0.319549710 0.321718335 0.323871017 0.326003462 0.328163028 0.330345362 0.332650512 0.335073769 0.337390214 0.339595109 0.341839880 0.344119996 0.346278578 0.348311305 0.350431055 0.352633566 0.354892075 0.357202023 0.359462470 0.361668885 0.363908052 0.366175503 0.368349999 0.370427161 0.372544348 0.374697268 0.376862794 0.379036516 0.381230444 0.383440197 0.385637045 0.387816608 0.389888376 0.391848177 0.393785000 0.395694911 0.397642702 0.399624377 0.401505262 0.403281540 0.405199021 0.407253832 0.409184039 0.410985738 0.412736267 0.414432108 0.416087657 0.417699605 0.419385821 0.421142966 0.422738671 0.424169809 0.425692320 0.427303165 0.428858161 0.430354208 0.431847036 0.433333755 0.434821904 0.436343640 0.437901855 0.439458549 0.441016793 0.442459762 0.443790644 0.445120186 0.446451068 0.447826803 0.449250072 0.450671941 0.452095181 0.453471512 0.454803765 0.456134677 0.457466900 0.458866417 0.460335851 0.461803824 0.463273257 0.464738816 0.466203392 0.467666537 0.469131112 0.470622480 0.472143531 0.473663092 0.475184143 0.476714253 0.478256434 0.479797095 0.481339306 0.482894897 0.484466970 0.486037463 0.487609535 0.489190131 0.490782380 0.492373049 0.493965298 0.495533109 0.497079641 0.498624623 0.500171185 0.501757622 0.503387034 0.505014777 0.506644189 0.508318782 0.510041714 0.511762857 0.513485789 0.515196204 0.516897559 0.518597186 0.520298541 0.522027373 0.523787081 0.525545061 0.527304769 0.529045105 0.530769527 0.532492220 0.534216642 0.535995722 0.537832916 0.539668262 0.541505456 0.543336868 0.545166075 0.546993494 0.548822701 0.550638318 0.552444041 0.554247975 0.556053698 0.557926118 0.559868813 0.561809540 0.563752234 0.565671027 0.567569792 0.569466591 0.571365356 0.573319256 0.575332046 0.577342808 0.579355597 0.581326663 0.583259940 0.585191309 0.587124586 0.589114785 0.591165841 0.593214810 0.595265865 0.597283483 0.599271834 0.601258218 0.603246510 0.605267584 0.607325375 0.609381139 0.611438930 0.613466084 0.615466833 0.617465556 0.619466305 0.621499181 0.623568118 0.625634968 0.627703905 0.629776895 0.631858110 0.633937240 0.636018455 0.637571812 0.638601482 0.639630139 0.640659809 0.641381383 0.641797006 0.642212212 0.642627835 0.645583630 0.651080310 0.656571567 0.662068248 0.665450752 0.666729987 0.668007970 0.669287205 0.670174181 0.670671344 0.671168029 0.671665192 0.674452960 0.679532409 0.684606731 0.689686120 0.694760442 0.699839890   
 20 0.165302247 0.168347552 0.171389803 0.174435109 0.177477360 0.180522650 0.183673456 0.186935887 0.190195039 0.193457454 0.196687132 0.199890614 0.203090891 0.206294373 0.209514290 0.212757066 0.215996593 0.219239369 0.222351134 0.225338340 0.228322551 0.231309757 0.234130502 0.236790761 0.239448369 0.242108643 0.244700626 0.247229636 0.249756128 0.252323151 0.254925609 0.257534385 0.260144293 0.262698561 0.265192121 0.267663717 0.270108491 0.272545069 0.274968594 0.277236015 0.279342741 0.281600296 0.284004092 0.286302179 0.288489938 0.290707588 0.292950660 0.295199871 0.297450721 0.299746335 0.302082181 0.304326564 0.306475043 0.308578253 0.310631961 0.312730134 0.314868510 0.316991419 0.319094628 0.321224511 0.323376805 0.325649440 0.328037828 0.330321759 0.332496643 0.334710658 0.336959392 0.339089245 0.341095954 0.343187988 0.345361143 0.347589254 0.349867910 0.352098107 0.354275495 0.356485099 0.358722508 0.360868961 0.362920165 0.365010619 0.367136180 0.369274169 0.371420264 0.373586267 0.375767857 0.377936900 0.380089104 0.382135719 0.384072661 0.385987133 0.387875289 0.389800608 0.391759187 0.393619031 0.395376354 0.397272199 0.399302691 0.401211083 0.402993560 0.404725850 0.406404555 0.408043772 0.409640282 0.411309630 0.413048506 0.414629132 0.416048378 0.417557240 0.419152737 0.420693487 0.422176391 0.423656195 0.425129950 0.426605165 0.428113282 0.429657280 0.431199759 0.432743758 0.434174657 0.435495526 0.436815083 0.438135982 0.439500868 0.440912396 0.442322552 0.443734109 0.445099533 0.446421713 0.447742552 0.449064732 0.450452894 0.451909721 0.453365088 0.454821914 0.456274897 0.457726955 0.459177554 0.460629612 0.462107956 0.463615447 0.465121418 0.466628909 0.468145281 0.469673514 0.471200228 0.472728461 0.474269837 0.475827456 0.477383494 0.478941083 0.480507046 0.482084453 0.483660281 0.485237688 0.486791074 0.488323599 0.489854574 0.491387099 0.492958814 0.494572759 0.496185094 0.497799009 0.499457330 0.501163185 0.502867281 0.504573107 0.506266654 0.507951319 0.509634316 0.511318982 0.513030708 0.514772773 0.516513109 0.518255234 0.519978225 0.521685660 0.523391366 0.525098801 0.526859939 0.528678298 0.530494809 0.532313108 0.534125745 0.535936296 0.537744999 0.539555550 0.541352808 0.543140352 0.544926047 0.546713591 0.548566699 0.550489008 0.552409351 0.554331660 0.556230485 0.558109641 0.559986949 0.561866105 0.563799500 0.565790892 0.567780256 0.569771647 0.571721971 0.573635340 0.575546741 0.577460110 0.579429507 0.581458807 0.583486021 0.585515320 0.587511837 0.589479566 0.591445386 0.593413115 0.595413148 0.597449362 0.599483550 0.601519763 0.603525996 0.605506241 0.607484519 0.609464824 0.611476719 0.613524258 0.615569770 0.617617309 0.619668961 0.621728718 0.623786449 0.625846267 0.627386689 0.628411949 0.629436135 0.630461335 0.631183386 0.631604373 0.632024944 0.632445931 0.635366976 0.640788913 0.646205485 0.651627421 0.654968739 0.656240165 0.657510340 0.658781767 0.659667015 0.660168707 0.660669923 0.661171615 0.663928390 0.668941200 0.673949003 0.678961873 0.683969676 0.688982487   
 21 0.161376014 0.164361551 0.167344108 0.170329645 0.173312202 0.176297739 0.179387033 0.182586059 0.185781866 0.188980892 0.192148641 0.195291519 0.198431253 0.201574132 0.204733744 0.207916409 0.211095884 0.214278549 0.217333779 0.220267907 0.223199114 0.226133242 0.228905156 0.231520727 0.234133691 0.236749262 0.239298478 0.241786599 0.244272232 0.246797800 0.249358252 0.251925141 0.254493296 0.257007301 0.259462088 0.261895657 0.264303088 0.266702741 0.269089729 0.271324188 0.273401558 0.275626719 0.277995139 0.280260265 0.282417566 0.284604281 0.286816031 0.289033949 0.291253597 0.293517232 0.295820415 0.298034191 0.300154120 0.302229911 0.304257333 0.306328416 0.308439046 0.310534596 0.312610924 0.314713538 0.316838235 0.319080949 0.321437240 0.323691279 0.325838566 0.328024358 0.330244243 0.332347721 0.334330618 0.336397231 0.338543475 0.340743721 0.342993557 0.345196068 0.347346842 0.349529326 0.351739198 0.353859931 0.355887264 0.357953280 0.360053807 0.362166584 0.364287376 0.366427779 0.368583530 0.370727092 0.372854173 0.374877781 0.376793832 0.378687888 0.380556166 0.382460982 0.384398460 0.386239111 0.387979209 0.389855266 0.391863525 0.393751979 0.395516872 0.397232562 0.398895651 0.400520056 0.402102500 0.403756499 0.405478776 0.407045662 0.408454120 0.409950584 0.411532134 0.413059920 0.414530873 0.415998816 0.417460799 0.418924212 0.420419931 0.421950877 0.423480272 0.425011218 0.426431060 0.427742809 0.429053277 0.430365026 0.431719959 0.433120698 0.434520006 0.435920745 0.437276125 0.438589007 0.439900547 0.441213429 0.442591071 0.444036126 0.445479751 0.446924806 0.448366016 0.449806303 0.451245159 0.452685446 0.454151511 0.455646217 0.457139432 0.458634138 0.460137516 0.461652517 0.463165998 0.464681000 0.466208875 0.467752665 0.469294906 0.470838696 0.472390652 0.473953813 0.475515425 0.477078617 0.478618115 0.480137050 0.481654465 0.483173400 0.484730810 0.486329734 0.487927079 0.489525974 0.491168469 0.492857665 0.494545192 0.496234387 0.497911453 0.499579757 0.501246393 0.502914667 0.504609525 0.506334186 0.508057117 0.509781778 0.511487663 0.513178170 0.514867008 0.516557515 0.518300891 0.520100415 0.521898150 0.523697734 0.525491595 0.527283370 0.529073417 0.530865192 0.532643855 0.534412920 0.536180258 0.537949324 0.539782882 0.541684449 0.543584108 0.545485675 0.547364116 0.549223244 0.551080525 0.552939653 0.554852068 0.556821525 0.558788955 0.560758412 0.562687457 0.564580083 0.566470742 0.568363369 0.570311069 0.572317719 0.574322343 0.576328993 0.578303277 0.580249310 0.582193434 0.584139466 0.586117208 0.588130593 0.590141952 0.592155278 0.594139099 0.596097350 0.598053634 0.600011885 0.602001250 0.604025662 0.606048048 0.608072460 0.610100865 0.612137318 0.614171743 0.616208196 0.617733240 0.618750930 0.619767666 0.620785356 0.621504486 0.621927083 0.622349203 0.622771800 0.625656247 0.631003439 0.636345267 0.641692460 0.644990742 0.646250725 0.647509456 0.648769438 0.649649143 0.650151014 0.650652349 0.651154220 0.653877020 0.658821762 0.663761556 0.668706298 0.673646092 0.678590834   
 22 0.157674685 0.160604253 0.163530886 0.166460440 0.169387057 0.172316611 0.175348282 0.178487957 0.181624472 0.184764117 0.187873915 0.190960109 0.194043234 0.197129428 0.200232700 0.203359202 0.206482559 0.209609061 0.212611526 0.215496168 0.218377933 0.221262574 0.223989010 0.226563007 0.229134411 0.231708407 0.234217912 0.236668080 0.239115804 0.241602883 0.244124338 0.246652350 0.249181822 0.251658499 0.254077345 0.256475657 0.258848578 0.261214077 0.263567358 0.265771389 0.267821729 0.270016968 0.272352785 0.274587512 0.276716769 0.278874993 0.281057894 0.283246994 0.285437942 0.287672192 0.289945275 0.292130917 0.294224709 0.296275318 0.298278630 0.300324887 0.302410036 0.304480523 0.306532294 0.308609933 0.310709327 0.312924623 0.315251350 0.317478001 0.319600016 0.321759939 0.323953390 0.326032788 0.327993959 0.330037385 0.332159013 0.334333688 0.336557150 0.338734239 0.340860724 0.343018383 0.345202982 0.347300202 0.349305868 0.351349533 0.353427172 0.355516881 0.357614577 0.359731585 0.361863673 0.363983929 0.366088063 0.368090659 0.369987696 0.371863186 0.373713404 0.375599533 0.377517819 0.379341006 0.381065458 0.382923514 0.384911448 0.386781752 0.388530642 0.390231282 0.391880244 0.393491209 0.395060927 0.396700978 0.398408085 0.399962574 0.401361287 0.402846575 0.404415429 0.405931443 0.407391578 0.408848733 0.410299987 0.411752701 0.413237095 0.414756119 0.416273624 0.417792648 0.419202358 0.420505822 0.421807975 0.423111409 0.424457252 0.425848037 0.427237451 0.428628236 0.429974377 0.431278616 0.432581544 0.433885783 0.435253650 0.436687768 0.438120425 0.439554542 0.440984786 0.442414045 0.443841904 0.445271164 0.446725667 0.448208302 0.449689448 0.451172054 0.452663124 0.454165578 0.455666512 0.457168967 0.458683997 0.460214585 0.461743653 0.463274270 0.464812785 0.466362298 0.467910260 0.469459772 0.470985860 0.472491652 0.473995954 0.475501746 0.477045298 0.478629619 0.480212361 0.481796652 0.483423769 0.485096753 0.486768037 0.488441020 0.490101963 0.491754174 0.493404746 0.495056987 0.496735185 0.498442709 0.500148535 0.501856029 0.503544927 0.505218625 0.506890595 0.508564293 0.510289848 0.512070656 0.513849676 0.515630484 0.517405570 0.519178569 0.520949781 0.522722781 0.524482667 0.526233017 0.527981639 0.529731989 0.531545758 0.533426404 0.535305142 0.537185788 0.539043486 0.540882111 0.542718887 0.544557512 0.546448469 0.548395455 0.550340474 0.552287459 0.554194570 0.556065619 0.557934821 0.559805870 0.561731100 0.563714325 0.565695524 0.567678690 0.569629908 0.571553111 0.573474407 0.575397551 0.577351868 0.579341173 0.581328452 0.583317757 0.585277796 0.587212563 0.589145362 0.591080129 0.593045354 0.595045030 0.597042680 0.599042356 0.601045847 0.603057086 0.605066299 0.607077539 0.608584821 0.609592140 0.610598505 0.611605823 0.612318814 0.612739444 0.613159657 0.613580287 0.616426408 0.621698737 0.626965821 0.632238150 0.635491610 0.636736810 0.637980700 0.639225900 0.640096128 0.640594006 0.641091347 0.641589224 0.644275308 0.649150550 0.654020905 0.658896148 0.663766563 0.668641806   
 23 0.154188037 0.157065198 0.159939498 0.162816659 0.165690944 0.168568119 0.171545878 0.174630031 0.177711070 0.180795208 0.183850810 0.186884061 0.189914286 0.192947537 0.195998162 0.199072242 0.202143237 0.205217317 0.208170578 0.211009145 0.213844866 0.216683418 0.219367549 0.221902937 0.224435776 0.226971149 0.229443803 0.231858790 0.234271362 0.236722767 0.239208117 0.241700098 0.244193748 0.246635869 0.249021545 0.251387268 0.253728330 0.256062269 0.258384407 0.260560423 0.262585938 0.264753699 0.267059386 0.269266188 0.271369666 0.273501754 0.275658160 0.277820826 0.279985368 0.282192618 0.284438074 0.286597908 0.288667738 0.290695369 0.292676687 0.294700295 0.296762139 0.298809737 0.300839037 0.302893877 0.304970145 0.307160318 0.309460014 0.311661541 0.313760489 0.315896749 0.318066090 0.320123494 0.322064906 0.324087203 0.326186329 0.328337699 0.330537051 0.332690954 0.334795237 0.336930245 0.339091837 0.341167659 0.343153566 0.345176935 0.347233683 0.349302411 0.351379037 0.353474706 0.355585307 0.357684314 0.359767526 0.361751020 0.363630742 0.365489423 0.367323250 0.369192451 0.371093303 0.372900665 0.374610990 0.376452684 0.378422111 0.380275875 0.382010341 0.383697331 0.385333538 0.386932373 0.388490617 0.390118062 0.391811401 0.393354654 0.394744754 0.396219939 0.397777230 0.399282604 0.400733024 0.402180463 0.403622031 0.405065060 0.406539202 0.408047348 0.409553975 0.411062121 0.412462652 0.413758546 0.415053159 0.416349053 0.417686522 0.419068187 0.420448482 0.421830118 0.423167706 0.424464017 0.425759017 0.427055299 0.428414106 0.429838002 0.431260496 0.432684392 0.434104353 0.435523272 0.436940759 0.438359678 0.439803332 0.441274583 0.442744344 0.444215596 0.445695013 0.447185546 0.448674560 0.450165093 0.451667875 0.453185886 0.454702377 0.456220359 0.457746059 0.459282428 0.460817277 0.462353647 0.463866800 0.465359837 0.466851383 0.468344420 0.469874501 0.471444607 0.473013163 0.474583238 0.476195335 0.477852494 0.479507983 0.481165111 0.482810229 0.484446645 0.486081421 0.487717837 0.489379674 0.491070271 0.492759138 0.494449735 0.496121764 0.497778684 0.499433935 0.501090884 0.502798736 0.504560828 0.506321192 0.508083344 0.509839654 0.511593759 0.513346076 0.515100121 0.516841114 0.518572569 0.520302236 0.522033691 0.523827374 0.525686800 0.527544379 0.529403806 0.531240523 0.533058167 0.534873962 0.536691606 0.538560629 0.540484667 0.542406738 0.544330776 0.546215296 0.548064113 0.549911141 0.551759958 0.553661942 0.555620849 0.557577789 0.559536695 0.561463892 0.563363254 0.565260768 0.567160130 0.569089949 0.571053982 0.573016047 0.574980080 0.576915085 0.578824878 0.580732822 0.582642615 0.584582329 0.586555719 0.588527083 0.590500474 0.592477322 0.594461620 0.596443951 0.598428249 0.599915504 0.600909650 0.601902843 0.602897048 0.603600800 0.604016125 0.604431093 0.604846418 0.607652426 0.612849891 0.618042171 0.623239636 0.626446724 0.627673864 0.628899753 0.630126894 0.630984187 0.631474078 0.631963491 0.632453442 0.635100067 0.639904499 0.644704103 0.649508536 0.654308140 0.659112573   
 24 0.150906011 0.153734192 0.156559557 0.159387738 0.162213087 0.165041268 0.167968646 0.171000913 0.174030125 0.177062377 0.180067390 0.183051243 0.186032102 0.189015940 0.192017481 0.195042700 0.198064879 0.201090097 0.203997537 0.206793219 0.209586114 0.212381810 0.215026632 0.217526197 0.220023260 0.222522825 0.224961326 0.227343768 0.229723826 0.232142225 0.234594151 0.237052828 0.239513338 0.241923541 0.244278595 0.246614277 0.248925880 0.251230747 0.253524274 0.255674541 0.257677257 0.259819776 0.262097836 0.264278948 0.266358852 0.268466949 0.270599127 0.272737533 0.274877965 0.277060419 0.279280573 0.281416774 0.283464730 0.285471380 0.287432700 0.289435625 0.291476220 0.293502957 0.295511812 0.297545910 0.299601108 0.301768363 0.304043323 0.306221932 0.308299869 0.310414612 0.312561899 0.314599335 0.316522837 0.318525940 0.320604622 0.322734803 0.324912161 0.327045023 0.329129070 0.331243515 0.333384097 0.335440487 0.337408513 0.339413464 0.341451257 0.343500942 0.345558405 0.347634703 0.349725723 0.351805389 0.353869617 0.355835766 0.357699931 0.359543383 0.361362457 0.363216341 0.365101337 0.366894454 0.368592024 0.370418966 0.372371584 0.374210417 0.375931829 0.377606541 0.379231244 0.380819172 0.382367134 0.383983225 0.385664165 0.387197345 0.388579696 0.390045822 0.391592771 0.393088549 0.394530177 0.395968825 0.397401631 0.398835897 0.400300741 0.401798993 0.403295785 0.404794037 0.406186223 0.407475293 0.408763051 0.410052121 0.411382020 0.412755311 0.414127231 0.415500492 0.416830242 0.418119192 0.419406831 0.420695782 0.422046185 0.423460573 0.424873561 0.426287949 0.427698344 0.429107547 0.430515349 0.431924582 0.433358014 0.434818506 0.436277568 0.437738061 0.439206451 0.440685630 0.442163318 0.443642497 0.445133597 0.446639538 0.448143989 0.449649930 0.451163292 0.452686995 0.454209208 0.455732912 0.457233608 0.458714277 0.460193455 0.461674124 0.463191122 0.464747369 0.466302067 0.467858285 0.469455749 0.471097440 0.472737461 0.474379152 0.476008773 0.477629632 0.479248881 0.480869740 0.482515454 0.484189302 0.485861450 0.487535268 0.489190608 0.490830809 0.492469370 0.494109571 0.495799780 0.497543275 0.499285042 0.501028538 0.502766073 0.504501164 0.506234467 0.507969558 0.509691536 0.511403799 0.513114333 0.514826596 0.516600013 0.518438041 0.520274162 0.522112191 0.523927450 0.525723696 0.527518213 0.529314458 0.531161129 0.533061743 0.534960508 0.536861122 0.538722515 0.540548384 0.542372406 0.544198275 0.546076357 0.548010230 0.549942195 0.551876068 0.553778350 0.555652857 0.557525575 0.559400141 0.561304390 0.563242078 0.565177858 0.567115605 0.569024324 0.570907891 0.572789609 0.574673176 0.576585889 0.578531444 0.580475092 0.582420707 0.584369421 0.586325109 0.588278830 0.590234518 0.591699660 0.592678130 0.593655586 0.594634056 0.595325708 0.595732510 0.596138954 0.596545815 0.599310160 0.604432762 0.609550238 0.614672840 0.617831945 0.619037926 0.620242715 0.621448696 0.622289598 0.622767806 0.623245597 0.623723805 0.626328647 0.631061018 0.635788620 0.640520990 0.645248592 0.649980962   
 25 0.147818789 0.150601208 0.153380871 0.156163305 0.158942938 0.161725372 0.164605707 0.167589530 0.170570374 0.173554182 0.176511988 0.179449767 0.182384610 0.185322389 0.188278183 0.191257894 0.194234610 0.197214320 0.200079128 0.202834994 0.205588087 0.208343953 0.210952327 0.213418722 0.215882659 0.218349054 0.220755965 0.223108321 0.225458309 0.227846220 0.230267286 0.232695207 0.235125124 0.237505883 0.239832714 0.242140710 0.244425297 0.246703431 0.248970583 0.251097262 0.253079176 0.255198598 0.257451206 0.259608835 0.261667132 0.263753355 0.265863299 0.267979592 0.270097941 0.272257775 0.274454802 0.276569456 0.278597504 0.280585110 0.282528192 0.284512371 0.286533654 0.288541436 0.290531754 0.292546958 0.294583052 0.296729416 0.298981816 0.301139593 0.303198427 0.305293620 0.307420909 0.309440255 0.311347574 0.313333303 0.315393478 0.317504376 0.319661766 0.321775496 0.323841274 0.325937033 0.328058600 0.330097347 0.332049280 0.334037542 0.336058229 0.338090658 0.340130776 0.342189521 0.344262809 0.346324980 0.348372012 0.350322515 0.352172673 0.354002446 0.355808169 0.357648253 0.359519005 0.361299276 0.362985492 0.364799112 0.366736472 0.368561804 0.370271504 0.371935189 0.373549640 0.375127792 0.376666605 0.378272474 0.379942209 0.381466389 0.382841885 0.384299934 0.385837555 0.387324721 0.388758451 0.390189230 0.391614228 0.393040657 0.394497097 0.395986408 0.397474229 0.398963541 0.400348127 0.401630998 0.402912587 0.404195458 0.405518413 0.406884044 0.408248335 0.409613937 0.410936475 0.412218660 0.413499534 0.414781719 0.416124284 0.417529851 0.418933988 0.420339525 0.421740949 0.423141062 0.424539775 0.425939888 0.427363724 0.428814054 0.430262923 0.431713253 0.433171183 0.434639573 0.436106503 0.437574893 0.439054817 0.440549254 0.442042172 0.443536580 0.445038080 0.446549624 0.448059648 0.449571192 0.451059759 0.452528387 0.453995556 0.455464184 0.456968397 0.458511144 0.460052371 0.461595088 0.463178247 0.464804798 0.466429740 0.468056291 0.469670713 0.471276224 0.472880125 0.474485636 0.476115406 0.477772683 0.479428291 0.481085569 0.482724339 0.484347880 0.485969812 0.487593353 0.489265949 0.490990877 0.492714047 0.494438976 0.496157706 0.497873724 0.499588042 0.501304090 0.503006816 0.504699707 0.506390870 0.508083761 0.509836733 0.511653066 0.513467550 0.515283883 0.517077446 0.518851936 0.520624638 0.522399127 0.524223030 0.526099801 0.527974665 0.529851437 0.531689107 0.533491433 0.535291910 0.537094235 0.538947701 0.540855825 0.542762041 0.544670165 0.546546698 0.548395514 0.550242484 0.552091300 0.553969026 0.555879354 0.557787836 0.559698164 0.561579466 0.563435555 0.565289795 0.567145884 0.569030285 0.570946753 0.572861254 0.574777663 0.576696694 0.578622222 0.580545843 0.582471371 0.583912313 0.584872544 0.585831881 0.586792111 0.587468982 0.587864339 0.588259280 0.588654637 0.591375768 0.596423447 0.601466119 0.606513798 0.609623551 0.610805511 0.611986279 0.613168240 0.613989532 0.614452600 0.614915192 0.615378201 0.617938817 0.622597873 0.627252281 0.631911337 0.636565745 0.641224802   
 26 0.144916743 0.147656471 0.150393456 0.153133169 0.155870155 0.158609867 0.161446303 0.164384946 0.167320654 0.170259282 0.173173100 0.176067978 0.178959951 0.181854829 0.184768051 0.187705413 0.190639839 0.193577200 0.196402416 0.199121296 0.201837465 0.204556346 0.207130924 0.209566653 0.211999938 0.214435667 0.216813400 0.219138011 0.221460298 0.223820075 0.226212665 0.228612214 0.231013954 0.233367607 0.235668480 0.237951055 0.240210772 0.242464378 0.244707361 0.246812418 0.248775363 0.250873625 0.253102988 0.255239129 0.257277757 0.259344012 0.261433721 0.263529807 0.265628070 0.267767280 0.269943178 0.272038221 0.274048209 0.276018500 0.277945131 0.279912293 0.281916112 0.283906728 0.285880238 0.287878364 0.289897174 0.292024583 0.294256419 0.296395272 0.298436910 0.300514370 0.302623540 0.304626524 0.306519330 0.308489412 0.310532808 0.312626272 0.314765602 0.316861987 0.318911284 0.320990175 0.323094517 0.325117409 0.327054799 0.329028070 0.331033289 0.333050191 0.335074663 0.337117583 0.339174807 0.341221213 0.343252689 0.345189124 0.347026676 0.348844171 0.350638032 0.352465749 0.354323655 0.356092423 0.357768506 0.359570175 0.361493796 0.363307029 0.365006238 0.366660088 0.368265331 0.369834840 0.371365488 0.372962266 0.374621958 0.376138091 0.377507567 0.378958434 0.380487710 0.381967187 0.383393914 0.384817660 0.386235625 0.387654990 0.389103889 0.390585095 0.392064840 0.393546045 0.394923806 0.396201104 0.397477090 0.398754388 0.400071055 0.401429653 0.402786911 0.404145539 0.405461460 0.406737387 0.408012033 0.409287959 0.410623312 0.412020594 0.413416505 0.414813787 0.416206837 0.417598397 0.418988556 0.420380116 0.421794862 0.423235595 0.424674869 0.426115602 0.427563578 0.429021716 0.430478394 0.431936532 0.433405817 0.434889168 0.436371028 0.437854379 0.439344466 0.440844238 0.442342520 0.443842292 0.445319146 0.446776032 0.448231488 0.449688375 0.451180160 0.452709734 0.454237759 0.455767304 0.457336485 0.458948225 0.460558355 0.462170094 0.463769555 0.465359956 0.466948748 0.468539149 0.470153183 0.471794069 0.473433316 0.475074202 0.476696461 0.478303403 0.479908735 0.481515676 0.483170718 0.484877080 0.486581743 0.488288105 0.489988029 0.491684943 0.493380129 0.495077044 0.496760428 0.498433739 0.500105321 0.501778662 0.503510833 0.505305290 0.507097900 0.508892357 0.510663986 0.512416303 0.514166892 0.515919209 0.517719865 0.519572377 0.521423101 0.523275614 0.525089085 0.526867211 0.528643489 0.530421615 0.532249749 0.534131467 0.536011338 0.537893057 0.539743125 0.541565299 0.543385684 0.545207858 0.547058105 0.548940122 0.550820231 0.552702248 0.554555118 0.556382537 0.558208108 0.560035527 0.561890423 0.563776374 0.565660477 0.567546427 0.569434464 0.571328342 0.573220313 0.575114191 0.576529086 0.577468812 0.578407645 0.579347372 0.580006778 0.580387831 0.580768526 0.581149578 0.583826065 0.588798761 0.593766510 0.598739207 0.601798236 0.602953494 0.604107559 0.605262816 0.606061578 0.606506109 0.606950164 0.607394695 0.609908879 0.614493549 0.619073629 0.623658299 0.628238380 0.632823050   
 27 0.142190352 0.144890249 0.147587448 0.150287345 0.152984545 0.155684441 0.158479959 0.161376506 0.164270133 0.167166680 0.170039520 0.172894463 0.175746560 0.178601503 0.181475118 0.184373140 0.187268257 0.190166265 0.192954704 0.195639312 0.198321238 0.201005861 0.203549162 0.205956548 0.208361521 0.210768908 0.213119715 0.215418771 0.217715517 0.220049396 0.222415760 0.224789202 0.227165014 0.229493752 0.231770769 0.234030008 0.236266911 0.238498032 0.240718856 0.242804199 0.244749874 0.246828839 0.249036968 0.251153499 0.253174275 0.255222350 0.257293642 0.259371370 0.261451364 0.263571799 0.265728503 0.267805725 0.269799352 0.271754026 0.273665845 0.275617689 0.277605623 0.279580772 0.281539112 0.283521861 0.285524994 0.287635297 0.289848506 0.291970283 0.293996334 0.296057820 0.298150629 0.300138891 0.302018672 0.303974688 0.306002975 0.308080733 0.310203761 0.312284559 0.314318955 0.316382647 0.318471491 0.320480108 0.322404474 0.324364305 0.326355636 0.328358561 0.330368996 0.332397670 0.334440470 0.336472660 0.338490188 0.340414017 0.342240334 0.344046921 0.345830142 0.347646803 0.349493235 0.351251781 0.352918863 0.354709864 0.356621146 0.358423501 0.360113323 0.361758441 0.363355577 0.364917427 0.366440833 0.368029505 0.369680256 0.371189237 0.372553498 0.373997986 0.375519782 0.376992434 0.378412932 0.379830450 0.381242126 0.382655233 0.384097308 0.385571212 0.387043655 0.388517559 0.389889151 0.391161442 0.392432421 0.393704712 0.395015657 0.396367848 0.397718698 0.399070889 0.400380731 0.401650906 0.402919829 0.404190004 0.405518621 0.406908244 0.408296466 0.409686089 0.411071241 0.412454754 0.413836867 0.415220380 0.416626573 0.418058187 0.419488370 0.420919985 0.422358513 0.423806816 0.425253689 0.426702023 0.428161114 0.429633856 0.431105107 0.432577848 0.434056967 0.435545385 0.437032312 0.438520730 0.439986169 0.441431642 0.442875683 0.444321156 0.445800781 0.447317451 0.448832572 0.450349212 0.451904684 0.453501910 0.455097556 0.456694782 0.458279550 0.459854990 0.461428851 0.463004291 0.464602768 0.466227412 0.467850447 0.469475091 0.471080989 0.472671360 0.474260122 0.475850493 0.477488011 0.479175866 0.480862051 0.482549906 0.484230995 0.485908687 0.487584680 0.489262342 0.490926296 0.492579818 0.494231701 0.495885223 0.497596502 0.499368876 0.501139462 0.502911806 0.504661143 0.506390929 0.508118987 0.509848773 0.511625886 0.513453782 0.515279830 0.517107666 0.518896461 0.520649791 0.522401392 0.524154723 0.525956988 0.527811646 0.529664457 0.531519115 0.533341944 0.535136700 0.536929727 0.538724482 0.540546417 0.542399168 0.544250011 0.546102762 0.547926128 0.549723744 0.551519632 0.553317249 0.555141449 0.556995690 0.558848143 0.560702384 0.562558115 0.564418972 0.566277921 0.568138778 0.569525898 0.570442975 0.571359098 0.572276175 0.572915792 0.573279858 0.573643565 0.574007630 0.576638162 0.581535935 0.586428821 0.591326594 0.594333529 0.595459461 0.596584320 0.597710252 0.598483562 0.598906457 0.599328935 0.599751830 0.602217436 0.606726706 0.611231446 0.615740657 0.620245397 0.624754667   
 28 0.139630452 0.142293230 0.144953355 0.147616133 0.150276244 0.152939022 0.155696407 0.158553734 0.161408186 0.164265499 0.167100206 0.169918031 0.172733039 0.175550863 0.178387687 0.181249157 0.184107766 0.186969236 0.189723566 0.192376435 0.195026651 0.197679520 0.200193912 0.202575162 0.204954013 0.207335263 0.209661260 0.211936787 0.214210033 0.216520086 0.218862310 0.221211761 0.223563716 0.225869581 0.228124738 0.230362594 0.232578650 0.234789208 0.236989796 0.239057168 0.240987152 0.243048579 0.245237291 0.247336000 0.249340519 0.251372099 0.253426701 0.255487770 0.257551223 0.259654641 0.261793882 0.263854980 0.265833855 0.267774463 0.269672900 0.271610916 0.273584664 0.275545835 0.277490616 0.279459506 0.281448573 0.283543408 0.285739750 0.287846088 0.289858133 0.291905254 0.293983310 0.295958400 0.297826558 0.299769998 0.301784784 0.303848416 0.305956781 0.308023542 0.310044616 0.312094659 0.314169586 0.316165417 0.318078190 0.320025980 0.322004914 0.323995292 0.325993150 0.328009069 0.330038965 0.332058460 0.334063441 0.335976005 0.337792307 0.339589179 0.341363013 0.343169838 0.345006078 0.346755505 0.348414689 0.350196153 0.352096409 0.353889078 0.355570644 0.357208014 0.358797967 0.360353053 0.361870170 0.363451660 0.365094364 0.366597086 0.367956758 0.369395643 0.370910883 0.372377455 0.373792470 0.375204444 0.376610577 0.378018081 0.379454106 0.380921423 0.382387280 0.383854598 0.385220677 0.386488438 0.387754917 0.389022678 0.390328467 0.391674817 0.393019825 0.394366145 0.395670414 0.396935254 0.398198843 0.399463713 0.400786102 0.402168542 0.403549612 0.404932052 0.406309843 0.407685786 0.409060359 0.410436302 0.411834389 0.413257360 0.414678901 0.416101873 0.417531431 0.418970376 0.420407891 0.421846837 0.423296124 0.424758643 0.426219702 0.427682221 0.429150730 0.430628121 0.432104051 0.433581471 0.435035855 0.436470151 0.437903017 0.439337313 0.440805048 0.442309082 0.443811595 0.445315599 0.446857631 0.448440611 0.450021982 0.451604962 0.453175217 0.454735905 0.456295043 0.457855731 0.459438801 0.461047381 0.462654322 0.464262903 0.465852469 0.467426300 0.468998551 0.470572382 0.472192407 0.473861784 0.475529492 0.477198869 0.478861094 0.480519503 0.482176214 0.483834624 0.485478938 0.487112492 0.488744438 0.490377992 0.492068172 0.493818253 0.495566577 0.497316658 0.499043435 0.500750363 0.502455652 0.504162610 0.505915761 0.507718623 0.509519637 0.511322498 0.513086140 0.514814138 0.516540408 0.518268406 0.520044208 0.521871269 0.523696423 0.525523484 0.527318418 0.529084980 0.530849814 0.532616377 0.534409165 0.536231816 0.538052619 0.539875209 0.541668117 0.543434978 0.545199990 0.546966791 0.548759222 0.550580680 0.552400291 0.554221749 0.556043923 0.557870388 0.559695065 0.561521590 0.562879205 0.563771546 0.564662993 0.565555334 0.566172957 0.566517532 0.566861808 0.567206442 0.569789767 0.574612558 0.579430461 0.584253252 0.587206900 0.588301182 0.589394391 0.590488672 0.591233850 0.591632187 0.592030108 0.592428446 0.594843626 0.599276483 0.603704929 0.608137786 0.612566173 0.616999030   
 29 0.137227908 0.139856115 0.142481700 0.145109907 0.147735476 0.150363684 0.153085560 0.155906394 0.158724383 0.161545202 0.164344460 0.167127773 0.169908300 0.172691613 0.175494269 0.178321823 0.181146562 0.183974117 0.186696827 0.189320311 0.191941187 0.194564670 0.197052360 0.199409500 0.201764271 0.204121396 0.206424564 0.208678484 0.210930139 0.213218302 0.215538383 0.217865795 0.220195875 0.222480774 0.224715903 0.226934195 0.229131207 0.231322959 0.233505070 0.235556081 0.237471893 0.239517376 0.241688430 0.243770957 0.245760769 0.247777432 0.249816895 0.251862884 0.253911346 0.255999357 0.258122832 0.260169387 0.262134939 0.264062911 0.265949398 0.267875046 0.269835979 0.271784663 0.273717225 0.275673687 0.277650177 0.279731095 0.281912267 0.284004718 0.286004275 0.288038492 0.290103316 0.292066634 0.293924481 0.295856684 0.297859401 0.299910367 0.302005559 0.304059774 0.306068957 0.308106810 0.310169250 0.312153697 0.314056158 0.315993279 0.317961127 0.319940388 0.321927011 0.323931515 0.325949878 0.327957958 0.329951793 0.331854343 0.333661854 0.335450143 0.337215692 0.339013815 0.340840995 0.342582405 0.344234616 0.346007675 0.347898036 0.349682122 0.351356387 0.352986962 0.354570597 0.356119782 0.357631356 0.359206527 0.360842168 0.362339348 0.363695145 0.365129143 0.366638541 0.368099749 0.369509935 0.370917022 0.372318208 0.373720795 0.375151396 0.376612812 0.378072768 0.379534185 0.380895287 0.382158995 0.383421451 0.384685159 0.385986239 0.387327224 0.388666898 0.390007883 0.391306996 0.392566949 0.393825650 0.395085603 0.396402180 0.397777945 0.399152309 0.400528044 0.401898921 0.403267711 0.404635131 0.406003922 0.407394320 0.408809066 0.410222411 0.411637187 0.413058132 0.414488107 0.415916651 0.417346627 0.418786526 0.420239180 0.421690375 0.423143059 0.424601316 0.426068038 0.427533299 0.429000050 0.430443615 0.431867003 0.433288962 0.434712350 0.436168432 0.437660068 0.439150184 0.440641791 0.442170620 0.443739593 0.445306987 0.446875960 0.448431909 0.449978024 0.451522559 0.453068674 0.454636455 0.456229061 0.457820058 0.459412634 0.460985988 0.462543309 0.464099079 0.465656400 0.467258960 0.468909860 0.470559120 0.472210020 0.473853350 0.475492388 0.477129787 0.478768826 0.480393440 0.482006848 0.483618647 0.485232085 0.486900985 0.488628596 0.490354478 0.492082089 0.493786067 0.495469838 0.497151941 0.498835713 0.500564694 0.502342165 0.504117906 0.505895376 0.507633448 0.509335637 0.511036098 0.512738287 0.514487088 0.516285896 0.518082917 0.519881785 0.521648169 0.523385823 0.525121808 0.526859462 0.528622389 0.530414045 0.532203972 0.533995628 0.535757244 0.537492275 0.539225578 0.540960610 0.542720139 0.544507682 0.546293437 0.548080981 0.549868464 0.551659405 0.553448558 0.555239499 0.556566060 0.557431817 0.558296680 0.559162438 0.559755862 0.560078681 0.560401142 0.560723960 0.563258946 0.568006754 0.572749794 0.577497542 0.580396891 0.581457257 0.582516551 0.583576918 0.584291518 0.584662557 0.585033238 0.585404277 0.587767184 0.592122734 0.596473873 0.600829422 0.605180621 0.609536171   
 30 0.134973869 0.137569875 0.140163302 0.142759308 0.145352721 0.147948742 0.150637582 0.153424442 0.156208515 0.158995390 0.161761656 0.164512932 0.167261437 0.170012712 0.172783643 0.175579742 0.178373039 0.181169137 0.183862567 0.186458901 0.189052626 0.191648945 0.194111973 0.196446911 0.198779494 0.201114431 0.203396589 0.205630675 0.207862511 0.210130572 0.212430328 0.214737520 0.217047557 0.219313249 0.221530080 0.223730505 0.225910112 0.228084728 0.230250016 0.232286170 0.234189153 0.236220181 0.238375202 0.240443051 0.242419600 0.244422778 0.246448576 0.248480961 0.250515878 0.252590001 0.254699171 0.256732613 0.258686274 0.260602921 0.262478709 0.264393300 0.266342789 0.268280298 0.270201981 0.272147357 0.274112582 0.276181012 0.278348535 0.280428559 0.282416910 0.284439623 0.286492646 0.288445473 0.290294200 0.292216450 0.294208378 0.296248078 0.298331499 0.300374538 0.302373111 0.304400086 0.306451440 0.308425754 0.310319096 0.312246740 0.314204782 0.316174120 0.318150818 0.320145190 0.322153240 0.324151248 0.326135129 0.328028858 0.329828560 0.331609339 0.333367586 0.335158080 0.336977214 0.338711590 0.340357751 0.342123389 0.344004989 0.345781505 0.347449332 0.349073946 0.350652128 0.352196127 0.353702933 0.355272561 0.356901944 0.358394325 0.359746754 0.361176521 0.362680793 0.364137322 0.365543246 0.366946012 0.368342876 0.369741082 0.371166885 0.372623026 0.374077678 0.375533819 0.376890481 0.378150553 0.379409373 0.380669445 0.381966263 0.383302361 0.384637147 0.385973245 0.387267649 0.388523042 0.389777184 0.391032577 0.392343760 0.393713236 0.395081341 0.396450818 0.397815198 0.399177194 0.400537848 0.401899874 0.403282970 0.404689908 0.406095445 0.407502383 0.408915102 0.410336465 0.411756396 0.413177758 0.414608598 0.416051745 0.417493433 0.418936580 0.420384914 0.421841264 0.423296154 0.424752504 0.426185578 0.427598238 0.429009497 0.430422187 0.431866825 0.433346242 0.434824198 0.436303616 0.437819481 0.439374655 0.440928280 0.442483485 0.444025338 0.445556968 0.447087079 0.448618710 0.450171351 0.451748103 0.453323275 0.454900026 0.456457227 0.457998037 0.459537327 0.461078137 0.462663233 0.464295685 0.465926528 0.467558980 0.469183385 0.470803022 0.472421020 0.474040657 0.475645393 0.477238506 0.478830010 0.480423123 0.482070565 0.483775526 0.485478818 0.487183779 0.488864720 0.490525037 0.492183685 0.493844002 0.495548427 0.497300237 0.499050289 0.500802100 0.502514184 0.504190028 0.505864263 0.507540107 0.509261429 0.511031568 0.512799919 0.514570057 0.516307354 0.518015444 0.519721866 0.521429896 0.523162246 0.524922252 0.526680529 0.528440535 0.530169904 0.531872272 0.533572912 0.535275221 0.537001014 0.538753688 0.540504575 0.542257190 0.544008911 0.545763195 0.547515750 0.549270034 0.550564110 0.551401496 0.552237988 0.553075373 0.553642631 0.553941488 0.554240108 0.554538965 0.557024479 0.561697304 0.566365421 0.571038187 0.573882103 0.574906468 0.575929821 0.576954186 0.577635944 0.577977180 0.578318000 0.578659236 0.580968142 0.585245550 0.589518666 0.593796015 0.598069131 0.602346539   
 31 0.132859662 0.135425702 0.137989178 0.140555218 0.143118694 0.145684734 0.148342833 0.151098102 0.153850615 0.156605899 0.159341529 0.162063032 0.164781824 0.167503327 0.170244828 0.173011750 0.175775915 0.178542852 0.181209162 0.183780372 0.186349005 0.188920200 0.191360474 0.193674967 0.195987150 0.198301643 0.200564519 0.202780396 0.204994053 0.207243696 0.209524795 0.211813465 0.214105129 0.216353267 0.218553379 0.220737502 0.222901255 0.225060269 0.227210209 0.229232922 0.231124341 0.233142301 0.235282749 0.237337321 0.239301890 0.241292909 0.243306398 0.245326519 0.247349247 0.249410838 0.251507163 0.253528833 0.255471796 0.257378340 0.259244651 0.261149347 0.263088673 0.265016228 0.266928196 0.268863708 0.270818919 0.272876173 0.275031447 0.277100325 0.279078752 0.281091183 0.283133686 0.285077214 0.286917925 0.288831383 0.290813774 0.292843461 0.294916362 0.296949446 0.298938662 0.300955981 0.302997470 0.304962814 0.306848168 0.308767438 0.310716808 0.312677383 0.314645261 0.316630661 0.318629593 0.320618629 0.322593719 0.324479640 0.326272547 0.328046739 0.329798639 0.331582427 0.333394527 0.335122764 0.336763680 0.338522792 0.340396643 0.342166454 0.343828678 0.345448136 0.347021550 0.348561138 0.350063771 0.351628602 0.353252441 0.354740679 0.356090307 0.357516408 0.359016150 0.360468566 0.361870795 0.363269806 0.364662826 0.366057247 0.367478758 0.368930161 0.370380104 0.371831477 0.373184144 0.374440968 0.375696540 0.376953363 0.378246337 0.379577935 0.380908251 0.382239848 0.383529902 0.384781063 0.386031002 0.387282163 0.388588279 0.389951855 0.391314089 0.392677665 0.394035876 0.395391464 0.396745712 0.398101300 0.399477482 0.400876939 0.402274996 0.403674453 0.405079305 0.406492382 0.407904029 0.409317076 0.410739154 0.412173092 0.413605571 0.415039480 0.416478157 0.417924404 0.419369221 0.420815468 0.422238201 0.423640370 0.425041139 0.426443309 0.427876711 0.429344147 0.430810124 0.432277530 0.433780611 0.435322195 0.436862230 0.438403815 0.439931720 0.441449046 0.442964822 0.444482148 0.446019769 0.447580755 0.449140161 0.450701147 0.452242255 0.453766614 0.455289423 0.456813782 0.458381444 0.459995449 0.461607844 0.463221878 0.464827329 0.466427445 0.468025982 0.469626129 0.471210927 0.472783566 0.474354625 0.475927263 0.477553099 0.479235291 0.480915785 0.482597977 0.484255672 0.485892236 0.487527162 0.489163727 0.490843296 0.492569119 0.494293213 0.496019036 0.497704804 0.499353945 0.501001418 0.502650559 0.504343927 0.506084800 0.507824004 0.509564877 0.511272550 0.512950420 0.514626682 0.516304553 0.518005669 0.519733310 0.521459222 0.523186862 0.524883389 0.526552200 0.528219402 0.529888213 0.531579375 0.533296168 0.535011292 0.536728084 0.538443089 0.540159643 0.541874528 0.543591082 0.544851363 0.545658708 0.546465218 0.547272563 0.547811866 0.548084795 0.548357427 0.548630297 0.551065385 0.555663228 0.560256422 0.564854205 0.567641735 0.568628192 0.569613636 0.570600092 0.571246803 0.571555853 0.571864545 0.572173536 0.574426949 0.578625441 0.582819700 0.587018192 0.591212451 0.595410943   
 32 0.130876765 0.133414909 0.135950521 0.138488665 0.141024262 0.143562406 0.146191895 0.148917779 0.151640937 0.154366821 0.157073975 0.159767851 0.162459031 0.165152907 0.167867079 0.170606971 0.173344120 0.176084012 0.178725213 0.181273192 0.183818638 0.186366618 0.188785911 0.191081598 0.193374991 0.195670679 0.197915822 0.200115010 0.202311993 0.204544738 0.206808761 0.209080458 0.211355299 0.213587373 0.215772241 0.217941493 0.220090792 0.222235605 0.224371627 0.226382151 0.228263155 0.230269283 0.232396543 0.234439120 0.236392930 0.238373011 0.240375414 0.242384493 0.244396269 0.246446580 0.248531342 0.250542462 0.252475888 0.254373431 0.256231338 0.258127272 0.260057479 0.261976182 0.263879597 0.265806347 0.267752618 0.269799948 0.271944225 0.274003208 0.275972813 0.277976155 0.280009270 0.281944603 0.283778310 0.285684019 0.287657917 0.289678723 0.291742325 0.293766618 0.295747548 0.297756344 0.299789041 0.301746517 0.303624809 0.305536777 0.307478517 0.309431374 0.311391473 0.313368917 0.315359861 0.317340970 0.319308281 0.321187347 0.322974384 0.324742824 0.326489210 0.328267127 0.330073118 0.331796020 0.333432406 0.335185856 0.337052822 0.338816762 0.340474129 0.342089087 0.343658417 0.345194191 0.346693307 0.348253965 0.349872977 0.351357609 0.352704912 0.354127854 0.355623633 0.357072502 0.358471513 0.359867275 0.361256957 0.362648010 0.364065707 0.365512848 0.366958559 0.368405700 0.369754761 0.371008664 0.372261316 0.373515218 0.374804676 0.376132160 0.377458364 0.378785878 0.380071908 0.381319135 0.382565081 0.383812308 0.385113686 0.386471719 0.387828380 0.389186412 0.390538812 0.391888291 0.393236428 0.394585937 0.395955473 0.397347748 0.398738652 0.400130928 0.401528209 0.402933240 0.404336900 0.405741930 0.407155544 0.408580512 0.410004050 0.411429018 0.412858307 0.414294690 0.415729642 0.417166024 0.418578684 0.419970483 0.421360910 0.422752738 0.424175054 0.425630689 0.427084833 0.428540438 0.430030912 0.431559086 0.433085710 0.434613854 0.436127961 0.437631041 0.439132631 0.440635711 0.442158401 0.443703741 0.445247501 0.446792841 0.448317885 0.449825764 0.451332122 0.452840000 0.454390198 0.455985785 0.457579762 0.459175348 0.460761845 0.462342411 0.463921428 0.465501994 0.467066735 0.468618751 0.470169216 0.471721232 0.473325282 0.474984527 0.476642102 0.478301346 0.479935586 0.481548160 0.483159095 0.484771669 0.486426115 0.488125682 0.489823550 0.491523117 0.493182182 0.494804174 0.496424526 0.498046488 0.499711484 0.501422763 0.503132343 0.504843593 0.506521106 0.508168221 0.509813726 0.511460900 0.513130128 0.514824748 0.516517699 0.518212378 0.519875228 0.521509767 0.523142636 0.524777174 0.526432872 0.528113008 0.529791474 0.531471610 0.533148944 0.534826875 0.536503136 0.538181067 0.539406240 0.540182054 0.540957093 0.541732907 0.542242587 0.542487681 0.542732537 0.542977631 0.545361340 0.549884200 0.554402471 0.558925331 0.561655581 0.562602341 0.563548148 0.564494908 0.565104663 0.565379322 0.565653741 0.565928400 0.568124831 0.572243690 0.576358438 0.580477297 0.584591985 0.588710845   
 33 0.129016906 0.131529078 0.134038731 0.136550903 0.139060557 0.141572714 0.144175559 0.146874115 0.149569958 0.152268514 0.154949188 0.157617390 0.160282925 0.162951127 0.165639967 0.168354765 0.171066850 0.173781663 0.176399618 0.178926125 0.181450114 0.183976635 0.186376557 0.188654929 0.190931022 0.193209395 0.195438251 0.197622150 0.199803859 0.202021107 0.204269484 0.206525639 0.208785072 0.211002469 0.213173419 0.215329111 0.217465281 0.219597161 0.221720517 0.223720014 0.225591645 0.227587119 0.229702413 0.231734172 0.233678311 0.235648558 0.237640977 0.239640146 0.241642103 0.243682280 0.245756641 0.247758284 0.249683246 0.251572818 0.253423244 0.255311430 0.257233560 0.259144455 0.261040241 0.262959242 0.264897645 0.266936094 0.269070566 0.271120727 0.273082554 0.275077850 0.277102619 0.279030740 0.280858338 0.282757252 0.284723699 0.286736637 0.288792014 0.290808499 0.292782128 0.294783413 0.296808392 0.298758924 0.300631136 0.302536637 0.304471701 0.306417793 0.308371037 0.310341567 0.312325388 0.314299524 0.316260040 0.318133086 0.319915026 0.321678519 0.323420137 0.325192988 0.326993585 0.328711867 0.330344439 0.332092941 0.333953857 0.335712671 0.337365866 0.338976949 0.340542793 0.342075288 0.343571454 0.345128477 0.346743286 0.348224849 0.349570155 0.350990415 0.352482766 0.353928506 0.355324775 0.356717676 0.358104408 0.359492540 0.360906869 0.362350225 0.363792121 0.365235448 0.366581321 0.367832601 0.369082600 0.370333880 0.371620119 0.372943819 0.374266207 0.375589907 0.376872182 0.378115684 0.379357964 0.380601496 0.381898403 0.383251190 0.384602606 0.385955393 0.387302279 0.388645917 0.389988214 0.391331851 0.392695040 0.394080430 0.395464420 0.396849811 0.398239762 0.399637043 0.401032954 0.402430236 0.403835624 0.405251890 0.406666726 0.408082992 0.409503073 0.410929799 0.412355065 0.413781792 0.415184528 0.416566133 0.417946368 0.419328004 0.420739412 0.422183365 0.423625857 0.425069809 0.426547825 0.428062707 0.429576069 0.431090951 0.432591379 0.434080333 0.435567826 0.437056780 0.438564628 0.440094352 0.441622555 0.443152279 0.444661319 0.446152717 0.447642624 0.449134022 0.450666785 0.452243924 0.453819513 0.455396652 0.456964135 0.458525091 0.460084498 0.461645454 0.463189989 0.464721262 0.466250986 0.467782259 0.469364434 0.471000582 0.472635061 0.474271208 0.475881815 0.477470130 0.479056865 0.480645210 0.482274294 0.483947366 0.485618740 0.487291783 0.488923848 0.490518302 0.492111146 0.493705571 0.495341837 0.497023076 0.498702645 0.500383914 0.502030790 0.503646612 0.505260825 0.506876707 0.508513510 0.510174572 0.511833966 0.513495028 0.515123665 0.516723216 0.518321097 0.519920647 0.521540165 0.523182869 0.524823904 0.526466608 0.528105497 0.529743850 0.531380594 0.533018947 0.534207940 0.534950852 0.535693049 0.536435962 0.536914468 0.537130058 0.537345409 0.537560940 0.539892435 0.544340312 0.548783720 0.553231597 0.555903792 0.556809247 0.557713747 0.558619201 0.559190154 0.559428513 0.559666574 0.559904933 0.562043130 0.566081703 0.570116282 0.574154854 0.578189373 0.582227945   
 34 0.127272010 0.129759967 0.132245436 0.134733394 0.137218848 0.139706805 0.142284840 0.144957945 0.147628352 0.150301442 0.152957484 0.155601829 0.158243522 0.160887867 0.163553163 0.166244686 0.168933526 0.171625048 0.174221456 0.176728114 0.179232255 0.181738913 0.184120953 0.186383396 0.188643560 0.190906003 0.193119884 0.195289746 0.197457433 0.199660480 0.201894492 0.204136416 0.206381753 0.208585754 0.210743979 0.212887317 0.215011492 0.217131615 0.219243452 0.221232980 0.223096222 0.225082055 0.227186501 0.229208484 0.231143937 0.233105361 0.235088810 0.237079099 0.239072233 0.241103321 0.243168324 0.245161518 0.247078925 0.248961434 0.250805259 0.252686560 0.254601598 0.256505519 0.258394629 0.260306776 0.262238234 0.264268816 0.266394496 0.268436849 0.270391762 0.272379935 0.274397373 0.276319146 0.278141439 0.280034423 0.281994343 0.284000337 0.286048442 0.288058072 0.290025264 0.292019933 0.294038147 0.295982599 0.297849476 0.299749404 0.301678598 0.303618759 0.305566043 0.307530433 0.309508026 0.311476052 0.313430548 0.315298408 0.317075908 0.318835169 0.320572674 0.322341174 0.324137121 0.325851440 0.327480733 0.329224914 0.331080556 0.332834899 0.334484488 0.336092293 0.337655127 0.339184880 0.340678453 0.342232406 0.343843520 0.345322460 0.346666187 0.348084152 0.349573523 0.351016581 0.352410465 0.353800863 0.355185032 0.356570542 0.357981890 0.359421819 0.360860288 0.362300217 0.363643199 0.364892095 0.366139710 0.367388606 0.368671894 0.369992077 0.371310949 0.372631133 0.373909920 0.375149965 0.376388758 0.377628773 0.378921449 0.380269229 0.381615669 0.382963449 0.384305030 0.385643065 0.386979789 0.388317823 0.389674872 0.391053587 0.392430931 0.393809646 0.395192504 0.396582276 0.397970647 0.399360389 0.400757760 0.402165502 0.403571844 0.404979616 0.406390697 0.407807946 0.409223765 0.410640985 0.412033975 0.413405508 0.414775670 0.416147202 0.417547822 0.418980211 0.420411199 0.421843588 0.423309267 0.424811035 0.426311284 0.427813053 0.429299891 0.430774808 0.432248235 0.433723152 0.435216218 0.436730415 0.438243091 0.439757288 0.441250324 0.442725241 0.444198698 0.445673615 0.447188944 0.448747665 0.450304806 0.451863527 0.453411937 0.454953223 0.456492960 0.458034217 0.459558517 0.461068898 0.462577760 0.464088142 0.465648264 0.467261195 0.468872488 0.470485419 0.472072184 0.473636061 0.475198358 0.476762235 0.478365749 0.480012059 0.481656700 0.483303010 0.484907806 0.486474365 0.488039374 0.489605963 0.491213083 0.492863923 0.494513124 0.496163964 0.497779757 0.499363840 0.500946343 0.502530396 0.504134357 0.505761266 0.507386565 0.509013534 0.510607302 0.512171149 0.513733506 0.515297353 0.516880035 0.518484533 0.520087481 0.521691978 0.523291647 0.524889708 0.526486099 0.528084159 0.529235899 0.529944658 0.530652702 0.531361461 0.531807423 0.531991899 0.532176197 0.532360673 0.534639239 0.539012194 0.543380797 0.547753751 0.550367177 0.551229835 0.552091599 0.552954197 0.553484738 0.553684890 0.553884804 0.554084957 0.556163728 0.560121477 0.564075232 0.568032980 0.571986794 0.575944543   
 35 0.125634134 0.128099501 0.130562410 0.133027777 0.135490686 0.137956053 0.140510961 0.143160328 0.145807043 0.148456410 0.151089519 0.153711662 0.156331182 0.158953324 0.161596715 0.164266631 0.166933864 0.169603765 0.172180191 0.174668446 0.177154213 0.179642469 0.182007983 0.184255719 0.186501220 0.188748956 0.190949067 0.193106025 0.195260823 0.197450832 0.199671686 0.201900542 0.204132944 0.206324667 0.208471268 0.210603341 0.212716594 0.214826018 0.216927394 0.218907893 0.220763534 0.222740665 0.224835321 0.226848468 0.228776127 0.230729595 0.232705012 0.234687299 0.236672521 0.238695458 0.240752056 0.242737696 0.244648367 0.246524602 0.248362631 0.250237852 0.252146572 0.254044384 0.255927563 0.257833689 0.259758949 0.261782557 0.263900459 0.265935868 0.267884701 0.269866586 0.271877557 0.273793787 0.275611460 0.277499259 0.279453427 0.281453341 0.283494979 0.285498589 0.287460178 0.289449036 0.291461259 0.293400437 0.295262665 0.297157735 0.299081832 0.301016808 0.302958846 0.304917872 0.306890011 0.308852673 0.310801923 0.312665284 0.314438969 0.316194594 0.317928582 0.319693297 0.321485221 0.323196143 0.324822694 0.326563179 0.328414172 0.330164641 0.331811100 0.333416075 0.334976405 0.336503804 0.337995291 0.339546561 0.341154486 0.342631161 0.343973607 0.345389634 0.346876383 0.348317116 0.349708915 0.351097137 0.352479041 0.353862315 0.355270982 0.356707811 0.358143181 0.359580010 0.360920340 0.362167060 0.363412529 0.364659250 0.365939796 0.367256701 0.368572295 0.369889200 0.371164709 0.372401416 0.373636901 0.374873608 0.376162231 0.377505273 0.378846943 0.380189985 0.381526470 0.382859081 0.384190381 0.385523021 0.386874139 0.388246387 0.389617294 0.390989542 0.392365515 0.393747926 0.395128965 0.396511376 0.397900909 0.399300307 0.400698304 0.402097702 0.403499961 0.404907882 0.406314373 0.407722294 0.409105629 0.410467207 0.411827415 0.413188964 0.414578885 0.415999860 0.417419404 0.418840349 0.420293808 0.421782553 0.423269808 0.424758554 0.426231891 0.427692801 0.429152280 0.430613190 0.432091534 0.433590233 0.435087442 0.436586142 0.438063234 0.439521670 0.440978646 0.442437083 0.443934977 0.445475250 0.447013974 0.448554218 0.450083584 0.451605111 0.453125149 0.454646677 0.456150591 0.457639962 0.459127843 0.460617214 0.462155193 0.463744760 0.465332747 0.466922313 0.468485117 0.470024318 0.471561968 0.473101169 0.474678904 0.476298243 0.477915972 0.479535311 0.481112570 0.482650936 0.484187782 0.485726178 0.487303883 0.488923967 0.490542442 0.492162555 0.493746907 0.495298773 0.496849149 0.498401016 0.499971569 0.501563907 0.503154635 0.504746974 0.506305397 0.507833064 0.509359181 0.510886848 0.512431979 0.513997734 0.515561938 0.517127693 0.518687487 0.520244420 0.521799803 0.523356736 0.524470389 0.525143802 0.525816560 0.526489973 0.526902020 0.527054071 0.527205944 0.527357996 0.529582918 0.533880949 0.538174748 0.542472780 0.545026779 0.545845211 0.546662867 0.547481358 0.547969937 0.548130333 0.548290551 0.548450887 0.550469160 0.554345548 0.558218062 0.562094450 0.565967023 0.569843411   
 36 0.124095574 0.126539856 0.128981680 0.131425962 0.133867785 0.136312053 0.138845354 0.141472578 0.144097179 0.146724403 0.149336100 0.151937559 0.154536411 0.157137871 0.159760892 0.162410676 0.165057793 0.167707577 0.170265436 0.172736615 0.175205350 0.177676529 0.180026740 0.182260901 0.184492841 0.186727002 0.188914403 0.191059515 0.193202466 0.195380479 0.197589204 0.199806049 0.202026591 0.204207033 0.206343025 0.208464772 0.210568041 0.212667704 0.214759529 0.216731846 0.218580678 0.220549941 0.222635657 0.224640846 0.226561457 0.228507802 0.230475977 0.232451081 0.234429181 0.236444771 0.238493830 0.240472689 0.242377385 0.244248062 0.246080950 0.247950822 0.249853924 0.251746356 0.253624290 0.255525112 0.257444948 0.259462327 0.261573255 0.263602495 0.265545994 0.267522335 0.269527555 0.271438897 0.273252606 0.275135905 0.277085036 0.279079556 0.281115532 0.283113837 0.285070479 0.287054271 0.289061189 0.290995747 0.292853981 0.294744819 0.296664476 0.298594952 0.300532401 0.302486777 0.304454088 0.306412071 0.308356702 0.310216129 0.311986566 0.313739061 0.315470040 0.317231536 0.319019943 0.320727974 0.322352201 0.324089497 0.325936377 0.327683479 0.329327285 0.330929875 0.332488030 0.334013492 0.335503191 0.337052166 0.338657290 0.340132058 0.341473460 0.342887819 0.344372332 0.345811009 0.347201020 0.348587364 0.349967241 0.351348490 0.352754742 0.354188770 0.355621338 0.357055366 0.358393312 0.359638005 0.360881448 0.362126142 0.363404155 0.364717960 0.366030484 0.367344290 0.368616641 0.369850188 0.371082515 0.372316062 0.373600811 0.374939263 0.376276344 0.377614796 0.378946364 0.380273759 0.381599814 0.382927209 0.384272546 0.385638505 0.387003124 0.388369083 0.389738292 0.391113520 0.392487347 0.393862575 0.395244420 0.396635622 0.398025423 0.399416655 0.400810242 0.402208954 0.403606266 0.405004978 0.406378776 0.407730460 0.409080774 0.410432458 0.411811739 0.413221359 0.414629579 0.416039169 0.417480499 0.418956310 0.420430660 0.421906471 0.423366368 0.424813360 0.426258892 0.427705884 0.429169565 0.430652827 0.432134598 0.433617860 0.435078979 0.436520904 0.437961400 0.439403355 0.440883785 0.442405581 0.443925858 0.445447654 0.446957886 0.448459625 0.449959844 0.451461583 0.452945054 0.454413295 0.455880046 0.457348287 0.458864003 0.460430115 0.461994678 0.463560790 0.465099454 0.466613799 0.468126655 0.469641000 0.471192777 0.472784966 0.474375576 0.475967765 0.477517217 0.479027152 0.480535567 0.482045472 0.483593464 0.485182494 0.486769944 0.488359004 0.489911586 0.491430879 0.492948681 0.494467974 0.496004760 0.497562081 0.499117821 0.500675142 0.502197683 0.503688574 0.505177975 0.506668866 0.508176029 0.509702384 0.511227250 0.512753606 0.514272928 0.515788198 0.517301917 0.518817186 0.519891798 0.520528913 0.521165371 0.521802425 0.522179484 0.522297800 0.522415996 0.522534311 0.524704933 0.528928161 0.533147097 0.537370324 0.539864242 0.540637374 0.541409731 0.542182863 0.542628229 0.542747319 0.542866230 0.542985320 0.544942081 0.548736691 0.552527487 0.556322098 0.560112953 0.563907564   
 37 0.122648813 0.125073344 0.127495453 0.129919976 0.132342070 0.134766594 0.137279689 0.139886200 0.142490104 0.145096615 0.147688329 0.150270477 0.152850032 0.155432180 0.158036172 0.160667196 0.163295567 0.165926576 0.168467134 0.170922458 0.173375309 0.175830632 0.178166628 0.180388227 0.182607606 0.184829205 0.187004849 0.189139009 0.191271037 0.193437964 0.195635512 0.197841287 0.200050890 0.202220991 0.204347208 0.206459507 0.208553642 0.210644364 0.212727472 0.214692339 0.216535002 0.218497112 0.220574722 0.222572654 0.224486947 0.226426825 0.228388473 0.230357096 0.232328787 0.234337762 0.236379981 0.238352761 0.240252122 0.242117852 0.243946239 0.245811343 0.247709468 0.249597102 0.251470476 0.253366560 0.255281597 0.257293433 0.259398103 0.261421829 0.263360649 0.265332073 0.267332196 0.269239306 0.271049559 0.272928923 0.274873614 0.276863426 0.278894335 0.280887961 0.282840282 0.284819573 0.286821842 0.288752347 0.290607125 0.292494297 0.294410050 0.296336591 0.298270047 0.300220311 0.302183390 0.304137230 0.306077808 0.307933807 0.309701502 0.311451316 0.313179761 0.314938456 0.316723794 0.318429351 0.320051640 0.321786165 0.323629409 0.325373560 0.327015102 0.328615636 0.330171973 0.331695765 0.333183974 0.334730953 0.336333662 0.337806761 0.339147329 0.340560287 0.342042744 0.343479633 0.344868064 0.346252710 0.347630799 0.349010259 0.350414336 0.351845771 0.353275776 0.354707211 0.356042922 0.357285738 0.358527333 0.359770149 0.361045748 0.362356603 0.363666207 0.364977062 0.366246432 0.367476910 0.368706137 0.369936615 0.371217638 0.372551620 0.373884290 0.375218272 0.376545072 0.377867341 0.379188299 0.380510569 0.381850302 0.383210123 0.384568572 0.385928392 0.387291014 0.388659149 0.390025914 0.391394049 0.392768323 0.394151449 0.395533174 0.396916300 0.398301303 0.399690926 0.401079148 0.402468771 0.403833091 0.405174941 0.406515449 0.407857299 0.409226030 0.410624385 0.412021309 0.413419634 0.414848894 0.416311860 0.417773336 0.419236302 0.420682847 0.422115922 0.423547596 0.424980670 0.426429689 0.427897543 0.429363906 0.430831730 0.432276905 0.433702320 0.435126305 0.436551720 0.438014656 0.439517975 0.441019803 0.442523122 0.444014221 0.445496082 0.446976453 0.448458314 0.449921280 0.451368302 0.452813894 0.454260916 0.455754250 0.457296789 0.458837777 0.460380316 0.461894721 0.463384092 0.464871943 0.466361314 0.467886925 0.469451785 0.471015096 0.472579956 0.474101424 0.475582629 0.477062345 0.478543550 0.480061531 0.481619269 0.483175427 0.484733164 0.486253649 0.487740040 0.489224970 0.490711361 0.492213994 0.493735880 0.495256245 0.496778131 0.498264402 0.499718130 0.501170397 0.502624094 0.504092753 0.505579233 0.507064223 0.508550704 0.510028958 0.511501908 0.512973428 0.514446378 0.515481293 0.516081154 0.516680360 0.517280221 0.517621279 0.517704725 0.517788053 0.517871499 0.519987345 0.524135768 0.528280020 0.532428443 0.534861863 0.535588622 0.536314607 0.537041306 0.537442207 0.537518680 0.537595093 0.537671566 0.539565921 0.543278396 0.546987116 0.550699592 0.554408312 0.558120787   
 38 0.121286497 0.123692498 0.126096100 0.128502101 0.130905703 0.133311704 0.135805830 0.138392940 0.140977442 0.143564522 0.146137506 0.148701563 0.151263043 0.153827101 0.156413287 0.159026757 0.161637604 0.164251074 0.166775465 0.169215977 0.171654031 0.174094543 0.176417306 0.178627223 0.180834919 0.183044821 0.185209572 0.187333584 0.189455479 0.191612169 0.193799376 0.195994914 0.198194414 0.200354934 0.202472165 0.204575747 0.206661478 0.208743989 0.210819080 0.212777138 0.214614198 0.216569781 0.218639970 0.220631301 0.222539842 0.224473879 0.226429582 0.228392333 0.230358228 0.232361197 0.234397262 0.236364543 0.238259137 0.240120456 0.241944790 0.243805662 0.245699361 0.247582719 0.249452010 0.251343906 0.253254652 0.255261540 0.257360578 0.259379417 0.261314034 0.263281107 0.265276700 0.267180026 0.268987328 0.270863205 0.272803992 0.274789602 0.276816040 0.278805524 0.280754030 0.282729357 0.284727514 0.286654443 0.288506269 0.290390223 0.292302549 0.294225603 0.296155542 0.298102140 0.300061524 0.302011698 0.303948700 0.305801719 0.307567000 0.309314519 0.311040759 0.312797010 0.314579755 0.316283137 0.317903817 0.319635898 0.321475953 0.323217511 0.324857026 0.326455802 0.328010589 0.329532981 0.331019908 0.332565188 0.334165663 0.335637361 0.336977243 0.338388979 0.339869648 0.341304958 0.342691958 0.344075084 0.345451534 0.346829325 0.348231375 0.349660456 0.351088047 0.352517128 0.353850722 0.355091751 0.356331527 0.357572556 0.358845860 0.360153913 0.361460656 0.362768710 0.364035189 0.365262657 0.366488904 0.367716402 0.368993729 0.370323390 0.371651739 0.372981399 0.374303520 0.375620753 0.376936704 0.378253937 0.379588127 0.380941898 0.382294297 0.383648038 0.385004163 0.386365324 0.387725115 0.389086276 0.390453070 0.391828209 0.393201947 0.394577086 0.395953566 0.397334158 0.398713380 0.400093973 0.401448905 0.402780980 0.404111683 0.405443758 0.406801999 0.408189088 0.409574777 0.410961866 0.412379116 0.413829267 0.415277958 0.416728109 0.418161333 0.419580549 0.420998335 0.422417521 0.423851937 0.425304353 0.426755339 0.428207755 0.429636955 0.431045830 0.432453305 0.433862180 0.435307622 0.436792433 0.438275784 0.439760596 0.441232502 0.442694455 0.444154948 0.445616901 0.447059244 0.448484927 0.449909180 0.451334864 0.452805728 0.454324603 0.455841988 0.457360864 0.458850890 0.460315108 0.461777836 0.463242054 0.464741379 0.466278762 0.467814595 0.469351977 0.470845252 0.472297519 0.473748356 0.475200623 0.476688385 0.478214562 0.479739219 0.481265396 0.482753545 0.484206706 0.485658437 0.487111598 0.488579780 0.490065932 0.491550565 0.493036717 0.494486332 0.495902449 0.497317135 0.498733252 0.500162959 0.501609147 0.503053904 0.504500091 0.505936801 0.507367015 0.508795738 0.510225952 0.511220515 0.511782289 0.512343526 0.512905300 0.513209403 0.513257027 0.513304532 0.513352156 0.515412748 0.519486427 0.523556054 0.527629733 0.530002177 0.530681551 0.531360269 0.532039642 0.532395065 0.532427788 0.532460511 0.532493234 0.534324527 0.537954509 0.541580796 0.545210779 0.548837066 0.552467048   
 39 0.120001525 0.122390084 0.124776267 0.127164826 0.129550993 0.131939560 0.134415865 0.136984691 0.139550954 0.142119780 0.144675151 0.147222206 0.149766713 0.152313769 0.154883251 0.157480240 0.160074636 0.162671626 0.165180862 0.167607501 0.170031711 0.172458351 0.174768746 0.176967740 0.179164544 0.181363538 0.183518112 0.185632691 0.187745139 0.189892292 0.192069858 0.194255874 0.196445987 0.198597625 0.200706497 0.202802002 0.204879969 0.206954867 0.209022582 0.210974365 0.212806314 0.214755908 0.216819257 0.218804538 0.220707819 0.222636521 0.224586815 0.226544201 0.228504807 0.230502307 0.232532710 0.234495014 0.236385256 0.238242611 0.240063339 0.241920412 0.243810102 0.245689645 0.247555271 0.249443442 0.251350343 0.253352791 0.255446702 0.257461131 0.259391993 0.261355162 0.263346672 0.265246689 0.267051339 0.268924206 0.270861477 0.272843331 0.274865776 0.276851535 0.278796643 0.280768424 0.282762945 0.284686714 0.286535889 0.288417011 0.290326297 0.292246282 0.294173062 0.296116441 0.298072517 0.300019413 0.301953286 0.303803653 0.305566788 0.307312310 0.309036672 0.310790807 0.312571168 0.314272702 0.315891981 0.317621917 0.319459110 0.321198344 0.322836131 0.324433357 0.325986773 0.327507913 0.328993767 0.330537498 0.332136035 0.333606452 0.334945768 0.336356372 0.337835431 0.339269251 0.340654999 0.342036694 0.343411624 0.344787925 0.346188068 0.347614855 0.349040210 0.350466996 0.351798624 0.353037894 0.354275942 0.355515242 0.356786281 0.358091593 0.359395623 0.360700905 0.361964524 0.363189042 0.364412338 0.365636855 0.366910607 0.368236005 0.369560093 0.370885521 0.372203052 0.373515338 0.374826312 0.376138598 0.377467304 0.378815055 0.380161464 0.381509244 0.382858902 0.384213150 0.385566056 0.386920303 0.388279676 0.389646858 0.391012669 0.392379880 0.393747926 0.395119548 0.396489769 0.397861391 0.399206966 0.400529265 0.401850224 0.403172493 0.404520243 0.405896127 0.407270640 0.408646524 0.410051793 0.411489189 0.412925124 0.414362490 0.415782422 0.417187750 0.418591678 0.419997036 0.421416789 0.422853827 0.424289405 0.425726414 0.427139640 0.428531945 0.429922849 0.431315154 0.432743043 0.434209347 0.435674161 0.437140465 0.438593119 0.440035105 0.441475660 0.442917645 0.444339335 0.445743620 0.447146475 0.448550761 0.449999064 0.451494217 0.452987850 0.454483002 0.455948532 0.457387447 0.458824903 0.460263819 0.461736739 0.463246495 0.464754730 0.466264486 0.467729449 0.469152600 0.470574319 0.471997470 0.473454833 0.474949270 0.476442218 0.477936655 0.479392201 0.480811894 0.482230186 0.483649850 0.485083342 0.486533433 0.487982094 0.489432186 0.490844876 0.492223024 0.493599802 0.494977951 0.496368378 0.497773886 0.499177992 0.500583470 0.501978338 0.503365278 0.504750907 0.506137848 0.507091463 0.507614493 0.508136988 0.508660018 0.508926511 0.508937418 0.508948326 0.508959234 0.510964155 0.514963210 0.518958211 0.522957265 0.525268376 0.525899589 0.526530206 0.527161419 0.527470350 0.527458370 0.527446389 0.527434409 0.529202044 0.532749236 0.536292911 0.539840102 0.543383777 0.546930969   
 40 0.118786938 0.121159025 0.123528741 0.125900835 0.128270537 0.130642623 0.133102089 0.135653675 0.138202697 0.140754282 0.143293023 0.145824045 0.148352534 0.150883555 0.153437272 0.156018734 0.158597618 0.161179096 0.163674042 0.166087627 0.168498799 0.170912385 0.173211128 0.175399885 0.177586436 0.179775193 0.181920230 0.184025943 0.186129555 0.188267767 0.190436333 0.192613438 0.194794744 0.196938083 0.199039176 0.201127157 0.203197867 0.205265701 0.207326517 0.209272489 0.211099699 0.213043764 0.215100750 0.217080444 0.218978867 0.220902637 0.222847939 0.224800393 0.226756096 0.228748560 0.230773762 0.232731476 0.234617785 0.236471519 0.238288969 0.240142584 0.242028654 0.243904710 0.245767027 0.247651786 0.249555215 0.251553565 0.253642827 0.255653203 0.257580698 0.259540319 0.261528134 0.263425142 0.265227497 0.267097622 0.269031733 0.271010190 0.273029000 0.275011390 0.276953459 0.278922021 0.280913234 0.282834172 0.284680963 0.286559552 0.288466156 0.290383339 0.292307317 0.294247776 0.296200842 0.298144817 0.300075769 0.301923752 0.303685069 0.305428803 0.307151467 0.308903694 0.310681999 0.312381834 0.313999891 0.315727890 0.317562461 0.319299579 0.320935816 0.322531641 0.324083835 0.325603902 0.327088743 0.328631073 0.330227822 0.331697047 0.333035886 0.334445477 0.335923016 0.337355465 0.338739991 0.340120345 0.341493815 0.342868656 0.344267011 0.345691621 0.347114772 0.348539382 0.349869043 0.351106614 0.352342963 0.353580534 0.354849368 0.356151968 0.357453287 0.358755887 0.360016674 0.361238241 0.362458587 0.363680154 0.364950329 0.366271526 0.367591381 0.368912578 0.370225549 0.371532887 0.372838944 0.374146283 0.375469565 0.376811385 0.378151834 0.379493654 0.380836904 0.382184267 0.383530289 0.384877652 0.386229634 0.387588918 0.388946831 0.390306115 0.391665757 0.393028438 0.394389749 0.395752430 0.397088647 0.398401171 0.399712354 0.401024878 0.402362168 0.403726846 0.405090153 0.406454831 0.407848150 0.409272790 0.410695970 0.412120610 0.413527220 0.414918691 0.416308761 0.417700231 0.419105381 0.420526981 0.421947151 0.423368752 0.424765974 0.426141679 0.427515984 0.428891689 0.430302024 0.431749761 0.433196068 0.434643805 0.436077207 0.437499166 0.438919693 0.440341651 0.441742599 0.443125367 0.444506764 0.445889533 0.447315216 0.448786557 0.450256407 0.451727748 0.453168690 0.454582214 0.455994308 0.457407832 0.458854169 0.460336208 0.461816758 0.463298768 0.464735240 0.466129124 0.467521608 0.468915462 0.470342278 0.471804768 0.473265797 0.474728286 0.476151079 0.477537066 0.478921682 0.480307668 0.481706172 0.483119994 0.484532416 0.485946238 0.487321705 0.488661617 0.490000218 0.491340131 0.492690980 0.494055480 0.495418608 0.496783078 0.498135686 0.499479115 0.500821173 0.502164602 0.503076851 0.503560543 0.504043758 0.504527450 0.504755616 0.504729092 0.504702568 0.504676044 0.506625056 0.510549486 0.514470041 0.518394470 0.520644009 0.521226406 0.521808207 0.522390604 0.522652447 0.522594869 0.522537291 0.522479713 0.524183095 0.527647376 0.531108201 0.534572482 0.538033247 0.541497529   
 41 0.117635980 0.119992435 0.122346535 0.124702983 0.127057076 0.129413530 0.131857008 0.134392247 0.136924922 0.139460146 0.141983137 0.144498944 0.147012249 0.149528056 0.152066827 0.154633597 0.157197788 0.159764543 0.162245989 0.164647207 0.167046025 0.169447258 0.171734989 0.173914045 0.176090911 0.178269967 0.180406004 0.182503358 0.184598610 0.186728403 0.188888445 0.191057160 0.193230167 0.195365682 0.197459430 0.199540317 0.201604217 0.203665406 0.205719739 0.207660258 0.209483042 0.211421907 0.213472947 0.215447396 0.217341289 0.219260469 0.221201092 0.223148942 0.225100115 0.227087870 0.229108229 0.231061682 0.232944310 0.234794691 0.236609131 0.238459542 0.240342274 0.242215127 0.244074374 0.245956004 0.247856244 0.249850824 0.251935750 0.253942400 0.255866736 0.257823080 0.259807527 0.261701733 0.263502002 0.265369594 0.267300844 0.269276172 0.271291614 0.273270935 0.275210202 0.277175844 0.279163957 0.281082302 0.282926977 0.284803241 0.286707342 0.288621992 0.290543377 0.292481154 0.294431448 0.296372682 0.298301011 0.300146818 0.301906407 0.303648531 0.305369645 0.307120144 0.308896482 0.310594827 0.312211752 0.313937992 0.315770090 0.317505270 0.319140047 0.320734560 0.322285652 0.323804647 0.325288594 0.326829612 0.328424633 0.329892755 0.331231058 0.332639664 0.334115773 0.335546911 0.336930245 0.338309318 0.339681357 0.341054767 0.342451334 0.343873799 0.345294833 0.346717298 0.348045021 0.349280834 0.350515425 0.351751268 0.353017896 0.354317784 0.355616391 0.356916308 0.358174264 0.359392852 0.360610247 0.361828834 0.363095403 0.364412397 0.365728050 0.367045015 0.368353397 0.369655848 0.370956987 0.372259408 0.373577267 0.374913126 0.376247644 0.377583504 0.378920346 0.380260825 0.381599993 0.382940471 0.384285063 0.385636449 0.386986494 0.388337851 0.389689088 0.391042799 0.392395169 0.393748909 0.395075768 0.396378517 0.397679925 0.398982674 0.400309473 0.401662946 0.403015047 0.404368520 0.405749857 0.407161742 0.408572197 0.409984082 0.411377400 0.412754953 0.414131165 0.415508717 0.416899234 0.418305397 0.419710159 0.421116352 0.422497541 0.423856586 0.425214291 0.426573336 0.427966058 0.429395229 0.430822939 0.432252109 0.433666199 0.435068071 0.436468571 0.437870443 0.439250588 0.440611809 0.441971660 0.443332851 0.444735825 0.446183264 0.447629273 0.449076712 0.450493008 0.451881051 0.453267694 0.454655707 0.456075430 0.457529634 0.458982378 0.460436583 0.461844444 0.463208884 0.464571953 0.465936393 0.467332482 0.468762904 0.470191926 0.471622348 0.473012209 0.474364311 0.475715101 0.477067202 0.478430569 0.479807943 0.481183946 0.482561320 0.483899355 0.485200793 0.486500949 0.487802386 0.489113420 0.490436643 0.491758525 0.493081748 0.494391829 0.495691419 0.496989697 0.498289257 0.499159694 0.499603599 0.500047028 0.500490963 0.500680208 0.500615656 0.500551164 0.500486612 0.502379417 0.506229401 0.510075569 0.513925552 0.516113162 0.516646206 0.517178655 0.517711699 0.517925739 0.517821848 0.517718136 0.517614245 0.519253016 0.522634208 0.526012003 0.529393196 0.532770991 0.536152184   
 42 0.116542108 0.118883647 0.121222846 0.123564385 0.125903577 0.128245115 0.130673364 0.133193001 0.135710105 0.138229728 0.140737697 0.143239021 0.145737827 0.148239166 0.150763690 0.153316423 0.155866608 0.158419341 0.160887882 0.163277328 0.165664375 0.168053806 0.170331046 0.172500879 0.174668521 0.176838353 0.178965792 0.181055188 0.183142483 0.185264230 0.187416196 0.189576879 0.191742018 0.193870082 0.195956841 0.198031008 0.200088412 0.202143282 0.204191476 0.206126809 0.207945377 0.209879309 0.211924702 0.213894174 0.215783775 0.217698589 0.219634786 0.221578270 0.223525137 0.225508451 0.227524221 0.229473650 0.231352806 0.233200029 0.235011622 0.236859024 0.238738596 0.240608424 0.242464796 0.244343475 0.246240690 0.248231709 0.250312537 0.252315700 0.254237115 0.256190389 0.258171618 0.260063231 0.261861533 0.263726801 0.265655309 0.267627686 0.269639999 0.271616399 0.273553014 0.275515884 0.277501166 0.279417038 0.281259716 0.283133805 0.285035551 0.286947817 0.288866758 0.290802002 0.292749673 0.294688344 0.296614170 0.298457921 0.300215900 0.301956475 0.303676158 0.305424988 0.307199478 0.308896363 0.310512215 0.312236756 0.314066529 0.315799832 0.317433208 0.319026470 0.320576459 0.322094470 0.323577493 0.325117230 0.326710552 0.328177601 0.329515368 0.330922991 0.332397610 0.333827436 0.335209548 0.336587310 0.337957919 0.339329869 0.340724647 0.342144966 0.343563855 0.344984174 0.346309930 0.347543955 0.348776758 0.350010812 0.351275176 0.352572322 0.353868186 0.355165362 0.356420428 0.357636005 0.358850390 0.360065967 0.361328900 0.362641633 0.363953084 0.365265816 0.366569608 0.367867082 0.369163275 0.370460749 0.371773124 0.373103023 0.374431580 0.375761479 0.377091885 0.378425479 0.379757732 0.381091326 0.382428527 0.383771986 0.385114104 0.386457562 0.387800336 0.389145106 0.390488505 0.391833276 0.393150747 0.394443661 0.395735294 0.397028208 0.398344487 0.399686724 0.401027620 0.402369857 0.403739214 0.405138314 0.406536013 0.407935113 0.409315079 0.410678744 0.412041038 0.413404703 0.414780527 0.416171253 0.417560577 0.418951273 0.420316428 0.421658784 0.422999769 0.424342126 0.425717235 0.427127779 0.428536892 0.429947436 0.431342185 0.432723939 0.434104323 0.435486078 0.436845362 0.438184947 0.439523190 0.440862775 0.442242980 0.443666488 0.445088565 0.446512073 0.447903633 0.449266106 0.450627178 0.451989651 0.453382641 0.454808950 0.456233829 0.457660139 0.459039301 0.460374206 0.461707771 0.463042676 0.464407921 0.465806186 0.467203081 0.468601346 0.469958127 0.471276224 0.472593009 0.473911107 0.475239217 0.476579964 0.477919400 0.479260147 0.480560571 0.481823385 0.483084917 0.484347701 0.485618711 0.486900479 0.488180965 0.489462733 0.490730077 0.491985589 0.493239850 0.494495362 0.495323718 0.495727420 0.496130735 0.496534437 0.496684402 0.496581376 0.496478438 0.496375412 0.498211801 0.501987398 0.505759180 0.509534776 0.511660457 0.512143672 0.512626410 0.513109624 0.513275445 0.513124764 0.512974203 0.512823522 0.514397383 0.517695427 0.520990133 0.524288177 0.527582884 0.530880928   
 43 0.115498938 0.117826179 0.120151088 0.122478321 0.124803230 0.127130464 0.129544094 0.132048771 0.134550944 0.137055606 0.139549151 0.142036572 0.144521490 0.147008911 0.149519771 0.152059048 0.154595792 0.157135069 0.159591258 0.161969379 0.164345115 0.166723236 0.168990389 0.171151340 0.173310116 0.175471053 0.177590236 0.179671973 0.181751624 0.183865651 0.186009809 0.188162819 0.190320343 0.192441255 0.194521308 0.196588978 0.198640138 0.200688913 0.202731192 0.204661533 0.206476063 0.208405226 0.210445195 0.212409869 0.214295343 0.216205955 0.218137905 0.220077172 0.222019911 0.223998919 0.226010278 0.227955803 0.229831636 0.231675804 0.233484656 0.235329166 0.237205669 0.239072591 0.240926191 0.242802024 0.244696319 0.246683910 0.248760834 0.250760585 0.252679169 0.254629493 0.256607622 0.258496761 0.260293126 0.262156129 0.264082044 0.266051590 0.268060833 0.270034432 0.271968514 0.273928732 0.275911182 0.277824700 0.279665470 0.281537443 0.283436894 0.285346836 0.287263423 0.289196223 0.291141331 0.293077528 0.295000911 0.296842635 0.298599064 0.300338119 0.302056372 0.303803563 0.305576265 0.307271689 0.308886439 0.310609311 0.312436759 0.314168215 0.315800190 0.317392170 0.318941057 0.320458025 0.321940064 0.323478460 0.325070143 0.326536030 0.327873200 0.329279780 0.330752909 0.332181334 0.333562225 0.334938586 0.336307675 0.337678134 0.339071065 0.340489179 0.341905892 0.343324006 0.344647735 0.345879912 0.347110838 0.348342985 0.349605024 0.350899369 0.352192461 0.353486836 0.354738951 0.355951428 0.357162714 0.358375192 0.359634429 0.360942870 0.362250000 0.363558441 0.364857584 0.366150051 0.367441207 0.368733674 0.370040536 0.371364415 0.372686982 0.374010831 0.375334769 0.376661420 0.377986729 0.379313380 0.380643129 0.381978631 0.383312792 0.384648293 0.385982603 0.387318343 0.388652772 0.389988512 0.391296566 0.392579585 0.393861353 0.395144373 0.396450102 0.397781074 0.399110705 0.400441647 0.401798964 0.403185278 0.404570192 0.405956477 0.407323092 0.408672810 0.410021156 0.411370844 0.412731946 0.414107174 0.415481001 0.416856229 0.418205261 0.419530869 0.420855165 0.422180772 0.423538208 0.424930096 0.426320583 0.427712470 0.429087818 0.430449396 0.431809634 0.433171213 0.434509605 0.435827494 0.437144071 0.438461959 0.439819336 0.441218853 0.442616999 0.444016516 0.445383281 0.446720093 0.448055565 0.449392378 0.450758606 0.452156961 0.453553885 0.454952240 0.456302643 0.457607955 0.458911955 0.460217237 0.461551607 0.462917626 0.464282274 0.465648293 0.466971934 0.468255907 0.469538629 0.470822603 0.472115338 0.473419368 0.474722087 0.476026118 0.477288842 0.478512853 0.479735643 0.480959654 0.482190549 0.483430713 0.484669626 0.485909790 0.487134278 0.488345593 0.489555657 0.490766972 0.491553009 0.491916269 0.492279142 0.492642403 0.492752731 0.492610842 0.492469132 0.492327243 0.494107127 0.497808486 0.501506150 0.505207479 0.507270992 0.507704079 0.508136749 0.508569837 0.508687019 0.508489132 0.508291423 0.508093536 0.509602189 0.512817025 0.516028702 0.519243538 0.522455156 0.525669992   
 44 0.114500321 0.116813757 0.119124882 0.121438310 0.123749427 0.126062870 0.128462374 0.130952626 0.133440360 0.135930598 0.138410211 0.140884206 0.143355712 0.145829692 0.148327351 0.150853619 0.153377369 0.155903637 0.158347845 0.160715014 0.163079813 0.165446982 0.167704359 0.169856668 0.172006831 0.174159154 0.176270306 0.178344592 0.180416808 0.182523310 0.184659898 0.186805412 0.188955560 0.191069499 0.193142995 0.195204332 0.197249427 0.199292257 0.201328769 0.203254208 0.205064759 0.206989273 0.209023923 0.210983902 0.212865323 0.214771807 0.216699570 0.218634725 0.220573381 0.222548202 0.224555224 0.226496950 0.228369474 0.230210647 0.232016742 0.233858392 0.235731885 0.237595931 0.239446774 0.241319790 0.243211225 0.245195448 0.247268498 0.249264926 0.251180708 0.253128111 0.255103171 0.256989837 0.258784294 0.260645032 0.262568355 0.264535099 0.266541302 0.268512160 0.270443678 0.272401243 0.274380952 0.276292086 0.278130889 0.280000746 0.281897932 0.283805549 0.285719752 0.287650079 0.289592683 0.291526377 0.293447345 0.295287043 0.297041863 0.298779368 0.300496131 0.302241653 0.304012507 0.305706412 0.307320058 0.309041142 0.310866296 0.312595844 0.314226329 0.315816998 0.317364663 0.318880498 0.320361555 0.321898550 0.323488414 0.324953079 0.326289564 0.327694982 0.329166561 0.330593526 0.331973016 0.333347917 0.334715396 0.336084247 0.337475240 0.338891059 0.340305477 0.341721326 0.343042910 0.344273090 0.345502019 0.346732199 0.347991794 0.349283248 0.350573421 0.351864874 0.353113949 0.354323208 0.355531275 0.356740534 0.357995987 0.359300047 0.360602796 0.361906856 0.363201261 0.364488631 0.365774691 0.367062032 0.368363321 0.369681090 0.370997548 0.372315347 0.373632729 0.374952346 0.376270652 0.377590299 0.378912508 0.380239964 0.381566107 0.382893562 0.384219319 0.385545999 0.386871338 0.388198018 0.389496565 0.390769690 0.392041504 0.393314630 0.394609720 0.395929337 0.397247612 0.398567230 0.399912477 0.401285917 0.402657986 0.404031426 0.405384600 0.406720310 0.408054650 0.409390360 0.410736710 0.412096381 0.413454682 0.414814353 0.416147262 0.417456090 0.418763608 0.420072436 0.421412140 0.422785312 0.424157143 0.425530314 0.426886231 0.428227603 0.429567635 0.430909008 0.432226449 0.433522582 0.434817433 0.436113596 0.437448114 0.438823611 0.440197706 0.441573203 0.442915142 0.444226265 0.445536107 0.446847230 0.448186636 0.449556977 0.450925946 0.452296287 0.453617901 0.454893529 0.456167877 0.457443506 0.458746910 0.460080653 0.461413026 0.462746769 0.464037180 0.465287000 0.466535568 0.467785388 0.469042659 0.470309883 0.471575856 0.472843111 0.474068046 0.475253195 0.476437181 0.477622330 0.478812993 0.480011493 0.481208801 0.482407302 0.483588845 0.484755814 0.485921621 0.487088621 0.487832218 0.488154829 0.488477111 0.488799691 0.488870203 0.488689244 0.488508493 0.488327533 0.490050852 0.493678063 0.497301638 0.500928879 0.502930224 0.503313005 0.503695369 0.504078150 0.504146516 0.503901124 0.503655970 0.503410578 0.504854023 0.507985711 0.511114299 0.514245987 0.517374575 0.520506263   
 45 0.113540255 0.115840271 0.118138000 0.120438017 0.122735739 0.125035763 0.127421573 0.129897773 0.132371500 0.134847701 0.137313768 0.139774680 0.142233118 0.144694030 0.147178829 0.149692431 0.152203515 0.154717118 0.157149658 0.159506112 0.161860228 0.164216697 0.166464493 0.168608353 0.170750067 0.172893927 0.174997196 0.177064151 0.179129034 0.181228146 0.183357283 0.185495436 0.187638327 0.189745396 0.191812426 0.193867519 0.195906594 0.197943553 0.199974343 0.201894939 0.203701481 0.205621377 0.207650766 0.209606081 0.211483419 0.213385791 0.215309367 0.217240393 0.219174981 0.221145600 0.223148286 0.225086182 0.226955414 0.228793532 0.230596855 0.232435584 0.234306037 0.236167148 0.238015205 0.239885360 0.241773874 0.243754700 0.245823860 0.247816920 0.249729872 0.251674294 0.253646284 0.255530417 0.257322848 0.259181261 0.261101931 0.263065785 0.265068978 0.267036974 0.268965930 0.270920783 0.272897661 0.274806380 0.276643157 0.278510809 0.280405670 0.282310873 0.284222662 0.286150455 0.288090467 0.290021598 0.291940033 0.293777615 0.295530707 0.297266543 0.298981726 0.300725490 0.302494377 0.304186702 0.305799097 0.307518363 0.309341043 0.311068594 0.312697500 0.314286709 0.315833002 0.317347616 0.318827450 0.320362926 0.321950972 0.323414236 0.324749857 0.326153994 0.327623844 0.329049200 0.330427229 0.331800461 0.333166242 0.334533334 0.335922241 0.337335676 0.338747680 0.340161085 0.341480404 0.342708439 0.343935251 0.345163286 0.346420288 0.347708702 0.348995835 0.350284249 0.351530135 0.352736056 0.353940785 0.355146706 0.356398225 0.357697785 0.358996034 0.360295594 0.361585140 0.362867266 0.364148110 0.365430236 0.366725832 0.368037403 0.369347662 0.370659232 0.371969968 0.373282492 0.374593675 0.375906199 0.377220809 0.378540128 0.379858136 0.381177485 0.382494599 0.383812129 0.385128319 0.386445820 0.387734801 0.388997883 0.390259683 0.391522765 0.392807156 0.394115359 0.395422250 0.396730453 0.398063540 0.399424076 0.400783241 0.402143776 0.403483480 0.404805094 0.406125396 0.407447010 0.408778548 0.410122633 0.411465347 0.412809432 0.414126128 0.415418118 0.416708797 0.418000787 0.419322729 0.420677155 0.422030240 0.423384666 0.424721092 0.426042229 0.427362025 0.428683162 0.429979563 0.431253940 0.432527035 0.433801413 0.435113043 0.436464489 0.437814564 0.439165980 0.440483063 0.441768467 0.443052590 0.444338024 0.445650578 0.446992874 0.448333859 0.449676156 0.450968951 0.452214897 0.453459591 0.454705536 0.455977976 0.457279354 0.458579451 0.459880859 0.461138040 0.462353647 0.463568062 0.464783669 0.466005474 0.467235923 0.468465120 0.469695568 0.470882684 0.472028971 0.473174095 0.474320352 0.475470752 0.476627558 0.477783203 0.478940010 0.480078578 0.481201202 0.482322723 0.483445376 0.484146506 0.484428376 0.484709948 0.484991819 0.485022396 0.484802246 0.484582305 0.484362155 0.486028910 0.489582151 0.493131846 0.496685088 0.498624325 0.498956710 0.499288738 0.499621123 0.499640465 0.499347478 0.499054790 0.498761803 0.500139892 0.503188550 0.506234169 0.509282827 0.512328446 0.515377104   
 46 0.112612970 0.114899859 0.117184475 0.119471371 0.121755973 0.124042869 0.126415268 0.128877729 0.131337732 0.133800209 0.136253014 0.138701096 0.141146719 0.143594801 0.146066964 0.148568109 0.151066765 0.153567910 0.155988961 0.158334881 0.160678446 0.163024366 0.165262714 0.167398185 0.169531524 0.171667010 0.173762441 0.175822109 0.177879706 0.179971457 0.182093173 0.184223995 0.186359644 0.188459858 0.190520436 0.192569286 0.194602311 0.196633384 0.198658437 0.200574115 0.202376604 0.204291806 0.206315860 0.208266452 0.210139662 0.212037832 0.213957161 0.215883985 0.217814431 0.219780773 0.221779078 0.223713055 0.225578859 0.227413818 0.229214266 0.231049970 0.232917264 0.234775335 0.236620471 0.238487646 0.240373135 0.242350444 0.244415656 0.246405244 0.248315245 0.250256568 0.252225339 0.254106790 0.255897105 0.257753074 0.259670913 0.261631817 0.263631821 0.265596867 0.267523110 0.269475132 0.271449059 0.273355246 0.275189787 0.277055115 0.278947473 0.280850142 0.282759339 0.284684479 0.286621749 0.288550168 0.290465951 0.292301267 0.294052482 0.295786530 0.297499925 0.299241751 0.301008552 0.302699089 0.304310024 0.306027293 0.307847410 0.309572786 0.311199963 0.312787503 0.314332336 0.315845490 0.317323953 0.318857729 0.320443720 0.321905434 0.323240012 0.324642658 0.326110631 0.327534199 0.328910559 0.330282003 0.331645846 0.333011031 0.334397674 0.335808516 0.337217927 0.338628769 0.339945644 0.341171384 0.342395872 0.343621612 0.344875842 0.346161067 0.347444981 0.348730206 0.349972725 0.351175129 0.352376342 0.353578746 0.354826212 0.356121123 0.357414722 0.358709633 0.359994173 0.361270934 0.362546444 0.363823205 0.365112931 0.366418183 0.367722124 0.369027376 0.370331347 0.371636629 0.372940570 0.374245852 0.375552714 0.376863807 0.378173590 0.379484683 0.380793065 0.382101297 0.383408248 0.384716481 0.385995775 0.387248725 0.388500422 0.389753371 0.391026944 0.392323643 0.393619031 0.394915730 0.396236569 0.397584110 0.398930311 0.400277853 0.401604027 0.402911484 0.404217660 0.405525118 0.406841755 0.408170164 0.409497261 0.410825670 0.412126094 0.413401186 0.414674997 0.415950090 0.417254180 0.418589830 0.419924140 0.421259791 0.422576666 0.423877507 0.425177038 0.426477879 0.427753270 0.429005831 0.430257142 0.431509703 0.432798386 0.434125751 0.435451776 0.436779112 0.438071311 0.439330995 0.440589428 0.441849113 0.443134844 0.444449097 0.445762068 0.447076321 0.448340267 0.449556530 0.450771540 0.451987803 0.453229249 0.454498321 0.455766141 0.457035244 0.458259225 0.459440619 0.460620880 0.461802274 0.462988615 0.464182258 0.465374708 0.466568351 0.467717677 0.468825102 0.469931424 0.471038848 0.472149014 0.473264128 0.474378139 0.475493282 0.476588905 0.477667242 0.478744537 0.479822874 0.480481565 0.480722696 0.480963588 0.481204718 0.481195360 0.480935991 0.480676889 0.480417520 0.482027799 0.485507220 0.488983154 0.492462575 0.494339794 0.494621783 0.494903475 0.495185465 0.495155901 0.494815290 0.494475007 0.494134396 0.495447308 0.498413056 0.501375854 0.504341602 0.507304430 0.510270178   
 47 0.111712873 0.113986827 0.116258517 0.118532471 0.120804153 0.123078108 0.125437260 0.127886191 0.130332649 0.132781565 0.135221258 0.137656659 0.140089616 0.142525017 0.144984692 0.147473514 0.149959862 0.152448684 0.154858336 0.157193750 0.159526825 0.161862239 0.164091155 0.166218236 0.168343186 0.170470268 0.172557846 0.174610168 0.176660433 0.178744778 0.180859029 0.182982460 0.185110807 0.187204108 0.189258128 0.191300645 0.193327546 0.195352629 0.197371840 0.199282497 0.201080769 0.202991143 0.205009788 0.206955507 0.208824426 0.210718244 0.212633193 0.214555666 0.216481805 0.218443722 0.220437482 0.222367391 0.224229604 0.226061225 0.227858618 0.229691103 0.231555045 0.233409896 0.235251963 0.237115979 0.238998219 0.240971863 0.243032932 0.245018885 0.246925727 0.248863786 0.250829160 0.252707750 0.254495710 0.256349027 0.258263886 0.260221630 0.262218237 0.264180154 0.266103476 0.268052459 0.270023227 0.271926612 0.273758799 0.275621563 0.277511239 0.279411167 0.281317562 0.283239841 0.285174131 0.287099659 0.289012581 0.290845424 0.292594522 0.294326544 0.296037942 0.297777623 0.299542099 0.301230639 0.302839905 0.304554939 0.306372315 0.308095306 0.309720486 0.311306179 0.312849253 0.314360738 0.315837651 0.317369491 0.318953216 0.320413172 0.321746409 0.323147386 0.324613273 0.326034844 0.327409267 0.328778684 0.330140382 0.331503451 0.332887620 0.334295690 0.335702330 0.337110370 0.338424593 0.339647800 0.340869814 0.342093021 0.343344301 0.344626129 0.345906675 0.347188503 0.348427474 0.349626184 0.350823671 0.352022380 0.353265584 0.354555666 0.355844438 0.357134521 0.358413905 0.359685153 0.360955119 0.362226367 0.363510102 0.364808857 0.366106331 0.367405087 0.368702114 0.369999975 0.371296555 0.372594446 0.373893440 0.375196159 0.376497567 0.377800286 0.379099786 0.380398631 0.381696194 0.382995039 0.384264529 0.385507256 0.386748701 0.387991428 0.389254063 0.390539169 0.391822964 0.393108040 0.394416541 0.395750999 0.397084117 0.398418546 0.399731070 0.401024312 0.402316242 0.403609484 0.404911160 0.406223863 0.407535225 0.408847928 0.410132021 0.411390156 0.412647009 0.413905144 0.415191352 0.416508168 0.417823642 0.419140458 0.420437783 0.421718299 0.422997504 0.424278021 0.425532341 0.426763058 0.427992553 0.429223269 0.430489033 0.431792289 0.433094233 0.434397489 0.435664773 0.436898708 0.438131422 0.439365357 0.440624237 0.441910475 0.443195432 0.444481701 0.445716798 0.446903378 0.448088765 0.449275345 0.450485855 0.451722652 0.452958226 0.454195023 0.455385834 0.456533104 0.457679242 0.458826512 0.459977448 0.461134344 0.462290108 0.463447005 0.464558601 0.465627223 0.466694772 0.467763394 0.468833417 0.469906956 0.470979452 0.472052991 0.473105758 0.474139899 0.475173026 0.476207167 0.476823449 0.477023959 0.477224261 0.477424771 0.477375567 0.477077097 0.476778924 0.476480454 0.478034377 0.481440127 0.484842479 0.488248229 0.490063578 0.490295321 0.490526825 0.490758568 0.490680158 0.490292072 0.489904344 0.489516258 0.490764141 0.493647218 0.496527404 0.499410480 0.502290666 0.505173743   
 48 0.110834569 0.113095671 0.115354523 0.117615633 0.119874477 0.122135587 0.124481604 0.126917049 0.129350066 0.131785512 0.134212166 0.136634931 0.139055267 0.141478017 0.143925235 0.146401748 0.148875773 0.151352286 0.153750509 0.156075388 0.158397943 0.160722822 0.162942231 0.165060833 0.167177305 0.169295907 0.171375513 0.173420355 0.175463140 0.177539945 0.179646611 0.181762516 0.183883429 0.185969651 0.188016996 0.190053001 0.192073628 0.194092542 0.196105704 0.198011130 0.199805006 0.201710343 0.203723371 0.205664024 0.207528427 0.209417686 0.211328030 0.213245928 0.215167552 0.217124820 0.219113827 0.221039429 0.222897813 0.224725857 0.226519927 0.228348970 0.230209336 0.232060730 0.233899429 0.235760033 0.237638816 0.239608526 0.241665214 0.243647262 0.245550692 0.247485206 0.249446973 0.251322418 0.253107786 0.254958153 0.256869793 0.258824050 0.260817051 0.262775570 0.264695644 0.266641349 0.268608719 0.270509064 0.272338569 0.274198502 0.276085228 0.277982146 0.279885471 0.281804621 0.283735693 0.285658062 0.287567794 0.289397895 0.291144639 0.292874336 0.294583470 0.296320736 0.298082590 0.299768865 0.301376194 0.303088725 0.304903030 0.306623369 0.308246315 0.309829861 0.311370939 0.312880486 0.314355522 0.315885186 0.317466378 0.318924308 0.320256025 0.321655035 0.323118567 0.324537873 0.325910121 0.327277273 0.328636587 0.329997241 0.331378728 0.332783759 0.334187388 0.335592419 0.336903751 0.338124216 0.339343429 0.340563893 0.341812015 0.343090206 0.344367117 0.345645308 0.346880525 0.348075330 0.349268943 0.350463748 0.351702452 0.352987498 0.354271263 0.355556309 0.356830299 0.358095825 0.359360099 0.360625625 0.361903191 0.363195270 0.364486068 0.365778178 0.367068082 0.368358403 0.369647443 0.370937765 0.372228742 0.373522907 0.374815822 0.376109987 0.377400458 0.378689766 0.379977793 0.381267101 0.382526636 0.383758962 0.384990066 0.386222392 0.387474000 0.388747364 0.390019447 0.391292781 0.392588854 0.393910140 0.395230085 0.396551341 0.397850126 0.399129033 0.400406659 0.401685566 0.402972192 0.404269069 0.405564666 0.406861544 0.408129215 0.409370333 0.410610169 0.411851287 0.413119555 0.414417475 0.415714085 0.417012006 0.418289721 0.419549853 0.420808733 0.422068864 0.423302084 0.424510956 0.425718606 0.426927447 0.428170264 0.429449409 0.430727303 0.432006449 0.433248878 0.434457093 0.435664088 0.436872303 0.438104331 0.439362586 0.440619558 0.441877812 0.443084151 0.444241107 0.445396900 0.446553856 0.447733432 0.448938012 0.450141400 0.451345980 0.452503651 0.453616858 0.454728961 0.455842167 0.456957787 0.458078057 0.459197223 0.460317492 0.461391509 0.462421447 0.463450342 0.464480281 0.465510279 0.466542363 0.467573434 0.468605518 0.469615579 0.470605671 0.471594751 0.472584844 0.473158926 0.473318964 0.473478854 0.473638892 0.473550081 0.473212689 0.472875625 0.472538233 0.474036038 0.477368325 0.480697274 0.484029561 0.485783249 0.485964954 0.486146510 0.486328214 0.486201257 0.485765934 0.485331059 0.484895736 0.486078829 0.488879472 0.491677314 0.494477957 0.497275800 0.500076473   
 49 0.109972835 0.112221092 0.114467107 0.116715364 0.118961379 0.121209636 0.123542495 0.125964463 0.128384009 0.130805969 0.133219555 0.135629624 0.138037264 0.140447333 0.142882004 0.145346120 0.147807762 0.150271878 0.152658582 0.154972792 0.157284692 0.159598902 0.161808655 0.163918585 0.166026399 0.168136328 0.170207769 0.172244951 0.174280092 0.176349148 0.178447992 0.180556163 0.182669431 0.184748352 0.186788768 0.188818038 0.190832108 0.192844614 0.194851503 0.196751446 0.198540613 0.200440660 0.202447802 0.204383105 0.206242740 0.208127156 0.210032597 0.211945638 0.213862464 0.215814799 0.217798725 0.219719738 0.221573994 0.223398149 0.225188598 0.227013871 0.228870362 0.230717972 0.232553020 0.234409899 0.236284882 0.238250345 0.240302369 0.242280200 0.244179890 0.246110559 0.248068333 0.249940306 0.251722753 0.253569841 0.255477935 0.257428437 0.259417474 0.261372238 0.263288796 0.265230864 0.267194480 0.269091457 0.270917952 0.272774756 0.274658144 0.276551723 0.278451651 0.280367315 0.282294840 0.284213692 0.286119968 0.287946969 0.289691031 0.291418046 0.293124646 0.294859111 0.296618044 0.298301697 0.299906790 0.301616490 0.303427398 0.305144757 0.306765139 0.308346242 0.309884995 0.311392307 0.312865168 0.314392328 0.315970689 0.317426264 0.318756163 0.320152938 0.321613759 0.323030531 0.324400336 0.325764924 0.327121556 0.328479558 0.329858065 0.331259787 0.332660079 0.334061801 0.335369974 0.336587429 0.337803662 0.339021116 0.340265781 0.341540098 0.342813164 0.344087481 0.345318705 0.346509367 0.347698808 0.348889470 0.350123495 0.351403266 0.352681786 0.353961557 0.355229974 0.356489569 0.357747912 0.359007508 0.360278636 0.361563861 0.362847805 0.364133030 0.365415633 0.366698205 0.367979497 0.369262069 0.370544821 0.371830285 0.373114467 0.374399960 0.375681221 0.376960844 0.378239155 0.379518777 0.380768210 0.381990016 0.383210599 0.384432405 0.385672867 0.386934370 0.388194591 0.389456093 0.390739590 0.392047524 0.393354148 0.394662082 0.395947009 0.397211492 0.398474723 0.399739206 0.401010662 0.402291656 0.403571337 0.404852331 0.406103551 0.407327563 0.408550352 0.409774363 0.411024630 0.412303597 0.413581282 0.414860249 0.416118324 0.417358071 0.418596566 0.419836283 0.421048403 0.422235399 0.423421174 0.424608171 0.425827980 0.427083045 0.428336859 0.429591924 0.430809468 0.431991994 0.433173329 0.434355855 0.435561091 0.436791360 0.438020438 0.439250708 0.440428317 0.441555709 0.442681938 0.443809330 0.444958091 0.446130544 0.447301835 0.448474288 0.449598968 0.450678200 0.451756418 0.452835649 0.453916103 0.454999864 0.456082553 0.457166314 0.458202809 0.459194243 0.460184693 0.461176127 0.462166250 0.463157088 0.464146912 0.465137720 0.466105253 0.467051506 0.467996806 0.468943059 0.469475180 0.469595045 0.469714791 0.469834656 0.469706476 0.469330460 0.468954831 0.468578815 0.470020682 0.473279715 0.476535469 0.479794472 0.481486738 0.481618792 0.481750697 0.481882751 0.481707543 0.481225371 0.480743676 0.480261505 0.481380165 0.484098703 0.486814529 0.489533067 0.492248863 0.494967401   
 50 0.109122671 0.111357994 0.113591082 0.115826398 0.118059479 0.120294802 0.122614406 0.125022784 0.127428740 0.129837096 0.132237494 0.134634718 0.137029529 0.139426768 0.141848743 0.144300267 0.146749347 0.149200886 0.151575878 0.153879195 0.156180218 0.158483550 0.160683408 0.162784427 0.164883330 0.166984349 0.169047356 0.171076581 0.173103780 0.175164804 0.177255571 0.179355711 0.181461021 0.183532342 0.185565516 0.187587738 0.189594954 0.191600725 0.193601012 0.195495129 0.197279289 0.199173704 0.201174617 0.203104243 0.204958752 0.206837982 0.208738163 0.210646003 0.212557659 0.214504704 0.216483220 0.218399286 0.220249027 0.222068965 0.223855406 0.225676566 0.227528766 0.229372233 0.231203243 0.233056024 0.234926835 0.236887679 0.238934621 0.240907863 0.242803425 0.244729862 0.246683270 0.248551413 0.250330538 0.252174020 0.254078090 0.256024450 0.258009136 0.259959757 0.261872411 0.263810426 0.265769958 0.267663151 0.269486248 0.271339506 0.273219198 0.275109023 0.277005166 0.278916955 0.280840546 0.282755464 0.284657896 0.286481410 0.288222343 0.289946347 0.291649967 0.293381304 0.295136929 0.296817631 0.298420072 0.300126582 0.301933736 0.303647757 0.305265158 0.306843460 0.308379531 0.309884220 0.311354607 0.312878877 0.314454079 0.315906972 0.317234665 0.318628848 0.320086718 0.321500570 0.322867632 0.324229330 0.325582981 0.326937973 0.328313172 0.329711288 0.331107974 0.332506090 0.333810806 0.335024953 0.336237878 0.337452024 0.338692963 0.339963138 0.341232061 0.342502236 0.343729168 0.344915420 0.346100450 0.347286701 0.348515779 0.349790037 0.351063043 0.352337331 0.353599906 0.354853332 0.356105506 0.357358932 0.358623445 0.359901577 0.361178398 0.362456530 0.363731593 0.365006208 0.366279542 0.367554158 0.368828475 0.370105058 0.371380359 0.372656912 0.373928785 0.375198513 0.376466960 0.377736688 0.378975838 0.380186975 0.381396890 0.382608026 0.383837134 0.385086656 0.386334896 0.387584388 0.388855159 0.390149653 0.391442835 0.392737329 0.394008279 0.395258218 0.396506935 0.397756875 0.399013102 0.400278091 0.401541829 0.402806818 0.404041469 0.405248314 0.406453937 0.407660782 0.408892989 0.410152942 0.411411673 0.412671626 0.413910031 0.415129334 0.416347414 0.417566717 0.418757707 0.419922799 0.421086758 0.422251850 0.423448712 0.424679697 0.425909460 0.427140445 0.428333133 0.429490000 0.430645674 0.431802541 0.432981014 0.434183389 0.435384572 0.436586976 0.437735915 0.438833833 0.439930648 0.441028565 0.442146629 0.443287045 0.444426328 0.445566744 0.446658552 0.447703987 0.448748380 0.449793845 0.450839221 0.451886684 0.452933073 0.453980505 0.454979748 0.455932856 0.456885010 0.457838118 0.458788633 0.459738404 0.460687250 0.461637020 0.462562293 0.463464975 0.464366734 0.465269387 0.465759844 0.465839863 0.465919793 0.465999812 0.465832651 0.465418428 0.465004623 0.464590400 0.465976715 0.469162673 0.472345442 0.475531399 0.477162600 0.477245390 0.477328122 0.477410913 0.477187961 0.476659417 0.476131409 0.475602895 0.476657540 0.479294330 0.481928498 0.484565288 0.487199426 0.489836216   
 51 0.108279265 0.110501468 0.112721458 0.114943653 0.117163636 0.119385839 0.121692002 0.124086574 0.126478747 0.128873318 0.131260276 0.133644417 0.136026174 0.138410330 0.140819356 0.143258035 0.145694286 0.148132980 0.150495961 0.152788103 0.155077949 0.157370090 0.159559742 0.161651507 0.163741186 0.165832952 0.167887211 0.169908136 0.171927035 0.173979685 0.176062003 0.178153738 0.180250749 0.182314098 0.184339643 0.186354443 0.188354418 0.190353066 0.192346364 0.194234267 0.196013018 0.197901413 0.199895695 0.201819241 0.203668222 0.205541849 0.207436368 0.209338591 0.211244658 0.213185981 0.215158671 0.217069343 0.218914166 0.220729426 0.222511470 0.224328056 0.226175576 0.228014439 0.229841009 0.231689245 0.233555466 0.235511243 0.237552658 0.239520848 0.241411865 0.243333608 0.245282218 0.247146070 0.248921424 0.250760794 0.252660483 0.254602224 0.256582111 0.258528143 0.260436416 0.262369961 0.264324874 0.266213864 0.268033087 0.269882351 0.271757931 0.273643553 0.275535464 0.277442932 0.279362082 0.281272650 0.283170760 0.284990370 0.286727786 0.288448334 0.290148556 0.291876316 0.293628216 0.295305520 0.296904862 0.298607767 0.300410748 0.302120984 0.303735048 0.305310130 0.306843102 0.308344841 0.309812278 0.311333328 0.312904954 0.314354777 0.315679938 0.317071170 0.318525642 0.319936275 0.321300179 0.322658658 0.324008971 0.325360626 0.326732188 0.328126311 0.329519063 0.330913186 0.332214117 0.333424658 0.334633976 0.335844517 0.337081432 0.338347167 0.339611620 0.340877324 0.342099696 0.343281269 0.344461620 0.345643193 0.346867025 0.348135501 0.349402726 0.350671202 0.351927668 0.353174657 0.354420424 0.355667412 0.356925040 0.358195812 0.359465301 0.360736072 0.362003386 0.363269836 0.364535004 0.365801424 0.367067099 0.368334532 0.369600683 0.370868117 0.372130394 0.373390049 0.374648452 0.375908107 0.377136797 0.378337085 0.379536152 0.380736440 0.381954044 0.383191377 0.384427458 0.385664791 0.386922687 0.388203591 0.389483213 0.390764117 0.392020941 0.393256247 0.394490302 0.395725608 0.396966487 0.398215383 0.399462998 0.400711894 0.401929885 0.403119504 0.404307932 0.405497551 0.406711608 0.407952517 0.409192204 0.410433114 0.411651731 0.412850589 0.414048254 0.415247113 0.416416943 0.417560160 0.418702245 0.419845462 0.421019405 0.422226310 0.423432022 0.424638927 0.425806791 0.426938027 0.428068161 0.429199398 0.430351168 0.431525737 0.432699144 0.433873713 0.434994102 0.436062664 0.437130123 0.438198686 0.439286143 0.440394700 0.441502124 0.442610681 0.443669736 0.444681555 0.445692360 0.446704179 0.447714716 0.448726028 0.449736357 0.450747669 0.451709837 0.452624887 0.453539044 0.454454094 0.455365211 0.456274241 0.457182348 0.458091378 0.458974659 0.459834069 0.460692614 0.461552024 0.462001145 0.462041765 0.462082326 0.462122917 0.461917222 0.461465269 0.461013794 0.460561872 0.461892933 0.465006053 0.468116075 0.471229225 0.472799718 0.472833782 0.472867846 0.472901911 0.472631782 0.472057492 0.471483767 0.470909476 0.471900642 0.474456102 0.477009028 0.479564488 0.482117414 0.484672874   
 52 0.107437968 0.109646797 0.111853421 0.114062250 0.116268873 0.118477702 0.120770141 0.123150632 0.125528723 0.127909198 0.130282432 0.132653177 0.135021538 0.137392282 0.139788032 0.142213523 0.144636571 0.147062063 0.149412677 0.151693255 0.153971538 0.156252116 0.158431172 0.160513297 0.162593335 0.164675459 0.166720554 0.168732762 0.170742944 0.172786802 0.174860254 0.176943168 0.179031432 0.181086361 0.183103845 0.185110763 0.187103063 0.189094141 0.191080004 0.192961261 0.194734126 0.196616039 0.198603228 0.200520217 0.202363193 0.204230756 0.206119165 0.208015278 0.209915310 0.211850435 0.213816777 0.215721577 0.217561036 0.219371140 0.221148267 0.222959831 0.224802166 0.226635978 0.228457585 0.230300799 0.232161924 0.234112129 0.236147508 0.238110140 0.239996091 0.241912633 0.243855938 0.245714992 0.247486100 0.249320880 0.251215667 0.253152281 0.255126834 0.257067770 0.258971155 0.260899693 0.262849540 0.264733791 0.266548693 0.268393457 0.270264357 0.272145271 0.274032444 0.275935054 0.277849346 0.279755026 0.281648308 0.283463478 0.285196930 0.286913514 0.288609862 0.290333569 0.292081237 0.293754667 0.295350522 0.297049314 0.298847675 0.300553650 0.302163899 0.303735316 0.305264801 0.306763113 0.308227241 0.309744626 0.311312228 0.312758565 0.314080805 0.315468639 0.316919386 0.318326354 0.319686741 0.321041614 0.322388172 0.323736131 0.325103641 0.326493412 0.327881813 0.329271615 0.330568403 0.331775010 0.332980394 0.334187001 0.335419565 0.336680502 0.337940186 0.339201093 0.340418577 0.341595143 0.342770517 0.343947083 0.345165372 0.346427768 0.347688884 0.348951280 0.350201339 0.351441622 0.352680653 0.353920937 0.355171412 0.356434584 0.357696474 0.358959615 0.360218942 0.361476928 0.362733662 0.363991648 0.365248412 0.366506487 0.367763311 0.369021386 0.370273858 0.371523201 0.372771293 0.374020636 0.375238687 0.376427948 0.377615988 0.378805250 0.380011171 0.381236166 0.382459939 0.383684903 0.384929776 0.386196941 0.387462825 0.388729960 0.389972538 0.391193062 0.392412335 0.393632859 0.394858241 0.396090955 0.397322416 0.398555100 0.399756372 0.400928676 0.402099788 0.403272092 0.404467970 0.405689776 0.406910360 0.408132166 0.409331024 0.410509378 0.411686569 0.412864923 0.414013594 0.415134937 0.416255176 0.417376518 0.418527514 0.419710398 0.420892060 0.422074944 0.423218042 0.424323738 0.425428361 0.426534057 0.427659243 0.428806067 0.429951757 0.431098580 0.432190508 0.433229834 0.434268147 0.435307473 0.436364502 0.437441319 0.438517034 0.439593852 0.440620393 0.441598773 0.442576200 0.443554580 0.444530517 0.445505947 0.446480423 0.447455853 0.448381215 0.449258506 0.450134903 0.451012164 0.451884240 0.452752829 0.453620553 0.454489142 0.455330819 0.456147313 0.456963003 0.457779527 0.458187789 0.458189487 0.458191156 0.458192855 0.457949162 0.457460105 0.456971556 0.456482500 0.457758754 0.460799307 0.463836819 0.466877371 0.468387604 0.468373567 0.468359560 0.468345553 0.468028873 0.467409551 0.466790855 0.466171533 0.467099786 0.469574392 0.472046524 0.474521130 0.476993263 0.479467869   
 53 0.106594361 0.108789481 0.110982411 0.113177530 0.115370445 0.117565565 0.119843937 0.122209966 0.124573611 0.126939639 0.129298747 0.131655678 0.134010255 0.136367187 0.138749212 0.141161054 0.143570498 0.145982340 0.148320138 0.150588691 0.152854964 0.155123517 0.157291517 0.159363538 0.161433473 0.163505495 0.165540934 0.167543963 0.169544980 0.171579540 0.173643619 0.175717205 0.177796215 0.179842219 0.181851164 0.183849677 0.185833797 0.187816784 0.189794675 0.191668764 0.193435282 0.195310190 0.197289750 0.199199662 0.201036140 0.202897102 0.204778865 0.206668347 0.208561793 0.210490182 0.212449655 0.214348048 0.216181561 0.217985988 0.219757706 0.221563682 0.223400310 0.225228503 0.227044597 0.228882238 0.230737746 0.232681811 0.234710574 0.236667082 0.238547429 0.240458220 0.242395625 0.244249359 0.246015683 0.247845337 0.249734640 0.251665562 0.253634214 0.255569458 0.257467449 0.259390414 0.261334538 0.263213515 0.265023530 0.266863257 0.268728942 0.270604610 0.272486448 0.274383694 0.276292473 0.278192759 0.280080676 0.281890899 0.283619791 0.285331905 0.287023872 0.288742989 0.290485919 0.292154968 0.293746829 0.295441031 0.297234148 0.298935384 0.300541341 0.302108616 0.303634107 0.305128515 0.306588888 0.308102131 0.309665233 0.311107665 0.312426537 0.313810587 0.315257102 0.316659987 0.318016440 0.319367260 0.320709735 0.322053552 0.323416620 0.324801654 0.326185316 0.327570349 0.328862637 0.330064923 0.331266016 0.332468301 0.333696157 0.334951937 0.336206466 0.337462276 0.338674515 0.339845777 0.341015846 0.342187107 0.343399554 0.344655514 0.345910221 0.347166210 0.348409563 0.349642813 0.350874841 0.352108121 0.353351116 0.354606360 0.355860353 0.357115597 0.358366579 0.359615862 0.360863894 0.362113178 0.363360792 0.364609271 0.365856498 0.367104948 0.368347377 0.369586200 0.370823801 0.372062624 0.373269796 0.374447793 0.375624627 0.376802653 0.377996713 0.379209161 0.380420417 0.381632864 0.382864535 0.384117752 0.385369748 0.386622965 0.387851149 0.389056742 0.390261143 0.391466737 0.392676502 0.393892884 0.395108044 0.396324426 0.397508860 0.398663789 0.399817526 0.400972456 0.402150065 0.403352708 0.404554129 0.405756772 0.406935781 0.408093631 0.409250319 0.410408169 0.411535710 0.412635207 0.413733602 0.414833099 0.415961176 0.417120039 0.418277740 0.419436604 0.420555025 0.421635270 0.422714442 0.423794687 0.424893320 0.426012516 0.427130610 0.428249806 0.429313421 0.430323690 0.431332946 0.432343215 0.433369964 0.434415221 0.435459465 0.436504722 0.437498927 0.438444108 0.439388394 0.440333575 0.441275150 0.442214966 0.443153858 0.444093674 0.444982558 0.445822388 0.446661383 0.447501212 0.448334545 0.449163079 0.449990779 0.450819314 0.451619744 0.452393770 0.453167051 0.453941077 0.454308987 0.454272330 0.454235733 0.454199076 0.453918040 0.453392565 0.452867597 0.452342123 0.453564018 0.456532240 0.459497482 0.462465703 0.463916153 0.463854730 0.463793397 0.463731974 0.463369548 0.462706000 0.462043107 0.461379558 0.462245584 0.464639872 0.467031747 0.469426036 0.471817911 0.474212199   
 54 0.105744198 0.107925199 0.110104017 0.112285018 0.114463836 0.116644837 0.118908703 0.121259809 0.123608559 0.125959665 0.128304183 0.130646825 0.132987112 0.135329753 0.137697577 0.140095264 0.142490566 0.144888252 0.147212714 0.149468705 0.151722431 0.153978422 0.156134844 0.158196226 0.160255536 0.162316918 0.164342195 0.166335478 0.168326780 0.170351520 0.172405660 0.174469367 0.176538542 0.178575069 0.180574879 0.182564452 0.184539810 0.186514139 0.188483492 0.190349847 0.192109451 0.193976805 0.195948139 0.197850406 0.199679807 0.201533601 0.203408122 0.205290392 0.207176641 0.209097698 0.211049706 0.212941095 0.214768112 0.216566265 0.218331993 0.220131800 0.221962109 0.223784089 0.225594133 0.227425605 0.229274854 0.231212184 0.233233690 0.235183463 0.237057596 0.238962024 0.240892947 0.242740721 0.244501650 0.246325552 0.248208761 0.250133365 0.252095550 0.254024476 0.255916417 0.257833183 0.259771049 0.261644095 0.263448656 0.265282691 0.267142594 0.269012392 0.270888329 0.272779554 0.274682283 0.276576489 0.278458416 0.280263066 0.281986862 0.283693939 0.285380960 0.287094951 0.288832575 0.290496677 0.292084008 0.293773025 0.295560360 0.297256291 0.298857450 0.300420046 0.301941067 0.303431064 0.304887176 0.306395769 0.307953864 0.309391886 0.310706943 0.312086761 0.313528568 0.314926922 0.316278994 0.317625344 0.318963230 0.320302457 0.321660668 0.323040545 0.324419022 0.325798899 0.327086240 0.328283846 0.329480261 0.330677867 0.331900597 0.333150864 0.334399909 0.335650176 0.336856842 0.338022441 0.339186847 0.340352446 0.341558665 0.342807889 0.344055861 0.345305085 0.346541405 0.347767323 0.348992020 0.350217938 0.351453185 0.352700204 0.353946000 0.355193019 0.356435418 0.357675672 0.358914703 0.360154957 0.361393154 0.362631738 0.363869101 0.365107685 0.366339773 0.367567837 0.368794680 0.370022744 0.371218830 0.372385383 0.373550802 0.374717355 0.375899374 0.377099127 0.378297657 0.379497409 0.380715668 0.381954819 0.383192718 0.384431839 0.385645449 0.386835992 0.388025314 0.389215857 0.390409917 0.391609848 0.392808586 0.394008517 0.395175993 0.396313459 0.397449762 0.398587227 0.399746507 0.400929898 0.402112126 0.403295517 0.404454678 0.405591995 0.406728178 0.407865494 0.408971846 0.410049528 0.411126107 0.412203789 0.413308978 0.414443880 0.415577650 0.416712552 0.417806298 0.418861181 0.419914991 0.420969874 0.422042102 0.423133790 0.424224377 0.425316066 0.426351517 0.427332878 0.428313255 0.429294616 0.430291295 0.431305259 0.432318181 0.433332145 0.434294224 0.435206503 0.436117887 0.437030166 0.437937647 0.438842177 0.439745784 0.440650314 0.441503048 0.442305803 0.443107724 0.443910480 0.444705486 0.445494384 0.446282476 0.447071344 0.447831005 0.448563039 0.449294329 0.450026333 0.450354457 0.450280130 0.450205863 0.450131536 0.449813843 0.449252665 0.448692083 0.448130906 0.449298978 0.452195168 0.455088437 0.457984626 0.459375829 0.459267825 0.459159911 0.459051907 0.458644599 0.457937747 0.457231611 0.456524760 0.457329303 0.459643841 0.461956024 0.464270562 0.466582745 0.468897283   
 55 0.104883432 0.107049830 0.109214067 0.111380465 0.113544688 0.115711093 0.117959946 0.120295614 0.122628927 0.124964580 0.127293974 0.129621759 0.131947219 0.134275019 0.136628047 0.139010996 0.141391546 0.143774495 0.146085009 0.148327842 0.150568441 0.152811274 0.154955521 0.157005668 0.159053773 0.161103919 0.163118422 0.165101379 0.167082354 0.169096649 0.171140254 0.173193455 0.175252184 0.177278593 0.179268673 0.181248665 0.183214620 0.185179666 0.187139869 0.188997865 0.190749973 0.192609116 0.194571614 0.196465597 0.198287278 0.200133294 0.201999933 0.203874364 0.205752805 0.207665890 0.209609762 0.211493507 0.213313341 0.215104610 0.216863707 0.218656734 0.220480084 0.222295240 0.224098533 0.225923195 0.227765560 0.229695469 0.231709063 0.233651429 0.235518694 0.237416089 0.239339814 0.241180986 0.242935926 0.244753435 0.246629909 0.248547524 0.250502467 0.252424449 0.254309654 0.256219596 0.258150488 0.260017008 0.261815399 0.263643146 0.265496582 0.267359853 0.269229233 0.271113813 0.273009777 0.274897307 0.276772588 0.278571069 0.280289114 0.281990558 0.283672005 0.285380274 0.287111908 0.288770527 0.290352732 0.292035997 0.293816984 0.295507014 0.297102749 0.298660129 0.300176084 0.301661164 0.303112447 0.304615885 0.306168437 0.307601541 0.308912337 0.310287416 0.311724007 0.313117325 0.314464569 0.315805942 0.317138821 0.318473041 0.319825917 0.321200132 0.322572976 0.323947191 0.325229198 0.326421708 0.327613026 0.328805536 0.330022782 0.331267118 0.332510263 0.333754599 0.334955305 0.336114883 0.337273270 0.338432848 0.339632511 0.340874583 0.342115432 0.343357533 0.344586462 0.345804691 0.347021729 0.348239958 0.349467099 0.350705594 0.351942837 0.353181332 0.354414821 0.355645776 0.356875479 0.358106434 0.359334916 0.360563338 0.361790538 0.363018960 0.364240468 0.365457505 0.366673321 0.367890358 0.369075090 0.370229989 0.371383756 0.372538656 0.373708367 0.374895185 0.376080841 0.377267659 0.378472358 0.379697204 0.380920827 0.382145673 0.383344561 0.384519875 0.385694027 0.386869371 0.388047546 0.389230907 0.390413105 0.391596466 0.392746925 0.393866837 0.394985616 0.396105528 0.397246391 0.398410499 0.399573445 0.400737554 0.401876807 0.402993590 0.404109240 0.405225992 0.406311184 0.407367051 0.408421874 0.409477741 0.410560101 0.411671072 0.412780911 0.413891882 0.414961070 0.415990680 0.417019278 0.418048888 0.419094831 0.420159131 0.421222389 0.422286689 0.423294097 0.424246788 0.425198495 0.426151186 0.427117974 0.428100824 0.429082662 0.430065513 0.430995762 0.431875408 0.432754189 0.433633864 0.434507579 0.435377151 0.436245829 0.437115401 0.437932372 0.438698441 0.439463764 0.440229833 0.440986961 0.441736639 0.442485571 0.443235248 0.443954587 0.444645137 0.445334971 0.446025491 0.446314424 0.446203113 0.446091920 0.445980608 0.445627064 0.445031077 0.444435656 0.443839669 0.444954485 0.447778940 0.450600535 0.453424990 0.454757512 0.454603791 0.454450220 0.454296499 0.453845233 0.453096092 0.452347726 0.451598585 0.452342480 0.454577863 0.456811011 0.459046394 0.461279541 0.463514924   
 56 0.104008198 0.106159449 0.108308554 0.110459805 0.112608902 0.114760153 0.116993427 0.119313046 0.121630333 0.123949938 0.126263574 0.128575891 0.130885884 0.133198187 0.135535792 0.137903318 0.140268475 0.142636001 0.144931912 0.147160932 0.149387717 0.151616737 0.153748155 0.155786425 0.157822669 0.159860939 0.161864027 0.163836002 0.165805995 0.167809188 0.169841588 0.171883613 0.173931196 0.175946832 0.177926481 0.179896221 0.181852117 0.183807194 0.185757533 0.187606528 0.189350456 0.191200763 0.193153709 0.195038736 0.196852043 0.198689580 0.200547680 0.202413559 0.204283506 0.206187904 0.208122954 0.209998354 0.211810365 0.213594064 0.215345860 0.217131406 0.218947127 0.220754743 0.222550631 0.224367797 0.226202577 0.228124350 0.230129287 0.232063517 0.233923197 0.235812858 0.237728700 0.239562586 0.241310805 0.243121251 0.244990259 0.246900186 0.248847216 0.250761509 0.252639294 0.254541665 0.256464839 0.258324087 0.260115683 0.261936426 0.263782710 0.265638739 0.267500877 0.269378066 0.271266580 0.273146689 0.275014669 0.276806265 0.278517962 0.280213118 0.281888336 0.283590198 0.285315275 0.286967695 0.288544178 0.290221065 0.291994989 0.293678492 0.295268238 0.296819806 0.298330158 0.299809754 0.301255703 0.302753389 0.304299831 0.305727482 0.307033449 0.308403283 0.309834152 0.311221927 0.312563807 0.313899755 0.315227091 0.316555768 0.317902833 0.319270909 0.320637643 0.322005719 0.323281914 0.324468911 0.325654715 0.326841712 0.328053027 0.329291046 0.330527842 0.331765831 0.332960188 0.334113359 0.335265398 0.336418569 0.337611288 0.338845849 0.340079188 0.341313750 0.342534900 0.343745112 0.344954103 0.346164316 0.347382993 0.348612607 0.349840969 0.351070553 0.352294803 0.353516132 0.354736239 0.355957568 0.357175976 0.358393937 0.359610677 0.360828638 0.362039298 0.363245040 0.364449561 0.365655303 0.366828442 0.367971450 0.369113296 0.370256305 0.371413499 0.372587204 0.373759747 0.374933422 0.376124322 0.377334684 0.378543824 0.379754186 0.380938143 0.382098109 0.383256912 0.384416878 0.385579050 0.386745721 0.387911260 0.389077932 0.390211254 0.391313523 0.392414689 0.393516958 0.394639373 0.395784110 0.396927714 0.398072451 0.399191767 0.400287986 0.401383072 0.402479291 0.403543323 0.404577434 0.405610502 0.406644583 0.407704175 0.408791274 0.409877300 0.410964400 0.412009090 0.413013548 0.414017022 0.415021479 0.416041225 0.417078286 0.418114334 0.419151396 0.420130998 0.421055198 0.421978474 0.422902673 0.423839867 0.424791843 0.425742865 0.426694840 0.427593559 0.428440899 0.429287404 0.430134743 0.430975050 0.431810021 0.432644159 0.433479130 0.434260696 0.434990555 0.435719699 0.436449558 0.437169224 0.437880218 0.438590467 0.439301461 0.439981043 0.440630645 0.441279620 0.441929221 0.442179650 0.442032158 0.441884816 0.441737324 0.441348761 0.440718859 0.440089554 0.439459652 0.440521836 0.443274856 0.446025103 0.448778123 0.450052619 0.449854136 0.449655831 0.449457347 0.448963135 0.448172867 0.447383374 0.446593106 0.447277218 0.449434131 0.451588869 0.453745782 0.455900550 0.458057463   
 57 0.103114851 0.105250344 0.107383698 0.109519191 0.111652546 0.113788038 0.116005085 0.118307985 0.120608568 0.122911453 0.125208661 0.127504796 0.129798636 0.132094771 0.134416223 0.136767611 0.139116630 0.141468018 0.143748596 0.145963073 0.148175329 0.150389805 0.152507678 0.154533371 0.156557024 0.158582717 0.160573691 0.162533984 0.164492309 0.166483700 0.168504149 0.170534253 0.172569975 0.174574092 0.176542580 0.178501338 0.180446431 0.182390809 0.184330568 0.186169848 0.187904939 0.189745665 0.191688314 0.193563640 0.195367873 0.197196230 0.199045032 0.200901657 0.202762350 0.204657331 0.206582800 0.208449125 0.210252568 0.212027982 0.213771775 0.215549126 0.217356473 0.219155833 0.220943585 0.222752512 0.224578962 0.226491854 0.228487328 0.230412677 0.232264012 0.234145164 0.236052379 0.237878218 0.239619032 0.241421655 0.243282452 0.245183915 0.247122243 0.249028087 0.250897676 0.252791733 0.254706442 0.256557673 0.258341759 0.260154754 0.261993140 0.263841212 0.265695304 0.267564386 0.269444734 0.271316707 0.273176581 0.274960607 0.276665211 0.278353363 0.280021727 0.281716496 0.283434331 0.285079926 0.286650032 0.288319826 0.290086031 0.291762352 0.293345451 0.294890583 0.296394706 0.297868192 0.299308211 0.300799549 0.302339315 0.303760916 0.305061579 0.306425571 0.307850182 0.309231848 0.310567826 0.311897784 0.313219130 0.314541757 0.315882474 0.317243934 0.318604022 0.319965452 0.321235359 0.322416395 0.323596269 0.324777335 0.325982302 0.327213526 0.328443527 0.329674751 0.330862314 0.332008690 0.333153903 0.334300280 0.335485637 0.336712301 0.337937742 0.339164406 0.340377390 0.341579169 0.342779756 0.343981534 0.345191389 0.346411735 0.347630888 0.348851234 0.350065857 0.351277232 0.352487385 0.353698730 0.354906797 0.356114000 0.357319981 0.358527184 0.359726638 0.360920787 0.362113744 0.363307893 0.364469200 0.365600049 0.366729796 0.367860645 0.369005114 0.370165467 0.371324658 0.372485012 0.373661876 0.374857545 0.376052022 0.377247691 0.378416538 0.379560977 0.380704254 0.381848663 0.382994682 0.384144545 0.385293245 0.386443108 0.387559175 0.388643742 0.389727205 0.390811771 0.391915619 0.393040925 0.394165128 0.395290464 0.396389812 0.397465438 0.398539960 0.399615586 0.400658518 0.401670873 0.402682215 0.403694570 0.404731393 0.405794710 0.406856954 0.407920271 0.408940583 0.409920037 0.410898507 0.411877960 0.412871689 0.413881689 0.414890647 0.415900648 0.416852623 0.417748570 0.418643624 0.419539571 0.420447350 0.421368748 0.422289252 0.423210651 0.424078137 0.424893498 0.425708085 0.426523477 0.427330732 0.428131491 0.428931475 0.429732233 0.430478871 0.431172967 0.431866378 0.432560474 0.433243245 0.433916092 0.434588253 0.435261071 0.435901463 0.436510742 0.437119424 0.437728703 0.437941343 0.437758505 0.437575847 0.437393010 0.436970383 0.436307549 0.435645401 0.434982598 0.435992807 0.438674718 0.441353947 0.444035858 0.445253015 0.445010811 0.444768846 0.444526643 0.443990648 0.443160415 0.442330986 0.441500753 0.442126065 0.444205225 0.446282327 0.448361486 0.450438589 0.452517748   
 58 0.102199912 0.104318969 0.106435917 0.108554974 0.110671908 0.112790965 0.114991091 0.117276534 0.119559690 0.121845126 0.124125160 0.126404360 0.128681272 0.130960479 0.133265018 0.135599464 0.137931556 0.140266001 0.142530471 0.144729629 0.146926567 0.149125725 0.151229262 0.153241619 0.155251950 0.157264307 0.159242392 0.161190256 0.163136169 0.165114954 0.167122692 0.169140100 0.171163157 0.173154965 0.175111532 0.177058533 0.178992063 0.180924967 0.182853371 0.184682161 0.186407685 0.188238069 0.190169647 0.192034498 0.193828911 0.195647299 0.197486073 0.199332640 0.201183334 0.203068092 0.204983160 0.206839606 0.208633751 0.210400105 0.212135136 0.213903531 0.215701729 0.217492059 0.219270930 0.221070841 0.222888187 0.224791363 0.226776570 0.228692204 0.230534419 0.232406288 0.234304026 0.236121044 0.237853691 0.239647701 0.241499513 0.243391708 0.245320499 0.247217104 0.249077737 0.250962645 0.252868086 0.254710525 0.256486297 0.258290797 0.260120481 0.261959791 0.263805121 0.265665293 0.267536640 0.269399673 0.271250695 0.273026377 0.274723172 0.276403636 0.278064400 0.279751390 0.281461179 0.283099264 0.284662366 0.286324412 0.288082123 0.289750546 0.291326344 0.292864382 0.294361621 0.295828402 0.297261864 0.298746258 0.300278604 0.301693618 0.302988380 0.304346025 0.305763751 0.307138771 0.308468312 0.309791774 0.311106533 0.312422603 0.313756466 0.315110743 0.316463649 0.317817926 0.319081008 0.320255637 0.321429074 0.322603703 0.323801845 0.325025827 0.326248616 0.327472597 0.328652948 0.329792112 0.330930114 0.332069278 0.333246887 0.334465206 0.335682333 0.336900651 0.338105083 0.339298069 0.340489835 0.341682822 0.342883468 0.344094187 0.345303684 0.346514404 0.347719073 0.348920137 0.350119978 0.351321042 0.352518409 0.353714496 0.354909390 0.356105506 0.357293487 0.358475745 0.359656811 0.360839069 0.361988246 0.363106728 0.364224076 0.365342557 0.366474032 0.367620796 0.368766397 0.369913131 0.371075779 0.372256547 0.373436123 0.374616891 0.375770450 0.376899153 0.378026754 0.379155457 0.380285144 0.381418049 0.382549822 0.383682728 0.384781420 0.385848194 0.386913866 0.387980640 0.389065862 0.390171707 0.391276419 0.392382264 0.393461585 0.394516617 0.395570576 0.396625608 0.397647411 0.398638099 0.399627805 0.400618494 0.401632637 0.402672231 0.403710753 0.404750347 0.405746371 0.406700909 0.407654524 0.408609062 0.409576952 0.410560042 0.411542147 0.412525237 0.413449764 0.414317727 0.415184796 0.416052759 0.416931450 0.417822570 0.418712795 0.419603914 0.420440495 0.421224266 0.422007293 0.422791094 0.423565686 0.424332708 0.425098956 0.425865948 0.426578134 0.427237004 0.427895218 0.428554088 0.429200500 0.429835737 0.430470347 0.431105584 0.431707382 0.432276994 0.432846040 0.433415651 0.433591276 0.433373988 0.433156937 0.432939678 0.432483941 0.431789309 0.431095362 0.430400729 0.431359679 0.433970839 0.436579376 0.439190537 0.440351069 0.440066248 0.439781725 0.439496905 0.438920319 0.438051432 0.437183410 0.436314493 0.436882019 0.438884228 0.440884411 0.442886591 0.444886774 0.446888983   
 59 0.101260118 0.103362016 0.105461814 0.107563712 0.109663501 0.111765400 0.113947846 0.116215043 0.118479960 0.120747149 0.123009197 0.125270650 0.127529845 0.129791290 0.132078081 0.134394720 0.136709049 0.139025688 0.141273201 0.143456176 0.145636976 0.147819951 0.149908364 0.151906580 0.153902784 0.155901000 0.157865420 0.159800038 0.161732733 0.163698122 0.165692315 0.167696193 0.169705763 0.171684444 0.173628256 0.175562680 0.177483812 0.179404423 0.181320637 0.183138162 0.184853345 0.186672598 0.188592255 0.190445825 0.192229599 0.194037229 0.195865139 0.197700843 0.199540719 0.201414436 0.203318283 0.205164045 0.206948042 0.208704546 0.210430041 0.212188676 0.213976920 0.215757415 0.217526570 0.219316661 0.221124098 0.223016724 0.224990770 0.226895839 0.228728101 0.230589822 0.232477263 0.234284624 0.236008316 0.237792924 0.239634901 0.241516978 0.243435398 0.245321900 0.247172713 0.249047667 0.250943005 0.252775818 0.254542470 0.256337672 0.258157820 0.259987563 0.261823267 0.263673693 0.265535235 0.267388493 0.269229859 0.270996392 0.272684634 0.274356633 0.276009053 0.277687490 0.279388517 0.281018347 0.282573700 0.284227252 0.285975695 0.287635505 0.289203286 0.290733576 0.292223275 0.293682724 0.295108974 0.296585768 0.298110098 0.299517840 0.300806195 0.302156836 0.303567082 0.304934829 0.306257367 0.307573736 0.308881402 0.310190320 0.311516762 0.312863261 0.314208448 0.315554947 0.316810757 0.317978501 0.319145083 0.320312828 0.321503669 0.322719932 0.323935032 0.325151294 0.326323986 0.327455491 0.328585863 0.329717368 0.330886781 0.332096338 0.333304673 0.334514230 0.335709661 0.336893439 0.338075995 0.339259773 0.340450794 0.341651499 0.342850983 0.344051689 0.345246017 0.346436381 0.347625554 0.348815918 0.350002229 0.351186872 0.352370352 0.353554994 0.354731172 0.355901241 0.357070118 0.358240187 0.359376967 0.360482782 0.361587524 0.362693340 0.363811612 0.364944547 0.366076350 0.367209256 0.368357420 0.369523048 0.370687485 0.371853113 0.372991174 0.374104023 0.375215769 0.376328617 0.377441823 0.378557622 0.379672289 0.380788088 0.381869286 0.382918179 0.383965999 0.385014862 0.386081398 0.387167692 0.388252884 0.389339179 0.390398443 0.391432852 0.392466247 0.393500686 0.394501388 0.395470440 0.396438539 0.397407591 0.398399115 0.399415046 0.400429964 0.401445895 0.402417749 0.403347582 0.404276460 0.405206293 0.406148463 0.407104820 0.408060223 0.409016579 0.409913927 0.410754144 0.411593556 0.412433773 0.413283646 0.414144784 0.415005058 0.415866196 0.416672230 0.417424828 0.418176711 0.418929338 0.419671744 0.420405447 0.421138406 0.421872109 0.422550321 0.423174500 0.423798025 0.424422204 0.425032794 0.425631076 0.426228732 0.426827013 0.427390873 0.427921504 0.428451627 0.428982258 0.429121673 0.428870946 0.428620458 0.428369701 0.427881926 0.427156627 0.426432043 0.425706714 0.426615179 0.429155946 0.431694180 0.434234947 0.435339659 0.435013413 0.434687465 0.434361219 0.433745325 0.432839155 0.431933910 0.431027740 0.431538552 0.433464587 0.435388654 0.437314689 0.439238757 0.441164792   
 60 0.100292370 0.102376319 0.104458198 0.106542155 0.108624019 0.110707976 0.112871915 0.115120016 0.117365867 0.119613960 0.121857174 0.124100000 0.126340583 0.128583416 0.130851552 0.133149490 0.135445118 0.137743056 0.139972702 0.142138630 0.144302383 0.146468297 0.148540705 0.150523931 0.152505174 0.154488400 0.156438306 0.158358842 0.160277471 0.162228614 0.164208397 0.166197866 0.168193087 0.170157760 0.172087952 0.174008921 0.175916821 0.177824259 0.179727420 0.181532845 0.183236882 0.185044169 0.186951056 0.188792497 0.190564796 0.192360833 0.194177032 0.196001023 0.197829202 0.199691013 0.201582730 0.203416958 0.205189973 0.206935793 0.208650917 0.210398942 0.212176412 0.213946208 0.215704829 0.217484236 0.219280899 0.221162081 0.223124057 0.225017652 0.226839125 0.228689834 0.230566069 0.232362941 0.234076843 0.235851198 0.237682447 0.239553541 0.241460681 0.243336201 0.245176330 0.247040421 0.248924747 0.250747085 0.252503812 0.254288852 0.256098628 0.257917941 0.259743154 0.261583000 0.263433844 0.265276492 0.267107308 0.268863887 0.270542800 0.272205561 0.273848832 0.275517911 0.277209431 0.278830230 0.280377090 0.282021374 0.283759803 0.285410196 0.286969274 0.288491070 0.289972514 0.291423917 0.292842329 0.294310838 0.295826465 0.297226340 0.298507601 0.299850672 0.301252812 0.302612722 0.303927630 0.305236369 0.306536287 0.307837516 0.309155911 0.310494125 0.311830968 0.313169181 0.314417124 0.315577477 0.316736698 0.317897052 0.319080114 0.320288152 0.321495026 0.322703093 0.323867619 0.324991047 0.326113373 0.327236801 0.328397542 0.329597861 0.330796987 0.331997305 0.333183318 0.334357440 0.335530400 0.336704522 0.337885529 0.339075804 0.340264916 0.341455162 0.342638761 0.343818069 0.344996184 0.346175492 0.347350389 0.348523229 0.349694908 0.350867778 0.352031797 0.353189349 0.354345739 0.355503291 0.356627345 0.357720256 0.358812094 0.359905005 0.361009777 0.362128615 0.363246322 0.364365160 0.365498602 0.366648853 0.367797971 0.368948221 0.370070606 0.371167392 0.372263104 0.373359889 0.374456435 0.375554979 0.376652420 0.377750963 0.378814608 0.379845500 0.380875349 0.381906241 0.382954001 0.384020656 0.385086268 0.386152953 0.387192130 0.388205945 0.389218777 0.390232593 0.391212225 0.392159730 0.393106252 0.394053757 0.395022720 0.396015078 0.397006422 0.397998780 0.398946613 0.399851859 0.400756210 0.401661485 0.402578115 0.403507948 0.404436827 0.405366659 0.406237066 0.407049865 0.407861859 0.408674657 0.409495980 0.410327494 0.411158144 0.411989659 0.412765503 0.413487345 0.414208472 0.414930344 0.415640980 0.416341841 0.417042017 0.417742908 0.418387681 0.418977737 0.419567198 0.420157254 0.420732677 0.421294630 0.421855986 0.422417939 0.422944546 0.423436940 0.423928857 0.424421251 0.424525350 0.424242169 0.423959255 0.423676074 0.423157394 0.422402620 0.421648592 0.420893818 0.421752572 0.424223363 0.426691651 0.429162443 0.430212140 0.429845691 0.429479629 0.429113179 0.428459316 0.427517354 0.426576316 0.425634325 0.426089615 0.427940309 0.429789156 0.431639850 0.433488667 0.435339361   
 61 0.099293776 0.101358958 0.103422083 0.105487272 0.107550390 0.109615579 0.111760154 0.113988250 0.116214111 0.118442208 0.120665662 0.122888945 0.125110000 0.127333283 0.129581839 0.131860107 0.134136096 0.136414364 0.138625205 0.140773132 0.142918915 0.145066842 0.147122324 0.149089664 0.151055053 0.153022394 0.154956892 0.156862468 0.158766150 0.160702154 0.162666619 0.164640784 0.166620687 0.168570444 0.170486137 0.172392756 0.174286500 0.176179871 0.178069100 0.179861546 0.181553617 0.183348045 0.185241237 0.187069640 0.188829631 0.190613195 0.192416787 0.194228187 0.196043774 0.197892770 0.199771449 0.201593220 0.203354403 0.205088690 0.206792578 0.208529159 0.210294932 0.212053165 0.213800371 0.215568230 0.217353210 0.219222039 0.221170977 0.223052204 0.224861935 0.226700723 0.228564844 0.230350330 0.232053563 0.233816788 0.235636443 0.237495616 0.239390552 0.241254151 0.243082702 0.244935021 0.246807426 0.248618394 0.250364274 0.252138257 0.253936797 0.255744815 0.257558644 0.259387016 0.261226267 0.263057411 0.264876753 0.266622543 0.268291265 0.269943953 0.271577328 0.273236245 0.274917424 0.276528418 0.278066009 0.279700249 0.281427771 0.283068001 0.284617573 0.286130130 0.287602693 0.289045334 0.290455222 0.291914731 0.293420941 0.294812232 0.296085894 0.297420710 0.298814088 0.300165474 0.301472157 0.302772611 0.304064244 0.305357158 0.306666970 0.307996243 0.309324205 0.310653478 0.311893016 0.313045502 0.314196795 0.315349281 0.316524029 0.317723364 0.318921506 0.320120841 0.321276754 0.322391659 0.323505431 0.324620336 0.325771958 0.326962590 0.328152031 0.329342663 0.330518812 0.331682861 0.332845747 0.334009796 0.335180342 0.336359769 0.337538004 0.338717431 0.339889884 0.341057748 0.342224419 0.343392253 0.344555348 0.345716059 0.346875608 0.348036289 0.349187851 0.350332558 0.351476103 0.352620810 0.353731871 0.354811579 0.355890214 0.356969953 0.358060956 0.359165460 0.360268861 0.361373335 0.362491816 0.363626480 0.364760011 0.365894675 0.367001116 0.368081659 0.369161129 0.370241672 0.371321410 0.372402549 0.373482615 0.374563754 0.375609666 0.376622498 0.377634317 0.378647149 0.379676074 0.380723059 0.381769001 0.382816017 0.383835047 0.384828269 0.385820478 0.386813700 0.387772292 0.388698280 0.389623314 0.390549302 0.391495794 0.392464668 0.393432587 0.394401461 0.395325363 0.396206230 0.397086203 0.397967070 0.398858368 0.399761885 0.400664479 0.401567996 0.402411669 0.403197348 0.403982222 0.404767901 0.405561060 0.406363249 0.407164663 0.407966852 0.408712924 0.409404427 0.410095274 0.410786778 0.411466151 0.412134737 0.412802637 0.413471222 0.414083093 0.414639652 0.415195644 0.415752202 0.416293085 0.416819364 0.417345136 0.417871416 0.418361485 0.418816417 0.419270873 0.419725806 0.419795543 0.419481009 0.419166774 0.418852240 0.418303788 0.417520821 0.416738629 0.415955663 0.416765541 0.419166744 0.421565533 0.423966706 0.424962252 0.424556941 0.424152046 0.423746735 0.423056364 0.422080129 0.421104848 0.420128584 0.420529574 0.422305852 0.424080342 0.425856620 0.427631110 0.429407388   
 62 0.098261647 0.100307189 0.102350689 0.104396231 0.106439732 0.108485274 0.110609569 0.112816714 0.115021646 0.117228784 0.119431525 0.121634297 0.123834863 0.126037627 0.128265604 0.130523190 0.132778510 0.135036096 0.137227118 0.139356077 0.141482905 0.143611863 0.145649478 0.147600025 0.149548605 0.151499152 0.153417319 0.155307025 0.157194853 0.159114778 0.161062956 0.163020849 0.164984509 0.166918397 0.168818653 0.170709983 0.172588646 0.174467012 0.176341355 0.178119913 0.179799169 0.181579843 0.183458388 0.185272858 0.187019601 0.188789785 0.190579861 0.192377746 0.194179818 0.196015060 0.197879791 0.199688166 0.201436594 0.203158423 0.204850197 0.206574410 0.208327577 0.210073352 0.211808234 0.213563636 0.215336025 0.217191547 0.219126463 0.220994338 0.222791433 0.224617347 0.226468399 0.228241563 0.229933262 0.231684431 0.233491555 0.235337853 0.237219617 0.239070356 0.240886390 0.242725998 0.244585529 0.246384174 0.248118356 0.249880388 0.251666754 0.253462493 0.255264044 0.257079989 0.258906722 0.260725409 0.262532443 0.264266521 0.265924215 0.267565995 0.269188613 0.270836532 0.272506475 0.274106860 0.275634438 0.277257770 0.278973609 0.280602813 0.282142133 0.283644736 0.285107613 0.286540806 0.287941456 0.289391249 0.290887266 0.292269319 0.293534696 0.294860631 0.296244562 0.297586769 0.298884630 0.300176203 0.301458895 0.302742869 0.304043472 0.305363208 0.306681633 0.308001399 0.309231967 0.310375988 0.311518878 0.312662929 0.313828826 0.315018922 0.316207856 0.317397952 0.318544745 0.319650620 0.320755392 0.321861267 0.323003322 0.324183762 0.325363040 0.326543510 0.327709317 0.328862816 0.330015182 0.331168711 0.332328379 0.333496541 0.334663510 0.335831672 0.336992562 0.338148534 0.339303374 0.340459347 0.341610253 0.342758417 0.343905449 0.345053613 0.346192330 0.347323835 0.348454207 0.349585712 0.350683481 0.351749718 0.352814883 0.353881121 0.354958117 0.356048018 0.357136816 0.358226687 0.359329969 0.360448778 0.361566454 0.362685263 0.363775611 0.364839703 0.365902752 0.366966873 0.368029654 0.369093210 0.370155722 0.371219307 0.372247368 0.373242080 0.374235779 0.375230461 0.376240432 0.377267718 0.378293931 0.379321188 0.380320072 0.381292671 0.382264286 0.383236885 0.384174496 0.385079026 0.385982662 0.386887193 0.387811303 0.388756812 0.389701366 0.390646875 0.391546994 0.392403632 0.393259436 0.394116074 0.394982219 0.395859629 0.396736175 0.397613585 0.398430824 0.399189681 0.399947792 0.400706649 0.401471943 0.402245224 0.403017730 0.403791010 0.404507697 0.405169368 0.405830383 0.406492025 0.407140613 0.407777399 0.408413559 0.409050375 0.409629971 0.410153657 0.410676837 0.411200523 0.411707520 0.412198871 0.412689716 0.413181067 0.413635373 0.414053619 0.414471477 0.414889723 0.414926052 0.414581269 0.414236844 0.413892061 0.413315088 0.412505269 0.411696255 0.410886437 0.411648363 0.413980424 0.416310132 0.418642163 0.419584453 0.419141650 0.418699265 0.418256462 0.417531043 0.416522115 0.415514231 0.414505303 0.414853245 0.416556060 0.418257147 0.419959962 0.421661049 0.423363864   
 63 0.097193465 0.099218450 0.101241410 0.103266396 0.105289355 0.107314341 0.109417401 0.111602597 0.113785602 0.115970790 0.118151814 0.120333053 0.122512102 0.124693342 0.126899704 0.129135549 0.131369174 0.133605018 0.135775208 0.137884170 0.139991030 0.142099991 0.144118741 0.146051511 0.147982344 0.149915114 0.151815996 0.153688878 0.155559897 0.157462776 0.159393713 0.161334351 0.163280770 0.165197819 0.167081624 0.168956712 0.170819327 0.172681734 0.174540207 0.176303968 0.177969486 0.179735467 0.181598410 0.183397964 0.185130566 0.186886415 0.188662037 0.190445438 0.192233071 0.194053575 0.195903331 0.197697371 0.199432105 0.201140568 0.202819347 0.204530254 0.206269905 0.208002269 0.209723875 0.211465865 0.213224724 0.215065941 0.216985822 0.218839362 0.220622838 0.222434908 0.224271908 0.226031810 0.227711052 0.229449227 0.231242865 0.233075306 0.234942898 0.236779794 0.238582313 0.240408242 0.242253900 0.244039297 0.245760813 0.247509971 0.249283239 0.251065791 0.252854079 0.254656643 0.256469905 0.258275211 0.260068923 0.261790395 0.263436168 0.265066177 0.266677201 0.268313259 0.269971102 0.271560013 0.273076802 0.274688393 0.276391596 0.278008938 0.279537231 0.281029075 0.282481492 0.283904493 0.285295188 0.286734551 0.288219631 0.289591759 0.290848166 0.292164564 0.293538332 0.294870734 0.296159059 0.297441095 0.298714250 0.299988687 0.301279396 0.302588969 0.303897202 0.305206776 0.306427807 0.307562888 0.308696836 0.309831917 0.310988486 0.312168777 0.313347906 0.314528227 0.315665364 0.316761762 0.317857057 0.318953454 0.320085466 0.321255237 0.322423846 0.323593646 0.324748605 0.325891137 0.327032536 0.328175068 0.329323381 0.330479801 0.331635058 0.332791477 0.333940387 0.335084110 0.336226672 0.337370396 0.338508725 0.339643985 0.340778083 0.341913313 0.343038827 0.344156802 0.345273644 0.346391618 0.347475737 0.348528206 0.349579632 0.350632131 0.351694822 0.352769822 0.353843749 0.354918748 0.356006533 0.357109249 0.358210862 0.359313577 0.360387564 0.361435026 0.362481475 0.363528937 0.364574581 0.365620434 0.366665244 0.367711097 0.368721217 0.369697690 0.370673150 0.371649623 0.372640580 0.373648047 0.374654502 0.375661969 0.376640648 0.377592623 0.378543645 0.379495621 0.380412251 0.381295413 0.382177711 0.383060873 0.383962721 0.384884953 0.385806262 0.386728495 0.387605011 0.388437629 0.389269382 0.390101999 0.390943229 0.391794771 0.392645448 0.393496990 0.394288093 0.395020455 0.395752102 0.396484464 0.397222310 0.397967041 0.398711026 0.399455756 0.400143534 0.400775850 0.401407540 0.402039826 0.402658135 0.403263718 0.403868675 0.404474258 0.405022174 0.405513644 0.406004637 0.406496137 0.406969965 0.407427132 0.407883853 0.408341020 0.408760369 0.409142792 0.409524828 0.409907252 0.409911156 0.409537345 0.409163892 0.408790052 0.408185869 0.407350600 0.406516135 0.405680865 0.406395733 0.408659071 0.410920143 0.413183481 0.414073437 0.413594574 0.413116217 0.412637353 0.411878437 0.410838544 0.409799665 0.408759773 0.409056008 0.410686344 0.412315041 0.413945347 0.415574044 0.417204380   
 64 0.096086957 0.098090425 0.100091897 0.102095366 0.104096830 0.106100298 0.108181126 0.110343337 0.112503372 0.114665575 0.116823837 0.118982486 0.121138975 0.123297624 0.125481308 0.127694324 0.129905134 0.132118165 0.134266436 0.136354342 0.138440162 0.140528083 0.142526940 0.144440949 0.146353036 0.148267031 0.150149658 0.152004719 0.153857931 0.155742779 0.157655478 0.159577832 0.161505997 0.163405165 0.165271565 0.167129397 0.168974951 0.170820385 0.172662005 0.174409986 0.176060855 0.177811205 0.179657504 0.181441188 0.183158681 0.184899256 0.186659440 0.188427389 0.190199584 0.192004368 0.193838134 0.195616841 0.197336942 0.199031070 0.200695887 0.202392548 0.204117715 0.205835700 0.207543105 0.209270701 0.211015061 0.212840959 0.214744747 0.216582924 0.218351811 0.220149010 0.221970960 0.223716617 0.225382477 0.227106705 0.228885815 0.230703399 0.232555807 0.234377846 0.236165896 0.237977117 0.239807904 0.241579041 0.243286997 0.245022282 0.246781468 0.248549864 0.250323921 0.252112150 0.253910899 0.255701810 0.257481307 0.259189218 0.260822177 0.262439519 0.264038056 0.265661359 0.267306209 0.268882781 0.270387948 0.271986932 0.273676604 0.275281250 0.276797652 0.278277934 0.279719174 0.281131178 0.282511204 0.283939332 0.285412669 0.286774129 0.288020939 0.289327115 0.290690005 0.292011887 0.293290049 0.294561893 0.295824826 0.297089040 0.298369259 0.299668014 0.300965458 0.302264184 0.303475052 0.304600656 0.305725098 0.306850702 0.307997346 0.309167296 0.310336083 0.311506033 0.312633038 0.313719451 0.314804792 0.315891176 0.317012608 0.318171203 0.319328636 0.320487231 0.321630895 0.322761983 0.323891938 0.325023025 0.326159537 0.327303767 0.328446865 0.329591095 0.330727577 0.331858605 0.332988471 0.334119499 0.335244834 0.336366773 0.337487578 0.338609517 0.339721441 0.340825528 0.341928512 0.343032598 0.344102740 0.345141143 0.346178502 0.347216904 0.348264992 0.349324852 0.350383669 0.351443499 0.352515578 0.353601903 0.354687154 0.355773509 0.356830925 0.357861578 0.358891219 0.359921902 0.360950202 0.361978173 0.363005131 0.364033103 0.365025133 0.365983248 0.366940409 0.367898554 0.368870437 0.369858027 0.370844603 0.371832192 0.372790694 0.373722076 0.374652505 0.375583887 0.376479596 0.377341509 0.378202528 0.379064441 0.379944056 0.380843103 0.381741285 0.382640332 0.383493364 0.384302139 0.385110140 0.385918915 0.386735469 0.387561381 0.388386458 0.389212370 0.389977634 0.390683860 0.391389400 0.392095625 0.392806351 0.393522948 0.394238830 0.394955426 0.395614713 0.396218151 0.396820992 0.397424430 0.398013026 0.398587942 0.399162322 0.399737239 0.400254130 0.400714099 0.401173621 0.401633590 0.402075022 0.402498782 0.402922124 0.403345883 0.403731078 0.404078543 0.404425651 0.404773116 0.404745668 0.404344022 0.403942764 0.403541088 0.402911037 0.402051747 0.401193321 0.400334030 0.401002795 0.403197885 0.405390799 0.407585889 0.408424526 0.407911122 0.407398224 0.406884789 0.406094044 0.405024886 0.403956801 0.402887642 0.403133601 0.404692471 0.406249791 0.407808691 0.409366012 0.410924882   
 65 0.094939947 0.096920922 0.098899916 0.100880884 0.102859870 0.104840845 0.106898412 0.109036557 0.111172557 0.113310695 0.115445115 0.117580093 0.119712934 0.121847913 0.124007799 0.126196861 0.128383741 0.130572796 0.132698044 0.134763807 0.136827499 0.138893262 0.140871182 0.142765403 0.144657716 0.146551937 0.148415267 0.150251523 0.152085945 0.153951705 0.155845106 0.157748133 0.159656972 0.161537245 0.163385183 0.165224731 0.167052224 0.168879673 0.170703411 0.172434658 0.174069926 0.175803632 0.177632272 0.179399073 0.181100488 0.182824790 0.184568539 0.186320037 0.188075781 0.189863831 0.191680580 0.193442956 0.195147410 0.196826249 0.198476136 0.200157583 0.201867267 0.203569904 0.205262095 0.206974328 0.208703160 0.210512698 0.212399334 0.214221105 0.215974405 0.217755735 0.219561562 0.221291959 0.222943485 0.224652752 0.226416364 0.228218049 0.230054215 0.231860369 0.233632922 0.235428423 0.237243310 0.238999188 0.240692586 0.242413029 0.244157121 0.245910332 0.247669175 0.249442026 0.251225322 0.253000855 0.254765064 0.256458461 0.258077681 0.259681463 0.261266589 0.262876242 0.264507174 0.266070545 0.267563194 0.269148737 0.270823926 0.272414982 0.273918658 0.275386572 0.276815772 0.278216064 0.279584616 0.281000763 0.282461613 0.283811659 0.285048187 0.286343396 0.287694722 0.289005369 0.290272683 0.291533679 0.292785764 0.294039100 0.295308113 0.296595365 0.297881335 0.299168587 0.300368667 0.301484197 0.302598596 0.303714126 0.304850310 0.306009352 0.307167232 0.308326274 0.309442610 0.310518533 0.311593354 0.312669277 0.313779622 0.314926505 0.316072255 0.317219168 0.318351030 0.319470167 0.320588201 0.321707338 0.322831571 0.323963165 0.325093627 0.326225221 0.327348828 0.328466713 0.329583496 0.330701381 0.331813306 0.332921535 0.334028631 0.335136861 0.336234778 0.337324589 0.338413328 0.339503139 0.340559006 0.341583043 0.342606068 0.343630135 0.344663322 0.345707744 0.346751124 0.347795516 0.348851562 0.349921286 0.350989938 0.352059662 0.353100270 0.354113907 0.355126560 0.356140196 0.357150972 0.358160913 0.359169841 0.360179782 0.361153603 0.362093300 0.363032073 0.363971800 0.364924550 0.365892172 0.366858870 0.367826521 0.368764758 0.369675547 0.370585412 0.371496201 0.372371048 0.373211741 0.374051601 0.374892294 0.375749797 0.376625806 0.377500951 0.378376961 0.379206687 0.379991859 0.380776227 0.381561399 0.382353485 0.383154005 0.383953750 0.384754270 0.385493964 0.386174440 0.386854231 0.387534708 0.388218701 0.388907582 0.389595777 0.390284657 0.390915960 0.391491055 0.392065585 0.392640680 0.393200099 0.393745005 0.394289374 0.394834280 0.395320773 0.395749956 0.396178722 0.396607906 0.397017658 0.397408813 0.397799581 0.398190737 0.398542643 0.398856074 0.399169177 0.399482608 0.399424911 0.398996681 0.398568898 0.398140669 0.397486091 0.396604300 0.395723373 0.394841582 0.395465255 0.397592604 0.399717808 0.401845157 0.402633518 0.402087092 0.401541233 0.400994807 0.400173843 0.399077266 0.397981763 0.396885186 0.397082239 0.398570746 0.400057733 0.401546240 0.403033257 0.404521763   
 66 0.093750566 0.095708013 0.097663507 0.099620953 0.101576440 0.103533886 0.105567135 0.107680120 0.109790973 0.111903951 0.114013411 0.116123594 0.118231662 0.120341845 0.122476794 0.124640733 0.126802519 0.128966466 0.131067529 0.133110031 0.135150477 0.137192979 0.139148876 0.141022235 0.142893732 0.144767106 0.146610111 0.148426518 0.150241107 0.152086765 0.153959796 0.155842423 0.157730877 0.159591183 0.161419615 0.163239837 0.165048197 0.166856602 0.168661416 0.170374900 0.171993643 0.173709691 0.175519615 0.177268505 0.178952843 0.180659875 0.182386160 0.184120178 0.185858458 0.187628701 0.189427391 0.191172376 0.192860186 0.194522738 0.196156740 0.197821975 0.199515164 0.201201424 0.202877432 0.204573274 0.206285581 0.208077714 0.209946066 0.211750373 0.213487014 0.215251431 0.217040077 0.218754232 0.220390409 0.222083732 0.223830789 0.225615531 0.227434367 0.229223594 0.230979607 0.232758343 0.234556258 0.236295849 0.237973675 0.239678264 0.241406247 0.243143275 0.244885862 0.246642321 0.248409122 0.250168234 0.251916170 0.253594100 0.255198628 0.256787896 0.258358717 0.259953767 0.261569858 0.263119131 0.264598429 0.266169548 0.267829359 0.269405872 0.270896018 0.272350729 0.273767114 0.275154859 0.276511192 0.277914524 0.279362023 0.280699909 0.281925470 0.283209026 0.284548014 0.285846710 0.287102491 0.288351923 0.289592475 0.290834278 0.292091459 0.293366551 0.294640332 0.295915425 0.297104120 0.298209012 0.299312770 0.300417662 0.301542789 0.302690327 0.303836763 0.304984331 0.306089401 0.307154328 0.308218181 0.309283108 0.310381860 0.311516523 0.312650055 0.313784719 0.314904273 0.316010982 0.317116588 0.318223298 0.319334775 0.320453256 0.321570605 0.322689086 0.323799342 0.324903637 0.326006860 0.327111155 0.328209251 0.329303354 0.330396354 0.331490427 0.332574010 0.333649218 0.334723324 0.335798532 0.336839736 0.337849110 0.338857472 0.339866847 0.340884864 0.341913551 0.342941195 0.343969882 0.345009655 0.346062481 0.347114265 0.348167092 0.349190652 0.350187093 0.351182520 0.352178931 0.353172004 0.354163736 0.355154485 0.356146216 0.357101679 0.358022898 0.358943164 0.359864384 0.360797882 0.361745566 0.362692297 0.363639951 0.364557952 0.365448147 0.366337419 0.367227614 0.368081629 0.368901223 0.369719982 0.370539576 0.371375114 0.372228205 0.373080432 0.373933524 0.374740094 0.375501871 0.376262873 0.377024621 0.377792478 0.378567904 0.379342556 0.380117983 0.380832434 0.381487519 0.382141948 0.382797033 0.383454710 0.384116292 0.384777218 0.385438800 0.386042565 0.386589885 0.387136668 0.387683958 0.388214827 0.388730317 0.389245301 0.389760822 0.390217632 0.390616775 0.391015530 0.391414672 0.391793519 0.392152905 0.392511904 0.392871290 0.393190771 0.393471092 0.393751144 0.394031465 0.393944621 0.393491149 0.393038154 0.392584682 0.391907007 0.391004264 0.390102386 0.389199615 0.389779210 0.391839355 0.393897414 0.395957530 0.396696627 0.396118790 0.395541549 0.394963712 0.394114286 0.392992139 0.391871125 0.390748978 0.390898645 0.392317861 0.393735677 0.395154923 0.396572739 0.397991955   
 67 0.092517041 0.094449922 0.096380882 0.098313764 0.100244708 0.102177590 0.104185432 0.106272109 0.108356684 0.110443354 0.112526715 0.114610948 0.116693094 0.118777327 0.120886169 0.123023801 0.125159293 0.127296925 0.129372656 0.131390750 0.133406818 0.135424912 0.137357667 0.139209121 0.141058728 0.142910182 0.144731805 0.146527290 0.148320988 0.150145456 0.151997045 0.153858185 0.155725136 0.157564387 0.159372225 0.161172047 0.162960231 0.164748535 0.166533351 0.168228060 0.169829264 0.171526641 0.173316792 0.175046712 0.176712960 0.178401679 0.180109471 0.181824967 0.183544710 0.185296103 0.187075645 0.188802212 0.190472350 0.192117617 0.193734705 0.195382714 0.197058380 0.198727250 0.200386047 0.202064484 0.203759208 0.205532834 0.207381800 0.209167540 0.210886478 0.212632909 0.214403316 0.216100156 0.217720032 0.219396368 0.221125826 0.222892538 0.224692971 0.226464152 0.228202581 0.229963467 0.231743336 0.233465612 0.235126853 0.236814588 0.238525406 0.240245208 0.241970509 0.243709520 0.245458767 0.247200415 0.248931020 0.250592440 0.252181381 0.253755182 0.255310774 0.256890267 0.258490592 0.260024816 0.261489898 0.263045698 0.264689118 0.266250223 0.267725885 0.269166559 0.270569295 0.271943718 0.273286998 0.274676740 0.276110113 0.277435064 0.278648943 0.279920101 0.281245977 0.282531977 0.283775538 0.285012722 0.286241055 0.287470639 0.288715273 0.289977491 0.291238427 0.292500645 0.293677330 0.294770986 0.295863539 0.296957195 0.298070669 0.299206167 0.300340533 0.301476032 0.302569330 0.303622752 0.304675102 0.305728495 0.306815088 0.307936996 0.309057772 0.310179681 0.311286390 0.312380165 0.313472837 0.314566612 0.315664858 0.316769719 0.317873478 0.318978339 0.320074826 0.321165115 0.322254300 0.323344588 0.324428409 0.325507969 0.326586455 0.327666014 0.328734815 0.329795003 0.330854148 0.331914335 0.332940549 0.333934933 0.334928304 0.335922688 0.336925209 0.337937891 0.338949561 0.339962214 0.340985417 0.342021078 0.343055725 0.344091386 0.345097691 0.346076667 0.347054690 0.348033667 0.349008858 0.349982232 0.350954622 0.351927996 0.352865010 0.353767633 0.354669333 0.355571955 0.356486171 0.357413769 0.358340472 0.359268069 0.360165775 0.361035377 0.361904144 0.362773746 0.363606989 0.364405572 0.365203351 0.366001934 0.366815567 0.367645860 0.368475348 0.369305640 0.370089233 0.370827824 0.371565670 0.372304261 0.373048127 0.373798698 0.374548554 0.375299126 0.375988722 0.376618803 0.377248228 0.377878308 0.378510088 0.379144818 0.379778922 0.380413651 0.380990446 0.381510526 0.382030100 0.382550210 0.383053094 0.383539826 0.384026080 0.384512812 0.384940624 0.385310501 0.385679990 0.386049867 0.386398673 0.386727124 0.387055278 0.387383729 0.387671739 0.387919933 0.388167858 0.388416052 0.388301194 0.387823820 0.387346923 0.386869550 0.386170268 0.385248154 0.384326965 0.383404851 0.383941412 0.385934860 0.387926280 0.389919728 0.390610635 0.390003055 0.389396071 0.388788462 0.387912393 0.386766583 0.385621935 0.384476155 0.384579957 0.385931104 0.387280881 0.388632029 0.389981806 0.391332954   
 68 0.091237873 0.093145117 0.095050454 0.096957698 0.098863028 0.100770272 0.102751590 0.104810804 0.106867947 0.108927153 0.110983245 0.113040358 0.115095407 0.117152520 0.119234063 0.121344164 0.123452149 0.125562251 0.127611458 0.129603967 0.131594494 0.133587003 0.135495499 0.137323946 0.139150560 0.140979007 0.142778158 0.144551679 0.146323428 0.148125619 0.149954647 0.151793182 0.153637514 0.155454591 0.157240763 0.159019083 0.160786018 0.162553102 0.164316833 0.165991724 0.167574435 0.169252083 0.171021342 0.172731236 0.174378365 0.176047727 0.177735999 0.179431900 0.181132063 0.182863519 0.184622779 0.186329857 0.187981308 0.189608246 0.191207424 0.192837179 0.194494262 0.196144715 0.197785258 0.199445233 0.201121330 0.202875361 0.204703793 0.206469879 0.208170041 0.209897399 0.211648479 0.213326961 0.214929476 0.216587797 0.218298554 0.220046148 0.221827075 0.223579139 0.225298896 0.227040857 0.228801593 0.230505481 0.232149109 0.233818933 0.235511571 0.237213075 0.238920018 0.240640521 0.242371127 0.244094267 0.245806485 0.247450396 0.249022707 0.250580102 0.252119511 0.253682524 0.255266070 0.256784350 0.258234292 0.259773850 0.261399895 0.262944639 0.264404982 0.265830725 0.267218977 0.268579245 0.269908726 0.271284044 0.272702396 0.274013638 0.275215149 0.276473165 0.277785182 0.279057741 0.280288339 0.281512558 0.282727957 0.283944607 0.285176039 0.286424696 0.287672073 0.288920730 0.290084720 0.291166574 0.292247355 0.293329209 0.294430465 0.295553297 0.296674997 0.297797829 0.298878789 0.299920142 0.300960451 0.302001804 0.303075731 0.304184318 0.305291802 0.306400388 0.307493746 0.308574080 0.309653312 0.310733646 0.311818123 0.312908888 0.313998580 0.315089345 0.316171557 0.317247361 0.318322122 0.319397926 0.320467055 0.321531653 0.322595179 0.323659748 0.324713409 0.325758189 0.326801956 0.327846736 0.328857630 0.329836696 0.330814779 0.331793845 0.332780570 0.333776951 0.334772319 0.335768670 0.336775005 0.337793261 0.338810474 0.339828700 0.340817481 0.341778815 0.342739224 0.343700558 0.344657719 0.345612556 0.346566439 0.347521275 0.348439723 0.349323630 0.350206673 0.351090580 0.351985395 0.352892905 0.353799522 0.354707032 0.355584413 0.356433481 0.357281685 0.358130753 0.358943254 0.359720916 0.360497832 0.361275494 0.362067372 0.362874985 0.363681823 0.364489436 0.365250289 0.365965933 0.366680890 0.367396533 0.368116677 0.368842721 0.369568020 0.370294064 0.370959073 0.371564537 0.372169405 0.372774869 0.373381168 0.373989522 0.374597281 0.375205636 0.375755936 0.376249403 0.376742363 0.377235830 0.377711385 0.378170013 0.378628194 0.379086822 0.379486352 0.379827738 0.380168766 0.380510151 0.380829722 0.381128132 0.381426275 0.381724685 0.381982148 0.382199198 0.382416040 0.382633120 0.382491469 0.381991565 0.381492138 0.380992234 0.380272865 0.379333019 0.378394097 0.377454251 0.377948940 0.379876226 0.381801605 0.383728892 0.384372771 0.383737117 0.383102089 0.382466435 0.381565511 0.380398065 0.379231751 0.378064305 0.378123820 0.379408032 0.380690962 0.381975174 0.383258075 0.384542286   
 69 0.089911662 0.091792181 0.093670830 0.095551349 0.097429983 0.099310502 0.101264156 0.103294723 0.105323248 0.107353799 0.109381445 0.111410238 0.113436997 0.115465797 0.117518827 0.119600154 0.121679403 0.123760730 0.125782207 0.127747953 0.129711747 0.131677493 0.133560568 0.135364905 0.137167439 0.138971776 0.140747353 0.142497808 0.144246519 0.146025315 0.147830680 0.149645463 0.151466072 0.153259858 0.155023247 0.156778976 0.158523515 0.160268307 0.162009865 0.163663894 0.165227085 0.166883975 0.168631211 0.170320004 0.171946973 0.173595920 0.175263569 0.176938817 0.178618312 0.180328727 0.182066649 0.183753133 0.185384825 0.186992407 0.188572645 0.190183118 0.191820577 0.193451554 0.195072770 0.196713224 0.198369622 0.200102940 0.201909706 0.203654990 0.205335319 0.207042500 0.208773121 0.210432172 0.212016344 0.213655561 0.215346575 0.217073932 0.218834206 0.220566064 0.222266048 0.223987997 0.225728437 0.227412865 0.229037851 0.230688706 0.232362077 0.234044224 0.235731766 0.237432688 0.239143565 0.240847111 0.242539883 0.244165257 0.245719999 0.247260004 0.248782232 0.250327766 0.251893550 0.253394932 0.254828900 0.256351233 0.257958919 0.259486347 0.260930449 0.262340397 0.263713330 0.265058577 0.266373426 0.267733485 0.269135982 0.270432740 0.271621138 0.272865266 0.274162650 0.275421053 0.276637942 0.277848512 0.279050291 0.280253291 0.281470776 0.282705158 0.283938289 0.285172641 0.286323309 0.287392765 0.288461149 0.289530605 0.290619045 0.291728616 0.292837054 0.293946624 0.295014679 0.296043426 0.297071159 0.298099935 0.299160630 0.300255358 0.301348984 0.302443713 0.303523183 0.304589540 0.305654854 0.306721210 0.307791442 0.308867633 0.309942752 0.311018944 0.312086374 0.313147247 0.314207047 0.315267891 0.316321880 0.317371070 0.318419248 0.319468439 0.320506513 0.321535528 0.322563499 0.323592514 0.324587703 0.325551122 0.326513588 0.327477038 0.328447670 0.329427421 0.330406189 0.331385940 0.332375139 0.333375663 0.334375203 0.335375726 0.336346716 0.337290227 0.338232785 0.339176297 0.340115190 0.341051340 0.341986537 0.342922688 0.343822390 0.344687551 0.345551819 0.346416980 0.347292364 0.348179698 0.349066168 0.349953502 0.350810528 0.351639062 0.352466762 0.353295296 0.354087174 0.354844034 0.355600119 0.356356978 0.357127219 0.357912332 0.358696640 0.359481752 0.360220015 0.360912979 0.361605257 0.362298220 0.362994909 0.363696665 0.364397705 0.365099460 0.365740269 0.366321564 0.366902262 0.367483556 0.368064851 0.368647277 0.369229138 0.369811565 0.370335907 0.370803326 0.371270269 0.371737689 0.372186542 0.372617751 0.373048544 0.373479784 0.373851806 0.374165505 0.374478906 0.374792606 0.375083774 0.375353068 0.375622123 0.375891417 0.376119256 0.376306206 0.376492977 0.376679927 0.376512706 0.375991702 0.375471234 0.374950200 0.374212265 0.373256356 0.372301400 0.371345490 0.371799380 0.373661131 0.375521034 0.377382785 0.377980828 0.377318829 0.376657486 0.375995487 0.375071585 0.373884469 0.372698545 0.371511430 0.371528298 0.372746825 0.373964131 0.375182658 0.376399964 0.377618492   
 70 0.088537306 0.090389989 0.092240833 0.094093524 0.095944352 0.097797044 0.099721886 0.101722606 0.103721313 0.105722018 0.107720003 0.109719262 0.111716524 0.113715783 0.115739070 0.117790386 0.119839638 0.121890955 0.123883463 0.125821263 0.127757117 0.129694909 0.131551415 0.133330494 0.135107815 0.136886910 0.138637811 0.140364096 0.142088652 0.143842965 0.145623505 0.147413418 0.149209142 0.150978506 0.152718008 0.154450014 0.156171098 0.157892466 0.159610718 0.161242798 0.162785485 0.164420515 0.166144639 0.167811245 0.169416994 0.171044469 0.172690421 0.174343929 0.176001668 0.177689955 0.179405376 0.181070194 0.182681054 0.184268221 0.185828507 0.187418625 0.189035386 0.190645814 0.192246675 0.193866536 0.195502162 0.197213635 0.198997542 0.200720906 0.202380300 0.204066202 0.205775261 0.207413793 0.208978564 0.210597634 0.212267771 0.213973790 0.215712294 0.217422798 0.219101921 0.220802709 0.222521797 0.224185646 0.225790948 0.227421761 0.229074791 0.230736494 0.232403532 0.234083772 0.235773847 0.237456694 0.239128947 0.240734741 0.242270887 0.243792534 0.245296627 0.246823728 0.248370737 0.249854252 0.251271278 0.252775460 0.254363775 0.255872935 0.257299900 0.258693159 0.260049909 0.261379331 0.262678772 0.264022738 0.265408486 0.266689956 0.267864496 0.269093990 0.270375937 0.271619409 0.272821873 0.274018049 0.275205493 0.276394159 0.277596980 0.278816342 0.280034482 0.281253844 0.282390535 0.283446968 0.284502357 0.285558790 0.286633790 0.287729472 0.288824081 0.289919734 0.290974319 0.291989952 0.293004572 0.294020206 0.295067161 0.296147466 0.297226697 0.298307002 0.299372017 0.300423890 0.301474750 0.302526653 0.303582072 0.304643154 0.305703193 0.306764275 0.307816505 0.308861941 0.309906363 0.310951799 0.311990172 0.313023567 0.314055920 0.315089285 0.316111356 0.317124188 0.318136007 0.319148839 0.320127964 0.321075439 0.322021991 0.322969466 0.323923677 0.324886531 0.325848430 0.326811284 0.327783018 0.328765571 0.329747111 0.330729663 0.331682652 0.332608104 0.333532631 0.334458083 0.335378498 0.336295784 0.337212145 0.338129401 0.339010298 0.339856595 0.340702057 0.341548353 0.342404217 0.343271315 0.344137579 0.345004678 0.345841378 0.346649379 0.347456604 0.348264605 0.349035889 0.349772066 0.350507498 0.351243675 0.351992399 0.352755129 0.353517085 0.354279816 0.354995698 0.355666220 0.356336057 0.357006580 0.357680053 0.358357847 0.359034956 0.359712750 0.360329747 0.360887259 0.361444235 0.362001747 0.362558454 0.363115489 0.363671929 0.364228964 0.364727885 0.365169853 0.365611404 0.366053373 0.366476178 0.366880685 0.367284775 0.367689282 0.368034571 0.368321419 0.368607998 0.368894845 0.369158536 0.369399637 0.369640499 0.369881600 0.370080858 0.370238721 0.370396435 0.370554328 0.370362759 0.369822115 0.369282007 0.368741363 0.367986441 0.367016196 0.366046906 0.365076661 0.365490913 0.367287725 0.369082749 0.370879591 0.371432900 0.370746344 0.370060474 0.369373918 0.368428975 0.367224276 0.366020769 0.364816040 0.364791960 0.365946054 0.367099017 0.368253112 0.369406074 0.370560169   
 71 0.087113813 0.088937551 0.090759471 0.092583209 0.094405130 0.096228868 0.098123737 0.100093395 0.102061071 0.104030721 0.105997823 0.107966334 0.109932870 0.111901373 0.113893673 0.115913697 0.117931701 0.119951732 0.121914044 0.123822659 0.125729367 0.127637982 0.129466742 0.131219462 0.132970437 0.134723157 0.136448279 0.138149291 0.139848605 0.141577289 0.143331856 0.145095736 0.146865398 0.148609221 0.150323674 0.152030870 0.153727338 0.155424193 0.157118022 0.158727109 0.160248220 0.161860347 0.163560212 0.165203527 0.166787013 0.168391928 0.170015082 0.171645746 0.173280671 0.174945697 0.176637501 0.178279534 0.179868519 0.181434199 0.182973489 0.184542179 0.186137185 0.187725976 0.189305410 0.190903604 0.192517370 0.194205865 0.195965737 0.197666049 0.199303403 0.200966910 0.202653244 0.204270184 0.205814496 0.207412347 0.209060505 0.210744053 0.212459624 0.214147657 0.215804815 0.217483342 0.219179913 0.220822111 0.222406670 0.224016353 0.225647971 0.227288127 0.228933543 0.230592012 0.232260168 0.233921230 0.235571861 0.237157032 0.238673598 0.240175873 0.241660848 0.243168488 0.244695768 0.246160462 0.247559652 0.249044687 0.250612587 0.252102524 0.253511459 0.254887164 0.256226838 0.257539570 0.258822739 0.260149717 0.261517912 0.262783259 0.263943255 0.265157342 0.266423047 0.267650813 0.268838137 0.270019174 0.271191567 0.272365123 0.273552567 0.274756223 0.275958657 0.277162313 0.278284341 0.279327154 0.280368924 0.281411737 0.282472700 0.283553898 0.284633994 0.285715193 0.286755681 0.287757635 0.288758606 0.289760560 0.290793210 0.291858524 0.292922765 0.293988079 0.295038104 0.296075016 0.297110856 0.298147768 0.299187928 0.300233424 0.301277876 0.302323371 0.303359836 0.304389417 0.305417955 0.306447506 0.307469815 0.308486909 0.309502989 0.310520113 0.311525762 0.312522024 0.313517302 0.314513564 0.315476298 0.316407502 0.317337751 0.318268955 0.319206446 0.320152074 0.321096748 0.322042376 0.322996408 0.323960662 0.324923962 0.325888246 0.326822996 0.327730179 0.328636467 0.329543650 0.330445468 0.331343681 0.332241029 0.333139241 0.334001154 0.334828496 0.335655034 0.336482376 0.337318659 0.338165492 0.339011490 0.339858353 0.340674669 0.341462195 0.342248917 0.343036443 0.343787223 0.344502807 0.345217705 0.345933288 0.346660644 0.347401142 0.348140895 0.348881394 0.349575073 0.350223422 0.350871086 0.351519436 0.352170020 0.352824152 0.353477627 0.354131758 0.354725271 0.355259478 0.355793118 0.356327325 0.356859922 0.357392013 0.357923567 0.358455658 0.358929753 0.359346926 0.359763712 0.360180885 0.360578299 0.360956788 0.361334920 0.361713409 0.362032712 0.362293571 0.362554163 0.362815022 0.363052130 0.363265991 0.363479614 0.363693476 0.363865137 0.363995016 0.364124775 0.364254653 0.364040047 0.363481224 0.362922966 0.362364143 0.361593843 0.360610992 0.359629095 0.358646244 0.359022051 0.360754550 0.362485349 0.364217848 0.364727736 0.364018410 0.363309830 0.362600505 0.361636490 0.360416293 0.359197319 0.357977122 0.357913762 0.359004766 0.360094666 0.361185670 0.362275571 0.363366574   
 72 0.085640430 0.087434091 0.089225970 0.091019638 0.092811503 0.094605170 0.096468888 0.098406263 0.100341693 0.102279060 0.104214065 0.106150582 0.108085163 0.110021681 0.111981735 0.113969199 0.115954675 0.117942140 0.119873002 0.121751219 0.123627551 0.125505775 0.127305612 0.129030839 0.130754337 0.132479563 0.134177759 0.135852382 0.137525335 0.139227241 0.140954733 0.142691419 0.144433871 0.146150962 0.147839278 0.149520487 0.151191235 0.152862415 0.154530704 0.156115696 0.157614261 0.159202367 0.160876870 0.162495792 0.164055914 0.165637195 0.167236492 0.168843225 0.170454189 0.172094837 0.173761889 0.175380036 0.176946044 0.178489208 0.180006430 0.181552663 0.183124781 0.184690878 0.186247811 0.187823251 0.189414054 0.191078454 0.192813098 0.194489211 0.196103409 0.197743386 0.199405879 0.201000124 0.202522933 0.204098478 0.205723554 0.207383499 0.209074974 0.210739404 0.212373465 0.214028612 0.215701520 0.217320964 0.218883693 0.220471188 0.222080275 0.223697796 0.225320533 0.226956099 0.228601232 0.230239391 0.231867298 0.233430788 0.234926760 0.236408666 0.237873539 0.239360735 0.240867242 0.242312148 0.243692577 0.245157480 0.246703982 0.248173684 0.249563649 0.250920862 0.252242655 0.253537834 0.254803926 0.256113112 0.257462829 0.258711278 0.259855926 0.261053801 0.262302518 0.263513774 0.264685243 0.265850425 0.267007023 0.268164784 0.269336104 0.270523280 0.271709293 0.272896469 0.274003178 0.275031745 0.276059300 0.277087897 0.278134197 0.279200256 0.280265272 0.281331360 0.282357186 0.283344924 0.284331679 0.285319418 0.286337167 0.287386894 0.288435608 0.289485335 0.290519863 0.291541219 0.292561561 0.293582946 0.294607282 0.295636654 0.296665013 0.297694385 0.298714668 0.299727857 0.300740063 0.301753253 0.302759051 0.303759456 0.304758847 0.305759251 0.306748092 0.307727367 0.308705658 0.309684932 0.310630888 0.311545491 0.312459141 0.313373744 0.314294159 0.315222293 0.316149473 0.317077577 0.318013579 0.318959296 0.319904059 0.320849746 0.321766019 0.322654754 0.323542565 0.324431300 0.325314283 0.326193303 0.327071428 0.327950448 0.328793257 0.329601586 0.330409110 0.331217438 0.332034081 0.332860589 0.333686262 0.334512770 0.335308731 0.336075813 0.336842090 0.337609172 0.338339478 0.339034617 0.339729041 0.340424180 0.341130257 0.341848701 0.342566431 0.343284875 0.343956590 0.344583005 0.345208794 0.345835209 0.346463174 0.347093970 0.347724110 0.348354906 0.348925322 0.349436641 0.349947423 0.350458741 0.350967735 0.351475418 0.351982594 0.352490276 0.352940083 0.353333086 0.353725702 0.354118705 0.354491413 0.354844660 0.355197549 0.355550796 0.355844915 0.356080651 0.356316119 0.356551856 0.356763273 0.356950849 0.357138216 0.357325792 0.357470900 0.357573897 0.357676774 0.357779771 0.357543409 0.356967896 0.356392980 0.355817467 0.355033457 0.354039758 0.353047043 0.352053344 0.352391928 0.354060769 0.355727971 0.357396811 0.357864469 0.357134283 0.356404811 0.355674595 0.354693472 0.353459924 0.352227628 0.350994080 0.350893170 0.351922393 0.352950603 0.353979856 0.355008066 0.356037289   
 73 0.084116578 0.085879043 0.087639742 0.089402199 0.091162890 0.092925347 0.094756745 0.096660607 0.098562561 0.100466415 0.102368087 0.104271375 0.106172763 0.108076058 0.110002607 0.111956231 0.113907903 0.115861520 0.117759690 0.119606286 0.121451035 0.123297632 0.125067368 0.126763940 0.128458813 0.130155385 0.131825536 0.133472666 0.135118157 0.136792168 0.138491392 0.140199736 0.141913801 0.143603027 0.145264044 0.146918148 0.148562059 0.150206447 0.151848063 0.153407902 0.154882833 0.156445861 0.158093855 0.159687281 0.161222979 0.162779540 0.164353877 0.165935561 0.167521477 0.169136614 0.170777783 0.172370926 0.173912898 0.175432459 0.176926568 0.178449258 0.179997444 0.181539774 0.183073118 0.184624732 0.186191469 0.187830612 0.189538851 0.191189602 0.192779526 0.194394857 0.196032345 0.197602794 0.199103072 0.200655207 0.202256098 0.203891292 0.205557510 0.207197174 0.208807051 0.210437655 0.212085783 0.213681355 0.215221182 0.216785386 0.218370855 0.219964623 0.221563548 0.223175108 0.224796116 0.226410270 0.228014335 0.229555085 0.231029436 0.232489973 0.233933762 0.235399500 0.236884236 0.238308385 0.239669114 0.241112933 0.242636979 0.244085476 0.245455563 0.246793404 0.248096362 0.249373168 0.250621319 0.251911849 0.253242195 0.254472911 0.255601525 0.256782442 0.258013308 0.259207308 0.260362118 0.261510700 0.262650788 0.263792008 0.264946461 0.266116470 0.267285287 0.268455267 0.269545972 0.270559698 0.271572441 0.272586167 0.273617208 0.274667531 0.275716811 0.276767164 0.277777761 0.278750718 0.279722691 0.280695647 0.281697959 0.282731563 0.283764154 0.284797758 0.285816163 0.286821455 0.287825763 0.288831055 0.289839059 0.290851802 0.291863561 0.292876303 0.293879837 0.294876218 0.295871586 0.296867937 0.297856748 0.298840016 0.299822271 0.300805509 0.301777124 0.302739024 0.303699970 0.304661870 0.305590689 0.306488335 0.307385087 0.308282733 0.309185803 0.310096085 0.311005443 0.311915696 0.312833369 0.313760251 0.314686209 0.315613091 0.316510588 0.317380607 0.318249762 0.319119781 0.319983751 0.320843399 0.321702182 0.322561830 0.323385417 0.324174643 0.324963093 0.325752318 0.326549202 0.327355355 0.328160673 0.328966826 0.329742402 0.330489039 0.331234932 0.331981570 0.332691520 0.333366334 0.334040433 0.334715247 0.335400224 0.336096764 0.336792588 0.337489128 0.338139057 0.338743836 0.339347988 0.339952737 0.340558410 0.341166168 0.341773331 0.342381120 0.342928827 0.343417734 0.343906134 0.344395012 0.344880879 0.345364660 0.345847964 0.346331745 0.346757889 0.347127378 0.347496510 0.347865969 0.348214716 0.348543406 0.348871797 0.349200487 0.349470258 0.349681735 0.349893034 0.350104511 0.350291193 0.350453466 0.350615591 0.350777864 0.350897431 0.350974649 0.351051778 0.351128995 0.350872219 0.350281566 0.349691510 0.349100858 0.348304749 0.347301990 0.346300274 0.345297515 0.345600098 0.347205997 0.348810285 0.350416183 0.350842893 0.350093663 0.349345148 0.348595917 0.347599685 0.346354991 0.345111549 0.343866855 0.343730181 0.344699025 0.345666885 0.346635729 0.347603619 0.348572463   
 74 0.082541883 0.084271997 0.086000390 0.087730512 0.089458898 0.091189012 0.092986897 0.094856016 0.096723266 0.098592378 0.100459479 0.102328308 0.104195260 0.106064089 0.107955880 0.109874383 0.111790970 0.113709472 0.115573689 0.117387436 0.119199373 0.121013120 0.122751571 0.124418363 0.126083478 0.127750278 0.129391253 0.131009758 0.132626653 0.134271637 0.135941446 0.137620285 0.139304787 0.140965000 0.142597586 0.144223467 0.145839378 0.147455871 0.149069667 0.150603265 0.152053595 0.153590441 0.155210763 0.156777591 0.158287808 0.159818575 0.161366820 0.162922382 0.164482132 0.166070655 0.167684779 0.169251814 0.170768648 0.172263533 0.173733518 0.175231576 0.176754773 0.178272218 0.179780915 0.181307584 0.182849154 0.184461892 0.186142549 0.187766775 0.189331338 0.190920874 0.192532241 0.194077790 0.195554465 0.197082102 0.198657691 0.200266987 0.201906815 0.203520581 0.205105111 0.206710055 0.208332226 0.209902823 0.211418673 0.212958515 0.214519247 0.216088191 0.217662185 0.219248652 0.220844373 0.222433403 0.224012554 0.225529492 0.226981208 0.228419363 0.229841068 0.231284350 0.232746273 0.234148696 0.235488787 0.236910522 0.238411084 0.239837408 0.241186664 0.242504239 0.243787527 0.245045096 0.246274441 0.247545451 0.248855546 0.250067711 0.251179516 0.252342701 0.253554910 0.254730910 0.255868286 0.256999552 0.258122355 0.259246290 0.260383159 0.261535227 0.262686133 0.263838202 0.264912218 0.265910476 0.266907752 0.267906010 0.268921137 0.269955099 0.270988047 0.272022039 0.273016781 0.273974389 0.274931073 0.275888681 0.276874989 0.277891874 0.278907746 0.279924631 0.280926436 0.281915128 0.282902837 0.283891529 0.284882665 0.285878271 0.286872894 0.287868500 0.288854837 0.289833874 0.290811956 0.291790992 0.292762369 0.293727994 0.294692695 0.295658320 0.296612263 0.297556370 0.298499554 0.299443662 0.300354958 0.301235348 0.302114844 0.302995205 0.303880602 0.304772735 0.305663973 0.306556106 0.307455152 0.308362901 0.309269756 0.310177505 0.311056018 0.311907142 0.312757403 0.313608527 0.314453304 0.315293401 0.316132694 0.316972792 0.317777038 0.318547070 0.319316357 0.320086390 0.320863485 0.321649194 0.322434127 0.323219836 0.323975027 0.324701279 0.325426787 0.326153010 0.326842695 0.327497303 0.328151226 0.328805834 0.329469860 0.330144644 0.330818772 0.331493556 0.332121968 0.332705349 0.333288163 0.333871573 0.334455222 0.335040301 0.335624814 0.336209893 0.336735308 0.337202221 0.337668657 0.338135570 0.338598788 0.339059204 0.339519173 0.339979619 0.340382695 0.340729326 0.341075629 0.341422260 0.341747701 0.342052639 0.342357278 0.342662215 0.342908442 0.343096584 0.343284547 0.343472689 0.343635559 0.343773544 0.343911409 0.344049394 0.344144523 0.344197065 0.344249576 0.344302148 0.344026238 0.343421996 0.342818350 0.342214108 0.341407627 0.340397656 0.339388728 0.338378757 0.338646621 0.340190262 0.341732323 0.343275964 0.343663037 0.342896670 0.342131078 0.341364712 0.340355456 0.339101791 0.337849379 0.336595714 0.336425066 0.337334961 0.338243932 0.339153796 0.340062767 0.340972662   
 75 0.080916137 0.082612783 0.084307738 0.086004384 0.087699331 0.089395978 0.091159180 0.092992336 0.094823644 0.096656799 0.098488100 0.100321218 0.102152511 0.103985630 0.105841413 0.107723512 0.109603725 0.111485831 0.113314852 0.115094535 0.116872430 0.118652120 0.120358109 0.121993974 0.123628207 0.125264063 0.126874745 0.128463522 0.130050704 0.131665528 0.133304775 0.134952947 0.136606753 0.138236791 0.139839828 0.141436338 0.143023148 0.144610584 0.146195456 0.147701740 0.149126396 0.150636002 0.152227521 0.153766647 0.155250311 0.156754196 0.158275276 0.159803614 0.161336094 0.162896886 0.164482817 0.166022643 0.167513266 0.168982431 0.170427203 0.171899587 0.173396662 0.174888164 0.176371142 0.177871794 0.179387137 0.180972323 0.182624176 0.184220746 0.185758814 0.187321454 0.188905522 0.190425083 0.191877097 0.193379164 0.194928303 0.196510568 0.198122829 0.199709564 0.201267630 0.202845782 0.204440877 0.205985382 0.207476184 0.208990574 0.210525468 0.212068453 0.213616416 0.215176642 0.216745988 0.218308792 0.219861895 0.221353978 0.222782031 0.224196807 0.225595430 0.227015242 0.228453353 0.229833066 0.231151581 0.232550263 0.234026268 0.235429451 0.236756951 0.238053352 0.239316061 0.240553513 0.241763249 0.243013859 0.244302839 0.245495647 0.246589884 0.247734547 0.248927325 0.250084490 0.251203716 0.252316892 0.253421724 0.254527658 0.255646199 0.256779581 0.257911861 0.259045243 0.260101885 0.261084050 0.262065232 0.263047397 0.264045984 0.265062958 0.266078949 0.267095923 0.268074244 0.269015968 0.269956738 0.270898461 0.271868199 0.272867799 0.273866385 0.274865985 0.275850564 0.276822120 0.277792692 0.278764248 0.279738009 0.280715972 0.281692922 0.282670885 0.283639491 0.284600735 0.285560995 0.286522239 0.287475705 0.288423300 0.289369971 0.290317565 0.291253418 0.292179346 0.293104351 0.294030279 0.294923723 0.295786470 0.296648353 0.297511101 0.298378468 0.299252152 0.300124973 0.300998658 0.301878840 0.302767187 0.303654611 0.304542959 0.305402249 0.306234270 0.307065427 0.307897449 0.308722824 0.309543252 0.310362846 0.311183244 0.311968029 0.312718779 0.313468814 0.314219564 0.314976841 0.315742075 0.316506535 0.317271769 0.318006575 0.318712443 0.319417626 0.320123523 0.320793003 0.321427524 0.322061419 0.322695941 0.323339164 0.323992372 0.324644923 0.325298131 0.325905234 0.326467544 0.327029318 0.327591628 0.328153580 0.328716338 0.329278499 0.329841256 0.330344766 0.330790192 0.331235141 0.331680566 0.332121640 0.332559228 0.332996398 0.333434016 0.333814621 0.334139079 0.334463239 0.334787697 0.335090578 0.335372537 0.335654199 0.335936159 0.336159706 0.336325407 0.336490929 0.336656630 0.336796671 0.336911410 0.337026000 0.337140739 0.337212503 0.337241560 0.337270588 0.337299645 0.337006003 0.336389720 0.335774064 0.335157782 0.334342569 0.333327234 0.332312912 0.331297576 0.331532001 0.333014101 0.334494710 0.335976809 0.336325616 0.335544050 0.334763259 0.333981693 0.332961500 0.331701100 0.330441952 0.329181552 0.328978777 0.329831123 0.330682635 0.331534982 0.332386494 0.333238840   
 76 0.079239383 0.080901437 0.082561821 0.084223866 0.085884251 0.087546296 0.089273639 0.091069609 0.092863768 0.094659731 0.096454009 0.098250195 0.100044586 0.101840772 0.103659280 0.105503708 0.107346289 0.109190717 0.110983297 0.112727694 0.114470348 0.116214745 0.117887102 0.119490914 0.121093124 0.122696929 0.124276198 0.125834137 0.127390504 0.128974050 0.130581573 0.132197931 0.133819878 0.135418609 0.136990950 0.138556972 0.140113562 0.141670823 0.143225655 0.144703537 0.146101534 0.147582814 0.149144396 0.150654733 0.152110770 0.153586701 0.155079558 0.156579554 0.158083677 0.159615591 0.161172226 0.162683725 0.164147064 0.165589452 0.167007968 0.168453619 0.169923499 0.171387985 0.172844157 0.174317718 0.175805703 0.177362204 0.178984106 0.180551857 0.182062343 0.183596939 0.185152605 0.186645061 0.188071370 0.189546779 0.191068336 0.192622453 0.194205984 0.195764557 0.197295040 0.198845267 0.200412124 0.201929420 0.203394115 0.204881936 0.206389934 0.207905859 0.209426701 0.210959584 0.212501422 0.214036867 0.215562820 0.217028961 0.218432367 0.219822735 0.221197292 0.222592622 0.224005908 0.225361928 0.226657957 0.228032574 0.229483053 0.230862066 0.232166901 0.233441204 0.234682456 0.235898942 0.237088233 0.238317594 0.239584535 0.240757167 0.241833106 0.242958456 0.244130984 0.245268539 0.246368870 0.247463197 0.248549312 0.249636516 0.250735998 0.251849979 0.252962828 0.254076809 0.255115420 0.256080866 0.257045358 0.258010805 0.258992225 0.259991586 0.260989934 0.261989266 0.262950569 0.263875842 0.264800191 0.265725464 0.266678035 0.267659754 0.268640518 0.269622236 0.270589054 0.271542937 0.272495836 0.273449719 0.274405569 0.275365323 0.276324123 0.277283877 0.278234273 0.279177248 0.280119240 0.281062216 0.281997293 0.282926381 0.283854574 0.284783661 0.285700977 0.286608309 0.287514746 0.288422108 0.289297283 0.290142089 0.290986061 0.291830897 0.292679936 0.293534875 0.294388950 0.295243889 0.296104819 0.296973467 0.297841251 0.298709899 0.299549699 0.300362378 0.301174253 0.301986933 0.302792728 0.303593278 0.304393053 0.305193603 0.305958778 0.306690186 0.307420880 0.308152288 0.308889657 0.309634387 0.310378373 0.311123103 0.311837494 0.312523067 0.313207954 0.313893527 0.314542919 0.315157473 0.315771431 0.316386014 0.317008585 0.317640424 0.318271607 0.318903446 0.319489479 0.320030987 0.320571959 0.321113467 0.321654052 0.322194785 0.322735012 0.323275745 0.323757768 0.324182183 0.324606150 0.325030565 0.325450003 0.325865328 0.326280236 0.326695561 0.327054292 0.327357262 0.327659965 0.327962935 0.328244001 0.328503728 0.328763217 0.329022974 0.329224676 0.329368860 0.329512894 0.329657078 0.329775274 0.329867750 0.329960167 0.330052644 0.330102175 0.330108881 0.330115616 0.330122322 0.329812318 0.329185605 0.328559488 0.327932775 0.327110589 0.326091737 0.325073898 0.324055016 0.324257284 0.325678617 0.327098548 0.328519881 0.328831702 0.328036904 0.327242881 0.326448053 0.325419009 0.324154109 0.322890490 0.321625620 0.321392596 0.322188884 0.322984397 0.323780715 0.324576229 0.325372517   
 77 0.077511773 0.079138108 0.080762826 0.082389161 0.084013872 0.085640214 0.087330535 0.089088097 0.090843894 0.092601448 0.094357491 0.096115522 0.097871795 0.099629834 0.101409838 0.103215329 0.105019011 0.106824502 0.108579412 0.110287324 0.111993529 0.113701440 0.115339011 0.116909638 0.118478701 0.120049343 0.121596083 0.123122081 0.124646544 0.126197681 0.127772361 0.129355758 0.130944684 0.132510975 0.134051517 0.135585934 0.137111202 0.138637185 0.140160829 0.141609266 0.142979592 0.144431472 0.145962030 0.147442475 0.148869842 0.150316745 0.151780263 0.153250843 0.154725522 0.156227469 0.157753646 0.159235731 0.160670742 0.162085280 0.163476527 0.164894372 0.166336000 0.167772397 0.169200704 0.170646086 0.172105640 0.173632324 0.175223097 0.176760897 0.178242669 0.179748118 0.181274220 0.182738513 0.184138045 0.185585722 0.187078625 0.188603446 0.190157101 0.191686362 0.193188176 0.194709331 0.196246818 0.197735801 0.199173331 0.200633526 0.202113494 0.203601256 0.205093861 0.206598282 0.208111510 0.209618494 0.211116225 0.212555379 0.213933080 0.215298057 0.216647565 0.218017414 0.219404861 0.220736220 0.222008824 0.223358408 0.224782288 0.226136193 0.227417395 0.228668720 0.229887664 0.231082320 0.232250318 0.233457550 0.234701604 0.235853225 0.236910105 0.238015383 0.239166826 0.240283996 0.241364673 0.242439404 0.243506074 0.244573802 0.245653510 0.246747330 0.247840047 0.248933867 0.249953732 0.250901848 0.251848996 0.252797097 0.253760755 0.254741848 0.255721986 0.256703079 0.257646769 0.258554995 0.259462327 0.260370582 0.261305422 0.262268722 0.263231039 0.264194310 0.265142828 0.266078472 0.267013192 0.267948836 0.268886238 0.269827306 0.270767421 0.271708459 0.272640139 0.273564339 0.274487585 0.275411785 0.276328027 0.277238190 0.278147429 0.279057562 0.279955924 0.280844271 0.281731755 0.282620102 0.283476651 0.284303188 0.285128921 0.285955459 0.286785841 0.287621707 0.288456738 0.289292604 0.290134043 0.290982723 0.291830540 0.292679220 0.293499291 0.294292450 0.295084804 0.295877963 0.296664000 0.297444552 0.298224300 0.299004823 0.299750298 0.300462306 0.301173598 0.301885605 0.302602977 0.303327143 0.304050595 0.304774761 0.305468768 0.306134075 0.306798697 0.307464004 0.308093399 0.308688164 0.309282362 0.309877127 0.310479224 0.311089844 0.311699837 0.312310427 0.312875628 0.313396662 0.313917160 0.314438164 0.314957708 0.315476805 0.315995365 0.316514462 0.316975415 0.317379266 0.317782730 0.318186611 0.318584949 0.318978578 0.319371790 0.319765419 0.320102930 0.320385128 0.320667028 0.320949197 0.321209162 0.321447492 0.321685582 0.321923912 0.322104633 0.322228253 0.322351724 0.322475344 0.322572678 0.322643995 0.322715223 0.322786510 0.322814882 0.322800457 0.322786033 0.322771609 0.322446615 0.321811020 0.321176082 0.320540518 0.319713086 0.318692565 0.317673057 0.316652536 0.316823989 0.318185329 0.319545329 0.320906699 0.321182966 0.320376873 0.319571555 0.318765461 0.317729682 0.316462576 0.315196753 0.313929677 0.313668281 0.314410061 0.315151095 0.315892875 0.316633910 0.317375690   
 78 0.075733729 0.077323250 0.078911185 0.080500707 0.082088634 0.083678164 0.085330307 0.087048277 0.088764518 0.090482473 0.092199072 0.093917742 0.095634699 0.097353369 0.099093638 0.100858957 0.102622502 0.104387820 0.106103830 0.107774064 0.109442621 0.111112855 0.112714477 0.114250831 0.115785643 0.117321998 0.118835129 0.120328099 0.121819571 0.123337194 0.124877930 0.126427233 0.127982020 0.129514754 0.131022364 0.132524088 0.134016901 0.135510504 0.137001917 0.138419852 0.139761478 0.141182914 0.142681316 0.144130796 0.145528451 0.146945268 0.148378387 0.149818480 0.151262641 0.152733520 0.154228151 0.155679733 0.157085344 0.158471003 0.159833923 0.161222920 0.162635237 0.164042488 0.165441856 0.166858003 0.168288052 0.169783801 0.171342269 0.172848985 0.174300954 0.175776139 0.177271575 0.178706601 0.180078357 0.181497216 0.182960376 0.184454769 0.185977399 0.187476218 0.188948244 0.190439224 0.191946208 0.193405807 0.194815069 0.196246579 0.197697431 0.199155971 0.200619236 0.202094108 0.203577623 0.205055043 0.206523433 0.207934543 0.209285572 0.210624143 0.211947590 0.213290960 0.214651570 0.215957299 0.217205554 0.218529135 0.219925404 0.221253201 0.222509891 0.223737314 0.224933058 0.226105034 0.227250904 0.228435159 0.229655415 0.230785221 0.231822312 0.232906729 0.234036297 0.235132307 0.236192569 0.237246990 0.238293469 0.239340976 0.240400150 0.241473079 0.242544919 0.243617848 0.244618297 0.245548442 0.246477649 0.247407794 0.248353049 0.249315262 0.250276506 0.251238734 0.252164215 0.253054887 0.253944665 0.254835337 0.255751908 0.256696165 0.257639468 0.258583724 0.259513348 0.260430247 0.261346221 0.262263119 0.263181567 0.264103383 0.265024304 0.265946120 0.266858578 0.267763495 0.268667519 0.269572437 0.270469397 0.271360159 0.272250056 0.273140818 0.274019778 0.274888724 0.275756806 0.276625752 0.277463317 0.278271258 0.279078364 0.279886305 0.280697733 0.281514227 0.282329917 0.283146411 0.283968091 0.284796506 0.285624117 0.286452532 0.287252635 0.288026035 0.288798660 0.289572060 0.290338188 0.291098535 0.291858107 0.292618454 0.293344110 0.294036627 0.294728428 0.295420945 0.296118289 0.296821862 0.297524750 0.298228323 0.298901975 0.299547046 0.300191492 0.300836593 0.301446050 0.302021176 0.302595705 0.303170830 0.303752601 0.304342180 0.304931164 0.305520743 0.306065351 0.306566179 0.307066470 0.307567298 0.308066100 0.308563888 0.309061199 0.309559017 0.309999347 0.310383171 0.310766608 0.311150432 0.311528206 0.311900675 0.312272787 0.312645257 0.312962174 0.313224256 0.313486099 0.313748181 0.313987821 0.314205527 0.314423025 0.314640731 0.314801365 0.314905345 0.315009236 0.315113217 0.315190703 0.315241873 0.315292984 0.315344155 0.315352499 0.315318108 0.315283746 0.315249354 0.314910769 0.314267963 0.313625783 0.312982947 0.312152028 0.311131746 0.310112447 0.309092164 0.309234113 0.310536325 0.311837226 0.313139409 0.313381523 0.312566102 0.311751515 0.310936093 0.309895694 0.308628678 0.307362914 0.306095898 0.305808067 0.306496859 0.307184964 0.307873756 0.308561862 0.309250653   
 79 0.073905826 0.075457439 0.077007510 0.078559130 0.080109194 0.081660815 0.083273664 0.084950849 0.086626358 0.088303536 0.089979514 0.091657639 0.093334079 0.095012203 0.096711531 0.098435439 0.100157619 0.101881519 0.103557445 0.105188824 0.106818572 0.108449951 0.110014498 0.111515477 0.113014959 0.114515945 0.115994371 0.117453247 0.118910670 0.120393693 0.121899351 0.123413451 0.124932967 0.126431033 0.127904639 0.129372567 0.130831882 0.132292017 0.133750066 0.135136470 0.136448443 0.137838393 0.139303550 0.140720993 0.142087922 0.143473610 0.144875273 0.146283805 0.147696376 0.149135098 0.150597081 0.152017072 0.153392255 0.154747993 0.156081602 0.157440722 0.158822671 0.160199717 0.161569148 0.162954986 0.164354473 0.165818170 0.167343155 0.168817669 0.170238778 0.171682596 0.173146233 0.174550936 0.175893873 0.177282885 0.178715169 0.180178031 0.181668550 0.183135822 0.184576929 0.186036631 0.187512010 0.188941121 0.190321103 0.191722825 0.193143502 0.194571689 0.196004570 0.197448790 0.198901489 0.200348258 0.201786235 0.203168258 0.204491600 0.205802783 0.207099214 0.208415121 0.209747866 0.211027026 0.212249994 0.213546604 0.214914247 0.216214985 0.217446208 0.218648851 0.219820529 0.220968962 0.222091898 0.223252326 0.224447921 0.225555107 0.226571649 0.227634430 0.228741318 0.229815379 0.230854496 0.231887847 0.232913405 0.233939990 0.234977901 0.236029193 0.237079427 0.238130718 0.239111096 0.240022659 0.240933299 0.241844863 0.242771089 0.243713796 0.244655564 0.245598271 0.246504948 0.247377485 0.248249143 0.249121666 0.250019372 0.250944018 0.251867741 0.252792388 0.253702581 0.254600197 0.255496889 0.256394506 0.257293463 0.258195549 0.259096742 0.259998828 0.260891557 0.261776745 0.262661040 0.263546228 0.264423400 0.265294343 0.266164392 0.267035335 0.267894506 0.268743634 0.269591928 0.270441055 0.271259278 0.272048295 0.272836506 0.273625493 0.274417639 0.275214463 0.276010484 0.276807308 0.277608901 0.278416783 0.279223889 0.280031770 0.280811638 0.281565130 0.282317847 0.283071309 0.283817291 0.284557313 0.285296559 0.286036581 0.286742300 0.287415236 0.288087487 0.288760424 0.289437681 0.290120661 0.290802956 0.291485935 0.292139173 0.292764097 0.293388426 0.294013321 0.294602960 0.295158565 0.295713603 0.296269208 0.296830833 0.297399580 0.297967762 0.298536509 0.299060762 0.299541682 0.300022125 0.300503045 0.300981462 0.301458329 0.301934719 0.302411586 0.302831680 0.303195983 0.303559899 0.303924203 0.304281950 0.304633856 0.304985404 0.305337310 0.305634260 0.305876970 0.306119442 0.306362152 0.306582212 0.306780100 0.306977808 0.307175696 0.307317108 0.307402432 0.307487667 0.307572991 0.307631612 0.307663739 0.307695806 0.307727933 0.307717383 0.307664245 0.307611138 0.307557970 0.307207227 0.306558758 0.305910945 0.305262506 0.304429829 0.303411633 0.302394450 0.301376253 0.301490128 0.302734017 0.303976655 0.305220544 0.305429876 0.304607153 0.303785264 0.302962542 0.301919699 0.300655037 0.299391657 0.298127025 0.297814637 0.298452020 0.299088776 0.299726158 0.300362885 0.301000267   
 80 0.072028838 0.073541485 0.075052626 0.076565281 0.078076415 0.079589069 0.081161506 0.082796760 0.084430374 0.086065620 0.087699808 0.089336216 0.090970978 0.092607386 0.094264589 0.095945880 0.097625487 0.099306777 0.100941435 0.102532811 0.104122587 0.105713964 0.107240319 0.108704858 0.110167928 0.111632459 0.113075130 0.114498869 0.115921184 0.117368542 0.118838049 0.120315857 0.121799015 0.123261325 0.124699861 0.126132920 0.127557650 0.128983244 0.130406886 0.131760731 0.133042067 0.134399503 0.135830313 0.137214690 0.138549864 0.139903396 0.141272575 0.142648503 0.144028455 0.145433947 0.146862194 0.148249552 0.149593264 0.150918081 0.152221352 0.153549582 0.154900119 0.156245947 0.157584384 0.158938900 0.160306752 0.161737308 0.163227692 0.164668903 0.166058064 0.167469442 0.168900192 0.170273513 0.171586618 0.172944725 0.174345076 0.175775319 0.177232549 0.178667173 0.180076346 0.181503668 0.182946309 0.184343860 0.185693517 0.187064424 0.188453838 0.189850643 0.191252023 0.192664534 0.194085315 0.195500374 0.196906835 0.198258758 0.199553430 0.200836256 0.202104673 0.203392133 0.204696059 0.205947667 0.207144484 0.208413154 0.209751144 0.211023852 0.212228730 0.213405699 0.214552447 0.215676501 0.216775671 0.217911407 0.219081476 0.220165223 0.221160486 0.222200871 0.223284319 0.224335685 0.225352868 0.226364449 0.227368355 0.228373289 0.229389206 0.230418131 0.231446028 0.232474953 0.233434573 0.234326929 0.235218391 0.236110747 0.237017334 0.237939909 0.238861561 0.239784136 0.240671426 0.241525277 0.242378265 0.243232101 0.244110405 0.245014861 0.245918423 0.246822879 0.247713089 0.248590857 0.249467760 0.250345528 0.251224458 0.252106279 0.252987236 0.253869087 0.254741609 0.255606592 0.256470680 0.257335663 0.258192629 0.259043276 0.259893060 0.260743737 0.261582673 0.262411624 0.263239712 0.264068663 0.264867157 0.265636891 0.266405851 0.267175585 0.267948121 0.268724978 0.269501060 0.270277917 0.271059126 0.271846205 0.272632480 0.273419559 0.274178982 0.274912328 0.275644928 0.276378244 0.277103931 0.277823448 0.278542221 0.279261738 0.279947430 0.280600727 0.281253368 0.281906664 0.282563835 0.283226132 0.283887804 0.284550101 0.285183012 0.285787821 0.286392003 0.286996812 0.287566751 0.288102984 0.288638711 0.289174944 0.289716601 0.290264696 0.290812254 0.291360378 0.291864544 0.292325854 0.292786717 0.293248057 0.293706417 0.294162720 0.294618577 0.295074880 0.295475215 0.295820475 0.296165407 0.296510667 0.296848893 0.297180802 0.297512382 0.297844291 0.298121929 0.298345983 0.298569798 0.298793852 0.298995107 0.299174011 0.299352735 0.299531639 0.299654722 0.299722344 0.299789876 0.299857497 0.299898297 0.299912423 0.299926549 0.299940675 0.299912393 0.299841702 0.299771100 0.299700409 0.299338907 0.298686445 0.298034638 0.297382176 0.296549499 0.295535296 0.294522107 0.293507904 0.293595046 0.294781476 0.295966744 0.297153175 0.297331184 0.296503186 0.295675993 0.294847965 0.293804795 0.292544842 0.291286111 0.290026158 0.289691210 0.290278763 0.290865749 0.291453332 0.292040318 0.292627871   
 81 0.070103727 0.071576372 0.073047541 0.074520186 0.075991355 0.077463999 0.078994937 0.080587126 0.082177714 0.083769888 0.085361160 0.086954705 0.088546656 0.090140201 0.091754124 0.093391620 0.095027477 0.096664973 0.098257214 0.099807456 0.101356141 0.102906384 0.104393475 0.105820507 0.107246116 0.108673155 0.110079028 0.111466601 0.112852782 0.114263423 0.115695715 0.117136151 0.118581869 0.120007358 0.121409766 0.122806922 0.124196030 0.125586048 0.126974225 0.128294513 0.129544258 0.130868182 0.132263601 0.133613884 0.134916306 0.136236668 0.137572348 0.138914660 0.140260920 0.141632155 0.143025577 0.144379273 0.145690486 0.146983385 0.148255363 0.149551690 0.150869802 0.152183384 0.153489813 0.154811963 0.156147182 0.157543510 0.158998162 0.160404995 0.161761165 0.163139045 0.164535835 0.165876716 0.167158991 0.168485135 0.169852525 0.171249047 0.172671914 0.174072817 0.175448924 0.176842794 0.178251639 0.179616570 0.180934876 0.182273924 0.183631063 0.184995413 0.186364233 0.187743947 0.189131767 0.190514028 0.191887945 0.193208739 0.194473758 0.195727259 0.196966723 0.198224768 0.199498877 0.200722009 0.201891735 0.203131527 0.204438880 0.205682620 0.206860244 0.208010674 0.209131643 0.210230500 0.211305052 0.212415293 0.213558972 0.214618504 0.215591744 0.216608971 0.217668131 0.218696028 0.219690591 0.220679656 0.221661210 0.222643748 0.223636970 0.224642813 0.225647643 0.226653486 0.227591679 0.228464216 0.229335874 0.230208412 0.231094718 0.231996551 0.232897490 0.233799309 0.234666631 0.235501230 0.236334994 0.237169594 0.238027930 0.238911644 0.239794478 0.240678191 0.241547868 0.242405280 0.243261844 0.244119257 0.244977653 0.245838717 0.246698931 0.247559994 0.248411804 0.249256074 0.250099510 0.250943780 0.251780033 0.252609968 0.253439069 0.254269004 0.255087346 0.255895674 0.256703198 0.257511526 0.258289963 0.259040117 0.259789497 0.260539651 0.261292249 0.262048841 0.262804687 0.263561249 0.264321804 0.265087813 0.265853047 0.266619027 0.267357767 0.268070757 0.268783003 0.269495994 0.270201206 0.270900071 0.271598220 0.272297084 0.272962630 0.273596257 0.274229228 0.274862826 0.275499821 0.276141435 0.276782423 0.277424067 0.278036624 0.278621376 0.279205531 0.279790282 0.280340612 0.280857652 0.281374186 0.281891257 0.282413095 0.282940745 0.283467889 0.283995539 0.284479856 0.284921914 0.285363525 0.285805583 0.286244214 0.286680341 0.287116021 0.287552148 0.287933141 0.288259894 0.288586318 0.288913071 0.289232373 0.289544851 0.289857030 0.290169537 0.290428519 0.290634632 0.290840507 0.291046619 0.291229844 0.291390598 0.291551173 0.291711926 0.291817576 0.291868448 0.291919261 0.291970134 0.291994154 0.291991383 0.291988611 0.291985840 0.291940957 0.291853964 0.291767031 0.291680038 0.291309178 0.290654331 0.290000141 0.289345294 0.288514376 0.287506074 0.286498785 0.285490483 0.285552263 0.286682159 0.287810922 0.288940817 0.289088964 0.288257658 0.287427157 0.286595851 0.285554528 0.284301549 0.283049822 0.281796843 0.281441301 0.281980723 0.282519579 0.283059001 0.283597887 0.284137309   
 82 0.068131685 0.069563307 0.070993491 0.072425112 0.073855296 0.075286910 0.076775290 0.078323312 0.079869777 0.081417792 0.082965031 0.084514603 0.086062633 0.087612204 0.089181714 0.090774260 0.092365213 0.093957767 0.095506459 0.097014472 0.098520979 0.100028992 0.101475745 0.102864258 0.104251385 0.105639905 0.107007965 0.108358361 0.109707400 0.111080304 0.112474345 0.113876373 0.115283594 0.116671227 0.118036486 0.119396709 0.120749161 0.122102588 0.123454280 0.124740027 0.125957265 0.127246663 0.128605679 0.129920840 0.131189555 0.132475764 0.133776933 0.135084614 0.136396199 0.137732133 0.139089704 0.140408695 0.141686469 0.142946452 0.144186154 0.145449609 0.146734297 0.148014635 0.149288088 0.150576860 0.151878402 0.153239459 0.154657304 0.156028673 0.157350823 0.158694133 0.160055906 0.161363348 0.162613794 0.163907006 0.165240347 0.166602105 0.167989552 0.169355646 0.170697659 0.172057018 0.173430964 0.174762249 0.176048204 0.177354380 0.178678155 0.180009022 0.181344286 0.182690158 0.184043944 0.185392365 0.186732695 0.188021362 0.189255744 0.190478951 0.191688538 0.192916214 0.194159523 0.195353255 0.196495011 0.197704986 0.198980749 0.200194582 0.201344043 0.202467069 0.203561410 0.204634219 0.205683395 0.206767276 0.207883716 0.208918229 0.209868774 0.210862085 0.211896211 0.212899879 0.213871077 0.214836881 0.215795368 0.216754809 0.217724591 0.218706638 0.219687685 0.220669731 0.221585825 0.222437948 0.223289222 0.224141344 0.225006789 0.225887254 0.226766840 0.227647319 0.228494063 0.229308873 0.230122864 0.230937660 0.231775448 0.232637852 0.233499393 0.234361798 0.235210404 0.236046940 0.236882642 0.237719178 0.238556504 0.239396304 0.240235254 0.241075054 0.241905659 0.242728770 0.243551061 0.244374171 0.245189294 0.245998085 0.246806070 0.247614846 0.248412117 0.249199450 0.249986008 0.250773340 0.251531333 0.252261549 0.252991050 0.253721267 0.254453659 0.255189687 0.255924970 0.256660998 0.257400602 0.258145243 0.258889169 0.259633809 0.260351598 0.261044055 0.261735797 0.262428254 0.263112813 0.263790876 0.264468282 0.265146345 0.265791625 0.266405463 0.267018706 0.267632544 0.268249333 0.268870264 0.269490570 0.270111501 0.270703733 0.271268487 0.271832705 0.272397459 0.272928268 0.273426265 0.273923784 0.274421781 0.274923980 0.275431395 0.275938332 0.276445746 0.276910514 0.277333617 0.277756304 0.278179407 0.278598666 0.279014975 0.279430866 0.279847175 0.280209303 0.280518025 0.280826449 0.281135201 0.281436086 0.281729758 0.282023162 0.282316834 0.282557815 0.282746702 0.282935411 0.283124268 0.283290237 0.283433676 0.283576965 0.283720374 0.283809513 0.283844620 0.283879668 0.283914775 0.283923000 0.283904433 0.283885866 0.283867300 0.283806980 0.283704877 0.283602893 0.283500791 0.283122063 0.282466441 0.281811476 0.281155854 0.280328453 0.279327929 0.278328419 0.277327895 0.277365774 0.278440028 0.279513210 0.280587465 0.280707240 0.279874682 0.279042929 0.278210372 0.277173072 0.275929391 0.274686933 0.273443222 0.273069084 0.273561984 0.274054408 0.274547309 0.275039732 0.275532633   
 83 0.066114046 0.067503653 0.068891875 0.070281491 0.071669705 0.073059320 0.074504122 0.076006897 0.077508166 0.079010941 0.080513090 0.082017615 0.083520636 0.085025162 0.086549163 0.088095650 0.089640595 0.091187082 0.092691146 0.094155855 0.095619105 0.097083814 0.098489203 0.099838205 0.101185851 0.102534853 0.103864126 0.105176374 0.106487304 0.107821479 0.109176241 0.110538833 0.111906536 0.113255300 0.114582419 0.115904711 0.117219523 0.118535347 0.119849563 0.121099822 0.122283623 0.123537570 0.124859154 0.126138240 0.127372265 0.128623381 0.129889041 0.131161124 0.132437050 0.133736670 0.135057390 0.136340693 0.137584016 0.138810158 0.140016630 0.141246244 0.142496541 0.143742666 0.144982159 0.146236598 0.147503465 0.148828208 0.150208160 0.151543036 0.152830139 0.154137865 0.155463591 0.156736568 0.157954261 0.159213528 0.160511822 0.161837772 0.163188696 0.164518937 0.165825874 0.167149663 0.168487683 0.169784293 0.171036899 0.172309175 0.173598617 0.174894959 0.176195621 0.177506641 0.178825364 0.180138916 0.181444630 0.182700157 0.183902994 0.185094982 0.186273739 0.187470123 0.188681692 0.189845115 0.190958038 0.192137271 0.193380430 0.194563434 0.195683911 0.196778670 0.197845533 0.198891506 0.199914500 0.200971231 0.202059567 0.203068301 0.203995377 0.204964042 0.205972359 0.206951052 0.207898200 0.208840057 0.209774762 0.210710421 0.211656064 0.212613598 0.213570178 0.214527711 0.215421066 0.216252148 0.217082411 0.217913508 0.218757465 0.219615966 0.220473617 0.221332118 0.222157747 0.222952217 0.223745883 0.224540353 0.225357041 0.226197571 0.227037266 0.227877796 0.228704780 0.229519919 0.230334222 0.231149361 0.231965110 0.232783139 0.233600333 0.234418362 0.235227287 0.236028776 0.236829460 0.237630948 0.238424495 0.239211693 0.239998102 0.240785286 0.241561085 0.242327049 0.243092254 0.243858218 0.244595423 0.245305419 0.246014684 0.246724680 0.247436538 0.248151690 0.248866126 0.249581262 0.250299662 0.251022696 0.251745015 0.252468079 0.253164738 0.253836453 0.254507482 0.255179197 0.255842954 0.256500065 0.257156521 0.257813632 0.258438557 0.259032607 0.259626031 0.260220081 0.260816604 0.261416823 0.262016416 0.262616634 0.263188571 0.263733387 0.264277697 0.264822513 0.265333951 0.265813082 0.266291708 0.266770840 0.267253608 0.267741024 0.268227935 0.268715322 0.269160777 0.269565225 0.269969285 0.270373762 0.270774037 0.271170914 0.271567404 0.271964282 0.272307932 0.272599190 0.272890151 0.273181379 0.273464441 0.273739904 0.274015069 0.274290502 0.274514139 0.274686545 0.274858773 0.275031179 0.275180668 0.275307596 0.275434405 0.275561333 0.275634825 0.275655150 0.275675476 0.275695801 0.275689304 0.275656015 0.275622785 0.275589496 0.275514930 0.275398970 0.275283128 0.275167167 0.274781913 0.274127185 0.273473084 0.272818357 0.271996200 0.271005332 0.270015478 0.269024611 0.269039959 0.270059586 0.271078169 0.272097766 0.272190630 0.271358818 0.270527810 0.269695997 0.268664867 0.267432749 0.266201884 0.264969796 0.264579028 0.265027136 0.265474766 0.265922874 0.266370535 0.266818643   
 84 0.064052351 0.065399006 0.066744320 0.068090975 0.069436282 0.070782937 0.072183169 0.073639676 0.075094722 0.076551229 0.078007236 0.079465680 0.080922656 0.082381099 0.083858535 0.085357882 0.086855724 0.088355079 0.089813448 0.091233827 0.092652790 0.094073169 0.095436200 0.096744724 0.098051943 0.099360466 0.100649990 0.101923138 0.103195012 0.104489490 0.105804011 0.107126184 0.108453386 0.109762296 0.111050285 0.112333678 0.113609880 0.114887148 0.116162904 0.117376752 0.118526258 0.119743809 0.121026970 0.122269019 0.123467475 0.124682531 0.125911757 0.127147272 0.128386572 0.129648924 0.130931780 0.132178441 0.133386374 0.134577721 0.135750085 0.136944920 0.138159871 0.139370829 0.140575409 0.141794533 0.143025801 0.144313216 0.145654216 0.146951571 0.148202673 0.149473816 0.150762454 0.152000010 0.153183997 0.154408336 0.155670583 0.156959698 0.158273101 0.159566492 0.160837308 0.162124515 0.163425580 0.164686516 0.165904790 0.167142227 0.168396324 0.169657171 0.170922235 0.172197372 0.173480034 0.174757689 0.176027790 0.177249238 0.178419575 0.179579437 0.180726454 0.181890592 0.183069512 0.184201717 0.185284957 0.186432540 0.187642172 0.188793436 0.189884052 0.190949708 0.191988304 0.193006620 0.194002658 0.195031419 0.196090862 0.197073027 0.197975963 0.198919237 0.199901000 0.200853989 0.201776326 0.202693522 0.203603774 0.204514921 0.205435753 0.206368074 0.207299456 0.208231777 0.209101751 0.209911227 0.210719898 0.211529389 0.212351277 0.213187203 0.214022309 0.214858234 0.215662152 0.216435745 0.217208564 0.217982158 0.218777239 0.219595343 0.220412627 0.221230730 0.222035572 0.222828776 0.223621190 0.224414408 0.225208089 0.226003841 0.226798788 0.227594540 0.228381306 0.229160711 0.229939327 0.230718717 0.231490240 0.232255429 0.233019844 0.233785033 0.234538972 0.235283166 0.236026630 0.236770824 0.237486899 0.238176331 0.238865077 0.239554510 0.240245536 0.240939528 0.241632849 0.242326841 0.243023738 0.243724912 0.244425371 0.245126545 0.245801821 0.246452615 0.247102767 0.247753561 0.248396322 0.249032378 0.249667794 0.250303835 0.250908315 0.251482487 0.252056062 0.252630234 0.253206491 0.253785968 0.254364848 0.254944324 0.255495965 0.256020933 0.256545395 0.257070392 0.257562548 0.258022934 0.258482844 0.258943230 0.259406775 0.259874344 0.260341465 0.260809064 0.261235476 0.261621624 0.262007385 0.262393534 0.262775153 0.263153017 0.263530463 0.263908327 0.264233977 0.264508247 0.264782220 0.265056491 0.265322268 0.265580088 0.265837669 0.266095489 0.266302466 0.266459137 0.266615629 0.266772270 0.266906083 0.267017335 0.267128497 0.267239779 0.267298579 0.267305106 0.267311633 0.267318159 0.267297953 0.267251074 0.267204225 0.267157346 0.267069668 0.266941100 0.266812652 0.266684085 0.266293794 0.265641510 0.264989913 0.264337629 0.263522506 0.262543172 0.261564821 0.260585487 0.260579795 0.261545718 0.262510687 0.263476640 0.263544112 0.262715042 0.261886805 0.261057734 0.260034949 0.258816749 0.257599741 0.256381541 0.255976170 0.256381184 0.256785780 0.257190794 0.257595390 0.258000404   
 85 0.061948359 0.063251153 0.064552642 0.065855436 0.067156918 0.068459712 0.069814429 0.071223676 0.072631508 0.074040756 0.075449638 0.076860987 0.078270920 0.079682268 0.081112117 0.082563289 0.084013015 0.085464187 0.086875856 0.088250913 0.089624591 0.090999648 0.092319362 0.093586482 0.094852336 0.096119456 0.097368315 0.098601453 0.099833362 0.101087227 0.102360547 0.103641354 0.104927085 0.106195189 0.107443139 0.108686693 0.109923378 0.111161143 0.112397522 0.113574058 0.114688396 0.115868650 0.117112458 0.118316546 0.119478509 0.120656617 0.121848501 0.123046525 0.124248281 0.125472397 0.126716420 0.127925485 0.129097149 0.130252808 0.131390139 0.132549301 0.133727968 0.134902850 0.136071607 0.137254506 0.138449192 0.139698312 0.140999347 0.142258197 0.143472329 0.144705921 0.145956486 0.147157669 0.148307025 0.149495512 0.150720760 0.151972055 0.153246894 0.154502422 0.155736148 0.156985790 0.158248901 0.159473196 0.160656214 0.161857828 0.163075626 0.164299980 0.165528476 0.166766748 0.168012351 0.169253141 0.170486644 0.171673059 0.172809988 0.173936799 0.175051227 0.176182240 0.177327588 0.178427711 0.179480404 0.180595458 0.181770623 0.182889268 0.183949158 0.184984893 0.185994431 0.186984330 0.187952608 0.188952625 0.189982370 0.190937236 0.191815317 0.192732498 0.193686932 0.194613501 0.195510358 0.196402222 0.197287306 0.198173285 0.199068606 0.199975029 0.200880542 0.201786965 0.202632904 0.203420177 0.204206660 0.204993933 0.205793172 0.206605941 0.207417905 0.208230674 0.209012330 0.209764525 0.210515961 0.211268157 0.212041065 0.212836206 0.213630542 0.214425683 0.215207845 0.215978622 0.216748625 0.217519403 0.218290508 0.219063506 0.219835714 0.220608711 0.221372858 0.222129703 0.222885802 0.223642647 0.224391699 0.225134447 0.225876465 0.226619214 0.227350891 0.228072941 0.228794277 0.229516327 0.230210915 0.230879501 0.231547415 0.232216001 0.232885912 0.233558476 0.234230369 0.234902918 0.235578075 0.236257106 0.236935467 0.237614498 0.238268182 0.238897890 0.239526957 0.240156651 0.240778282 0.241393119 0.242007330 0.242622167 0.243206084 0.243760332 0.244314015 0.244868264 0.245424196 0.245982915 0.246541083 0.247099817 0.247631222 0.248136416 0.248641118 0.249146312 0.249619320 0.250061154 0.250502557 0.250944376 0.251388848 0.251836836 0.252284348 0.252732337 0.253139973 0.253508151 0.253875941 0.254244119 0.254607409 0.254966617 0.255325437 0.255684644 0.255992770 0.256250590 0.256508142 0.256765962 0.257015020 0.257255822 0.257496387 0.257737190 0.257928163 0.258069813 0.258211315 0.258352935 0.258471847 0.258568317 0.258664668 0.258761108 0.258806109 0.258799821 0.258793533 0.258787245 0.258754432 0.258695036 0.258635700 0.258576304 0.258476704 0.258336753 0.258196920 0.258056968 0.257663071 0.257014900 0.256367385 0.255719215 0.254912823 0.253946900 0.252981931 0.252016008 0.251990646 0.252903938 0.253816307 0.254729569 0.254773170 0.253948897 0.253125429 0.252301157 0.251288831 0.250086784 0.248885959 0.247683927 0.247265950 0.247629628 0.247992933 0.248356611 0.248719916 0.249083593   
 86 0.059804000 0.061062057 0.062318861 0.063576922 0.064833716 0.066091776 0.067400068 0.068761110 0.070120789 0.071481831 0.072842643 0.074205942 0.075567886 0.076931186 0.078312479 0.079714492 0.081115097 0.082517102 0.083881103 0.085209884 0.086537331 0.087866113 0.089141592 0.090366423 0.091590025 0.092814855 0.094022170 0.095214427 0.096405484 0.097617842 0.098849066 0.100087591 0.101330936 0.102557331 0.103764325 0.104967147 0.106163405 0.107360773 0.108556867 0.109695233 0.110773593 0.111915685 0.113119222 0.114284463 0.115409084 0.116549358 0.117703006 0.118862651 0.120025963 0.121210940 0.122415222 0.123585775 0.124720283 0.125839382 0.126940817 0.128063411 0.129204914 0.130342811 0.131474853 0.132620618 0.133777842 0.134987697 0.136247799 0.137467176 0.138643414 0.139838502 0.141050056 0.142213926 0.143327788 0.144479498 0.145666778 0.146879300 0.148114622 0.149331331 0.150527000 0.151738122 0.152962282 0.154148996 0.155295849 0.156460717 0.157641247 0.158828184 0.160019130 0.161219597 0.162427187 0.163630158 0.164826110 0.165976569 0.167079210 0.168172106 0.169253036 0.170350060 0.171460941 0.172528133 0.173549458 0.174631119 0.175770909 0.176856071 0.177884430 0.178889439 0.179869130 0.180829823 0.181769624 0.182740107 0.183739349 0.184666172 0.185518727 0.186409101 0.187335506 0.188234940 0.189105615 0.189971447 0.190830737 0.191690862 0.192560002 0.193439841 0.194318816 0.195198655 0.196019948 0.196784452 0.197548181 0.198312685 0.199088678 0.199877694 0.200665936 0.201454952 0.202213809 0.202944070 0.203673601 0.204403862 0.205154076 0.205925703 0.206696570 0.207468197 0.208227172 0.208975017 0.209722117 0.210469976 0.211218014 0.211967766 0.212716758 0.213466510 0.214207560 0.214941412 0.215674534 0.216408387 0.217134550 0.217854470 0.218573660 0.219293579 0.220002592 0.220702127 0.221400961 0.222100496 0.222773269 0.223420680 0.224067450 0.224714875 0.225363359 0.226014212 0.226664409 0.227315262 0.227968380 0.228625029 0.229281038 0.229937688 0.230569571 0.231177986 0.231785804 0.232394218 0.232994556 0.233588055 0.234180957 0.234774455 0.235337749 0.235872015 0.236405745 0.236940011 0.237475604 0.238013580 0.238551021 0.239088997 0.239600196 0.240085691 0.240570709 0.241056219 0.241510198 0.241933644 0.242356658 0.242780089 0.243205681 0.243634284 0.244062454 0.244491041 0.244880170 0.245230690 0.245580852 0.245931357 0.246276736 0.246617690 0.246958286 0.247299239 0.247590303 0.247832194 0.248073846 0.248315737 0.248548627 0.248772994 0.248997152 0.249221519 0.249397174 0.249524534 0.249651775 0.249779150 0.249883950 0.249966428 0.250048816 0.250131309 0.250163406 0.250145316 0.250127226 0.250109106 0.250064671 0.249993876 0.249923155 0.249852359 0.249741986 0.249591902 0.249441966 0.249291882 0.248895749 0.248253271 0.247611448 0.246968970 0.246173039 0.245222360 0.244272634 0.243321955 0.243278414 0.244140103 0.245000914 0.245862603 0.245883837 0.245066345 0.244249672 0.243432179 0.242432445 0.241248861 0.240066469 0.238882884 0.238454327 0.238778427 0.239102215 0.239426315 0.239750087 0.240074188   
 87 0.057621390 0.058833897 0.060045194 0.061257698 0.062468991 0.063681498 0.064942509 0.066254452 0.067565084 0.068877019 0.070188858 0.071503207 0.072816245 0.074130595 0.075462408 0.076814309 0.078164861 0.079516761 0.080832168 0.082113773 0.083394088 0.084675692 0.085906059 0.087087750 0.088268258 0.089449950 0.090614878 0.091765419 0.092914805 0.094084799 0.095273063 0.096468434 0.097668514 0.098852329 0.100017518 0.101178750 0.102333717 0.103489831 0.104644783 0.105744153 0.106785744 0.107888840 0.109051235 0.110176772 0.111263216 0.112364814 0.113479391 0.114599794 0.115723796 0.116868764 0.118032396 0.119163588 0.120260067 0.121341750 0.122406483 0.123491667 0.124595143 0.125695214 0.126789674 0.127897441 0.129016295 0.130185992 0.131404206 0.132583201 0.133720636 0.134876311 0.136047944 0.137173608 0.138251096 0.139365152 0.140513539 0.141686350 0.142881230 0.144058183 0.145214885 0.146386549 0.147570834 0.148719028 0.149828821 0.150956035 0.152098417 0.153246999 0.154399499 0.155561224 0.156729832 0.157894060 0.159051538 0.160165161 0.161232665 0.162290797 0.163337395 0.164399549 0.165475100 0.166508511 0.167497680 0.168545097 0.169648662 0.170699492 0.171695530 0.172669038 0.173618078 0.174548835 0.175459400 0.176399618 0.177367583 0.178265646 0.179092005 0.179954872 0.180852517 0.181724131 0.182567969 0.183407128 0.184239924 0.185073569 0.185915858 0.186768472 0.187620237 0.188472852 0.189268887 0.190010026 0.190750420 0.191491559 0.192243740 0.193008453 0.193772405 0.194537118 0.195272624 0.195980445 0.196687549 0.197395369 0.198122367 0.198869959 0.199616790 0.200364381 0.201099649 0.201824084 0.202547804 0.203272238 0.203996748 0.204722777 0.205448076 0.206174105 0.206891611 0.207602039 0.208311751 0.209022179 0.209725007 0.210421681 0.211117640 0.211814314 0.212500289 0.213176936 0.213852912 0.214529574 0.215180188 0.215806141 0.216431454 0.217057407 0.217684180 0.218313053 0.218941301 0.219570175 0.220201015 0.220835060 0.221468478 0.222102523 0.222712383 0.223299354 0.223885730 0.224472687 0.225051597 0.225623623 0.226195067 0.226767093 0.227309674 0.227823928 0.228337660 0.228851914 0.229367137 0.229884371 0.230401069 0.230918303 0.231409326 0.231875196 0.232340604 0.232806474 0.233241558 0.233646795 0.234051615 0.234456837 0.234863758 0.235273197 0.235682219 0.236091644 0.236462548 0.236795738 0.237128586 0.237461776 0.237789586 0.238112688 0.238435447 0.238758549 0.239033014 0.239259496 0.239485756 0.239712238 0.239929527 0.240138099 0.240346447 0.240555018 0.240716010 0.240829840 0.240943551 0.241057381 0.241148859 0.241218209 0.241287500 0.241356850 0.241376981 0.241348028 0.241319105 0.241290152 0.241235167 0.241154075 0.241073057 0.240991965 0.240871996 0.240713015 0.240554199 0.240395218 0.239998296 0.239363104 0.238728568 0.238093376 0.237309620 0.236376017 0.235443354 0.234509751 0.234449461 0.235260621 0.236070976 0.236882135 0.236882553 0.236073852 0.235265955 0.234457240 0.233472258 0.232309386 0.231147662 0.229984790 0.229547679 0.229834005 0.230120048 0.230406374 0.230692416 0.230978742   
 88 0.055402875 0.056569055 0.057734072 0.058900252 0.060065266 0.061231446 0.062444367 0.063706368 0.064967096 0.066229090 0.067491107 0.068755656 0.070018940 0.071283489 0.072564952 0.073865861 0.075165465 0.076466374 0.077732317 0.078965887 0.080198221 0.081431791 0.082616217 0.083753973 0.084890582 0.086028337 0.087150089 0.088258117 0.089365035 0.090491861 0.091636345 0.092787728 0.093943715 0.095084131 0.096206687 0.097325519 0.098438375 0.099552415 0.100665405 0.101724997 0.102729067 0.103792369 0.104912780 0.105997808 0.107045285 0.108107418 0.109182090 0.110262439 0.111346319 0.112450428 0.113572568 0.114663556 0.115721196 0.116764672 0.117791891 0.118838854 0.119903468 0.120964877 0.122020945 0.123089880 0.124169536 0.125298187 0.126473591 0.127611309 0.128709078 0.129824474 0.130955279 0.132041901 0.133082166 0.134157717 0.135266364 0.136398584 0.137552068 0.138688371 0.139805228 0.140936524 0.142080039 0.143188834 0.144260705 0.145349398 0.146452725 0.147562087 0.148675248 0.149797335 0.150926083 0.152050659 0.153168768 0.154244676 0.155276209 0.156298727 0.157310203 0.158336654 0.159376040 0.160374865 0.161331102 0.162343472 0.163409919 0.164425611 0.165388525 0.166329756 0.167247459 0.168147519 0.169028148 0.169937342 0.170873299 0.171741888 0.172541425 0.173376113 0.174244314 0.175087422 0.175903767 0.176715583 0.177521273 0.178327769 0.179142565 0.179967299 0.180791214 0.181615949 0.182386100 0.183103338 0.183819860 0.184537098 0.185264915 0.186004743 0.186743855 0.187483683 0.188195303 0.188880175 0.189564347 0.190249234 0.190952495 0.191675529 0.192397848 0.193120882 0.193831950 0.194532484 0.195232302 0.195932835 0.196633324 0.197335184 0.198036328 0.198738188 0.199431688 0.200118259 0.200804129 0.201490700 0.202169806 0.202842832 0.203515172 0.204188198 0.204850748 0.205504164 0.206156939 0.206810355 0.207438499 0.208042681 0.208646268 0.209250450 0.209855258 0.210461885 0.211067900 0.211674526 0.212282836 0.212894022 0.213504612 0.214115798 0.214703456 0.215268791 0.215833560 0.216398895 0.216956228 0.217506662 0.218056560 0.218606994 0.219128773 0.219622970 0.220116675 0.220610887 0.221105725 0.221602201 0.222098172 0.222594649 0.223065540 0.223511875 0.223957762 0.224404097 0.224820405 0.225207597 0.225594386 0.225981578 0.226370037 0.226760522 0.227150634 0.227541119 0.227894083 0.228210285 0.228526175 0.228842378 0.229152977 0.229458615 0.229763940 0.230069563 0.230327889 0.230539501 0.230750903 0.230962515 0.231164783 0.231358126 0.231551290 0.231744632 0.231891632 0.231992677 0.232093602 0.232194647 0.232273594 0.232330650 0.232387662 0.232444733 0.232453808 0.232415006 0.232376233 0.232337430 0.232272908 0.232182622 0.232092410 0.232002124 0.231873751 0.231707111 0.231540635 0.231373996 0.230977684 0.230351374 0.229725689 0.229099378 0.228329480 0.227414757 0.226500958 0.225586236 0.225510672 0.226272434 0.227033436 0.227795213 0.227776349 0.226978406 0.226181254 0.225383297 0.224415153 0.223275214 0.222136408 0.220996469 0.220552817 0.220803201 0.221053317 0.221303701 0.221553817 0.221804202   
 89 0.053150948 0.054270085 0.055388104 0.056507241 0.057625256 0.058744393 0.059908476 0.061119746 0.062329803 0.063541070 0.064752467 0.065966412 0.067179143 0.068393089 0.069623388 0.070872471 0.072120309 0.073369391 0.074585058 0.075769797 0.076953351 0.078138091 0.079275802 0.080368862 0.081460819 0.082553878 0.083631702 0.084696487 0.085760199 0.086843096 0.087943017 0.089049637 0.090160742 0.091256976 0.092336133 0.093411788 0.094481774 0.095552966 0.096623212 0.097642273 0.098608099 0.099630862 0.100708514 0.101752259 0.102760017 0.103781916 0.104815915 0.105855435 0.106898397 0.107960857 0.109040685 0.110090673 0.111108705 0.112113200 0.113102145 0.114110112 0.115135089 0.116157047 0.117173932 0.118203238 0.119242899 0.120329671 0.121461384 0.122556977 0.123614267 0.124688543 0.125777662 0.126824409 0.127826691 0.128862903 0.129930973 0.131021708 0.132132962 0.133227736 0.134303883 0.135393962 0.136495829 0.137564391 0.138597503 0.139646843 0.140710264 0.141779542 0.142852500 0.143934086 0.145022124 0.146106169 0.147184059 0.148221418 0.149216160 0.150202289 0.151177824 0.152167782 0.153170198 0.154133648 0.155056208 0.156032726 0.157061249 0.158041015 0.158970043 0.159878284 0.160763890 0.161632568 0.162482560 0.163360029 0.164263219 0.165101677 0.165873721 0.166679591 0.167517662 0.168331608 0.169119820 0.169903681 0.170681626 0.171460360 0.172247052 0.173043266 0.173838690 0.174634904 0.175378606 0.176071391 0.176763475 0.177456260 0.178159162 0.178873569 0.179587275 0.180301681 0.180988893 0.181650326 0.182311088 0.182972521 0.183651552 0.184349537 0.185046822 0.185744807 0.186431184 0.187107340 0.187782809 0.188458964 0.189134970 0.189812198 0.190488741 0.191165969 0.191835031 0.192497313 0.193158939 0.193821222 0.194476187 0.195125178 0.195773512 0.196422502 0.197061270 0.197691098 0.198320314 0.198950142 0.199555501 0.200137645 0.200719208 0.201301351 0.201883897 0.202468008 0.203051537 0.203635648 0.204221189 0.204809293 0.205396816 0.205984920 0.206550166 0.207093716 0.207636729 0.208180293 0.208715901 0.209244639 0.209772855 0.210301593 0.210802495 0.211276621 0.211750254 0.212224379 0.212698832 0.213174552 0.213649809 0.214125529 0.214576364 0.215003237 0.215429693 0.215856582 0.216254249 0.216623574 0.216992527 0.217361838 0.217732027 0.218103811 0.218475237 0.218847021 0.219182312 0.219481871 0.219781116 0.220080674 0.220374435 0.220663011 0.220951289 0.221239865 0.221482486 0.221679747 0.221876815 0.222074077 0.222261891 0.222440645 0.222619206 0.222797960 0.222931653 0.223020628 0.223109514 0.223198488 0.223265707 0.223311335 0.223356903 0.223402530 0.223401457 0.223353773 0.223306134 0.223258451 0.223185450 0.223087057 0.222988769 0.222890377 0.222754747 0.222581685 0.222408801 0.222235739 0.221841440 0.221225545 0.220610276 0.219994381 0.219240040 0.218345985 0.217452839 0.216558784 0.216469407 0.217182904 0.217895702 0.218609199 0.218572617 0.217787400 0.217002958 0.216217741 0.215268523 0.214153722 0.213040039 0.211925238 0.211477101 0.211693361 0.211909413 0.212125689 0.212341741 0.212558001   
 90 0.050868325 0.051939756 0.053010117 0.054081548 0.055151902 0.056223333 0.057337884 0.058497701 0.059656352 0.060816165 0.061976217 0.063138828 0.064300269 0.065462880 0.066641264 0.067837752 0.069033049 0.070229538 0.071394175 0.072529331 0.073663361 0.074798524 0.075888798 0.076936461 0.077983074 0.079030737 0.080063939 0.081084773 0.082104586 0.083142847 0.084197491 0.085258618 0.086324103 0.087375417 0.088410452 0.089442201 0.090468600 0.091496214 0.092522994 0.093500823 0.094427750 0.095409259 0.096443392 0.097445130 0.098412462 0.099393412 0.100386001 0.101383954 0.102385268 0.103405319 0.104442075 0.105450310 0.106428005 0.107392795 0.108342737 0.109310977 0.110295564 0.111277319 0.112254277 0.113243185 0.114242077 0.115286171 0.116373375 0.117426045 0.118442051 0.119474411 0.120521039 0.121527128 0.122490667 0.123486765 0.124513447 0.125561908 0.126630068 0.127682507 0.128717124 0.129765168 0.130824551 0.131852046 0.132845640 0.133854792 0.134877533 0.135905892 0.136937842 0.137978092 0.139024571 0.140067264 0.141104102 0.142102107 0.143059313 0.144008264 0.144947097 0.145899788 0.146864474 0.147791803 0.148679942 0.149619848 0.150609657 0.151552707 0.152447149 0.153321639 0.154174477 0.155011073 0.155829772 0.156674832 0.157544553 0.158352196 0.159096166 0.159872562 0.160679832 0.161463991 0.162223428 0.162978709 0.163728312 0.164478660 0.165236637 0.166003734 0.166770056 0.167537153 0.168253824 0.168921620 0.169588745 0.170256540 0.170933992 0.171622440 0.172310218 0.172998667 0.173660964 0.174298465 0.174935326 0.175572827 0.176227152 0.176899582 0.177571356 0.178243786 0.178904995 0.179556310 0.180206969 0.180858284 0.181509376 0.182161525 0.182813019 0.183465168 0.184109390 0.184746966 0.185383916 0.186021492 0.186651930 0.187276512 0.187900469 0.188525051 0.189139679 0.189745590 0.190350890 0.190956801 0.191539049 0.192098871 0.192658126 0.193217933 0.193777964 0.194339320 0.194900125 0.195461482 0.196024016 0.196588814 0.197153062 0.197717860 0.198260516 0.198782131 0.199303225 0.199824840 0.200338602 0.200845540 0.201351956 0.201858893 0.202338859 0.202792853 0.203246400 0.203700393 0.204154432 0.204609439 0.205063984 0.205518976 0.205949783 0.206357300 0.206764415 0.207171932 0.207551107 0.207902744 0.208254039 0.208605677 0.208957791 0.209311113 0.209664062 0.210017383 0.210335299 0.210618526 0.210901484 0.211184710 0.211462006 0.211733937 0.212005585 0.212277502 0.212504908 0.212688357 0.212871611 0.213055044 0.213228956 0.213393718 0.213558316 0.213723078 0.213844121 0.213921770 0.213999346 0.214077011 0.214133263 0.214168280 0.214203268 0.214238286 0.214227974 0.214172378 0.214116856 0.214061260 0.213980824 0.213875428 0.213770136 0.213664740 0.213523015 0.213344768 0.213166684 0.212988436 0.212597534 0.211993605 0.211390287 0.210786372 0.210049197 0.209177569 0.208306819 0.207435191 0.207333460 0.207999885 0.208665639 0.209332064 0.209279343 0.208508790 0.207739010 0.206968471 0.206040218 0.204952747 0.203866363 0.202778891 0.202328250 0.202512279 0.202696130 0.202880159 0.203064010 0.203248039   
 91 0.048557904 0.049581025 0.050603125 0.051626246 0.052648343 0.053671464 0.054735851 0.055843554 0.056950144 0.058057848 0.059165888 0.060276486 0.061385971 0.062496569 0.063622348 0.064765543 0.065907590 0.067050785 0.068163700 0.069248602 0.070332423 0.071417324 0.072459504 0.073461123 0.074461743 0.075463369 0.076451302 0.077427544 0.078402802 0.079395778 0.080404468 0.081419423 0.082438603 0.083444327 0.084434569 0.085421748 0.086403877 0.087387241 0.088369876 0.089305818 0.090193212 0.091132805 0.092122726 0.093081772 0.094008021 0.094947346 0.095897853 0.096853554 0.097812518 0.098789461 0.099782407 0.100748181 0.101684853 0.102609240 0.103519514 0.104447320 0.105390817 0.106331669 0.107267991 0.108215801 0.109173194 0.110173851 0.111215778 0.112224743 0.113198742 0.114188425 0.115191810 0.116156496 0.117080562 0.118035808 0.119020335 0.120025747 0.121050030 0.122059345 0.123051673 0.124056883 0.125072971 0.126058653 0.127011955 0.127980188 0.128961429 0.129948109 0.130938262 0.131936401 0.132940516 0.133941084 0.134936064 0.135893971 0.136812866 0.137723923 0.138625324 0.139540017 0.140466198 0.141356677 0.142209709 0.143112272 0.144062594 0.144968227 0.145827368 0.146667466 0.147486821 0.148290679 0.149077445 0.149889410 0.150724977 0.151501179 0.152216434 0.152962759 0.153738618 0.154492363 0.155222446 0.155948550 0.156669214 0.157390594 0.158119246 0.158856630 0.159593269 0.160330638 0.161019742 0.161662027 0.162303671 0.162945956 0.163597450 0.164259434 0.164920762 0.165582731 0.166219607 0.166832715 0.167445198 0.168058291 0.168687433 0.169333830 0.169979587 0.170625985 0.171261549 0.171887577 0.172512993 0.173139021 0.173764735 0.174391374 0.175017402 0.175644040 0.176262990 0.176875472 0.177487358 0.178099841 0.178705379 0.179305181 0.179904386 0.180504188 0.181094319 0.181675971 0.182257026 0.182838678 0.183397532 0.183934748 0.184471428 0.185008645 0.185545892 0.186084256 0.186622083 0.187160447 0.187699750 0.188241035 0.188781783 0.189323083 0.189842954 0.190342486 0.190841511 0.191341043 0.191832826 0.192317843 0.192802384 0.193287417 0.193746373 0.194180220 0.194613650 0.195047498 0.195481136 0.195915431 0.196349278 0.196783558 0.197194397 0.197582647 0.197970524 0.198358774 0.198719591 0.199053720 0.199387521 0.199721664 0.200055927 0.200390995 0.200725734 0.201060802 0.201361641 0.201628894 0.201895878 0.202163130 0.202424332 0.202680007 0.202935427 0.203191102 0.203403756 0.203573897 0.203743860 0.203914002 0.204074591 0.204225972 0.204377189 0.204528555 0.204637617 0.204704687 0.204771683 0.204838738 0.204884842 0.204910100 0.204935327 0.204960585 0.204941928 0.204879418 0.204816967 0.204754457 0.204667613 0.204556286 0.204445079 0.204333767 0.204187110 0.204004884 0.203822836 0.203640610 0.203254461 0.202664033 0.202074185 0.201483741 0.200765371 0.199917898 0.199071258 0.198223785 0.198111176 0.198731735 0.199351683 0.199972242 0.199904919 0.199150965 0.198397771 0.197643816 0.196738586 0.195680588 0.194623634 0.193565637 0.193114534 0.193268210 0.193421751 0.193575427 0.193728969 0.193882644   
 92 0.046222776 0.047197051 0.048170354 0.049144629 0.050117932 0.051092207 0.052105866 0.053160865 0.054214802 0.055269800 0.056325231 0.057383209 0.058440134 0.059498113 0.060570676 0.061659936 0.062748104 0.063837364 0.064897925 0.065931953 0.066964947 0.067998976 0.068992451 0.069947444 0.070901483 0.071856476 0.072798550 0.073729619 0.074659750 0.075606830 0.076568961 0.077537119 0.078509383 0.079468891 0.080413722 0.081355713 0.082292959 0.083231442 0.084169298 0.085062750 0.085910030 0.086807095 0.087752163 0.088667884 0.089552440 0.090449505 0.091357298 0.092270099 0.093186073 0.094119243 0.095067732 0.095990397 0.096885376 0.097768739 0.098638698 0.099525429 0.100427173 0.101326451 0.102221474 0.103127509 0.104042731 0.104999259 0.105995156 0.106959715 0.107891001 0.108837299 0.109796703 0.110719293 0.111603215 0.112516917 0.113458566 0.114420190 0.115399845 0.116365291 0.117314607 0.118276253 0.119248316 0.120191440 0.121103726 0.122030310 0.122969329 0.123913594 0.124861203 0.125816479 0.126777485 0.127735153 0.128687546 0.129604608 0.130484521 0.131356969 0.132220238 0.133096218 0.133983180 0.134836137 0.135653391 0.136517942 0.137428030 0.138295546 0.139118716 0.139923736 0.140708998 0.141479477 0.142233640 0.143011883 0.143812671 0.144556805 0.145242795 0.145958439 0.146702275 0.147424996 0.148125157 0.148821503 0.149512649 0.150204480 0.150903255 0.151610345 0.152316719 0.153023809 0.153684795 0.154301077 0.154916734 0.155533016 0.156158030 0.156793028 0.157427400 0.158062398 0.158673376 0.159261614 0.159849256 0.160437495 0.161040977 0.161660880 0.162280157 0.162900060 0.163509548 0.164109856 0.164709568 0.165309876 0.165909797 0.166510522 0.167110652 0.167711377 0.168304652 0.168891653 0.169478074 0.170065075 0.170645326 0.171219990 0.171794072 0.172368750 0.172934040 0.173491120 0.174047634 0.174604714 0.175139874 0.175654233 0.176168069 0.176682428 0.177196652 0.177711785 0.178226396 0.178741530 0.179257378 0.179774940 0.180291995 0.180809572 0.181306496 0.181783795 0.182260618 0.182737917 0.183207616 0.183670640 0.184133202 0.184596226 0.185034126 0.185447827 0.185861096 0.186274797 0.186688021 0.187101617 0.187514812 0.187928408 0.188319340 0.188688427 0.189057142 0.189426228 0.189768821 0.190085635 0.190402135 0.190718964 0.191035584 0.191352651 0.191669405 0.191986471 0.192270502 0.192522109 0.192773476 0.193025082 0.193270564 0.193510398 0.193749994 0.193989828 0.194188178 0.194345549 0.194502756 0.194660127 0.194807947 0.194946542 0.195084989 0.195223585 0.195321336 0.195378542 0.195435688 0.195492893 0.195529595 0.195545912 0.195562229 0.195578545 0.195552453 0.195483983 0.195415571 0.195347086 0.195254847 0.195138693 0.195022658 0.194906518 0.194756061 0.194571078 0.194386289 0.194201306 0.193821266 0.193245813 0.192670926 0.192095473 0.191397488 0.190575853 0.189755037 0.188933402 0.188811377 0.189387321 0.189962685 0.190538615 0.190458283 0.189722821 0.188988104 0.188252643 0.187372446 0.186346024 0.185320616 0.184294194 0.183844641 0.183969885 0.184095010 0.184220254 0.184345379 0.184470624   
 93 0.043866225 0.044791188 0.045715224 0.046640184 0.047564220 0.048489179 0.049451619 0.050453395 0.051454160 0.052455932 0.053458229 0.054463062 0.055466887 0.056471720 0.057490513 0.058525279 0.059559010 0.060593776 0.061601430 0.062584035 0.063565649 0.064548254 0.065492488 0.066400327 0.067307249 0.068215087 0.069110781 0.069996141 0.070880622 0.071781270 0.072696283 0.073617093 0.074541859 0.075454593 0.076353461 0.077249691 0.078141481 0.079034530 0.079927042 0.080777459 0.081584074 0.082438052 0.083337680 0.084209509 0.085051797 0.085906036 0.086770520 0.087639831 0.088512234 0.089401022 0.090304427 0.091183364 0.092036068 0.092877798 0.093706861 0.094551921 0.095411301 0.096268393 0.097121507 0.097985134 0.098857559 0.099769287 0.100718491 0.101637974 0.102525905 0.103428148 0.104342915 0.105222739 0.106065877 0.106937371 0.107835487 0.108752638 0.109686978 0.110607870 0.111513481 0.112430863 0.113358207 0.114258081 0.115128681 0.116012931 0.116909042 0.117810190 0.118714564 0.119626261 0.120543472 0.121457532 0.122366622 0.123242155 0.124082386 0.124915570 0.125740051 0.126576677 0.127423748 0.128238514 0.129019350 0.129845187 0.130714387 0.131543100 0.132329658 0.133098975 0.133849502 0.134586006 0.135306999 0.136050925 0.136816263 0.137527749 0.138183936 0.138868317 0.139579535 0.140270665 0.140940323 0.141606361 0.142267451 0.142929196 0.143597528 0.144273773 0.144949347 0.145625591 0.146257937 0.146847710 0.147436902 0.148026690 0.148624748 0.149232283 0.149839208 0.150446743 0.151031360 0.151594281 0.152156636 0.152719557 0.153296933 0.153889894 0.154482260 0.155075222 0.155658185 0.156232342 0.156805933 0.157380104 0.157953814 0.158528209 0.159102038 0.159676448 0.160243645 0.160804793 0.161365390 0.161926538 0.162481144 0.163030326 0.163578957 0.164128140 0.164668292 0.165200487 0.165732145 0.166264340 0.166775525 0.167266771 0.167757511 0.168248758 0.168739721 0.169231385 0.169722557 0.170214236 0.170706421 0.171200082 0.171693251 0.172186911 0.172660708 0.173115656 0.173570141 0.174025074 0.174472570 0.174913511 0.175354004 0.175794944 0.176211730 0.176605240 0.176998347 0.177391857 0.177784696 0.178177640 0.178570181 0.178963125 0.179334223 0.179684252 0.180033937 0.180383965 0.180708483 0.181008160 0.181307539 0.181607217 0.181906417 0.182205722 0.182504743 0.182804048 0.183071554 0.183307871 0.183543950 0.183780268 0.184010401 0.184234798 0.184458971 0.184683368 0.184867889 0.185013011 0.185157970 0.185303092 0.185438707 0.185565129 0.185691416 0.185817838 0.185904950 0.185953006 0.186001033 0.186049089 0.186077192 0.186085403 0.186093614 0.186101824 0.186069176 0.185995698 0.185922295 0.185848817 0.185752183 0.185632274 0.185512483 0.185392573 0.185239464 0.185052916 0.184866562 0.184680030 0.184307441 0.183748439 0.183189988 0.182630986 0.181954965 0.181160823 0.180367485 0.179573342 0.179443359 0.179975972 0.180508032 0.181040645 0.180948853 0.180233762 0.179519385 0.178804293 0.177951068 0.176958293 0.175966501 0.174973726 0.174527705 0.174626440 0.174725085 0.174823821 0.174922466 0.175021201   
 94 0.041491732 0.042366982 0.043241356 0.044116605 0.044990975 0.045866225 0.046777025 0.047725130 0.048672285 0.049620390 0.050569102 0.051520325 0.052470598 0.053421821 0.054386377 0.055366166 0.056344975 0.057324763 0.058279030 0.059209727 0.060139488 0.061070185 0.061964713 0.062824927 0.063684292 0.064544506 0.065393351 0.066232540 0.067070886 0.067924619 0.068792030 0.069664992 0.070541769 0.071407221 0.072259627 0.073109597 0.073955439 0.074802533 0.075649180 0.076456062 0.077221557 0.078031942 0.078885607 0.079713009 0.080512524 0.081323408 0.082144067 0.082969353 0.083797626 0.084641486 0.085499249 0.086333908 0.087143786 0.087943338 0.088730961 0.089533791 0.090350240 0.091164589 0.091975227 0.092795886 0.093624927 0.094491258 0.095393136 0.096266933 0.097110897 0.097968489 0.098837987 0.099674456 0.100476220 0.101304904 0.102158852 0.103030890 0.103919275 0.104794964 0.105656229 0.106528707 0.107410662 0.108266652 0.109094948 0.109936222 0.110788777 0.111646153 0.112506635 0.113374107 0.114246853 0.115116648 0.115981773 0.116815127 0.117615066 0.118408360 0.119193420 0.119990028 0.120796591 0.121572547 0.122316360 0.123102874 0.123930529 0.124719813 0.125469163 0.126202181 0.126917392 0.127619326 0.128306568 0.129015565 0.129744917 0.130423188 0.131049007 0.131701604 0.132379621 0.133038610 0.133677259 0.134312451 0.134942949 0.135574088 0.136211455 0.136856332 0.137500554 0.138145432 0.138748631 0.139311433 0.139873683 0.140436500 0.141007140 0.141586721 0.142165735 0.142745316 0.143303126 0.143840313 0.144376948 0.144914135 0.145464972 0.146030545 0.146595553 0.147161126 0.147717163 0.148264766 0.148811832 0.149359450 0.149906546 0.150454238 0.151001379 0.151549056 0.152089819 0.152624756 0.153159156 0.153694093 0.154222697 0.154746071 0.155268922 0.155792281 0.156306967 0.156813979 0.157320485 0.157827497 0.158314437 0.158782318 0.159249723 0.159717605 0.160185069 0.160653070 0.161120608 0.161588594 0.162056923 0.162526488 0.162995592 0.163465157 0.163915694 0.164348140 0.164780170 0.165212616 0.165637806 0.166056573 0.166474923 0.166893691 0.167289332 0.167662650 0.168035597 0.168408915 0.168781370 0.169153675 0.169525623 0.169897929 0.170249254 0.170580342 0.170911089 0.171242177 0.171548754 0.171831489 0.172113940 0.172396675 0.172678649 0.172960445 0.173241958 0.173523754 0.173775047 0.173996404 0.174217537 0.174438894 0.174654022 0.174863398 0.175072566 0.175281942 0.175453097 0.175586477 0.175719708 0.175853088 0.175977066 0.176091909 0.176206648 0.176321492 0.176398620 0.176438272 0.176477879 0.176517516 0.176537767 0.176538706 0.176539630 0.176540568 0.176502258 0.176424712 0.176347256 0.176269710 0.176169708 0.176047102 0.175924614 0.175802007 0.175647378 0.175460473 0.175273761 0.175086856 0.174723029 0.174181908 0.173641324 0.173100203 0.172447667 0.171682626 0.170918360 0.170153335 0.170016870 0.170507446 0.170997545 0.171488121 0.171386465 0.170693576 0.170001388 0.169308499 0.168484196 0.167527094 0.166570961 0.165613860 0.165173352 0.165247545 0.165321648 0.165395841 0.165469944 0.165544137   
 95 0.039102972 0.039928183 0.040752571 0.041577782 0.042402171 0.043227382 0.044086196 0.044980273 0.045873452 0.046767525 0.047662284 0.048559524 0.049455866 0.050353106 0.051263031 0.052187439 0.053110920 0.054035328 0.054935805 0.055814192 0.056691699 0.057570085 0.058414500 0.059226707 0.060038101 0.060850307 0.061651904 0.062444516 0.063236341 0.064042740 0.064862125 0.065686807 0.066515155 0.067332894 0.068138398 0.068941675 0.069741122 0.070541821 0.071342170 0.072105072 0.072829008 0.073595352 0.074402563 0.075185090 0.075941369 0.076708451 0.077484801 0.078265592 0.079049252 0.079847686 0.080659293 0.081449181 0.082215749 0.082972638 0.083718330 0.084478430 0.085251443 0.086022533 0.086790174 0.087567337 0.088352472 0.089172855 0.090026841 0.090854391 0.091653846 0.092466220 0.093289904 0.094082452 0.094842285 0.095627598 0.096436813 0.097263165 0.098104991 0.098934896 0.099751227 0.100578204 0.101414181 0.102225691 0.103011101 0.103808813 0.104617223 0.105430230 0.106246211 0.107068844 0.107896492 0.108721413 0.109541945 0.110332534 0.111091577 0.111844398 0.112589471 0.113345489 0.114110924 0.114847489 0.115553722 0.116300322 0.117085807 0.117835075 0.118546627 0.119242780 0.119922139 0.120588966 0.121241920 0.121915452 0.122608215 0.123252727 0.123847686 0.124467954 0.125112280 0.125738606 0.126345694 0.126949549 0.127548963 0.128148973 0.128754884 0.129367873 0.129980266 0.130593255 0.131166846 0.131702229 0.132237077 0.132772461 0.133315220 0.133866414 0.134417057 0.134968251 0.135498807 0.136009827 0.136520341 0.137031361 0.137555256 0.138093024 0.138630256 0.139168024 0.139696717 0.140217379 0.140737534 0.141258195 0.141778305 0.142298892 0.142818972 0.143339559 0.143853515 0.144361883 0.144869745 0.145378113 0.145880416 0.146377653 0.146874413 0.147371650 0.147860557 0.148342103 0.148823172 0.149304718 0.149767160 0.150211439 0.150655270 0.151099548 0.151543304 0.151987419 0.152431101 0.152875215 0.153319493 0.153764784 0.154209629 0.154654920 0.155082047 0.155491903 0.155901343 0.156311184 0.156713977 0.157110512 0.157506645 0.157903180 0.158277616 0.158630744 0.158983529 0.159336656 0.159688726 0.160040453 0.160391837 0.160743564 0.161075205 0.161387444 0.161699355 0.162011594 0.162300393 0.162566379 0.162832081 0.163098067 0.163363054 0.163627580 0.163891852 0.164156377 0.164391741 0.164598465 0.164804995 0.165011719 0.165212259 0.165407002 0.165601566 0.165796310 0.165954575 0.166076735 0.166198760 0.166320920 0.166433811 0.166537687 0.166641444 0.166745320 0.166813120 0.166845053 0.166876972 0.166908905 0.166922078 0.166916534 0.166911006 0.166905463 0.166862369 0.166781709 0.166701123 0.166620463 0.166518092 0.166393831 0.166269705 0.166145444 0.165990397 0.165804312 0.165618420 0.165432334 0.165078565 0.164556727 0.164035425 0.163513586 0.162886009 0.162151664 0.161418051 0.160683692 0.160542205 0.160992116 0.161441579 0.161891490 0.161781549 0.161112666 0.160444468 0.159775585 0.158982098 0.158062652 0.157144129 0.156224683 0.155791670 0.155843273 0.155894816 0.155946419 0.155997962 0.156049564   
 96 0.036703814 0.037478741 0.038252898 0.039027829 0.039801981 0.040576909 0.041383483 0.042223249 0.043062177 0.043901943 0.044742465 0.045585424 0.046427540 0.047270499 0.048125491 0.048994195 0.049862031 0.050730735 0.051577102 0.052402854 0.053227779 0.054053530 0.054847516 0.055611383 0.056374487 0.057138357 0.057892378 0.058638085 0.059383042 0.060141779 0.060912773 0.061688825 0.062468376 0.063238040 0.063996270 0.064752482 0.065505154 0.066259079 0.067012727 0.067731284 0.068413287 0.069135204 0.069895566 0.070632815 0.071345456 0.072068319 0.072799958 0.073535822 0.074274451 0.075027026 0.075792044 0.076536715 0.077259541 0.077973329 0.078676641 0.079393573 0.080122694 0.080850072 0.081574261 0.082307465 0.083048210 0.083822161 0.084627755 0.085408561 0.086162999 0.086929664 0.087706998 0.088455133 0.089172557 0.089913994 0.090677954 0.091458082 0.092252828 0.093036406 0.093807273 0.094588205 0.095377654 0.096144140 0.096886128 0.097639732 0.098403454 0.099171542 0.099942461 0.100719698 0.101501681 0.102281153 0.103056557 0.103803813 0.104521424 0.105233215 0.105937764 0.106652632 0.107376397 0.108073033 0.108741134 0.109447271 0.110190034 0.110898733 0.111571975 0.112230733 0.112873703 0.113504894 0.114123054 0.114760600 0.115416251 0.116026506 0.116590135 0.117177583 0.117787689 0.118380867 0.118955925 0.119527951 0.120095797 0.120664209 0.121238165 0.121818803 0.122398861 0.122979499 0.123523004 0.124030530 0.124537550 0.125045076 0.125559524 0.126081899 0.126603752 0.127126113 0.127629012 0.128113478 0.128597453 0.129081920 0.129578441 0.130088016 0.130597070 0.131106630 0.131607577 0.132100925 0.132593766 0.133087113 0.133579865 0.134073019 0.134565666 0.135058820 0.135545626 0.136027098 0.136508092 0.136989564 0.137465224 0.137936026 0.138406366 0.138877183 0.139340028 0.139795840 0.140251189 0.140707001 0.141144678 0.141565144 0.141985178 0.142405644 0.142825469 0.143245518 0.143665135 0.144085169 0.144505218 0.144926086 0.145346537 0.145767406 0.146170989 0.146558121 0.146944866 0.147331998 0.147712290 0.148086518 0.148460388 0.148834616 0.149187833 0.149520770 0.149853379 0.150186315 0.150518045 0.150849238 0.151180103 0.151511297 0.151823327 0.152116835 0.152410060 0.152703568 0.152974740 0.153224140 0.153473303 0.153722718 0.153970927 0.154218435 0.154465690 0.154713199 0.154932916 0.155125365 0.155317619 0.155510068 0.155696362 0.155876905 0.156057283 0.156237826 0.156383634 0.156495079 0.156606421 0.156717867 0.156820223 0.156913713 0.157007113 0.157100603 0.157159731 0.157184660 0.157209575 0.157234520 0.157241359 0.157230154 0.157218963 0.157207757 0.157160744 0.157077894 0.156995118 0.156912267 0.156808481 0.156683624 0.156558886 0.156434014 0.156279668 0.156095564 0.155911654 0.155727565 0.155385107 0.154883936 0.154383257 0.153882071 0.153280914 0.152578771 0.151877344 0.151175201 0.151030138 0.151440755 0.151850969 0.152261585 0.152144924 0.151501834 0.150859371 0.150216281 0.149455443 0.148575574 0.147696599 0.146816730 0.146393180 0.146424189 0.146455154 0.146486163 0.146517128 0.146548137   
 97 0.034298304 0.035022791 0.035746552 0.036471035 0.037194792 0.037919275 0.038673427 0.039458703 0.040243190 0.041028462 0.041814547 0.042603020 0.043390702 0.044179175 0.044979010 0.045791782 0.046603739 0.047416516 0.048208531 0.048981406 0.049753509 0.050526384 0.051269688 0.051984970 0.052699532 0.053414814 0.054121003 0.054819535 0.055517372 0.056228165 0.056950498 0.057677623 0.058408085 0.059129369 0.059840035 0.060548875 0.061254472 0.061961304 0.062667951 0.063341834 0.063981608 0.064658761 0.065371938 0.066063561 0.066732235 0.067410536 0.068097100 0.068787694 0.069480926 0.070187278 0.070905320 0.071604393 0.072283097 0.072953403 0.073613971 0.074287347 0.074972175 0.075655438 0.076335773 0.077024601 0.077720553 0.078447632 0.079204388 0.079938002 0.080647014 0.081367508 0.082098059 0.082801327 0.083475903 0.084173016 0.084891252 0.085624695 0.086371861 0.087108642 0.087833568 0.088567972 0.089310400 0.090031371 0.090729460 0.091438472 0.092156999 0.092879675 0.093605042 0.094336368 0.095072187 0.095805697 0.096535429 0.097238846 0.097914539 0.098584808 0.099248320 0.099921539 0.100603133 0.101259328 0.101888835 0.102554001 0.103253514 0.103921138 0.104555555 0.105176426 0.105782524 0.106377609 0.106960490 0.107561566 0.108179614 0.108755134 0.109286956 0.109841131 0.110416539 0.110976100 0.111518688 0.112058438 0.112594262 0.113130622 0.113672175 0.114220001 0.114767283 0.115315109 0.115828097 0.116307355 0.116786130 0.117265381 0.117751092 0.118244223 0.118736863 0.119229995 0.119704820 0.120162338 0.120619401 0.121076919 0.121545710 0.122026689 0.122507192 0.122988172 0.123461016 0.123926684 0.124391884 0.124857545 0.125322595 0.125787944 0.126252845 0.126718193 0.127177536 0.127631798 0.128085598 0.128539860 0.128988579 0.129432663 0.129876301 0.130320385 0.130756885 0.131186709 0.131616101 0.132045925 0.132458627 0.132855043 0.133251056 0.133647472 0.134043172 0.134438962 0.134834364 0.135230139 0.135625795 0.136022076 0.136417970 0.136814252 0.137194172 0.137558490 0.137922451 0.138286769 0.138644502 0.138996378 0.139347911 0.139699787 0.140031740 0.140344486 0.140656933 0.140969679 0.141281098 0.141591817 0.141902208 0.142212927 0.142505422 0.142780334 0.143054962 0.143329874 0.143583581 0.143816620 0.144049421 0.144282460 0.144514114 0.144744858 0.144975364 0.145206094 0.145410478 0.145588979 0.145767301 0.145945802 0.146118239 0.146284968 0.146451533 0.146618277 0.146752089 0.146853343 0.146954492 0.147055730 0.147148117 0.147231817 0.147315428 0.147399127 0.147450209 0.147468850 0.147487462 0.147506088 0.147507355 0.147491291 0.147475243 0.147459179 0.147409096 0.147324964 0.147240907 0.147156775 0.147052571 0.146928132 0.146803811 0.146679357 0.146526784 0.146345824 0.146165043 0.145984083 0.145654187 0.145175010 0.144696295 0.144217119 0.143643767 0.142975301 0.142307520 0.141639054 0.141491875 0.141864628 0.142237008 0.142609760 0.142487973 0.141872376 0.141257405 0.140641809 0.139915437 0.139077023 0.138239458 0.137401059 0.136988893 0.137001306 0.137013704 0.137026116 0.137038499 0.137050912   
 98 0.031890702 0.032564666 0.033237956 0.033911921 0.034585208 0.035259172 0.035960820 0.036691498 0.037421446 0.038152121 0.038883664 0.039617535 0.040350668 0.041084539 0.041829091 0.042585790 0.043341734 0.044098433 0.044835955 0.045555800 0.046274923 0.046994768 0.047687232 0.048353754 0.049019605 0.049686126 0.050344303 0.050995473 0.051645990 0.052308641 0.052982099 0.053660087 0.054341245 0.055013932 0.055676799 0.056338038 0.056996323 0.057655819 0.058315210 0.058944177 0.059541460 0.060173601 0.060839329 0.061485052 0.062109489 0.062742941 0.063384145 0.064029172 0.064676709 0.065336533 0.066007294 0.066660464 0.067294724 0.067921229 0.068538733 0.069168210 0.069808424 0.070447229 0.071083367 0.071727477 0.072378270 0.073058121 0.073765665 0.074451715 0.075114906 0.075788856 0.076472223 0.077130236 0.077761576 0.078413963 0.079086088 0.079772428 0.080471613 0.081161171 0.081839725 0.082527183 0.083222158 0.083897196 0.084550954 0.085214935 0.085887834 0.086564638 0.087244004 0.087928973 0.088618167 0.089305259 0.089988872 0.090647988 0.091281302 0.091909595 0.092531629 0.093162745 0.093801700 0.094417013 0.095007449 0.095631197 0.096286982 0.096913077 0.097508207 0.098090746 0.098659530 0.099218056 0.099765204 0.100329354 0.100909360 0.101449706 0.101949304 0.102469765 0.103010044 0.103535548 0.104045220 0.104552254 0.105055630 0.105559506 0.106068239 0.106582828 0.107096903 0.107611492 0.108093560 0.108544149 0.108994283 0.109444864 0.109901458 0.110364959 0.110828005 0.111291505 0.111737892 0.112168096 0.112597868 0.113028072 0.113468766 0.113920800 0.114372388 0.114824422 0.115268812 0.115706451 0.116143651 0.116581291 0.117018297 0.117455542 0.117892355 0.118329599 0.118761152 0.119187899 0.119614214 0.120040953 0.120462440 0.120879531 0.121296197 0.121713281 0.122123204 0.122526787 0.122929968 0.123333551 0.123721033 0.124093212 0.124465019 0.124837197 0.125208601 0.125579953 0.125950947 0.126322299 0.126693398 0.127064958 0.127436146 0.127807707 0.128163829 0.128505245 0.128846332 0.129187748 0.129522860 0.129852340 0.130181491 0.130510971 0.130821660 0.131114230 0.131406516 0.131699085 0.131990224 0.132280514 0.132570520 0.132860824 0.133133888 0.133390322 0.133646488 0.133902907 0.134139299 0.134356156 0.134572804 0.134789661 0.135004982 0.135219201 0.135433197 0.135647416 0.135836765 0.136001647 0.136166379 0.136331260 0.136490211 0.136643559 0.136796743 0.136950076 0.137072369 0.137163907 0.137255356 0.137346894 0.137429833 0.137504324 0.137578756 0.137653247 0.137696937 0.137709960 0.137722954 0.137735978 0.137732401 0.137712255 0.137692139 0.137671992 0.137619674 0.137535170 0.137450740 0.137366220 0.137262538 0.137139529 0.137016639 0.136893630 0.136743903 0.136567205 0.136390686 0.136213988 0.135897875 0.135441974 0.134986535 0.134530634 0.133986458 0.133353114 0.132720396 0.132087037 0.131939173 0.132275507 0.132611513 0.132947862 0.132822499 0.132236108 0.131650299 0.131063908 0.130373731 0.129578605 0.128784269 0.127989143 0.127590284 0.127586126 0.127581969 0.127577797 0.127573639 0.127569482   
 99 0.029485445 0.030108901 0.030731736 0.031355191 0.031978022 0.032601479 0.033250622 0.033926710 0.034602117 0.035278201 0.035955191 0.036634434 0.037312999 0.037992243 0.038681477 0.039382067 0.040081955 0.040782545 0.041465513 0.042132258 0.042798333 0.043465078 0.044106618 0.044724289 0.045341339 0.045959011 0.046569072 0.047172762 0.047775846 0.048390236 0.049014702 0.049643420 0.050275136 0.050899077 0.051514000 0.052127481 0.052738287 0.053350285 0.053962242 0.054546110 0.055100724 0.055687655 0.056305736 0.056905366 0.057485346 0.058073744 0.058669381 0.059268609 0.059870224 0.060483269 0.061106514 0.061713528 0.062303104 0.062885560 0.063459724 0.064045049 0.064640358 0.065234430 0.065826096 0.066425197 0.067030542 0.067662857 0.068320885 0.068959057 0.069576114 0.070203200 0.070839070 0.071451500 0.072039276 0.072646603 0.073272265 0.073911160 0.074561998 0.075203978 0.075835817 0.076475956 0.077123106 0.077751838 0.078360878 0.078979462 0.079606339 0.080236904 0.080869868 0.081508085 0.082150266 0.082790539 0.083427623 0.084042042 0.084632576 0.085218497 0.085798636 0.086387239 0.086983137 0.087557152 0.088108137 0.088690035 0.089301683 0.089885809 0.090441257 0.090985037 0.091516085 0.092037641 0.092548668 0.093075484 0.093617022 0.094121784 0.094588757 0.095075101 0.095579840 0.096070886 0.096547239 0.097021163 0.097491696 0.097962700 0.098438211 0.098919168 0.099399649 0.099880606 0.100331374 0.100752920 0.101174042 0.101595581 0.102022685 0.102456182 0.102889255 0.103322759 0.103740342 0.104142882 0.104545027 0.104947567 0.105359808 0.105782561 0.106204882 0.106627636 0.107043229 0.107452527 0.107861415 0.108270712 0.108679369 0.109088190 0.109496601 0.109905422 0.110308900 0.110707849 0.111106396 0.111505345 0.111899331 0.112289168 0.112678617 0.113068447 0.113451540 0.113828659 0.114205405 0.114582524 0.114944585 0.115292333 0.115639731 0.115987480 0.116334386 0.116681159 0.117027573 0.117374338 0.117720746 0.118067458 0.118413828 0.118760549 0.119092777 0.119411208 0.119729325 0.120047763 0.120360181 0.120667227 0.120973960 0.121280998 0.121570423 0.121842839 0.122114979 0.122387394 0.122658297 0.122928239 0.123197913 0.123467855 0.123721592 0.123959661 0.124197491 0.124435559 0.124654800 0.124855682 0.125056356 0.125257239 0.125456452 0.125654414 0.125852168 0.126050130 0.126224712 0.126376331 0.126527786 0.126679391 0.126825213 0.126965567 0.127105772 0.127246112 0.127357319 0.127439663 0.127521932 0.127604276 0.127678290 0.127744168 0.127809972 0.127875835 0.127912745 0.127920836 0.127928913 0.127936989 0.127929300 0.127905861 0.127882436 0.127858981 0.127805278 0.127721280 0.127637357 0.127553359 0.127451152 0.127330571 0.127210096 0.127089515 0.126943678 0.126772359 0.126601219 0.126429901 0.126128733 0.125697374 0.125266448 0.124835081 0.124321394 0.123724505 0.123128220 0.122531340 0.122384213 0.122685641 0.122986771 0.123288207 0.123160839 0.122605287 0.122050285 0.121494733 0.120842457 0.120092355 0.119342998 0.118592896 0.118209243 0.118190549 0.118171871 0.118153170 0.118134491 0.118115798   
100 0.027087176 0.027660230 0.028232712 0.028805766 0.029378247 0.029951300 0.030548047 0.031169638 0.031790603 0.032412194 0.033034712 0.033659410 0.034283482 0.034908175 0.035542168 0.036186699 0.036830589 0.037475120 0.038103584 0.038717255 0.039330311 0.039943982 0.040534608 0.041103419 0.041671660 0.042240471 0.042802393 0.043358576 0.043914203 0.044480290 0.045055717 0.045635115 0.046217330 0.046792466 0.047359370 0.047925010 0.048488259 0.049052659 0.049617093 0.050155759 0.050667580 0.051209189 0.051779490 0.052332893 0.052868288 0.053411484 0.053961396 0.054514673 0.055070210 0.055636320 0.056211870 0.056772556 0.057317253 0.057855461 0.058386102 0.058927067 0.059477277 0.060026411 0.060573373 0.061127245 0.061686911 0.062271465 0.062879734 0.063469797 0.064040467 0.064620443 0.065208539 0.065775134 0.066319071 0.066881068 0.067459986 0.068051144 0.068653360 0.069247469 0.069832288 0.070424803 0.071023837 0.071605943 0.072169967 0.072742827 0.073323376 0.073907360 0.074493602 0.075084731 0.075679548 0.076272652 0.076862872 0.077432245 0.077979647 0.078522839 0.079060733 0.079606473 0.080158964 0.080691323 0.081202477 0.081742160 0.082309291 0.082851090 0.083366469 0.083871141 0.084364079 0.084848300 0.085322827 0.085811935 0.086314633 0.086783446 0.087217413 0.087669268 0.088138096 0.088594303 0.089036979 0.089477420 0.089914739 0.090352505 0.090794429 0.091241390 0.091687903 0.092134863 0.092553973 0.092946120 0.093337879 0.093730025 0.094127283 0.094530441 0.094933204 0.095336363 0.095724814 0.096099369 0.096473545 0.096848100 0.097231574 0.097624712 0.098017462 0.098410599 0.098797098 0.099177748 0.099558011 0.099938661 0.100318663 0.100698784 0.101078525 0.101458646 0.101833768 0.102204651 0.102575168 0.102946058 0.103312299 0.103674635 0.104036614 0.104398951 0.104754984 0.105105430 0.105455518 0.105805963 0.106142409 0.106465548 0.106788367 0.107111514 0.107433774 0.107755803 0.108077511 0.108399533 0.108721115 0.109042868 0.109364301 0.109686062 0.109994307 0.110289685 0.110584773 0.110880159 0.111169845 0.111454420 0.111738712 0.112023287 0.112291433 0.112543717 0.112795748 0.113048032 0.113298751 0.113548405 0.113797814 0.114047468 0.114281975 0.114501826 0.114721462 0.114941314 0.115143560 0.115328655 0.115513563 0.115698658 0.115881994 0.116063952 0.116245724 0.116427682 0.116587810 0.116726473 0.116865002 0.117003672 0.117136747 0.117264502 0.117392130 0.117519885 0.117620446 0.117694072 0.117767632 0.117841259 0.117906906 0.117964730 0.118022494 0.118080311 0.118111074 0.118114889 0.118118696 0.118122511 0.118111417 0.118085437 0.118059479 0.118033491 0.117979214 0.117896587 0.117814042 0.117731415 0.117631592 0.117514417 0.117397353 0.117280170 0.117139280 0.116974436 0.116809756 0.116644911 0.116359852 0.115954235 0.115549020 0.115143403 0.114661448 0.114102341 0.113543794 0.112984687 0.112839721 0.113107771 0.113375552 0.113643602 0.113515802 0.112992674 0.112470068 0.111946940 0.111334205 0.110630825 0.109928139 0.109224752 0.108858176 0.108826995 0.108795851 0.108764671 0.108733527 0.108702347   
101 0.024700722 0.025223577 0.025745912 0.026268767 0.026791101 0.027313957 0.027858509 0.028425805 0.028992530 0.029559825 0.030128069 0.030698398 0.031268157 0.031838488 0.032417402 0.033006042 0.033594090 0.034182731 0.034756828 0.035317548 0.035877708 0.036438432 0.036978245 0.037498277 0.038017783 0.038537815 0.039051667 0.039560385 0.040068597 0.040586431 0.041112859 0.041642971 0.042175718 0.042702064 0.043220960 0.043738768 0.044254448 0.044771247 0.045288131 0.045781557 0.046250541 0.046746776 0.047269262 0.047776386 0.048267122 0.048765048 0.049269162 0.049776413 0.050285779 0.050804861 0.051332626 0.051846873 0.052346580 0.052840415 0.053327400 0.053823870 0.054328840 0.054832887 0.055335000 0.055843487 0.056357320 0.056893948 0.057452299 0.057994071 0.058518186 0.059050854 0.059591003 0.060111549 0.060611449 0.061127901 0.061659873 0.062203087 0.062756449 0.063302465 0.063840032 0.064384691 0.064935356 0.065470599 0.065989345 0.066516228 0.067050181 0.067587323 0.068126574 0.068670340 0.069217518 0.069763191 0.070306242 0.070830286 0.071334258 0.071834423 0.072329774 0.072832339 0.073341109 0.073831491 0.074302517 0.074799672 0.075321965 0.075821117 0.076296113 0.076761335 0.077215843 0.077662393 0.078100093 0.078551158 0.079014681 0.079447195 0.079847842 0.080264866 0.080697447 0.081118487 0.081527144 0.081933767 0.082337543 0.082741730 0.083149731 0.083562359 0.083974570 0.084387198 0.084774315 0.085136749 0.085498810 0.085861243 0.086228341 0.086600833 0.086972959 0.087345451 0.087704457 0.088050716 0.088396624 0.088742882 0.089097276 0.089460507 0.089823373 0.090186603 0.090543717 0.090895437 0.091246806 0.091598526 0.091949604 0.092300758 0.092651553 0.093002699 0.093349211 0.093691796 0.094034031 0.094376616 0.094714873 0.095049493 0.095383778 0.095718399 0.096047163 0.096370734 0.096693985 0.097017556 0.097328201 0.097626567 0.097924642 0.098223008 0.098520473 0.098817632 0.099114493 0.099411651 0.099708289 0.100004986 0.100301377 0.100598074 0.100882262 0.101154529 0.101426527 0.101698801 0.101965711 0.102227800 0.102489635 0.102751724 0.102998607 0.103230789 0.103462741 0.103694931 0.103925519 0.104154974 0.104384206 0.104613662 0.104829043 0.105030812 0.105232373 0.105434142 0.105619572 0.105789073 0.105958410 0.106127910 0.106295593 0.106461808 0.106627859 0.106794074 0.106940039 0.107066095 0.107192025 0.107318081 0.107438765 0.107554331 0.107669786 0.107785352 0.107875720 0.107941113 0.108006440 0.108071834 0.108129635 0.108179972 0.108230263 0.108280599 0.108305819 0.108306020 0.108306222 0.108306423 0.108292639 0.108264871 0.108237132 0.108209364 0.108155310 0.108074911 0.107994594 0.107914194 0.107817665 0.107704848 0.107592136 0.107479319 0.107344374 0.107187070 0.107029930 0.106872626 0.106604777 0.106226064 0.105847739 0.105469026 0.105020009 0.104499929 0.103980362 0.103460282 0.103318885 0.103555121 0.103791125 0.104027368 0.103900671 0.103411518 0.102922857 0.102433704 0.101862088 0.101207033 0.100552633 0.099897578 0.099549912 0.099508323 0.099466771 0.099425182 0.099383637 0.099342048   
102 0.022331104 0.022804067 0.023276556 0.023749517 0.024222007 0.024694968 0.025187632 0.025700944 0.026213741 0.026727052 0.027241318 0.027757566 0.028273299 0.028789548 0.029313665 0.029846683 0.030379167 0.030912185 0.031432159 0.031940155 0.032447640 0.032955635 0.033444833 0.033916250 0.034387197 0.034858614 0.035324547 0.035785943 0.036246881 0.036716592 0.037194148 0.037675101 0.038158491 0.038636155 0.039107136 0.039577194 0.040045388 0.040514652 0.040984053 0.041432288 0.041858457 0.042309348 0.042784061 0.043244921 0.043691017 0.044143673 0.044601984 0.045063198 0.045526382 0.045998428 0.046478387 0.046946172 0.047400840 0.047850255 0.048293516 0.048745427 0.049205091 0.049663972 0.050121155 0.050584167 0.051052079 0.051540695 0.052049045 0.052542433 0.053019878 0.053505126 0.053997211 0.054471582 0.054927293 0.055398062 0.055882942 0.056378063 0.056882437 0.057380196 0.057870351 0.058366984 0.058869109 0.059357304 0.059830591 0.060311299 0.060798462 0.061288562 0.061780620 0.062276814 0.062776148 0.063274153 0.063769847 0.064248316 0.064708628 0.065165512 0.065618068 0.066077210 0.066542007 0.066990167 0.067420773 0.067875139 0.068352342 0.068808571 0.069242910 0.069668397 0.070084192 0.070492782 0.070893362 0.071306095 0.071730152 0.072126083 0.072493091 0.072874993 0.073271029 0.073656604 0.074030936 0.074403442 0.074773371 0.075143665 0.075517446 0.075895436 0.076273054 0.076651044 0.077005863 0.077338271 0.077670343 0.078002743 0.078339383 0.078680925 0.079022124 0.079363666 0.079692923 0.080010593 0.080327943 0.080645606 0.080970652 0.081303701 0.081636421 0.081969470 0.082296930 0.082619458 0.082941666 0.083264194 0.083586104 0.083908036 0.084229648 0.084551580 0.084869251 0.085183300 0.085497037 0.085811093 0.086121149 0.086427853 0.086734243 0.087040938 0.087342247 0.087638766 0.087934993 0.088231511 0.088516191 0.088789634 0.089062802 0.089336246 0.089608781 0.089880951 0.090152845 0.090425007 0.090696596 0.090968147 0.091239423 0.091510966 0.091771021 0.092020132 0.092268996 0.092518106 0.092762217 0.093001820 0.093241185 0.093480796 0.093706414 0.093918547 0.094130456 0.094342582 0.094553106 0.094762444 0.094971582 0.095180921 0.095377296 0.095561124 0.095744759 0.095928587 0.096097365 0.096251480 0.096405439 0.096559547 0.096711814 0.096862547 0.097013131 0.097163863 0.097295962 0.097409733 0.097523384 0.097637154 0.097745813 0.097849593 0.097953267 0.098057047 0.098137654 0.098195300 0.098252878 0.098310523 0.098360986 0.098404393 0.098447762 0.098491170 0.098511450 0.098508686 0.098505922 0.098503157 0.098487370 0.098458551 0.098429769 0.098400950 0.098347902 0.098270565 0.098193310 0.098115973 0.098023631 0.097916111 0.097808704 0.097701184 0.097573176 0.097424470 0.097275913 0.097127207 0.096877649 0.096526951 0.096176609 0.095825911 0.095410973 0.094931088 0.094451688 0.093971811 0.093835369 0.094041407 0.094247237 0.094453275 0.094329238 0.093875542 0.093422301 0.092968605 0.092439629 0.091834456 0.091229893 0.090624720 0.090297781 0.090247855 0.090197980 0.090148062 0.090098187 0.090048261   
103 0.019983545 0.020407019 0.020830072 0.021253547 0.021676598 0.022100074 0.022541262 0.023001013 0.023460303 0.023920052 0.024380749 0.024843313 0.025305415 0.025767978 0.026237687 0.026715465 0.027192764 0.027670544 0.028136754 0.028592348 0.029047487 0.029503083 0.029941959 0.030365027 0.030787673 0.031210741 0.031629000 0.032043297 0.032457177 0.032878991 0.033307895 0.033739902 0.034174148 0.034603328 0.035026580 0.035449065 0.035869930 0.036291823 0.036713887 0.037117053 0.037500504 0.037906166 0.038333219 0.038747925 0.039149452 0.039556921 0.039969515 0.040384766 0.040801834 0.041226909 0.041659124 0.042080492 0.042490155 0.042895168 0.043294717 0.043702073 0.044116434 0.044530146 0.044942394 0.045359917 0.045781888 0.046222486 0.046680827 0.047125813 0.047556553 0.047994345 0.048438318 0.048866458 0.049277902 0.049702909 0.050140623 0.050587583 0.051042888 0.051492315 0.051934965 0.052383479 0.052836966 0.053278003 0.053705700 0.054140106 0.054580349 0.055023275 0.055468000 0.055916484 0.056367833 0.056818031 0.057266187 0.057698924 0.058115382 0.058528811 0.058938384 0.059353907 0.059774540 0.060180258 0.060570247 0.060981605 0.061413512 0.061826605 0.062220059 0.062605582 0.062982418 0.063352808 0.063716017 0.064090170 0.064474523 0.064833611 0.065166712 0.065513231 0.065872453 0.066222295 0.066562042 0.066900156 0.067235969 0.067572117 0.067911401 0.068254493 0.068597242 0.068940334 0.069262594 0.069564693 0.069866493 0.070168592 0.070474498 0.070784815 0.071094818 0.071405135 0.071704388 0.071993195 0.072281718 0.072570533 0.072865963 0.073168583 0.073470905 0.073773526 0.074071079 0.074364178 0.074656986 0.074950084 0.075242586 0.075535089 0.075827293 0.076119788 0.076408401 0.076693721 0.076978751 0.077264063 0.077545732 0.077824332 0.078102641 0.078381240 0.078654915 0.078924216 0.079193249 0.079462558 0.079721130 0.079969510 0.080217645 0.080466025 0.080713503 0.080960572 0.081207395 0.081454463 0.081700921 0.081947245 0.082193330 0.082439654 0.082675532 0.082901441 0.083127126 0.083353043 0.083574332 0.083791450 0.084008351 0.084225476 0.084429868 0.084621981 0.084813900 0.085006006 0.085196532 0.085385859 0.085574999 0.085764326 0.085941814 0.086107835 0.086273693 0.086439721 0.086592026 0.086730942 0.086869724 0.087008648 0.087145723 0.087281242 0.087416619 0.087552130 0.087670654 0.087772466 0.087874174 0.087975979 0.088072978 0.088165365 0.088257656 0.088350043 0.088421322 0.088471681 0.088521980 0.088572338 0.088615976 0.088653013 0.088690005 0.088727042 0.088742971 0.088737875 0.088732779 0.088727683 0.088710569 0.088681430 0.088652313 0.088623174 0.088571899 0.088498436 0.088425055 0.088351592 0.088264287 0.088162988 0.088061795 0.087960497 0.087840401 0.087701306 0.087562345 0.087423250 0.087193027 0.086871408 0.086550102 0.086228482 0.085848704 0.085410140 0.084972017 0.084533453 0.084403343 0.084580824 0.084758125 0.084935606 0.084815770 0.084398955 0.083982572 0.083565757 0.083080865 0.082527049 0.081973791 0.081419975 0.081115536 0.081059374 0.081003264 0.080947101 0.080890998 0.080834836   
104 0.017663445 0.018037949 0.018412080 0.018786585 0.019160714 0.019535217 0.019925456 0.020332184 0.020738501 0.021145226 0.021552878 0.021962268 0.022371251 0.022780642 0.023196446 0.023619480 0.024042094 0.024465129 0.024878042 0.025281673 0.025684899 0.026088530 0.026477482 0.026852561 0.027227266 0.027602345 0.027973266 0.028340781 0.028707929 0.029082160 0.029462727 0.029846096 0.030231504 0.030612485 0.030988280 0.031363450 0.031737249 0.032112006 0.032486979 0.032845277 0.033186190 0.033546809 0.033926416 0.034295149 0.034652278 0.035014719 0.035381749 0.035751190 0.036122296 0.036500543 0.036885172 0.037260246 0.037625015 0.037985716 0.038341630 0.038704518 0.039073657 0.039442278 0.039809644 0.040181745 0.040557835 0.040950481 0.041358903 0.041755542 0.042139608 0.042529982 0.042925879 0.043307796 0.043674972 0.044054214 0.044444766 0.044843566 0.045249809 0.045650892 0.046046015 0.046446390 0.046851218 0.047245052 0.047627099 0.048015144 0.048408404 0.048804097 0.049201421 0.049602129 0.050005406 0.050407719 0.050808258 0.051195160 0.051567651 0.051937491 0.052303944 0.052675709 0.053052042 0.053415172 0.053764369 0.054132570 0.054519042 0.054888841 0.055241231 0.055586610 0.055924300 0.056256283 0.056581911 0.056917280 0.057261731 0.057583760 0.057882726 0.058193624 0.058515832 0.058829714 0.059134636 0.059438132 0.059739586 0.060041342 0.060345899 0.060653865 0.060961518 0.061269484 0.061558932 0.061830480 0.062101755 0.062373303 0.062648229 0.062927082 0.063205652 0.063484497 0.063753501 0.064013220 0.064272679 0.064532399 0.064797975 0.065069944 0.065341637 0.065613598 0.065881036 0.066144489 0.066407681 0.066671133 0.066934027 0.067196891 0.067459486 0.067722343 0.067981705 0.068238102 0.068494245 0.068750642 0.069003746 0.069254071 0.069504142 0.069754466 0.070000358 0.070242301 0.070484005 0.070725955 0.070958279 0.071181476 0.071404457 0.071627647 0.071849965 0.072071843 0.072293505 0.072515383 0.072736636 0.072957687 0.073178522 0.073399574 0.073611222 0.073813915 0.074016400 0.074219093 0.074417561 0.074612208 0.074806668 0.075001314 0.075184517 0.075356662 0.075528637 0.075700782 0.075871386 0.076040797 0.076210037 0.076379448 0.076538175 0.076686554 0.076834783 0.076983161 0.077119172 0.077243097 0.077366903 0.077490836 0.077612951 0.077733509 0.077853948 0.077974506 0.078079753 0.078169927 0.078260012 0.078350186 0.078435875 0.078517266 0.078598566 0.078679956 0.078742333 0.078785859 0.078829341 0.078872867 0.078910187 0.078941382 0.078972548 0.079003751 0.079015911 0.079009093 0.079002284 0.078995466 0.078977682 0.078948922 0.078920193 0.078891434 0.078842692 0.078773901 0.078705177 0.078636386 0.078554966 0.078460783 0.078366689 0.078272507 0.078161262 0.078032777 0.077904418 0.077775925 0.077566043 0.077274494 0.076983243 0.076691695 0.076348111 0.075951897 0.075556077 0.075159863 0.075037457 0.075188063 0.075338520 0.075489126 0.075375006 0.074996457 0.074618295 0.074239746 0.073800318 0.073299244 0.072798669 0.072297595 0.072017409 0.071957111 0.071896873 0.071836576 0.071776330 0.071716033   
105 0.015376415 0.015702575 0.016028410 0.016354570 0.016680403 0.017006563 0.017346496 0.017700857 0.018054860 0.018409219 0.018764466 0.019121313 0.019477801 0.019834649 0.020197170 0.020566082 0.020934625 0.021303536 0.021663731 0.022015944 0.022367803 0.022720017 0.023059545 0.023387093 0.023714315 0.024041863 0.024365883 0.024687029 0.025007855 0.025334915 0.025667561 0.026002701 0.026339671 0.026672840 0.027001541 0.027329756 0.027656827 0.027984792 0.028312994 0.028626723 0.028925346 0.029241204 0.029573664 0.029896701 0.030209672 0.030527331 0.030849043 0.031172911 0.031498283 0.031829935 0.032167207 0.032496203 0.032816257 0.033132825 0.033445261 0.033763837 0.034087915 0.034411591 0.034734227 0.035061043 0.035391387 0.035736237 0.036094893 0.036443330 0.036780842 0.037123915 0.037471857 0.037807643 0.038130604 0.038464151 0.038807616 0.039158337 0.039515600 0.039868411 0.040216058 0.040568344 0.040924568 0.041271232 0.041607644 0.041949339 0.042295635 0.042644095 0.042994022 0.043346953 0.043702170 0.044056587 0.044409491 0.044750515 0.045078978 0.045405164 0.045728419 0.046056356 0.046388317 0.046708766 0.047017056 0.047342006 0.047682963 0.048009370 0.048320569 0.048625670 0.048924062 0.049217492 0.049505379 0.049801815 0.050106216 0.050391015 0.050655652 0.050930746 0.051215753 0.051493488 0.051763397 0.052032072 0.052298974 0.052566145 0.052835781 0.053108416 0.053380784 0.053653419 0.053909853 0.054150622 0.054391153 0.054631922 0.054875653 0.055122823 0.055369750 0.055616923 0.055855460 0.056085862 0.056316033 0.056546435 0.056781959 0.057023071 0.057263941 0.057505053 0.057742175 0.057975791 0.058209173 0.058442790 0.058675889 0.058908936 0.059141751 0.059374798 0.059604745 0.059832063 0.060059149 0.060286466 0.060510851 0.060732763 0.060954452 0.061176363 0.061394330 0.061608799 0.061823051 0.062037520 0.062243491 0.062441394 0.062639102 0.062837005 0.063034065 0.063230678 0.063427091 0.063623704 0.063819692 0.064015426 0.064210974 0.064406708 0.064594112 0.064773567 0.064952835 0.065132290 0.065307945 0.065480150 0.065652184 0.065824389 0.065986447 0.066138685 0.066290773 0.066443019 0.066593789 0.066743396 0.066892847 0.067042455 0.067182548 0.067313433 0.067444183 0.067575067 0.067694947 0.067804091 0.067913122 0.068022259 0.068129659 0.068235524 0.068341285 0.068447158 0.068539411 0.068618268 0.068697050 0.068775907 0.068850651 0.068921432 0.068992138 0.069062918 0.069116808 0.069153957 0.069191061 0.069228210 0.069259696 0.069285594 0.069311462 0.069337361 0.069346316 0.069338381 0.069330461 0.069322526 0.069304727 0.069277033 0.069249377 0.069221683 0.069176197 0.069112852 0.069049567 0.068986222 0.068911508 0.068825305 0.068739183 0.068652980 0.068551503 0.068434596 0.068317801 0.068200894 0.068012290 0.067751765 0.067491502 0.067230977 0.066924527 0.066571631 0.066219091 0.065866202 0.065752834 0.065878294 0.066003628 0.066129088 0.066022202 0.065683223 0.065344580 0.065005593 0.064612933 0.064165913 0.063719332 0.063272312 0.063018091 0.062955774 0.062893525 0.062831208 0.062768951 0.062706634   
106 0.013128242 0.013406800 0.013685081 0.013963640 0.014241919 0.014520478 0.014810864 0.015113637 0.015416105 0.015718877 0.016022487 0.016327539 0.016632285 0.016937338 0.017247323 0.017562853 0.017878067 0.018193597 0.018501775 0.018803231 0.019104386 0.019405842 0.019696558 0.019977139 0.020257439 0.020538021 0.020815674 0.021090962 0.021365976 0.021646380 0.021931615 0.022219036 0.022508070 0.022793910 0.023075985 0.023357697 0.023638481 0.023920083 0.024201939 0.024471473 0.024728147 0.024999607 0.025285311 0.025563013 0.025832156 0.026105363 0.026382085 0.026660703 0.026940661 0.027226042 0.027516281 0.027799491 0.028075108 0.028347787 0.028616983 0.028891483 0.029170737 0.029449703 0.029727824 0.030009575 0.030294390 0.030591676 0.030900834 0.031201290 0.031492442 0.031788405 0.032088589 0.032378413 0.032657292 0.032945294 0.033241831 0.033544634 0.033853088 0.034157775 0.034458082 0.034762412 0.035070162 0.035369765 0.035660621 0.035956051 0.036255464 0.036556777 0.036859389 0.037164617 0.037471849 0.037778433 0.038083762 0.038378939 0.038663384 0.038945906 0.039225943 0.039510038 0.039797619 0.040075354 0.040342689 0.040624350 0.040919773 0.041202743 0.041472692 0.041737430 0.041996431 0.042251199 0.042501230 0.042758629 0.043022875 0.043270320 0.043500468 0.043739617 0.043987289 0.044228736 0.044463474 0.044697169 0.044929359 0.045161780 0.045396339 0.045633495 0.045870412 0.046107568 0.046330810 0.046540607 0.046750195 0.046959996 0.047172338 0.047387652 0.047602747 0.047818057 0.048025943 0.048226837 0.048427526 0.048628420 0.048833705 0.049043793 0.049253669 0.049463753 0.049670391 0.049874004 0.050077412 0.050281025 0.050484169 0.050687253 0.050890133 0.051093217 0.051293604 0.051491700 0.051689595 0.051887691 0.052083232 0.052276608 0.052469790 0.052663166 0.052853104 0.053039983 0.053226680 0.053413559 0.053593073 0.053765591 0.053937934 0.054110453 0.054282181 0.054453470 0.054624587 0.054795876 0.054966550 0.055136949 0.055307176 0.055477574 0.055640712 0.055796929 0.055952989 0.056109205 0.056262057 0.056411862 0.056561515 0.056711316 0.056852270 0.056984674 0.057116948 0.057249352 0.057380378 0.057510298 0.057640087 0.057770006 0.057891611 0.058005158 0.058118593 0.058232140 0.058336075 0.058430627 0.058525082 0.058619633 0.058712538 0.058803983 0.058895338 0.058986787 0.059066348 0.059134204 0.059201993 0.059269849 0.059333988 0.059394546 0.059455045 0.059515603 0.059561428 0.059592634 0.059623811 0.059655018 0.059681147 0.059702266 0.059723362 0.059744477 0.059750784 0.059742324 0.059733871 0.059725411 0.059708219 0.059682276 0.059656356 0.059630413 0.059588887 0.059531726 0.059474625 0.059417464 0.059350252 0.059272874 0.059195574 0.059118196 0.059027385 0.058922991 0.058818702 0.058714308 0.058547907 0.058319289 0.058090899 0.057862278 0.057593856 0.057285167 0.056976788 0.056668099 0.056565106 0.056667183 0.056769159 0.056871239 0.056773085 0.056474909 0.056177031 0.055878855 0.055534191 0.055142444 0.054751083 0.054359335 0.054132748 0.054070540 0.054008394 0.053946186 0.053884041 0.053821832   
107 0.010924920 0.011156737 0.011388323 0.011620142 0.011851727 0.012083545 0.012325268 0.012577361 0.012829201 0.013081294 0.013334155 0.013588290 0.013842170 0.014096305 0.014354626 0.014617642 0.014880395 0.015143412 0.015400398 0.015651876 0.015903102 0.016154580 0.016397208 0.016631490 0.016865537 0.017099818 0.017331747 0.017561791 0.017791605 0.018025966 0.018264411 0.018504726 0.018746432 0.018985530 0.019221542 0.019457301 0.019692333 0.019928101 0.020164130 0.020389942 0.020605089 0.020832606 0.021072043 0.021304859 0.021530595 0.021759765 0.021991918 0.022225700 0.022460647 0.022700170 0.022943789 0.023181602 0.023413129 0.023642259 0.023868529 0.024099274 0.024334032 0.024568597 0.024802504 0.025039488 0.025279080 0.025529126 0.025789127 0.026041916 0.026286988 0.026536128 0.026788834 0.027032942 0.027267957 0.027510634 0.027760481 0.028015610 0.028275503 0.028532296 0.028785480 0.029042069 0.029301556 0.029554283 0.029799743 0.030049069 0.030301759 0.030556085 0.030811533 0.031069214 0.031328607 0.031587504 0.031845387 0.032094821 0.032335315 0.032574236 0.032811113 0.033051420 0.033294670 0.033529721 0.033756103 0.033994500 0.034244444 0.034483995 0.034712676 0.034937028 0.035156596 0.035372652 0.035584759 0.035803061 0.036027119 0.036237128 0.036432665 0.036635764 0.036846019 0.037051074 0.037250526 0.037449125 0.037646472 0.037844025 0.038043380 0.038244937 0.038446296 0.038647853 0.038837761 0.039016422 0.039194901 0.039373562 0.039554361 0.039737660 0.039920781 0.040104080 0.040281154 0.040452365 0.040623404 0.040794615 0.040969510 0.041148424 0.041327164 0.041506078 0.041682091 0.041855559 0.042028852 0.042202320 0.042375378 0.042548370 0.042721190 0.042894185 0.043064889 0.043233652 0.043402243 0.043571003 0.043737587 0.043902330 0.044066906 0.044231646 0.044393461 0.044552673 0.044711728 0.044870939 0.045023914 0.045170970 0.045317877 0.045464933 0.045611273 0.045757193 0.045902964 0.046048880 0.046194222 0.046339273 0.046484176 0.046629228 0.046768103 0.046901096 0.047033958 0.047166951 0.047297034 0.047424480 0.047551796 0.047679242 0.047799159 0.047911800 0.048024330 0.048136976 0.048248362 0.048358720 0.048468966 0.048579324 0.048682582 0.048778959 0.048875239 0.048971616 0.049059790 0.049139954 0.049220037 0.049300198 0.049378846 0.049456134 0.049533349 0.049610641 0.049677793 0.049734961 0.049792070 0.049849238 0.049903128 0.049953848 0.050004520 0.050055239 0.050093397 0.050119098 0.050144769 0.050170470 0.050191715 0.050208565 0.050225396 0.050242241 0.050246440 0.050238021 0.050229613 0.050221194 0.050205220 0.050181672 0.050158150 0.050134607 0.050097734 0.050047487 0.049997289 0.049947042 0.049888100 0.049820364 0.049752694 0.049684957 0.049605671 0.049514700 0.049423821 0.049332850 0.049189512 0.048993625 0.048797932 0.048602045 0.048372459 0.048108783 0.047845367 0.047581691 0.047490370 0.047570869 0.047651287 0.047731787 0.047643859 0.047387660 0.047131721 0.046875522 0.046580005 0.046244655 0.045909643 0.045574293 0.045376971 0.045317013 0.045257114 0.045197155 0.045137253 0.045077294   
108 0.008772625 0.008958685 0.009144560 0.009330621 0.009516495 0.009702556 0.009896627 0.010099079 0.010301328 0.010503780 0.010706915 0.010911137 0.011115155 0.011319377 0.011527037 0.011738542 0.011949834 0.012161339 0.012368082 0.012570484 0.012772682 0.012975084 0.013170462 0.013359223 0.013547795 0.013736556 0.013923505 0.014109021 0.014294351 0.014483394 0.014675772 0.014869701 0.015064794 0.015257840 0.015448453 0.015638912 0.015828837 0.016019398 0.016210217 0.016392874 0.016566999 0.016751124 0.016944878 0.017133357 0.017316191 0.017501837 0.017689928 0.017879382 0.018069815 0.018263984 0.018461496 0.018654386 0.018842265 0.019028263 0.019212006 0.019399401 0.019590070 0.019780636 0.019970715 0.020163322 0.020358071 0.020561291 0.020772578 0.020978104 0.021177460 0.021380141 0.021585746 0.021784464 0.021975901 0.022173559 0.022377044 0.022584829 0.022796499 0.023005718 0.023212068 0.023421215 0.023632739 0.023838857 0.024039153 0.024242612 0.024448825 0.024656400 0.024864921 0.025075285 0.025287071 0.025498498 0.025709145 0.025913013 0.026109692 0.026305145 0.026498977 0.026695615 0.026894661 0.027087118 0.027272599 0.027467828 0.027672410 0.027868630 0.028056093 0.028240083 0.028420234 0.028597569 0.028771732 0.028950933 0.029134810 0.029307347 0.029468199 0.029635189 0.029807989 0.029976599 0.030140687 0.030304108 0.030466538 0.030629130 0.030793207 0.030959092 0.031124812 0.031290699 0.031447168 0.031594552 0.031741790 0.031889174 0.032038301 0.032189470 0.032340489 0.032491658 0.032637786 0.032779176 0.032920420 0.033061810 0.033206180 0.033353813 0.033501301 0.033648934 0.033794206 0.033937413 0.034080476 0.034223683 0.034366548 0.034509350 0.034652010 0.034794815 0.034935739 0.035075076 0.035214275 0.035353612 0.035491154 0.035627183 0.035763077 0.035899106 0.036032725 0.036164206 0.036295552 0.036427032 0.036553409 0.036674943 0.036796357 0.036917891 0.037038799 0.037159324 0.037279721 0.037400242 0.037520241 0.037639953 0.037759542 0.037879251 0.037993886 0.038103681 0.038213369 0.038323164 0.038430527 0.038535673 0.038640715 0.038745862 0.038844809 0.038937774 0.039030645 0.039123610 0.039215464 0.039306395 0.039397236 0.039488170 0.039573230 0.039652605 0.039731897 0.039811272 0.039883867 0.039949846 0.040015753 0.040081732 0.040146355 0.040209763 0.040273104 0.040336512 0.040391546 0.040438332 0.040485069 0.040531855 0.040575832 0.040617093 0.040658318 0.040699579 0.040730473 0.040751081 0.040771671 0.040792279 0.040809102 0.040822182 0.040835246 0.040848326 0.040850941 0.040843114 0.040835299 0.040827472 0.040813312 0.040792800 0.040772308 0.040751796 0.040720239 0.040677600 0.040635005 0.040592365 0.040542439 0.040485132 0.040427886 0.040370584 0.040303651 0.040226981 0.040150385 0.040073711 0.039954253 0.039791852 0.039629612 0.039467212 0.039277203 0.039059259 0.038841531 0.038623586 0.038545217 0.038605988 0.038666699 0.038727470 0.038651235 0.038438115 0.038225211 0.038012091 0.037766788 0.037488870 0.037211232 0.036933314 0.036766849 0.036711283 0.036655769 0.036600202 0.036544692 0.036489125   
109 0.006677734 0.006819147 0.006960419 0.007101831 0.007243103 0.007384516 0.007532074 0.007686059 0.007839890 0.007993875 0.008148439 0.008303889 0.008459182 0.008614633 0.008772766 0.008933894 0.009094860 0.009255989 0.009413568 0.009567920 0.009722118 0.009876470 0.010025557 0.010169689 0.010313676 0.010457807 0.010600635 0.010742448 0.010884120 0.011028673 0.011175819 0.011324192 0.011473499 0.011621294 0.011767280 0.011913198 0.012058753 0.012204843 0.012351176 0.012491335 0.012625043 0.012766416 0.012915174 0.013059962 0.013200491 0.013343216 0.013487850 0.013633572 0.013780089 0.013929504 0.014081516 0.014230052 0.014374813 0.014518187 0.014659888 0.014804424 0.014951505 0.015098554 0.015245278 0.015393980 0.015544364 0.015701266 0.015864372 0.016023131 0.016177224 0.016333906 0.016492868 0.016646614 0.016794844 0.016947873 0.017105399 0.017266260 0.017430138 0.017592186 0.017752085 0.017914170 0.018078119 0.018237976 0.018393422 0.018551331 0.018711388 0.018872533 0.019034440 0.019197803 0.019362293 0.019526554 0.019690255 0.019848805 0.020001885 0.020154061 0.020305030 0.020458186 0.020613225 0.020763246 0.020907950 0.021060163 0.021219580 0.021372616 0.021518964 0.021662680 0.021803480 0.021942144 0.022078402 0.022218551 0.022362310 0.022497391 0.022623524 0.022754394 0.022889741 0.023021894 0.023150589 0.023278797 0.023406262 0.023533853 0.023662612 0.023792792 0.023922844 0.024053024 0.024175987 0.024291992 0.024407882 0.024523888 0.024641249 0.024760198 0.024879031 0.024997979 0.025113059 0.025224507 0.025335843 0.025447290 0.025561037 0.025677303 0.025793454 0.025909720 0.026024168 0.026137028 0.026249776 0.026362637 0.026475225 0.026587764 0.026700191 0.026812730 0.026923811 0.027033659 0.027143395 0.027253242 0.027361687 0.027468950 0.027576104 0.027683366 0.027788745 0.027892454 0.027996060 0.028099768 0.028199503 0.028295476 0.028391352 0.028487325 0.028582772 0.028677886 0.028772905 0.028868020 0.028962681 0.029057078 0.029151380 0.029245777 0.029336201 0.029422838 0.029509390 0.029596029 0.029680723 0.029763648 0.029846491 0.029929416 0.030007482 0.030080857 0.030154157 0.030227533 0.030299971 0.030371621 0.030443199 0.030514847 0.030581871 0.030644413 0.030706892 0.030769432 0.030826636 0.030878628 0.030930568 0.030982560 0.031033400 0.031083191 0.031132931 0.031182721 0.031225922 0.031262629 0.031299300 0.031336010 0.031370416 0.031402592 0.031434733 0.031466909 0.031490929 0.031506855 0.031522766 0.031538695 0.031551540 0.031561337 0.031571127 0.031580925 0.031582467 0.031575773 0.031569082 0.031562384 0.031550609 0.031533744 0.031516895 0.031500027 0.031474430 0.031440072 0.031405747 0.031371385 0.031331185 0.031285070 0.031239003 0.031192889 0.031139113 0.031077581 0.031016111 0.030954579 0.030859765 0.030731544 0.030603450 0.030475229 0.030325459 0.030153882 0.029982476 0.029810898 0.029746745 0.029789669 0.029832553 0.029875478 0.029812390 0.029643375 0.029474529 0.029305514 0.029111402 0.028891856 0.028672531 0.028452985 0.028318921 0.028269900 0.028220929 0.028171908 0.028122937 0.028073918   
110 0.004646813 0.004744818 0.004842724 0.004940729 0.005038635 0.005136639 0.005238959 0.005345791 0.005452515 0.005559346 0.005666632 0.005774586 0.005882432 0.005990385 0.006100268 0.006212294 0.006324208 0.006436235 0.006545866 0.006653325 0.006760676 0.006868135 0.006972012 0.007072520 0.007172928 0.007273437 0.007373114 0.007472159 0.007571106 0.007672112 0.007774978 0.007878742 0.007983200 0.008086653 0.008188895 0.008291136 0.008393172 0.008495629 0.008598301 0.008696725 0.008790703 0.008890068 0.008994622 0.009096461 0.009195384 0.009295885 0.009397766 0.009500453 0.009603743 0.009709105 0.009816325 0.009921174 0.010023439 0.010124789 0.010225018 0.010327275 0.010431357 0.010535466 0.010639396 0.010744757 0.010851340 0.010962525 0.011078091 0.011190673 0.011300047 0.011411281 0.011524155 0.011633435 0.011738905 0.011847780 0.011959843 0.012074291 0.012190894 0.012306269 0.012420187 0.012535685 0.012652534 0.012766565 0.012877552 0.012990311 0.013104619 0.013219734 0.013335426 0.013452186 0.013569779 0.013687257 0.013804385 0.013917944 0.014027706 0.014136878 0.014245239 0.014355175 0.014466466 0.014574276 0.014678387 0.014787810 0.014902325 0.015012395 0.015117798 0.015221387 0.015322956 0.015423057 0.015521492 0.015622693 0.015726460 0.015824150 0.015915571 0.016010351 0.016108302 0.016204033 0.016297348 0.016390350 0.016482852 0.016575444 0.016668892 0.016763374 0.016857764 0.016952248 0.017041672 0.017126227 0.017210696 0.017295249 0.017380780 0.017467458 0.017554050 0.017640727 0.017724689 0.017806109 0.017887447 0.017968867 0.018051919 0.018136764 0.018221524 0.018306369 0.018389935 0.018472388 0.018554760 0.018637216 0.018719476 0.018801706 0.018883856 0.018966086 0.019047279 0.019127596 0.019207835 0.019288152 0.019367466 0.019445933 0.019524323 0.019602790 0.019679906 0.019755822 0.019831661 0.019907577 0.019980652 0.020051040 0.020121355 0.020191742 0.020261722 0.020331435 0.020401081 0.020470794 0.020540148 0.020609276 0.020678336 0.020747464 0.020813728 0.020877261 0.020940730 0.021004263 0.021066360 0.021127151 0.021187881 0.021248670 0.021305947 0.021359831 0.021413662 0.021467546 0.021520693 0.021573210 0.021625675 0.021678193 0.021727342 0.021773228 0.021819068 0.021864954 0.021906957 0.021945167 0.021983340 0.022021551 0.022058841 0.022095287 0.022131696 0.022168143 0.022199793 0.022226721 0.022253621 0.022280548 0.022305714 0.022329172 0.022352608 0.022376066 0.022393594 0.022405233 0.022416864 0.022428503 0.022437809 0.022444801 0.022451788 0.022458781 0.022459742 0.022454688 0.022449641 0.022444587 0.022435751 0.022423124 0.022410508 0.022397880 0.022378860 0.022353422 0.022328010 0.022302574 0.022272782 0.022238588 0.022204427 0.022170233 0.022130376 0.022084789 0.022039248 0.021993661 0.021924203 0.021830782 0.021737454 0.021644033 0.021535084 0.021410417 0.021285875 0.021161208 0.021112505 0.021139516 0.021166500 0.021193512 0.021145009 0.021021044 0.020897204 0.020773239 0.020631211 0.020470869 0.020310689 0.020150347 0.020050181 0.020009870 0.019969597 0.019929286 0.019889016 0.019848704   
111 0.002686623 0.002742591 0.002798503 0.002854471 0.002910383 0.002966351 0.003024846 0.003085979 0.003147052 0.003208186 0.003269629 0.003331503 0.003393317 0.003455191 0.003518239 0.003582583 0.003646862 0.003711206 0.003774241 0.003836095 0.003897887 0.003959741 0.004019613 0.004077626 0.004135581 0.004193594 0.004251206 0.004308533 0.004365803 0.004424321 0.004483969 0.004544186 0.004604853 0.004664991 0.004724481 0.004784023 0.004843498 0.004903269 0.004963217 0.005020766 0.005075801 0.005134002 0.005195252 0.005254990 0.005313097 0.005372174 0.005432101 0.005492552 0.005553405 0.005615515 0.005678755 0.005740681 0.005801169 0.005861183 0.005920604 0.005981257 0.006043021 0.006104860 0.006166649 0.006229326 0.006292765 0.006358935 0.006427702 0.006494796 0.006560084 0.006626513 0.006693950 0.006759358 0.006822605 0.006887889 0.006955081 0.007023717 0.007093662 0.007162951 0.007231446 0.007300920 0.007371234 0.007439963 0.007506970 0.007575066 0.007644114 0.007713690 0.007783653 0.007854294 0.007925471 0.007996636 0.008067649 0.008136625 0.008203429 0.008269937 0.008336014 0.008403063 0.008470947 0.008536839 0.008600607 0.008667533 0.008737484 0.008804874 0.008869567 0.008933237 0.008995757 0.009057454 0.009118205 0.009180621 0.009244575 0.009304994 0.009361756 0.009420528 0.009481194 0.009540584 0.009598578 0.009656425 0.009714006 0.009771644 0.009829827 0.009888669 0.009947452 0.010006294 0.010062187 0.010115250 0.010168260 0.010221323 0.010274994 0.010329381 0.010383713 0.010438100 0.010490904 0.010542234 0.010593514 0.010644845 0.010697161 0.010750565 0.010803915 0.010857319 0.010909976 0.010961994 0.011013960 0.011065979 0.011117889 0.011169796 0.011221650 0.011273557 0.011324846 0.011375622 0.011426347 0.011477123 0.011527294 0.011576965 0.011626585 0.011676255 0.011725105 0.011773233 0.011821314 0.011869442 0.011915855 0.011960649 0.012005398 0.012050192 0.012094715 0.012139056 0.012183352 0.012227693 0.012271782 0.012315706 0.012359587 0.012403511 0.012445679 0.012486176 0.012526632 0.012567130 0.012606715 0.012645470 0.012684186 0.012722941 0.012759531 0.012794032 0.012828498 0.012862999 0.012896989 0.012930534 0.012964046 0.012997591 0.013029036 0.013058449 0.013087833 0.013117246 0.013144238 0.013168869 0.013193475 0.013218106 0.013242083 0.013265455 0.013288805 0.013312178 0.013332560 0.013349999 0.013367420 0.013384859 0.013401114 0.013416220 0.013431311 0.013446417 0.013457824 0.013465561 0.013473291 0.013481028 0.013487214 0.013491862 0.013496507 0.013501155 0.013502018 0.013499102 0.013496189 0.013493273 0.013487909 0.013480089 0.013472276 0.013464455 0.013452602 0.013436699 0.013420813 0.013404910 0.013386184 0.013364605 0.013343046 0.013321467 0.013296262 0.013267389 0.013238546 0.013209674 0.013166230 0.013108158 0.013050143 0.012992070 0.012924438 0.012847132 0.012769903 0.012692597 0.012660555 0.012673622 0.012686676 0.012699744 0.012667242 0.012589196 0.012511227 0.012433182 0.012344033 0.012243625 0.012143318 0.012042910 0.011978089 0.011948654 0.011919250 0.011889815 0.011860410 0.011830975   
112 0.000804116 0.000819557 0.000834982 0.000850423 0.000865849 0.000881290 0.000897514 0.000914553 0.000931574 0.000948613 0.000965794 0.000983153 0.001000494 0.001017852 0.001035627 0.001053854 0.001072062 0.001090288 0.001108221 0.001125896 0.001143554 0.001161229 0.001178432 0.001195197 0.001211946 0.001228711 0.001245465 0.001262240 0.001278999 0.001296204 0.001313822 0.001331673 0.001349724 0.001367691 0.001385536 0.001403469 0.001421454 0.001439600 0.001457871 0.001475513 0.001492488 0.001510473 0.001529429 0.001548018 0.001566203 0.001584754 0.001603632 0.001622746 0.001642056 0.001661820 0.001681997 0.001701868 0.001721391 0.001740856 0.001760224 0.001780040 0.001800267 0.001820598 0.001840993 0.001861737 0.001882788 0.001904742 0.001927555 0.001949952 0.001971889 0.001994254 0.002017004 0.002039225 0.002060873 0.002083220 0.002106222 0.002129746 0.002153747 0.002177634 0.002201358 0.002225465 0.002249907 0.002273947 0.002297536 0.002321540 0.002345911 0.002370524 0.002395330 0.002420426 0.002445762 0.002471174 0.002496612 0.002521496 0.002545777 0.002570037 0.002594230 0.002618798 0.002643690 0.002668030 0.002691768 0.002716565 0.002742372 0.002767440 0.002791720 0.002815740 0.002839452 0.002862964 0.002886227 0.002910076 0.002934462 0.002957779 0.002979981 0.003002875 0.003026417 0.003049599 0.003072375 0.003095162 0.003117912 0.003140686 0.003163700 0.003187000 0.003210277 0.003233576 0.003255987 0.003277554 0.003299100 0.003320667 0.003342485 0.003364597 0.003386688 0.003408800 0.003430440 0.003451652 0.003472843 0.003494054 0.003515625 0.003537597 0.003559547 0.003581520 0.003603275 0.003624856 0.003646416 0.003667998 0.003689565 0.003711160 0.003732734 0.003754329 0.003775730 0.003796980 0.003818208 0.003839457 0.003860508 0.003881402 0.003902275 0.003923169 0.003943780 0.003964148 0.003984496 0.004004865 0.004024636 0.004043851 0.004063047 0.004082262 0.004101356 0.004120369 0.004139362 0.004158374 0.004177263 0.004196065 0.004214849 0.004233651 0.004251806 0.004269350 0.004286876 0.004304421 0.004321592 0.004338426 0.004355242 0.004372076 0.004388093 0.004403326 0.004418544 0.004433778 0.004448751 0.004463493 0.004478221 0.004492964 0.004506883 0.004520009 0.004533121 0.004546247 0.004558423 0.004569676 0.004580917 0.004592169 0.004603070 0.004613641 0.004624202 0.004634774 0.004644168 0.004652406 0.004660635 0.004668873 0.004676539 0.004683650 0.004690753 0.004697863 0.004703514 0.004707718 0.004711919 0.004716123 0.004719597 0.004722350 0.004725100 0.004727853 0.004729075 0.004728772 0.004728469 0.004728166 0.004726782 0.004724314 0.004721849 0.004719381 0.004715257 0.004709472 0.004703693 0.004697908 0.004690870 0.004682568 0.004674274 0.004665972 0.004656115 0.004644686 0.004633269 0.004621841 0.004605012 0.004582761 0.004560533 0.004538281 0.004512381 0.004482788 0.004453223 0.004423629 0.004409431 0.004410569 0.004411706 0.004412844 0.004397740 0.004366395 0.004335082 0.004303737 0.004268168 0.004228314 0.004188499 0.004148644 0.004120565 0.004104182 0.004087816 0.004071432 0.004055066 0.004038682   
113 0.000000000 0.000000000 0.000000000 0.000000000 0.000000000 0.000000000 0.000000000 0.000000000 0.000000000 0.000000000 0.000000000 0.000000000 0.000000000 0.000000000 0.000000000 0.000000000 0.000000000 0.000000000 0.000000000 0.000000000 0.000000000 0.000000000 0.000000000 0.000000000 0.000000000 0.000000000 0.000000000 0.000000000 0.000000000 0.000000000 0.000000000 0.000000000 0.000000000 0.000000000 0.000000000 0.000000000 0.000000000 0.000000000 0.000000000 0.000000000 0.000000000 0.000000000 0.000000000 0.000000000 0.000000000 0.000000000 0.000000000 0.000000000 0.000000000 0.000000000 0.000000000 0.000000000 0.000000000 0.000000000 0.000000000 0.000000000 0.000000000 0.000000000 0.000000000 0.000000000 0.000000000 0.000000000 0.000000000 0.000000000 0.000000000 0.000000000 0.000000000 0.000000000 0.000000000 0.000000000 0.000000000 0.000000000 0.000000000 0.000000000 0.000000000 0.000000000 0.000000000 0.000000000 0.000000000 0.000000000 0.000000000 0.000000000 0.000000000 0.000000000 0.000000000 0.000000000 0.000000000 0.000000000 0.000000000 0.000000000 0.000000000 0.000000000 0.000000000 0.000000000 0.000000000 0.000000000 0.000000000 0.000000000 0.000000000 0.000000000 0.000000000 0.000000000 0.000000000 0.000000000 0.000000000 0.000000000 0.000000000 0.000000000 0.000000000 0.000000000 0.000000000 0.000000000 0.000000000 0.000000000 0.000000000 0.000000000 0.000000000 0.000000000 0.000000000 0.000000000 0.000000000 0.000000000 0.000000000 0.000000000 0.000000000 0.000000000 0.000000000 0.000000000 0.000000000 0.000000000 0.000000000 0.000000000 0.000000000 0.000000000 0.000000000 0.000000000 0.000000000 0.000000000 0.000000000 0.000000000 0.000000000 0.000000000 0.000000000 0.000000000 0.000000000 0.000000000 0.000000000 0.000000000 0.000000000 0.000000000 0.000000000 0.000000000 0.000000000 0.000000000 0.000000000 0.000000000 0.000000000 0.000000000 0.000000000 0.000000000 0.000000000 0.000000000 0.000000000 0.000000000 0.000000000 0.000000000 0.000000000 0.000000000 0.000000000 0.000000000 0.000000000 0.000000000 0.000000000 0.000000000 0.000000000 0.000000000 0.000000000 0.000000000 0.000000000 0.000000000 0.000000000 0.000000000 0.000000000 0.000000000 0.000000000 0.000000000 0.000000000 0.000000000 0.000000000 0.000000000 0.000000000 0.000000000 0.000000000 0.000000000 0.000000000 0.000000000 0.000000000 0.000000000 0.000000000 0.000000000 0.000000000 0.000000000 0.000000000 0.000000000 0.000000000 0.000000000 0.000000000 0.000000000 0.000000000 0.000000000 0.000000000 0.000000000 0.000000000 0.000000000 0.000000000 0.000000000 0.000000000 0.000000000 0.000000000 0.000000000 0.000000000 0.000000000 0.000000000 0.000000000 0.000000000 0.000000000 0.000000000 0.000000000 0.000000000 0.000000000 0.000000000 0.000000000 0.000000000 0.000000000 0.000000000 0.000000000 0.000000000 0.000000000 0.000000000 0.000000000 0.000000000 0.000000000 0.000000000 0.000000000 0.000000000 0.000000000 0.000000000 0.000000000 0.000000000 0.000000000 0.000000000 0.000000000 0.000000000 0.000000000 0.000000000 0.000000000   
114 0.000000000 0.000000000 0.000000000 0.000000000 0.000000000 0.000000000 0.000000000 0.000000000 0.000000000 0.000000000 0.000000000 0.000000000 0.000000000 0.000000000 0.000000000 0.000000000 0.000000000 0.000000000 0.000000000 0.000000000 0.000000000 0.000000000 0.000000000 0.000000000 0.000000000 0.000000000 0.000000000 0.000000000 0.000000000 0.000000000 0.000000000 0.000000000 0.000000000 0.000000000 0.000000000 0.000000000 0.000000000 0.000000000 0.000000000 0.000000000 0.000000000 0.000000000 0.000000000 0.000000000 0.000000000 0.000000000 0.000000000 0.000000000 0.000000000 0.000000000 0.000000000 0.000000000 0.000000000 0.000000000 0.000000000 0.000000000 0.000000000 0.000000000 0.000000000 0.000000000 0.000000000 0.000000000 0.000000000 0.000000000 0.000000000 0.000000000 0.000000000 0.000000000 0.000000000 0.000000000 0.000000000 0.000000000 0.000000000 0.000000000 0.000000000 0.000000000 0.000000000 0.000000000 0.000000000 0.000000000 0.000000000 0.000000000 0.000000000 0.000000000 0.000000000 0.000000000 0.000000000 0.000000000 0.000000000 0.000000000 0.000000000 0.000000000 0.000000000 0.000000000 0.000000000 0.000000000 0.000000000 0.000000000 0.000000000 0.000000000 0.000000000 0.000000000 0.000000000 0.000000000 0.000000000 0.000000000 0.000000000 0.000000000 0.000000000 0.000000000 0.000000000 0.000000000 0.000000000 0.000000000 0.000000000 0.000000000 0.000000000 0.000000000 0.000000000 0.000000000 0.000000000 0.000000000 0.000000000 0.000000000 0.000000000 0.000000000 0.000000000 0.000000000 0.000000000 0.000000000 0.000000000 0.000000000 0.000000000 0.000000000 0.000000000 0.000000000 0.000000000 0.000000000 0.000000000 0.000000000 0.000000000 0.000000000 0.000000000 0.000000000 0.000000000 0.000000000 0.000000000 0.000000000 0.000000000 0.000000000 0.000000000 0.000000000 0.000000000 0.000000000 0.000000000 0.000000000 0.000000000 0.000000000 0.000000000 0.000000000 0.000000000 0.000000000 0.000000000 0.000000000 0.000000000 0.000000000 0.000000000 0.000000000 0.000000000 0.000000000 0.000000000 0.000000000 0.000000000 0.000000000 0.000000000 0.000000000 0.000000000 0.000000000 0.000000000 0.000000000 0.000000000 0.000000000 0.000000000 0.000000000 0.000000000 0.000000000 0.000000000 0.000000000 0.000000000 0.000000000 0.000000000 0.000000000 0.000000000 0.000000000 0.000000000 0.000000000 0.000000000 0.000000000 0.000000000 0.000000000 0.000000000 0.000000000 0.000000000 0.000000000 0.000000000 0.000000000 0.000000000 0.000000000 0.000000000 0.000000000 0.000000000 0.000000000 0.000000000 0.000000000 0.000000000 0.000000000 0.000000000 0.000000000 0.000000000 0.000000000 0.000000000 0.000000000 0.000000000 0.000000000 0.000000000 0.000000000 0.000000000 0.000000000 0.000000000 0.000000000 0.000000000 0.000000000 0.000000000 0.000000000 0.000000000 0.000000000 0.000000000 0.000000000 0.000000000 0.000000000 0.000000000 0.000000000 0.000000000 0.000000000 0.000000000 0.000000000 0.000000000 0.000000000 0.000000000 0.000000000 0.000000000 0.000000000 0.000000000 0.000000000 0.000000000 0.000000000   
115 0.000000000 0.000000000 0.000000000 0.000000000 0.000000000 0.000000000 0.000000000 0.000000000 0.000000000 0.000000000 0.000000000 0.000000000 0.000000000 0.000000000 0.000000000 0.000000000 0.000000000 0.000000000 0.000000000 0.000000000 0.000000000 0.000000000 0.000000000 0.000000000 0.000000000 0.000000000 0.000000000 0.000000000 0.000000000 0.000000000 0.000000000 0.000000000 0.000000000 0.000000000 0.000000000 0.000000000 0.000000000 0.000000000 0.000000000 0.000000000 0.000000000 0.000000000 0.000000000 0.000000000 0.000000000 0.000000000 0.000000000 0.000000000 0.000000000 0.000000000 0.000000000 0.000000000 0.000000000 0.000000000 0.000000000 0.000000000 0.000000000 0.000000000 0.000000000 0.000000000 0.000000000 0.000000000 0.000000000 0.000000000 0.000000000 0.000000000 0.000000000 0.000000000 0.000000000 0.000000000 0.000000000 0.000000000 0.000000000 0.000000000 0.000000000 0.000000000 0.000000000 0.000000000 0.000000000 0.000000000 0.000000000 0.000000000 0.000000000 0.000000000 0.000000000 0.000000000 0.000000000 0.000000000 0.000000000 0.000000000 0.000000000 0.000000000 0.000000000 0.000000000 0.000000000 0.000000000 0.000000000 0.000000000 0.000000000 0.000000000 0.000000000 0.000000000 0.000000000 0.000000000 0.000000000 0.000000000 0.000000000 0.000000000 0.000000000 0.000000000 0.000000000 0.000000000 0.000000000 0.000000000 0.000000000 0.000000000 0.000000000 0.000000000 0.000000000 0.000000000 0.000000000 0.000000000 0.000000000 0.000000000 0.000000000 0.000000000 0.000000000 0.000000000 0.000000000 0.000000000 0.000000000 0.000000000 0.000000000 0.000000000 0.000000000 0.000000000 0.000000000 0.000000000 0.000000000 0.000000000 0.000000000 0.000000000 0.000000000 0.000000000 0.000000000 0.000000000 0.000000000 0.000000000 0.000000000 0.000000000 0.000000000 0.000000000 0.000000000 0.000000000 0.000000000 0.000000000 0.000000000 0.000000000 0.000000000 0.000000000 0.000000000 0.000000000 0.000000000 0.000000000 0.000000000 0.000000000 0.000000000 0.000000000 0.000000000 0.000000000 0.000000000 0.000000000 0.000000000 0.000000000 0.000000000 0.000000000 0.000000000 0.000000000 0.000000000 0.000000000 0.000000000 0.000000000 0.000000000 0.000000000 0.000000000 0.000000000 0.000000000 0.000000000 0.000000000 0.000000000 0.000000000 0.000000000 0.000000000 0.000000000 0.000000000 0.000000000 0.000000000 0.000000000 0.000000000 0.000000000 0.000000000 0.000000000 0.000000000 0.000000000 0.000000000 0.000000000 0.000000000 0.000000000 0.000000000 0.000000000 0.000000000 0.000000000 0.000000000 0.000000000 0.000000000 0.000000000 0.000000000 0.000000000 0.000000000 0.000000000 0.000000000 0.000000000 0.000000000 0.000000000 0.000000000 0.000000000 0.000000000 0.000000000 0.000000000 0.000000000 0.000000000 0.000000000 0.000000000 0.000000000 0.000000000 0.000000000 0.000000000 0.000000000 0.000000000 0.000000000 0.000000000 0.000000000 0.000000000 0.000000000 0.000000000 0.000000000 0.000000000 0.000000000 0.000000000 0.000000000 0.000000000 0.000000000 0.000000000 0.000000000 0.000000000 0.000000000   
116 0.000000000 0.000000000 0.000000000 0.000000000 0.000000000 0.000000000 0.000000000 0.000000000 0.000000000 0.000000000 0.000000000 0.000000000 0.000000000 0.000000000 0.000000000 0.000000000 0.000000000 0.000000000 0.000000000 0.000000000 0.000000000 0.000000000 0.000000000 0.000000000 0.000000000 0.000000000 0.000000000 0.000000000 0.000000000 0.000000000 0.000000000 0.000000000 0.000000000 0.000000000 0.000000000 0.000000000 0.000000000 0.000000000 0.000000000 0.000000000 0.000000000 0.000000000 0.000000000 0.000000000 0.000000000 0.000000000 0.000000000 0.000000000 0.000000000 0.000000000 0.000000000 0.000000000 0.000000000 0.000000000 0.000000000 0.000000000 0.000000000 0.000000000 0.000000000 0.000000000 0.000000000 0.000000000 0.000000000 0.000000000 0.000000000 0.000000000 0.000000000 0.000000000 0.000000000 0.000000000 0.000000000 0.000000000 0.000000000 0.000000000 0.000000000 0.000000000 0.000000000 0.000000000 0.000000000 0.000000000 0.000000000 0.000000000 0.000000000 0.000000000 0.000000000 0.000000000 0.000000000 0.000000000 0.000000000 0.000000000 0.000000000 0.000000000 0.000000000 0.000000000 0.000000000 0.000000000 0.000000000 0.000000000 0.000000000 0.000000000 0.000000000 0.000000000 0.000000000 0.000000000 0.000000000 0.000000000 0.000000000 0.000000000 0.000000000 0.000000000 0.000000000 0.000000000 0.000000000 0.000000000 0.000000000 0.000000000 0.000000000 0.000000000 0.000000000 0.000000000 0.000000000 0.000000000 0.000000000 0.000000000 0.000000000 0.000000000 0.000000000 0.000000000 0.000000000 0.000000000 0.000000000 0.000000000 0.000000000 0.000000000 0.000000000 0.000000000 0.000000000 0.000000000 0.000000000 0.000000000 0.000000000 0.000000000 0.000000000 0.000000000 0.000000000 0.000000000 0.000000000 0.000000000 0.000000000 0.000000000 0.000000000 0.000000000 0.000000000 0.000000000 0.000000000 0.000000000 0.000000000 0.000000000 0.000000000 0.000000000 0.000000000 0.000000000 0.000000000 0.000000000 0.000000000 0.000000000 0.000000000 0.000000000 0.000000000 0.000000000 0.000000000 0.000000000 0.000000000 0.000000000 0.000000000 0.000000000 0.000000000 0.000000000 0.000000000 0.000000000 0.000000000 0.000000000 0.000000000 0.000000000 0.000000000 0.000000000 0.000000000 0.000000000 0.000000000 0.000000000 0.000000000 0.000000000 0.000000000 0.000000000 0.000000000 0.000000000 0.000000000 0.000000000 0.000000000 0.000000000 0.000000000 0.000000000 0.000000000 0.000000000 0.000000000 0.000000000 0.000000000 0.000000000 0.000000000 0.000000000 0.000000000 0.000000000 0.000000000 0.000000000 0.000000000 0.000000000 0.000000000 0.000000000 0.000000000 0.000000000 0.000000000 0.000000000 0.000000000 0.000000000 0.000000000 0.000000000 0.000000000 0.000000000 0.000000000 0.000000000 0.000000000 0.000000000 0.000000000 0.000000000 0.000000000 0.000000000 0.000000000 0.000000000 0.000000000 0.000000000 0.000000000 0.000000000 0.000000000 0.000000000 0.000000000 0.000000000 0.000000000 0.000000000 0.000000000 0.000000000 0.000000000 0.000000000 0.000000000 0.000000000 0.000000000 0.000000000   
117 0.000000000 0.000000000 0.000000000 0.000000000 0.000000000 0.000000000 0.000000000 0.000000000 0.000000000 0.000000000 0.000000000 0.000000000 0.000000000 0.000000000 0.000000000 0.000000000 0.000000000 0.000000000 0.000000000 0.000000000 0.000000000 0.000000000 0.000000000 0.000000000 0.000000000 0.000000000 0.000000000 0.000000000 0.000000000 0.000000000 0.000000000 0.000000000 0.000000000 0.000000000 0.000000000 0.000000000 0.000000000 0.000000000 0.000000000 0.000000000 0.000000000 0.000000000 0.000000000 0.000000000 0.000000000 0.000000000 0.000000000 0.000000000 0.000000000 0.000000000 0.000000000 0.000000000 0.000000000 0.000000000 0.000000000 0.000000000 0.000000000 0.000000000 0.000000000 0.000000000 0.000000000 0.000000000 0.000000000 0.000000000 0.000000000 0.000000000 0.000000000 0.000000000 0.000000000 0.000000000 0.000000000 0.000000000 0.000000000 0.000000000 0.000000000 0.000000000 0.000000000 0.000000000 0.000000000 0.000000000 0.000000000 0.000000000 0.000000000 0.000000000 0.000000000 0.000000000 0.000000000 0.000000000 0.000000000 0.000000000 0.000000000 0.000000000 0.000000000 0.000000000 0.000000000 0.000000000 0.000000000 0.000000000 0.000000000 0.000000000 0.000000000 0.000000000 0.000000000 0.000000000 0.000000000 0.000000000 0.000000000 0.000000000 0.000000000 0.000000000 0.000000000 0.000000000 0.000000000 0.000000000 0.000000000 0.000000000 0.000000000 0.000000000 0.000000000 0.000000000 0.000000000 0.000000000 0.000000000 0.000000000 0.000000000 0.000000000 0.000000000 0.000000000 0.000000000 0.000000000 0.000000000 0.000000000 0.000000000 0.000000000 0.000000000 0.000000000 0.000000000 0.000000000 0.000000000 0.000000000 0.000000000 0.000000000 0.000000000 0.000000000 0.000000000 0.000000000 0.000000000 0.000000000 0.000000000 0.000000000 0.000000000 0.000000000 0.000000000 0.000000000 0.000000000 0.000000000 0.000000000 0.000000000 0.000000000 0.000000000 0.000000000 0.000000000 0.000000000 0.000000000 0.000000000 0.000000000 0.000000000 0.000000000 0.000000000 0.000000000 0.000000000 0.000000000 0.000000000 0.000000000 0.000000000 0.000000000 0.000000000 0.000000000 0.000000000 0.000000000 0.000000000 0.000000000 0.000000000 0.000000000 0.000000000 0.000000000 0.000000000 0.000000000 0.000000000 0.000000000 0.000000000 0.000000000 0.000000000 0.000000000 0.000000000 0.000000000 0.000000000 0.000000000 0.000000000 0.000000000 0.000000000 0.000000000 0.000000000 0.000000000 0.000000000 0.000000000 0.000000000 0.000000000 0.000000000 0.000000000 0.000000000 0.000000000 0.000000000 0.000000000 0.000000000 0.000000000 0.000000000 0.000000000 0.000000000 0.000000000 0.000000000 0.000000000 0.000000000 0.000000000 0.000000000 0.000000000 0.000000000 0.000000000 0.000000000 0.000000000 0.000000000 0.000000000 0.000000000 0.000000000 0.000000000 0.000000000 0.000000000 0.000000000 0.000000000 0.000000000 0.000000000 0.000000000 0.000000000 0.000000000 0.000000000 0.000000000 0.000000000 0.000000000 0.000000000 0.000000000 0.000000000 0.000000000 0.000000000 0.000000000 0.000000000 0.000000000   
118 0.000000000 0.000000000 0.000000000 0.000000000 0.000000000 0.000000000 0.000000000 0.000000000 0.000000000 0.000000000 0.000000000 0.000000000 0.000000000 0.000000000 0.000000000 0.000000000 0.000000000 0.000000000 0.000000000 0.000000000 0.000000000 0.000000000 0.000000000 0.000000000 0.000000000 0.000000000 0.000000000 0.000000000 0.000000000 0.000000000 0.000000000 0.000000000 0.000000000 0.000000000 0.000000000 0.000000000 0.000000000 0.000000000 0.000000000 0.000000000 0.000000000 0.000000000 0.000000000 0.000000000 0.000000000 0.000000000 0.000000000 0.000000000 0.000000000 0.000000000 0.000000000 0.000000000 0.000000000 0.000000000 0.000000000 0.000000000 0.000000000 0.000000000 0.000000000 0.000000000 0.000000000 0.000000000 0.000000000 0.000000000 0.000000000 0.000000000 0.000000000 0.000000000 0.000000000 0.000000000 0.000000000 0.000000000 0.000000000 0.000000000 0.000000000 0.000000000 0.000000000 0.000000000 0.000000000 0.000000000 0.000000000 0.000000000 0.000000000 0.000000000 0.000000000 0.000000000 0.000000000 0.000000000 0.000000000 0.000000000 0.000000000 0.000000000 0.000000000 0.000000000 0.000000000 0.000000000 0.000000000 0.000000000 0.000000000 0.000000000 0.000000000 0.000000000 0.000000000 0.000000000 0.000000000 0.000000000 0.000000000 0.000000000 0.000000000 0.000000000 0.000000000 0.000000000 0.000000000 0.000000000 0.000000000 0.000000000 0.000000000 0.000000000 0.000000000 0.000000000 0.000000000 0.000000000 0.000000000 0.000000000 0.000000000 0.000000000 0.000000000 0.000000000 0.000000000 0.000000000 0.000000000 0.000000000 0.000000000 0.000000000 0.000000000 0.000000000 0.000000000 0.000000000 0.000000000 0.000000000 0.000000000 0.000000000 0.000000000 0.000000000 0.000000000 0.000000000 0.000000000 0.000000000 0.000000000 0.000000000 0.000000000 0.000000000 0.000000000 0.000000000 0.000000000 0.000000000 0.000000000 0.000000000 0.000000000 0.000000000 0.000000000 0.000000000 0.000000000 0.000000000 0.000000000 0.000000000 0.000000000 0.000000000 0.000000000 0.000000000 0.000000000 0.000000000 0.000000000 0.000000000 0.000000000 0.000000000 0.000000000 0.000000000 0.000000000 0.000000000 0.000000000 0.000000000 0.000000000 0.000000000 0.000000000 0.000000000 0.000000000 0.000000000 0.000000000 0.000000000 0.000000000 0.000000000 0.000000000 0.000000000 0.000000000 0.000000000 0.000000000 0.000000000 0.000000000 0.000000000 0.000000000 0.000000000 0.000000000 0.000000000 0.000000000 0.000000000 0.000000000 0.000000000 0.000000000 0.000000000 0.000000000 0.000000000 0.000000000 0.000000000 0.000000000 0.000000000 0.000000000 0.000000000 0.000000000 0.000000000 0.000000000 0.000000000 0.000000000 0.000000000 0.000000000 0.000000000 0.000000000 0.000000000 0.000000000 0.000000000 0.000000000 0.000000000 0.000000000 0.000000000 0.000000000 0.000000000 0.000000000 0.000000000 0.000000000 0.000000000 0.000000000 0.000000000 0.000000000 0.000000000 0.000000000 0.000000000 0.000000000 0.000000000 0.000000000 0.000000000 0.000000000 0.000000000 0.000000000 0.000000000 0.000000000 0.000000000   
119 0.000000000 0.000000000 0.000000000 0.000000000 0.000000000 0.000000000 0.000000000 0.000000000 0.000000000 0.000000000 0.000000000 0.000000000 0.000000000 0.000000000 0.000000000 0.000000000 0.000000000 0.000000000 0.000000000 0.000000000 0.000000000 0.000000000 0.000000000 0.000000000 0.000000000 0.000000000 0.000000000 0.000000000 0.000000000 0.000000000 0.000000000 0.000000000 0.000000000 0.000000000 0.000000000 0.000000000 0.000000000 0.000000000 0.000000000 0.000000000 0.000000000 0.000000000 0.000000000 0.000000000 0.000000000 0.000000000 0.000000000 0.000000000 0.000000000 0.000000000 0.000000000 0.000000000 0.000000000 0.000000000 0.000000000 0.000000000 0.000000000 0.000000000 0.000000000 0.000000000 0.000000000 0.000000000 0.000000000 0.000000000 0.000000000 0.000000000 0.000000000 0.000000000 0.000000000 0.000000000 0.000000000 0.000000000 0.000000000 0.000000000 0.000000000 0.000000000 0.000000000 0.000000000 0.000000000 0.000000000 0.000000000 0.000000000 0.000000000 0.000000000 0.000000000 0.000000000 0.000000000 0.000000000 0.000000000 0.000000000 0.000000000 0.000000000 0.000000000 0.000000000 0.000000000 0.000000000 0.000000000 0.000000000 0.000000000 0.000000000 0.000000000 0.000000000 0.000000000 0.000000000 0.000000000 0.000000000 0.000000000 0.000000000 0.000000000 0.000000000 0.000000000 0.000000000 0.000000000 0.000000000 0.000000000 0.000000000 0.000000000 0.000000000 0.000000000 0.000000000 0.000000000 0.000000000 0.000000000 0.000000000 0.000000000 0.000000000 0.000000000 0.000000000 0.000000000 0.000000000 0.000000000 0.000000000 0.000000000 0.000000000 0.000000000 0.000000000 0.000000000 0.000000000 0.000000000 0.000000000 0.000000000 0.000000000 0.000000000 0.000000000 0.000000000 0.000000000 0.000000000 0.000000000 0.000000000 0.000000000 0.000000000 0.000000000 0.000000000 0.000000000 0.000000000 0.000000000 0.000000000 0.000000000 0.000000000 0.000000000 0.000000000 0.000000000 0.000000000 0.000000000 0.000000000 0.000000000 0.000000000 0.000000000 0.000000000 0.000000000 0.000000000 0.000000000 0.000000000 0.000000000 0.000000000 0.000000000 0.000000000 0.000000000 0.000000000 0.000000000 0.000000000 0.000000000 0.000000000 0.000000000 0.000000000 0.000000000 0.000000000 0.000000000 0.000000000 0.000000000 0.000000000 0.000000000 0.000000000 0.000000000 0.000000000 0.000000000 0.000000000 0.000000000 0.000000000 0.000000000 0.000000000 0.000000000 0.000000000 0.000000000 0.000000000 0.000000000 0.000000000 0.000000000 0.000000000 0.000000000 0.000000000 0.000000000 0.000000000 0.000000000 0.000000000 0.000000000 0.000000000 0.000000000 0.000000000 0.000000000 0.000000000 0.000000000 0.000000000 0.000000000 0.000000000 0.000000000 0.000000000 0.000000000 0.000000000 0.000000000 0.000000000 0.000000000 0.000000000 0.000000000 0.000000000 0.000000000 0.000000000 0.000000000 0.000000000 0.000000000 0.000000000 0.000000000 0.000000000 0.000000000 0.000000000 0.000000000 0.000000000 0.000000000 0.000000000 0.000000000 0.000000000 0.000000000 0.000000000 0.000000000 0.000000000 0.000000000   
120 0.000000000 0.000000000 0.000000000 0.000000000 0.000000000 0.000000000 0.000000000 0.000000000 0.000000000 0.000000000 0.000000000 0.000000000 0.000000000 0.000000000 0.000000000 0.000000000 0.000000000 0.000000000 0.000000000 0.000000000 0.000000000 0.000000000 0.000000000 0.000000000 0.000000000 0.000000000 0.000000000 0.000000000 0.000000000 0.000000000 0.000000000 0.000000000 0.000000000 0.000000000 0.000000000 0.000000000 0.000000000 0.000000000 0.000000000 0.000000000 0.000000000 0.000000000 0.000000000 0.000000000 0.000000000 0.000000000 0.000000000 0.000000000 0.000000000 0.000000000 0.000000000 0.000000000 0.000000000 0.000000000 0.000000000 0.000000000 0.000000000 0.000000000 0.000000000 0.000000000 0.000000000 0.000000000 0.000000000 0.000000000 0.000000000 0.000000000 0.000000000 0.000000000 0.000000000 0.000000000 0.000000000 0.000000000 0.000000000 0.000000000 0.000000000 0.000000000 0.000000000 0.000000000 0.000000000 0.000000000 0.000000000 0.000000000 0.000000000 0.000000000 0.000000000 0.000000000 0.000000000 0.000000000 0.000000000 0.000000000 0.000000000 0.000000000 0.000000000 0.000000000 0.000000000 0.000000000 0.000000000 0.000000000 0.000000000 0.000000000 0.000000000 0.000000000 0.000000000 0.000000000 0.000000000 0.000000000 0.000000000 0.000000000 0.000000000 0.000000000 0.000000000 0.000000000 0.000000000 0.000000000 0.000000000 0.000000000 0.000000000 0.000000000 0.000000000 0.000000000 0.000000000 0.000000000 0.000000000 0.000000000 0.000000000 0.000000000 0.000000000 0.000000000 0.000000000 0.000000000 0.000000000 0.000000000 0.000000000 0.000000000 0.000000000 0.000000000 0.000000000 0.000000000 0.000000000 0.000000000 0.000000000 0.000000000 0.000000000 0.000000000 0.000000000 0.000000000 0.000000000 0.000000000 0.000000000 0.000000000 0.000000000 0.000000000 0.000000000 0.000000000 0.000000000 0.000000000 0.000000000 0.000000000 0.000000000 0.000000000 0.000000000 0.000000000 0.000000000 0.000000000 0.000000000 0.000000000 0.000000000 0.000000000 0.000000000 0.000000000 0.000000000 0.000000000 0.000000000 0.000000000 0.000000000 0.000000000 0.000000000 0.000000000 0.000000000 0.000000000 0.000000000 0.000000000 0.000000000 0.000000000 0.000000000 0.000000000 0.000000000 0.000000000 0.000000000 0.000000000 0.000000000 0.000000000 0.000000000 0.000000000 0.000000000 0.000000000 0.000000000 0.000000000 0.000000000 0.000000000 0.000000000 0.000000000 0.000000000 0.000000000 0.000000000 0.000000000 0.000000000 0.000000000 0.000000000 0.000000000 0.000000000 0.000000000 0.000000000 0.000000000 0.000000000 0.000000000 0.000000000 0.000000000 0.000000000 0.000000000 0.000000000 0.000000000 0.000000000 0.000000000 0.000000000 0.000000000 0.000000000 0.000000000 0.000000000 0.000000000 0.000000000 0.000000000 0.000000000 0.000000000 0.000000000 0.000000000 0.000000000 0.000000000 0.000000000 0.000000000 0.000000000 0.000000000 0.000000000 0.000000000 0.000000000 0.000000000 0.000000000 0.000000000 0.000000000 0.000000000 0.000000000 0.000000000 0.000000000 0.000000000 0.000000000 0.000000000   
