obs_id,m3tocube_version_v01_l0_hdr,product_creation_time_v01_l0_lbl,orbit_number_v01_l0_lbl,software_name_v01_l0_lbl,software_version_id_v01_l0_lbl,detector_temperature_v01_l0_lbl,instrument_mode_id_v01_l0_lbl,data_set_id_v01_l0_lbl,start_time_v01_l0_lbl,stop_time_v01_l0_lbl,product_creation_time_v01_l1b_lbl,product_version_type_v01_l1b_lbl,software_name_v01_l1b_lbl,software_version_id_v01_l1b_lbl,solar_distance_v01_l1b_lbl,detector_temperature_v01_l1b_lbl,spacecraft_yaw_direction_v01_l1b_lbl,orbit_limb_direction_v01_l1b_lbl,spacecraft_orientation_v01_l1b_lbl,initial_sc_orientation_v01_l1b_lbl,sc_orientation_epoch_tdb_time_v01_l1b_lbl,sc_rotation_axis_vector_v01_l1b_lbl,sc_rotation_rate_v01_l1b_lbl,flip_v01_rdn_hdr,beta_angle_v01_rdn_hdr,dark_signal_image_v01_rdn_hdr,bad_detector_element_map_v01_rdn_hdr,flat_field_image_v01_rdn_hdr,temperature_v01_rdn_hdr,m3_calibrated_data_version_v01_rdn_hdr,product_creation_time_v02_l1b_lbl,product_version_type_v02_l1b_lbl,product_version_id_v02_l1b_lbl,software_name_v02_l1b_lbl,software_version_id_v02_l1b_lbl,solar_distance_v02_l1b_lbl,detector_temperature_v02_l1b_lbl,spacecraft_yaw_direction_v02_l1b_lbl,orbit_limb_direction_v02_l1b_lbl,spacecraft_orientation_v02_l1b_lbl,flip_v02_rdn_hdr,beta_angle_v02_rdn_hdr,dark_signal_image_v02_rdn_hdr,bad_detector_element_map_v02_rdn_hdr,flat_field_image_v02_rdn_hdr,temperature_v02_rdn_hdr,m3_calibrated_data_version_v02_rdn_hdr,product_creation_time_v03_l1b_lbl,product_version_type_v03_l1b_lbl,product_version_id_v03_l1b_lbl,software_name_v03_l1b_lbl,software_version_id_v03_l1b_lbl,solar_distance_v03_l1b_lbl,detector_temperature_v03_l1b_lbl,spacecraft_yaw_direction_v03_l1b_lbl,orbit_limb_direction_v03_l1b_lbl,spacecraft_orientation_v03_l1b_lbl,initial_sc_orientation_v03_l1b_lbl,sc_orientation_epoch_tdb_time_v03_l1b_lbl,sc_rotation_axis_vector_v03_l1b_lbl,sc_rotation_rate_v03_l1b_lbl,flip_v03_rdn_hdr,beta_angle_v03_rdn_hdr,dark_signal_image_v03_rdn_hdr,bad_detector_element_map_v03_rdn_hdr,flat_field_image_v03_rdn_hdr,temperature_v03_rdn_hdr,m3_calibrated_data_version_v03_rdn_hdr
M3G20081118T222604,18,2009-06-09T19:29:19,141,m3_igds_l0_v18.pl,18,160.71,GLOBAL,CH1-ORB-L-M3-2-L0-RAW-V1.0,2008-11-18T22:26:04,2008-11-18T22:28:04,,,,,,,,,,,,,,,,,,,,,2010-12-23T07:32:00,ACTUAL,2,m3g_l1b_v04.exe,4,0.988788923392 <AU>,160.71,FORWARD,DESCENDING,"(0.770443460000,-0.229314980000,0.000000000000)",1,30.23,M3G20081119T021501_V01_L0.IMG,M3G20081119T021501_V01_BDE.IMG,M3G20081119T021733_V01_FF.IMG,174.05,r,2011-08-31T08:37:51,ACTUAL,3,m3g_l1b_v04.exe,4,0.988788923392 <AU>,174.05,FORWARD,DESCENDING,"(0.770443460000,-0.229314980000,0.000000000000)","(""N/A"",""N/A"",""N/A"")",N/A,"(""N/A"",""N/A"",""N/A"")",N/A,1,30.23,M3G20081119T021501_V01_L0.IMG,M3G20081119T021501_V01_BDE.IMG,M3G20081119T021733_V01_FF.IMG,174.05,u2
M3G20081118T223204,18,2009-06-09T19:31:42,141,m3_igds_l0_v18.pl,18,160.71,GLOBAL,CH1-ORB-L-M3-2-L0-RAW-V1.0,2008-11-18T22:32:04,2008-11-18T22:34:04,,,,,,,,,,,,,,,,,,,,,2010-12-23T07:32:00,ACTUAL,2,m3g_l1b_v04.exe,4,0.988782667461 <AU>,160.71,FORWARD,DESCENDING,"(0.770443460000,-0.229314980000,0.504717160000)",1,30.23,M3G20081119T021501_V01_L0.IMG,M3G20081119T021501_V01_BDE.IMG,M3G20081119T021733_V01_FF.IMG,173.47,r,2011-08-31T08:37:51,ACTUAL,3,m3g_l1b_v04.exe,4,0.988782667461 <AU>,173.47,FORWARD,DESCENDING,"(0.770443460000,-0.229314980000,0.504717160000)","(""N/A"",""N/A"",""N/A"")",N/A,"(""N/A"",""N/A"",""N/A"")",N/A,1,30.23,M3G20081119T021501_V01_L0.IMG,M3G20081119T021501_V01_BDE.IMG,M3G20081119T021733_V01_FF.IMG,173.47,u2
M3G20081119T021501,19bc,2009-06-09T19:36:28,141,m3_igds_l0_v18.pl,18,160.71,GLOBAL,CH1-ORB-L-M3-2-L0-RAW-V1.0,2008-11-19T02:15:01,2008-11-19T02:15:32,,,,,,,,,,,,,,,,,,,,,,,,,,,,,,,,,,,,,,,,,,,,,,,,,,,,,,,,,,
M3G20081119T021733,19bc,2009-06-09T19:36:36,141,m3_igds_l0_v18.pl,18,160.71,GLOBAL,CH1-ORB-L-M3-2-L0-RAW-V1.0,2008-11-19T02:17:33,2008-11-19T03:06:41,,,,,,,,,,,,,,,,,,,,,2010-12-23T07:32:00,ACTUAL,2,m3g_l1b_v04.exe,4,0.988651144555 <AU>,160.71,FORWARD,DESCENDING,"(0.826597839401,-0.143501089247,1.314504254507)",1,30.08,M3G20081119T021501_V01_L0.IMG,M3G20081119T021501_V01_BDE.IMG,M3G20081119T021733_V01_FF.IMG,164.79,r,2011-08-31T08:37:51,ACTUAL,3,m3g_l1b_v04.exe,4,0.988651144555 <AU>,164.79,FORWARD,DESCENDING,"(0.826597839401,-0.143501089247,1.314504254507)","(""N/A"",""N/A"",""N/A"")",N/A,"(""N/A"",""N/A"",""N/A"")",N/A,1,30.08,M3G20081119T021501_V01_L0.IMG,M3G20081119T021501_V01_BDE.IMG,M3G20081119T021733_V01_FF.IMG,164.79,u2
M3G20081122T224503,19bc,2009-06-09T19:49:50,166,m3_igds_l0_v18.pl,18,161.58,GLOBAL,CH1-ORB-L-M3-2-L0-RAW-V1.0,2008-11-22T22:45:03,2008-11-22T22:46:09,,,,,,,,,,,,,,,,,,,,,,,,,,,,,,,,,,,,,,,,,,,,,,,,,,,,,,,,,,
M3G20081122T232908,19bc,2009-06-09T19:50:07,166,m3_igds_l0_v18.pl,18,161.34,GLOBAL,CH1-ORB-L-M3-2-L0-RAW-V1.0,2008-11-22T23:29:08,2008-11-22T23:41:27,,,,,,,,,,,,,,,,,,,,,2010-12-23T07:32:00,ACTUAL,2,m3g_l1b_v04.exe,4,0.985891015481 <AU>,161.34,FORWARD,DESCENDING,"(0.320289450000,-0.331713670000,1.042602300000)",1,26.38,M3G20081122T224503_V01_L0.IMG,M3G20081122T224503_V01_BDE.IMG,M3G20081122T232908_V01_FF.IMG,161.42,r,2011-08-31T08:37:51,ACTUAL,3,m3g_l1b_v04.exe,4,0.985891015481 <AU>,161.42,FORWARD,DESCENDING,"(0.320289450000,-0.331713670000,1.042602300000)","(""N/A"",""N/A"",""N/A"")",N/A,"(""N/A"",""N/A"",""N/A"")",N/A,1,26.38,M3G20081122T224503_V01_L0.IMG,M3G20081122T224503_V01_BDE.IMG,M3G20081122T232908_V01_FF.IMG,161.42,u2
M3G20081124T020103,19bc,2009-06-09T19:53:24,194,m3_igds_l0_v18.pl,18,162.55,GLOBAL,CH1-ORB-L-M3-2-L0-RAW-V1.0,2008-11-24T02:01:03,2008-11-24T02:02:02,,,,,,,,,,,,,,,,,,,,,,,,,,,,,,,,,,,,,,,,,,,,,,,,,,,,,,,,,,
M3G20081124T023353,19bc,2009-06-09T19:53:39,194,m3_igds_l0_v18.pl,18,162.55,GLOBAL,CH1-ORB-L-M3-2-L0-RAW-V1.0,2008-11-24T02:33:53,2008-11-24T02:35:27,,,,,,,,,,,,,,,,,,,,,2010-12-23T07:32:00,ACTUAL,2,m3g_l1b_v04.exe,4,0.985245065774 <AU>,162.55,FORWARD,DESCENDING,"(0.450643885478,-0.753494622002,0.858798126932)",1,25.27,M3G20081124T020103_V01_L0.IMG,M3G20081124T020103_V01_BDE.IMG,M3G20081124T023353_V01_FF.IMG,162.55,r,2011-08-31T08:37:51,ACTUAL,3,m3g_l1b_v04.exe,4,0.985245065774 <AU>,162.55,FORWARD,DESCENDING,"(0.450643885478,-0.753494622002,0.858798126932)","(""N/A"",""N/A"",""N/A"")",N/A,"(""N/A"",""N/A"",""N/A"")",N/A,1,25.27,M3G20081124T020103_V01_L0.IMG,M3G20081124T020103_V01_BDE.IMG,M3G20081124T023353_V01_FF.IMG,162.55,u2
M3G20081124T023528,19bc,2009-06-09T19:53:39,194,m3_igds_l0_v18.pl,18,162.55,GLOBAL,CH1-ORB-L-M3-2-L0-RAW-V1.0,2008-11-24T02:35:28,2008-11-24T03:31:02,,,,,,,,,,,,,,,,,,,,,2010-12-23T07:32:00,ACTUAL,2,m3g_l1b_v04.exe,4,0.985226505931 <AU>,162.55,FORWARD,DESCENDING,"(0.450643885478,-0.753494622002,0.858798126932)",1,25.27,M3G20081124T020103_V01_L0.IMG,M3G20081124T020103_V01_BDE.IMG,M3G20081124T023353_V01_FF.IMG,162.55,r,2011-08-31T08:37:51,ACTUAL,3,m3g_l1b_v04.exe,4,0.985226505931 <AU>,162.55,FORWARD,DESCENDING,"(0.450643885478,-0.753494622002,0.858798126932)","(""N/A"",""N/A"",""N/A"")",N/A,"(""N/A"",""N/A"",""N/A"")",N/A,1,25.27,M3G20081124T020103_V01_L0.IMG,M3G20081124T020103_V01_BDE.IMG,M3G20081124T023353_V01_FF.IMG,162.55,u2
M3G20081128T042755,19bc,2009-06-09T20:08:00,231,m3_igds_l0_v18.pl,18,165.04,GLOBAL,CH1-ORB-L-M3-2-L0-RAW-V1.0,2008-11-28T04:27:55,2008-11-28T04:28:53,,,,,,,,,,,,,,,,,,,,,,,,,,,,,,,,,,,,,,,,,,,,,,,,,,,,,,,,,,
M3G20081128T053620,19bc,2009-06-09T20:08:16,231,m3_igds_l0_v18.pl,18,164.79,GLOBAL,CH1-ORB-L-M3-2-L0-RAW-V1.0,2008-11-28T05:36:20,2008-11-28T05:46:42,,,,,,,,,,,,,,,,,,,,,2010-12-23T07:32:00,ACTUAL,2,m3g_l1b_v04.exe,4,0.983827224704 <AU>,164.79,FORWARD,DESCENDING,"(0.286515260000,0.139362370000,0.896386900000)",1,21.27,M3G20081128T042755_V01_L0.IMG,M3G20081128T042755_V01_BDE.IMG,M3G20081128T053620_V01_FF.IMG,164.79,r,2011-08-31T08:37:51,ACTUAL,3,m3g_l1b_v04.exe,4,0.983827224704 <AU>,164.79,FORWARD,DESCENDING,"(0.286515260000,0.139362370000,0.896386900000)","(""N/A"",""N/A"",""N/A"")",N/A,"(""N/A"",""N/A"",""N/A"")",N/A,1,21.27,M3G20081128T042755_V01_L0.IMG,M3G20081128T042755_V01_BDE.IMG,M3G20081128T053620_V01_FF.IMG,164.79,u2
M3G20081128T153721,19bc,2009-06-09T20:11:01,243,m3_igds_l0_v18.pl,18,164.79,GLOBAL,CH1-ORB-L-M3-2-L0-RAW-V1.0,2008-11-28T15:37:21,2008-11-28T15:47:42,,,,,,,,,,,,,,,,,,,,,2010-12-23T07:32:00,ACTUAL,2,m3g_l1b_v04.exe,4,0.983784986555 <AU>,164.79,FORWARD,DESCENDING,"(0.206681110000,0.279374070000,0.940827000000)",1,20.89,M3G20081128T042755_V01_L0.IMG,M3G20081128T042755_V01_BDE.IMG,M3G20081128T153721_V01_FF.IMG,164.87,r,2011-08-31T08:37:51,ACTUAL,3,m3g_l1b_v04.exe,4,0.983784986555 <AU>,164.87,FORWARD,DESCENDING,"(0.206681110000,0.279374070000,0.940827000000)","(""N/A"",""N/A"",""N/A"")",N/A,"(""N/A"",""N/A"",""N/A"")",N/A,1,20.89,M3G20081128T042755_V01_L0.IMG,M3G20081128T042755_V01_BDE.IMG,M3G20081128T153721_V01_FF.IMG,164.87,u2
M3G20081129T041146,19bc,2009-06-09T20:13:38,243,m3_igds_l0_v18.pl,18,165.9,GLOBAL,CH1-ORB-L-M3-2-L0-RAW-V1.0,2008-11-29T04:11:46,2008-11-29T04:12:31,,,,,,,,,,,,,,,,,,,,,,,,,,,,,,,,,,,,,,,,,,,,,,,,,,,,,,,,,,
M3G20081129T052459,19bc,2009-06-09T20:13:50,243,m3_igds_l0_v18.pl,18,165.64,GLOBAL,CH1-ORB-L-M3-2-L0-RAW-V1.0,2008-11-29T05:24:59,2008-11-29T05:35:30,,,,,,,,,,,,,,,,,,,,,2010-12-23T07:32:00,ACTUAL,2,m3g_l1b_v04.exe,4,0.983752357517 <AU>,165.64,FORWARD,DESCENDING,"(0.369515682131,0.111470858158,0.809598199873)",1,20.31,M3G20081129T041146_V01_L0.IMG,M3G20081129T041146_V01_BDE.IMG,M3G20081129T052459_V01_FF.IMG,165.64,r,2011-08-31T08:37:51,ACTUAL,3,m3g_l1b_v04.exe,4,0.983752357517 <AU>,165.64,FORWARD,DESCENDING,"(0.369515682131,0.111470858158,0.809598199873)","(""N/A"",""N/A"",""N/A"")",N/A,"(""N/A"",""N/A"",""N/A"")",N/A,1,20.31,M3G20081129T041146_V01_L0.IMG,M3G20081129T041146_V01_BDE.IMG,M3G20081129T052459_V01_FF.IMG,165.64,u2
M3G20081129T155939,19bc,2009-06-09T20:16:30,255,m3_igds_l0_v18.pl,18,166.58,GLOBAL,CH1-ORB-L-M3-2-L0-RAW-V1.0,2008-11-29T15:59:39,2008-11-29T16:00:41,,,,,,,,,,,,,,,,,,,,,,,,,,,,,,,,,,,,,,,,,,,,,,,,,,,,,,,,,,
M3G20081129T171431,19bc,2009-06-09T20:16:46,255,m3_igds_l0_v18.pl,18,166.24,GLOBAL,CH1-ORB-L-M3-2-L0-RAW-V1.0,2008-11-29T17:14:31,2008-11-29T17:14:57,,,,,,,,,,,,,,,,,,,,,2010-12-23T07:32:00,ACTUAL,2,m3g_l1b_v04.exe,4,0.983748796177 <AU>,166.24,FORWARD,DESCENDING,"(0.272344100000,0.271665980000,1.120013500000)",1,19.87,M3G20081129T155939_V01_L0.IMG,M3G20081129T155939_V01_BDE.IMG,M3G20081129T171509_V01_FF.IMG,166.33,r,2011-08-31T08:37:51,ACTUAL,3,m3g_l1b_v04.exe,4,0.983748796177 <AU>,166.33,FORWARD,DESCENDING,"(0.272344100000,0.271665980000,1.120013500000)","(""N/A"",""N/A"",""N/A"")",N/A,"(""N/A"",""N/A"",""N/A"")",N/A,1,19.87,M3G20081129T155939_V01_L0.IMG,M3G20081129T155939_V01_BDE.IMG,M3G20081129T171509_V01_FF.IMG,166.33,u2
M3G20081129T171509,19bc,2009-06-09T20:16:53,255,m3_igds_l0_v18.pl,18,166.24,GLOBAL,CH1-ORB-L-M3-2-L0-RAW-V1.0,2008-11-29T17:15:09,2008-11-29T17:24:42,,,,,,,,,,,,,,,,,,,,,2010-12-23T07:32:00,ACTUAL,2,m3g_l1b_v04.exe,4,0.983750743393 <AU>,166.24,FORWARD,DESCENDING,"(0.272344100000,0.271665980000,1.120013500000)",1,19.87,M3G20081129T155939_V01_L0.IMG,M3G20081129T155939_V01_BDE.IMG,M3G20081129T171509_V01_FF.IMG,166.33,r,2011-08-31T08:37:51,ACTUAL,3,m3g_l1b_v04.exe,4,0.983750743393 <AU>,166.33,FORWARD,DESCENDING,"(0.272344100000,0.271665980000,1.120013500000)","(""N/A"",""N/A"",""N/A"")",N/A,"(""N/A"",""N/A"",""N/A"")",N/A,1,19.87,M3G20081129T155939_V01_L0.IMG,M3G20081129T155939_V01_BDE.IMG,M3G20081129T171509_V01_FF.IMG,166.33,u2
M3G20081130T034731,19bc,2009-06-09T20:19:29,255,m3_igds_l0_v18.pl,18,167.46,GLOBAL,CH1-ORB-L-M3-2-L0-RAW-V1.0,2008-11-30T03:47:31,2008-11-30T03:48:36,,,,,,,,,,,,,,,,,,,,,,,,,,,,,,,,,,,,,,,,,,,,,,,,,,,,,,,,,,
M3G20081130T050351,19bc,2009-06-09T20:19:48,255,m3_igds_l0_v18.pl,18,166.93,GLOBAL,CH1-ORB-L-M3-2-L0-RAW-V1.0,2008-11-30T05:03:51,2008-11-30T05:14:22,,,,,,,,,,,,,,,,,,,,,2010-12-23T07:32:00,ACTUAL,2,m3g_l1b_v04.exe,4,0.983772491571 <AU>,166.93,FORWARD,DESCENDING,"(0.243395280000,0.144622110000,0.711928000000)",1,19.39,M3G20081130T034731_V01_L0.IMG,M3G20081130T034731_V01_BDE.IMG,M3G20081130T050351_V01_FF.IMG,167.11,r,2011-08-31T08:37:51,ACTUAL,3,m3g_l1b_v04.exe,4,0.983772491571 <AU>,167.11,FORWARD,DESCENDING,"(0.243395280000,0.144622110000,0.711928000000)","(""N/A"",""N/A"",""N/A"")",N/A,"(""N/A"",""N/A"",""N/A"")",N/A,1,19.39,M3G20081130T034731_V01_L0.IMG,M3G20081130T034731_V01_BDE.IMG,M3G20081130T050351_V01_FF.IMG,167.11,u2
M3G20081130T155314,19bc,2009-06-09T20:22:39,268,m3_igds_l0_v18.pl,18,166.67,GLOBAL,CH1-ORB-L-M3-2-L0-RAW-V1.0,2008-11-30T15:53:14,2008-11-30T15:54:06,,,,,,,,,,,,,,,,,,,,,,,,,,,,,,,,,,,,,,,,,,,,,,,,,,,,,,,,,,
M3G20081130T165323,19bc,2009-06-09T20:22:53,268,m3_igds_l0_v18.pl,18,166.15,GLOBAL,CH1-ORB-L-M3-2-L0-RAW-V1.0,2008-11-30T16:53:23,2008-11-30T17:03:47,,,,,,,,,,,,,,,,,,,,,2010-12-23T07:32:00,ACTUAL,2,m3g_l1b_v04.exe,4,0.983816975442 <AU>,166.15,FORWARD,DESCENDING,"(0.238819480000,0.272470610000,0.421396840000)",1,18.91,M3G20081130T155314_V01_L0.IMG,M3G20081130T155314_V01_BDE.IMG,M3G20081130T165323_V01_FF.IMG,167.11,r,2011-08-31T08:37:51,ACTUAL,3,m3g_l1b_v04.exe,4,0.983816975442 <AU>,167.11,FORWARD,DESCENDING,"(0.238819480000,0.272470610000,0.421396840000)","(""N/A"",""N/A"",""N/A"")",N/A,"(""N/A"",""N/A"",""N/A"")",N/A,1,18.91,M3G20081130T155314_V01_L0.IMG,M3G20081130T155314_V01_BDE.IMG,M3G20081130T165323_V01_FF.IMG,167.11,u2
M3G20081201T054112,19bc,2009-06-09T20:25:32,268,m3_igds_l0_v18.pl,18,167.46,GLOBAL,CH1-ORB-L-M3-2-L0-RAW-V1.0,2008-12-01T05:41:12,2008-12-01T05:41:46,,,,,,,,,,,,,,,,,,,,,,,,,,,,,,,,,,,,,,,,,,,,,,,,,,,,,,,,,,
M3G20081201T064047,19bc,2009-06-09T20:25:41,268,m3_igds_l0_v18.pl,18,166.93,GLOBAL,CH1-ORB-L-M3-2-L0-RAW-V1.0,2008-12-01T06:40:47,2008-12-01T06:51:16,,,,,,,,,,,,,,,,,,,,,2010-12-23T07:32:00,ACTUAL,2,m3g_l1b_v04.exe,4,0.983895872451 <AU>,166.93,FORWARD,DESCENDING,"(0.378656220000,0.049232190000,1.444867400000)",1,18.38,M3G20081201T054112_V01_L0.IMG,M3G20081201T054112_V01_BDE.IMG,M3G20081201T064047_V01_FF.IMG,166.93,r,2011-08-31T08:37:51,ACTUAL,3,m3g_l1b_v04.exe,4,0.983895872451 <AU>,166.93,FORWARD,DESCENDING,"(0.378656220000,0.049232190000,1.444867400000)","(""N/A"",""N/A"",""N/A"")",N/A,"(""N/A"",""N/A"",""N/A"")",N/A,1,18.38,M3G20081201T054112_V01_L0.IMG,M3G20081201T054112_V01_BDE.IMG,M3G20081201T064047_V01_FF.IMG,166.93,u2
M3G20081201T173012,19bc,2009-06-09T20:28:23,280,m3_igds_l0_v18.pl,18,168.8,GLOBAL,CH1-ORB-L-M3-2-L0-RAW-V1.0,2008-12-01T17:30:12,2008-12-01T17:30:41,,,,,,,,,,,,,,,,,,,,,,,,,,,,,,,,,,,,,,,,,,,,,,,,,,,,,,,,,,
M3G20081201T183001,19bc,2009-06-09T20:28:32,280,m3_igds_l0_v18.pl,18,168.44,GLOBAL,CH1-ORB-L-M3-2-L0-RAW-V1.0,2008-12-01T18:30:01,2008-12-01T18:40:31,,,,,,,,,,,,,,,,,,,,,,,,,,,,,,,,,,,,,,,,,,,,,,,,,,,,,,,,,,
M3G20081202T051914,19bc,2009-06-09T20:31:24,280,m3_igds_l0_v18.pl,18,170.34,GLOBAL,CH1-ORB-L-M3-2-L0-RAW-V1.0,2008-12-02T05:19:14,2008-12-02T05:19:42,,,,,,,,,,,,,,,,,,,,,,,,,,,,,,,,,,,,,,,,,,,,,,,,,,,,,,,,,,
M3G20081202T061935,19bc,2009-06-09T20:31:32,280,m3_igds_l0_v18.pl,18,169.52,GLOBAL,CH1-ORB-L-M3-2-L0-RAW-V1.0,2008-12-02T06:19:35,2008-12-02T06:30:02,,,,,,,,,,,,,,,,,,,,,,,,,,,,,,,,,,,,,,,,,,,,,,,,,,,,,,,,,,
M3G20081202T230314,19bc,2009-08-11T23:32:29,295,m3_igds_l0_v18.pl,18,170.16,GLOBAL,CH1-ORB-L-M3-2-L0-RAW-V1.0,2008-12-02T23:03:14,2008-12-02T23:03:42,,,,,,,,,,,,,,,,,,,,,,,,,,,,,,,,,,,,,,,,,,,,,,,,,,,,,,,,,,
M3G20081203T105313,19bc,2009-08-11T23:33:58,295,m3_igds_l0_v18.pl,18,171.46,GLOBAL,CH1-ORB-L-M3-2-L0-RAW-V1.0,2008-12-03T10:53:13,2008-12-03T10:53:42,,,,,,,,,,,,,,,,,,,,,,,,,,,,,,,,,,,,,,,,,,,,,,,,,,,,,,,,,,
M3G20081203T115326,19bc,2009-08-11T23:34:05,295,m3_igds_l0_v18.pl,18,170.53,GLOBAL,CH1-ORB-L-M3-2-L0-RAW-V1.0,2008-12-03T11:53:26,2008-12-03T12:03:32,,,,,,,,,,,,,,,,,,,,,,,,,,,,,,,,,,,,,,,,,,,,,,,,,,,,,,,,,,
M3G20081203T224313,18,2009-06-09T23:57:00,308,m3_igds_l0_v18.pl,18,172.79,GLOBAL,CH1-ORB-L-M3-2-L0-RAW-V1.0,2008-12-03T22:43:13,2008-12-03T22:43:42,,,,,,,,,,,,,,,,,,,,,,,,,,,,,,,,,,,,,,,,,,,,,,,,,,,,,,,,,,
M3G20081203T234306,19bc,2009-06-09T23:57:05,308,m3_igds_l0_v18.pl,18,171.56,GLOBAL,CH1-ORB-L-M3-2-L0-RAW-V1.0,2008-12-03T23:43:06,2008-12-03T23:53:01,,,,,,,,,,,,,,,,,,,,,,,,,,,,,,,,,,,,,,,,,,,,,,,,,,,,,,,,,,
M3G20081204T123013,18,2009-06-09T23:58:53,308,m3_igds_l0_v18.pl,18,174.34,GLOBAL,CH1-ORB-L-M3-2-L0-RAW-V1.0,2008-12-04T12:30:13,2008-12-04T12:30:42,,,,,,,,,,,,,,,,,,,,,,,,,,,,,,,,,,,,,,,,,,,,,,,,,,,,,,,,,,
M3G20081204T133046,18,2009-06-09T23:58:58,308,m3_igds_l0_v18.pl,18,173.08,GLOBAL,CH1-ORB-L-M3-2-L0-RAW-V1.0,2008-12-04T13:30:46,2008-12-04T13:41:02,,,,,,,,,,,,,,,,,,,,,,,,,,,,,,,,,,,,,,,,,,,,,,,,,,,,,,,,,,
M3G20081204T222212,18,2009-06-10T00:00:47,317,m3_igds_l0_v18.pl,18,175.34,GLOBAL,CH1-ORB-L-M3-2-L0-RAW-V1.0,2008-12-04T22:22:12,2008-12-04T22:22:40,,,,,,,,,,,,,,,,,,,,,,,,,,,,,,,,,,,,,,,,,,,,,,,,,,,,,,,,,,
M3G20081204T232205,18,2009-06-10T00:00:52,317,m3_igds_l0_v18.pl,18,173.95,GLOBAL,CH1-ORB-L-M3-2-L0-RAW-V1.0,2008-12-04T23:22:05,2008-12-04T23:32:30,,,,,,,,,,,,,,,,,,,,,,,,,,,,,,,,,,,,,,,,,,,,,,,,,,,,,,,,,,
M3G20081205T120912,18,2009-06-10T00:02:52,317,m3_igds_l0_v18.pl,18,174.64,GLOBAL,CH1-ORB-L-M3-2-L0-RAW-V1.0,2008-12-05T12:09:12,2008-12-05T12:09:40,,,,,,,,,,,,,,,,,,,,,,,,,,,,,,,,,,,,,,,,,,,,,,,,,,,,,,,,,,
M3G20081205T131000,18,2009-06-10T00:02:57,317,m3_igds_l0_v18.pl,18,173.47,GLOBAL,CH1-ORB-L-M3-2-L0-RAW-V1.0,2008-12-05T13:10:00,2008-12-05T13:20:00,,,,,,,,,,,,,,,,,,,,,,,,,,,,,,,,,,,,,,,,,,,,,,,,,,,,,,,,,,
M3G20081206T015712,18,2009-06-09T22:32:47,322,m3_igds_l0_v18.pl,18,176.55,GLOBAL,CH1-ORB-L-M3-2-L0-RAW-V1.0,2008-12-06T01:57:12,2008-12-06T01:57:40,,,,,,,,,,,,,,,,,,,,,,,,,,,,,,,,,,,,,,,,,,,,,,,,,,,,,,,,,,
M3G20081206T025802,18,2009-06-09T22:32:52,322,m3_igds_l0_v18.pl,18,175.14,GLOBAL,CH1-ORB-L-M3-2-L0-RAW-V1.0,2008-12-06T02:58:02,2008-12-06T03:08:00,,,,,,,,,,,,,,,,,,,,,,,,,,,,,,,,,,,,,,,,,,,,,,,,,,,,,,,,,,
M3G20081206T154511,19bc,2009-06-10T00:04:35,329,m3_igds_l0_v18.pl,18,170.16,GLOBAL,CH1-ORB-L-M3-2-L0-RAW-V1.0,2008-12-06T15:45:12,2008-12-06T15:45:40,,,,,,,,,,,,,,,,,,,,,,,,,,,,,,,,,,,,,,,,,,,,,,,,,,,,,,,,,,
M3G20081206T164550,19bc,2009-06-10T00:04:51,329,m3_igds_l0_v18.pl,18,169.25,GLOBAL,CH1-ORB-L-M3-2-L0-RAW-V1.0,2008-12-06T16:45:50,2008-12-06T16:56:00,,,,,,,,,,,,,,,,,,,,,,,,,,,,,,,,,,,,,,,,,,,,,,,,,,,,,,,,,,
M3G20081207T013812,18,2009-06-09T22:57:22,345,m3_igds_l0_v18.pl,18,171,GLOBAL,CH1-ORB-L-M3-2-L0-RAW-V1.0,2008-12-07T01:38:12,2008-12-07T01:38:40,,,,,,,,,,,,,,,,,,,,,,,,,,,,,,,,,,,,,,,,,,,,,,,,,,,,,,,,,,
M3G20081207T023705,19bc,2009-06-09T22:57:30,345,m3_igds_l0_v18.pl,18,170.16,GLOBAL,CH1-ORB-L-M3-2-L0-RAW-V1.0,2008-12-07T02:37:05,2008-12-07T02:47:30,,,,,,,,,,,,,,,,,,,,,,,,,,,,,,,,,,,,,,,,,,,,,,,,,,,,,,,,,,
M3G20081207T132612,18,2009-06-09T23:00:38,345,m3_igds_l0_v18.pl,18,172.6,GLOBAL,CH1-ORB-L-M3-2-L0-RAW-V1.0,2008-12-07T13:26:12,2008-12-07T13:26:40,,,,,,,,,,,,,,,,,,,,,,,,,,,,,,,,,,,,,,,,,,,,,,,,,,,,,,,,,,
M3G20081207T142651,19bc,2009-06-09T23:00:43,345,m3_igds_l0_v18.pl,18,171.65,GLOBAL,CH1-ORB-L-M3-2-L0-RAW-V1.0,2008-12-07T14:26:51,2008-12-07T14:37:00,,,,,,,,,,,,,,,,,,,,,,,,,,,,,,,,,,,,,,,,,,,,,,,,,,,,,,,,,,
M3G20081208T011612,18,2009-06-10T00:07:49,357,m3_igds_l0_v18.pl,18,174.34,GLOBAL,CH1-ORB-L-M3-2-L0-RAW-V1.0,2008-12-08T01:16:12,2008-12-08T01:16:40,,,,,,,,,,,,,,,,,,,,,,,,,,,,,,,,,,,,,,,,,,,,,,,,,,,,,,,,,,
M3G20081208T021621,18,2009-06-10T00:07:53,357,m3_igds_l0_v18.pl,18,173.08,GLOBAL,CH1-ORB-L-M3-2-L0-RAW-V1.0,2008-12-08T02:16:21,2008-12-08T02:26:30,,,,,,,,,,,,,,,,,,,,,,,,,,,,,,,,,,,,,,,,,,,,,,,,,,,,,,,,,,
M3G20081208T150414,18,2009-06-10T00:09:46,357,m3_igds_l0_v18.pl,18,170.44,GLOBAL,CH1-ORB-L-M3-2-L0-RAW-V1.0,2008-12-08T15:04:14,2008-12-08T15:04:42,,,,,,,,,,,,,,,,,,,,,,,,,,,,,,,,,,,,,,,,,,,,,,,,,,,,,,,,,,
M3G20081208T160407,19bc,2009-06-10T00:09:53,357,m3_igds_l0_v18.pl,18,169.61,GLOBAL,CH1-ORB-L-M3-2-L0-RAW-V1.0,2008-12-08T16:04:07,2008-12-08T16:14:32,,,,,,,,,,,,,,,,,,,,,,,,,,,,,,,,,,,,,,,,,,,,,,,,,,,,,,,,,,
M3G20081209T005512,18,2009-06-10T00:12:53,369,m3_igds_l0_v18.pl,18,171.18,GLOBAL,CH1-ORB-L-M3-2-L0-RAW-V1.0,2008-12-09T00:55:12,2008-12-09T00:55:40,,,,,,,,,,,,,,,,,,,,,,,,,,,,,,,,,,,,,,,,,,,,,,,,,,,,,,,,,,
M3G20081209T015536,19bc,2009-06-10T00:13:01,369,m3_igds_l0_v18.pl,18,170.34,GLOBAL,CH1-ORB-L-M3-2-L0-RAW-V1.0,2008-12-09T01:55:36,2008-12-09T02:06:00,,,,,,,,,,,,,,,,,,,,,,,,,,,,,,,,,,,,,,,,,,,,,,,,,,,,,,,,,,
M3G20081209T124512,18,2009-06-10T00:15:54,369,m3_igds_l0_v18.pl,18,172.5,GLOBAL,CH1-ORB-L-M3-2-L0-RAW-V1.0,2008-12-09T12:45:12,2008-12-09T12:45:40,,,,,,,,,,,,,,,,,,,,,,,,,,,,,,,,,,,,,,,,,,,,,,,,,,,,,,,,,,
M3G20081210T003512,18,2009-06-10T00:15:58,381,m3_igds_l0_v18.pl,18,174.15,GLOBAL,CH1-ORB-L-M3-2-L0-RAW-V1.0,2008-12-10T00:35:12,2008-12-10T00:35:40,,,,,,,,,,,,,,,,,,,,,,,,,,,,,,,,,,,,,,,,,,,,,,,,,,,,,,,,,,
M3G20081210T013506,18,2009-06-10T00:16:03,381,m3_igds_l0_v18.pl,18,173.08,GLOBAL,CH1-ORB-L-M3-2-L0-RAW-V1.0,2008-12-10T01:35:06,2008-12-10T01:45:31,,,,,,,,,,,,,,,,,,,,,,,,,,,,,,,,,,,,,,,,,,,,,,,,,,,,,,,,,,
M3G20081210T122414,18,2009-06-10T00:17:59,381,m3_igds_l0_v18.pl,18,175.34,GLOBAL,CH1-ORB-L-M3-2-L0-RAW-V1.0,2008-12-10T12:24:14,2008-12-10T12:24:42,,,,,,,,,,,,,,,,,,,,,,,,,,,,,,,,,,,,,,,,,,,,,,,,,,,,,,,,,,
M3G20081210T132437,18,2009-06-10T00:18:04,381,m3_igds_l0_v18.pl,18,174.64,GLOBAL,CH1-ORB-L-M3-2-L0-RAW-V1.0,2008-12-10T13:24:37,2008-12-10T13:35:02,,,,,,,,,,,,,,,,,,,,,,,,,,,,,,,,,,,,,,,,,,,,,,,,,,,,,,,,,,
M3G20081211T021212,18,2009-06-10T00:20:05,393,m3_igds_l0_v18.pl,18,177.99,GLOBAL,CH1-ORB-L-M3-2-L0-RAW-V1.0,2008-12-11T02:12:12,2008-12-11T02:12:41,,,,,,,,,,,,,,,,,,,,,,,,,,,,,,,,,,,,,,,,,,,,,,,,,,,,,,,,,,
M3G20081211T031236,18,2009-06-10T00:20:10,393,m3_igds_l0_v18.pl,18,176.65,GLOBAL,CH1-ORB-L-M3-2-L0-RAW-V1.0,2008-12-11T03:12:36,2008-12-11T03:23:01,,,,,,,,,,,,,,,,,,,,,,,,,,,,,,,,,,,,,,,,,,,,,,,,,,,,,,,,,,
M3G20081211T120312,18,2009-06-10T00:21:58,393,m3_igds_l0_v18.pl,18,175.64,GLOBAL,CH1-ORB-L-M3-2-L0-RAW-V1.0,2008-12-11T12:03:12,2008-12-11T12:03:40,,,,,,,,,,,,,,,,,,,,,,,,,,,,,,,,,,,,,,,,,,,,,,,,,,,,,,,,,,
M3G20081211T130351,18,2009-06-10T00:22:02,393,m3_igds_l0_v18.pl,18,173.95,GLOBAL,CH1-ORB-L-M3-2-L0-RAW-V1.0,2008-12-11T13:03:51,2008-12-11T13:14:00,,,,,,,,,,,,,,,,,,,,,,,,,,,,,,,,,,,,,,,,,,,,,,,,,,,,,,,,,,
M3G20081212T015112,18,2009-06-09T23:02:25,417,m3_igds_l0_v18.pl,18,175.64,GLOBAL,CH1-ORB-L-M3-2-L0-RAW-V1.0,2008-12-12T01:51:12,2008-12-12T01:51:40,,,,,,,,,,,,,,,,,,,,,,,,,,,,,,,,,,,,,,,,,,,,,,,,,,,,,,,,,,
M3G20081212T025136,18,2009-06-09T23:02:30,417,m3_igds_l0_v18.pl,18,174.44,GLOBAL,CH1-ORB-L-M3-2-L0-RAW-V1.0,2008-12-12T02:51:36,2008-12-12T03:01:31,,,,,,,,,,,,,,,,,,,,,,,,,,,,,,,,,,,,,,,,,,,,,,,,,,,,,,,,,,
M3G20081213T013012,18,2009-06-09T23:04:12,417,m3_igds_l0_v18.pl,18,180.43,GLOBAL,CH1-ORB-L-M3-2-L0-RAW-V1.0,2008-12-13T01:30:12,2008-12-13T01:30:41,,,,,,,,,,,,,,,,,,,,,,,,,,,,,,,,,,,,,,,,,,,,,,,,,,,,,,,,,,
M3G20081213T023036,18,2009-06-09T23:04:17,417,m3_igds_l0_v18.pl,18,178.83,GLOBAL,CH1-ORB-L-M3-2-L0-RAW-V1.0,2008-12-13T02:30:36,2008-12-13T02:41:31,,,,,,,,,,,,,,,,,,,,,,,,,,,,,,,,,,,,,,,,,,,,,,,,,,,,,,,,,,
M3G20081213T131912,18,2009-06-09T23:06:13,417,m3_igds_l0_v18.pl,18,177.37,GLOBAL,CH1-ORB-L-M3-2-L0-RAW-V1.0,2008-12-13T13:19:12,2008-12-13T13:19:40,,,,,,,,,,,,,,,,,,,,,,,,,,,,,,,,,,,,,,,,,,,,,,,,,,,,,,,,,,
M3G20081213T142021,18,2009-06-09T23:06:18,419,m3_igds_l0_v18.pl,18,176.04,GLOBAL,CH1-ORB-L-M3-2-L0-RAW-V1.0,2008-12-13T14:20:21,2008-12-13T14:30:31,,,,,,,,,,,,,,,,,,,,,,,,,,,,,,,,,,,,,,,,,,,,,,,,,,,,,,,,,,
M3G20081214T010912,18,2009-06-09T22:34:37,423,m3_igds_l0_v18.pl,18,179.14,GLOBAL,CH1-ORB-L-M3-2-L0-RAW-V1.0,2008-12-14T01:09:12,2008-12-14T01:09:41,,,,,,,,,,,,,,,,,,,,,,,,,,,,,,,,,,,,,,,,,,,,,,,,,,,,,,,,,,
M3G20081214T020951,18,2009-06-09T22:34:42,423,m3_igds_l0_v18.pl,18,177.78,GLOBAL,CH1-ORB-L-M3-2-L0-RAW-V1.0,2008-12-14T02:09:51,2008-12-14T02:20:01,,,,,,,,,,,,,,,,,,,,,,,,,,,,,,,,,,,,,,,,,,,,,,,,,,,,,,,,,,
M3G20081214T125812,18,2009-06-09T23:08:03,430,m3_igds_l0_v18.pl,18,181.85,GLOBAL,CH1-ORB-L-M3-2-L0-RAW-V1.0,2008-12-14T12:58:12,2008-12-14T12:58:41,,,,,,,,,,,,,,,,,,,,,,,,,,,,,,,,,,,,,,,,,,,,,,,,,,,,,,,,,,
M3G20081214T135921,18,2009-06-09T23:08:08,430,m3_igds_l0_v18.pl,18,180.43,GLOBAL,CH1-ORB-L-M3-2-L0-RAW-V1.0,2008-12-14T13:59:21,2008-12-14T14:09:30,,,,,,,,,,,,,,,,,,,,,,,,,,,,,,,,,,,,,,,,,,,,,,,,,,,,,,,,,,
M3G20081215T084112,18,2009-06-10T00:24:01,447,m3_igds_l0_v18.pl,18,182.51,GLOBAL,CH1-ORB-L-M3-2-L0-RAW-V1.0,2008-12-15T08:41:12,2008-12-15T08:41:41,,,,,,,,,,,,,,,,,,,,,,,,,,,,,,,,,,,,,,,,,,,,,,,,,,,,,,,,,,
M3G20081215T094152,18,2009-06-10T00:24:06,447,m3_igds_l0_v18.pl,18,180.53,GLOBAL,CH1-ORB-L-M3-2-L0-RAW-V1.0,2008-12-15T09:41:52,2008-12-15T09:52:01,,,,,,,,,,,,,,,,,,,,,,,,,,,,,,,,,,,,,,,,,,,,,,,,,,,,,,,,,,
M3G20081215T222812,18,2009-06-10T00:26:03,447,m3_igds_l0_v18.pl,18,181.74,GLOBAL,CH1-ORB-L-M3-2-L0-RAW-V1.0,2008-12-15T22:28:12,2008-12-15T22:28:41,,,,,,,,,,,,,,,,,,,,,,,,,,,,,,,,,,,,,,,,,,,,,,,,,,,,,,,,,,
M3G20081215T232936,18,2009-06-10T00:26:08,447,m3_igds_l0_v18.pl,18,180.43,GLOBAL,CH1-ORB-L-M3-2-L0-RAW-V1.0,2008-12-15T23:29:36,2008-12-15T23:39:31,,,,,,,,,,,,,,,,,,,,,,,,,,,,,,,,,,,,,,,,,,,,,,,,,,,,,,,,,,
M3G20081216T082012,18,2009-06-09T22:36:22,452,m3_igds_l0_v18.pl,18,183.3,GLOBAL,CH1-ORB-L-M3-2-L0-RAW-V1.0,2008-12-16T08:20:12,2008-12-16T08:20:41,,,,,,,,,,,,,,,,,,,,,,,,,,,,,,,,,,,,,,,,,,,,,,,,,,,,,,,,,,
M3G20081216T092051,18,2009-06-09T22:36:27,452,m3_igds_l0_v18.pl,18,181.41,GLOBAL,CH1-ORB-L-M3-2-L0-RAW-V1.0,2008-12-16T09:20:51,2008-12-16T09:30:46,,,,,,,,,,,,,,,,,,,,,,,,,,,,,,,,,,,,,,,,,,,,,,,,,,,,,,,,,,
M3G20081217T000611,19bc,2009-06-10T00:27:50,460,m3_igds_l0_v18.pl,18,171.27,GLOBAL,CH1-ORB-L-M3-2-L0-RAW-V1.0,2008-12-17T00:06:11,2008-12-17T00:06:40,,,,,,,,,,,,,,,,,,,,,,,,,,,,,,,,,,,,,,,,,,,,,,,,,,,,,,,,,,
M3G20081217T010720,19bc,2009-06-10T00:27:58,460,m3_igds_l0_v18.pl,18,170.44,GLOBAL,CH1-ORB-L-M3-2-L0-RAW-V1.0,2008-12-17T01:07:20,2008-12-17T01:17:30,,,,,,,,,,,,,,,,,,,,,,,,,,,,,,,,,,,,,,,,,,,,,,,,,,,,,,,,,,
M3G20081217T115612,18,2009-06-09T23:10:01,468,m3_igds_l0_v18.pl,18,173.18,GLOBAL,CH1-ORB-L-M3-2-L0-RAW-V1.0,2008-12-17T11:56:12,2008-12-17T11:56:41,,,,,,,,,,,,,,,,,,,,,,,,,,,,,,,,,,,,,,,,,,,,,,,,,,,,,,,,,,
M3G20081217T125706,18,2009-06-09T23:10:06,468,m3_igds_l0_v18.pl,18,172.6,GLOBAL,CH1-ORB-L-M3-2-L0-RAW-V1.0,2008-12-17T12:57:06,2008-12-17T13:07:01,,,,,,,,,,,,,,,,,,,,,,,,,,,,,,,,,,,,,,,,,,,,,,,,,,,,,,,,,,
M3G20081218T014413,18,2009-06-09T23:12:10,469,m3_igds_l0_v18.pl,18,175.94,GLOBAL,CH1-ORB-L-M3-2-L0-RAW-V1.0,2008-12-18T01:44:13,2008-12-18T01:44:41,,,,,,,,,,,,,,,,,,,,,,,,,,,,,,,,,,,,,,,,,,,,,,,,,,,,,,,,,,
M3G20081218T024506,18,2009-06-09T23:12:15,469,m3_igds_l0_v18.pl,18,175.24,GLOBAL,CH1-ORB-L-M3-2-L0-RAW-V1.0,2008-12-18T02:45:06,2008-12-18T02:50:59,,,,,,,,,,,,,,,,,,,,,,,,,,,,,,,,,,,,,,,,,,,,,,,,,,,,,,,,,,
M3G20081218T112512,18,2009-06-09T22:38:07,474,m3_igds_l0_v18.pl,18,174.15,GLOBAL,CH1-ORB-L-M3-2-L0-RAW-V1.0,2008-12-18T11:25:12,2008-12-18T11:25:41,,,,,,,,,,,,,,,,,,,,,,,,,,,,,,,,,,,,,,,,,,,,,,,,,,,,,,,,,,
M3G20081218T123636,18,2009-06-09T22:38:12,474,m3_igds_l0_v18.pl,18,172.6,GLOBAL,CH1-ORB-L-M3-2-L0-RAW-V1.0,2008-12-18T12:36:36,2008-12-18T12:46:31,,,,,,,,,,,,,,,,,,,,,,,,,,,,,,,,,,,,,,,,,,,,,,,,,,,,,,,,,,
M3G20081219T012312,19bc,2009-06-10T00:30:37,481,m3_igds_l0_v18.pl,18,170.07,GLOBAL,CH1-ORB-L-M3-2-L0-RAW-V1.0,2008-12-19T01:23:13,2008-12-19T01:23:41,,,,,,,,,,,,,,,,,,,,,,,,,,,,,,,,,,,,,,,,,,,,,,,,,,,,,,,,,,
M3G20081219T022437,19bc,2009-06-10T00:30:44,481,m3_igds_l0_v18.pl,18,169.43,GLOBAL,CH1-ORB-L-M3-2-L0-RAW-V1.0,2008-12-19T02:24:37,2008-12-19T02:34:46,,,,,,,,,,,,,,,,,,,,,,,,,,,,,,,,,,,,,,,,,,,,,,,,,,,,,,,,,,
M3G20081220T030113,19bc,2009-06-09T23:13:13,493,m3_igds_l0_v18.pl,18,169.61,GLOBAL,CH1-ORB-L-M3-2-L0-RAW-V1.0,2008-12-20T03:01:13,2008-12-20T03:01:41,,,,,,,,,,,,,,,,,,,,,,,,,,,,,,,,,,,,,,,,,,,,,,,,,,,,,,,,,,
M3G20081220T033237,19bc,2009-06-09T23:13:20,493,m3_igds_l0_v18.pl,18,169.16,GLOBAL,CH1-ORB-L-M3-2-L0-RAW-V1.0,2008-12-20T03:32:37,2008-12-20T03:53:01,,,,,,,,,,,,,,,,,,,,,,,,,,,,,,,,,,,,,,,,,,,,,,,,,,,,,,,,,,
M3G20081220T105513,19bc,2009-06-09T22:39:54,499,m3_igds_l0_v18.pl,18,169.52,GLOBAL,CH1-ORB-L-M3-2-L0-RAW-V1.0,2008-12-20T10:55:13,2008-12-20T10:55:41,,,,,,,,,,,,,,,,,,,,,,,,,,,,,,,,,,,,,,,,,,,,,,,,,,,,,,,,,,
M3G20081220T112542,19bc,2009-06-09T22:40:02,499,m3_igds_l0_v18.pl,18,169.07,GLOBAL,CH1-ORB-L-M3-2-L0-RAW-V1.0,2008-12-20T11:25:42,2008-12-20T11:46:01,,,,,,,,,,,,,,,,,,,,,,,,,,,,,,,,,,,,,,,,,,,,,,,,,,,,,,,,,,
M3G20081220T184812,19bc,2009-06-09T23:19:07,507,m3_igds_l0_v18.pl,18,169.43,GLOBAL,CH1-ORB-L-M3-2-L0-RAW-V1.0,2008-12-20T18:48:12,2008-12-20T18:48:41,,,,,,,,,,,,,,,,,,,,,,,,,,,,,,,,,,,,,,,,,,,,,,,,,,,,,,,,,,
M3G20081220T191906,19bc,2009-06-09T23:19:15,507,m3_igds_l0_v18.pl,18,169.07,GLOBAL,CH1-ORB-L-M3-2-L0-RAW-V1.0,2008-12-20T19:19:06,2008-12-20T19:39:16,,,,,,,,,,,,,,,,,,,,,,,,,,,,,,,,,,,,,,,,,,,,,,,,,,,,,,,,,,
M3G20081221T043913,19bc,2009-06-09T23:24:26,511,m3_igds_l0_v18.pl,18,169.25,GLOBAL,CH1-ORB-L-M3-2-L0-RAW-V1.0,2008-12-21T04:39:13,2008-12-21T04:39:41,,,,,,,,,,,,,,,,,,,,,,,,,,,,,,,,,,,,,,,,,,,,,,,,,,,,,,,,,,
M3G20081221T051036,19bc,2009-06-09T23:24:33,511,m3_igds_l0_v18.pl,18,168.8,GLOBAL,CH1-ORB-L-M3-2-L0-RAW-V1.0,2008-12-21T05:10:36,2008-12-21T05:31:01,,,,,,,,,,,,,,,,,,,,,,,,,,,,,,,,,,,,,,,,,,,,,,,,,,,,,,,,,,
M3G20081221T103412,19bc,2009-06-09T22:45:50,513,m3_igds_l0_v18.pl,18,169.16,GLOBAL,CH1-ORB-L-M3-2-L0-RAW-V1.0,2008-12-21T10:34:12,2008-12-21T10:34:41,,,,,,,,,,,,,,,,,,,,,,,,,,,,,,,,,,,,,,,,,,,,,,,,,,,,,,,,,,
M3G20081221T110522,19bc,2009-06-09T22:45:58,513,m3_igds_l0_v18.pl,18,168.71,GLOBAL,CH1-ORB-L-M3-2-L0-RAW-V1.0,2008-12-21T11:05:22,2008-12-21T11:26:01,,,,,,,,,,,,,,,,,,,,,,,,,,,,,,,,,,,,,,,,,,,,,,,,,,,,,,,,,,
M3G20081221T202513,19bc,2009-06-09T23:30:12,520,m3_igds_l0_v18.pl,18,169.07,GLOBAL,CH1-ORB-L-M3-2-L0-RAW-V1.0,2008-12-21T20:25:13,2008-12-21T20:25:41,,,,,,,,,,,,,,,,,,,,,,,,,,,,,,,,,,,,,,,,,,,,,,,,,,,,,,,,,,
M3G20081221T205721,19bc,2009-06-09T23:30:20,520,m3_igds_l0_v18.pl,18,168.62,GLOBAL,CH1-ORB-L-M3-2-L0-RAW-V1.0,2008-12-21T20:57:21,2008-12-21T21:17:16,,,,,,,,,,,,,,,,,,,,,,,,,,,,,,,,,,,,,,,,,,,,,,,,,,,,,,,,,,
M3G20081222T041812,19bc,2009-06-09T23:36:03,523,m3_igds_l0_v18.pl,18,168.98,GLOBAL,CH1-ORB-L-M3-2-L0-RAW-V1.0,2008-12-22T04:18:12,2008-12-22T04:18:41,,,,,,,,,,,,,,,,,,,,,,,,,,,,,,,,,,,,,,,,,,,,,,,,,,,,,,,,,,
M3G20081222T044951,19bc,2009-06-09T23:36:11,523,m3_igds_l0_v18.pl,18,168.62,GLOBAL,CH1-ORB-L-M3-2-L0-RAW-V1.0,2008-12-22T04:49:51,2008-12-22T05:10:31,,,,,,,,,,,,,,,,,,,,,,,,,,,,,,,,,,,,,,,,,,,,,,,,,,,,,,,,,,
M3G20081222T101313,19bc,2009-06-09T22:51:26,527,m3_igds_l0_v18.pl,18,168.89,GLOBAL,CH1-ORB-L-M3-2-L0-RAW-V1.0,2008-12-22T10:13:13,2008-12-22T10:13:41,,,,,,,,,,,,,,,,,,,,,,,,,,,,,,,,,,,,,,,,,,,,,,,,,,,,,,,,,,
M3G20081222T104437,19bc,2009-06-09T22:51:33,527,m3_igds_l0_v18.pl,18,168.53,GLOBAL,CH1-ORB-L-M3-2-L0-RAW-V1.0,2008-12-22T10:44:37,2008-12-22T11:05:16,,,,,,,,,,,,,,,,,,,,,,,,,,,,,,,,,,,,,,,,,,,,,,,,,,,,,,,,,,
M3G20081222T220311,19bc,2009-06-09T23:42:09,532,m3_igds_l0_v18.pl,18,168.71,GLOBAL,CH1-ORB-L-M3-2-L0-RAW-V1.0,2008-12-22T22:03:11,2008-12-22T22:03:39,,,,,,,,,,,,,,,,,,,,,,,,,,,,,,,,,,,,,,,,,,,,,,,,,,,,,,,,,,
M3G20081222T223435,19bc,2009-06-09T23:42:17,532,m3_igds_l0_v18.pl,18,168.26,GLOBAL,CH1-ORB-L-M3-2-L0-RAW-V1.0,2008-12-22T22:34:35,2008-12-22T22:55:00,,,,,,,,,,,,,,,,,,,,,2010-12-23T07:32:00,ACTUAL,2,m3g_l1b_v04.exe,4,0.981888317184 <AU>,168.26,REVERSE,DESCENDING,"(0.356978640000,0.531034680000,180.576310000000)",2,5.1,M3G20081222T220311_V01_L0.IMG,M3G20081222T220311_V01_BDE.IMG,M3G20081222T223435_V01_FF.IMG,168.35,r,2011-08-31T08:37:51,ACTUAL,3,m3g_l1b_v04.exe,4,0.981888317184 <AU>,168.35,REVERSE,DESCENDING,"(0.356978640000,0.531034680000,180.576310000000)","(""N/A"",""N/A"",""N/A"")",N/A,"(""N/A"",""N/A"",""N/A"")",N/A,2,5.1,M3G20081222T220311_V01_L0.IMG,M3G20081222T220311_V01_BDE.IMG,M3G20081222T223435_V01_FF.IMG,168.35,u2
M3G20081223T055812,19bc,2009-08-12T18:36:27,537,m3_igds_l0_v18.pl,18,168.62,GLOBAL,CH1-ORB-L-M3-2-L0-RAW-V1.0,2008-12-23T05:58:12,2008-12-23T05:58:41,,,,,,,,,,,,,,,,,,,,,,,,,,,,,,,,,,,,,,,,,,,,,,,,,,,,,,,,,,
M3G20081223T062736,19bc,2009-08-12T18:36:34,537,m3_igds_l0_v18.pl,18,168.17,GLOBAL,CH1-ORB-L-M3-2-L0-RAW-V1.0,2008-12-23T06:27:36,2008-12-23T06:48:01,,,,,,,,,,,,,,,,,,,,,2010-12-23T07:32:00,ACTUAL,2,m3g_l1b_v04.exe,4,0.981740857668 <AU>,168.17,REVERSE,DESCENDING,"(0.159970660000,0.464427220000,180.978870000000)",2,5.43,M3G20081223T055812_V01_L0.IMG,M3G20081223T055812_V01_BDE.IMG,M3G20081223T062736_V01_FF.IMG,168.17,r,2011-08-31T08:37:51,ACTUAL,3,m3g_l1b_v04.exe,4,0.981740857668 <AU>,168.17,REVERSE,DESCENDING,"(0.159970660000,0.464427220000,180.978870000000)","(""N/A"",""N/A"",""N/A"")",N/A,"(""N/A"",""N/A"",""N/A"")",N/A,2,5.43,M3G20081223T055812_V01_L0.IMG,M3G20081223T055812_V01_BDE.IMG,M3G20081223T062736_V01_FF.IMG,168.17,u2
M3G20081223T115111,19bc,2009-08-12T18:41:50,537,m3_igds_l0_v18.pl,18,168.53,GLOBAL,CH1-ORB-L-M3-2-L0-RAW-V1.0,2008-12-23T11:51:11,2008-12-23T11:51:39,,,,,,,,,,,,,,,,,,,,,,,,,,,,,,,,,,,,,,,,,,,,,,,,,,,,,,,,,,
M3G20081223T122235,19bc,2009-08-12T18:41:57,537,m3_igds_l0_v18.pl,18,168.08,GLOBAL,CH1-ORB-L-M3-2-L0-RAW-V1.0,2008-12-23T12:22:35,2008-12-23T12:43:00,,,,,,,,,,,,,,,,,,,,,2010-12-23T07:32:00,ACTUAL,2,m3g_l1b_v04.exe,4,0.981635502202 <AU>,168.08,REVERSE,DESCENDING,"(0.304277510000,0.419198360000,180.504990000000)",2,5.67,M3G20081223T115111_V01_L0.IMG,M3G20081223T115111_V01_BDE.IMG,M3G20081223T122235_V01_FF.IMG,168.08,r,2011-08-31T08:37:51,ACTUAL,3,m3g_l1b_v04.exe,4,0.981635502202 <AU>,168.08,REVERSE,DESCENDING,"(0.304277510000,0.419198360000,180.504990000000)","(""N/A"",""N/A"",""N/A"")",N/A,"(""N/A"",""N/A"",""N/A"")",N/A,2,5.67,M3G20081223T115111_V01_L0.IMG,M3G20081223T115111_V01_BDE.IMG,M3G20081223T122235_V01_FF.IMG,168.08,u2
M3G20081223T214212,19bc,2009-06-09T23:47:52,545,m3_igds_l0_v18.pl,18,168.35,GLOBAL,CH1-ORB-L-M3-2-L0-RAW-V1.0,2008-12-23T21:42:12,2008-12-23T21:42:41,,,,,,,,,,,,,,,,,,,,,,,,,,,,,,,,,,,,,,,,,,,,,,,,,,,,,,,,,,
M3G20081223T221351,19bc,2009-06-09T23:48:00,545,m3_igds_l0_v18.pl,18,167.99,GLOBAL,CH1-ORB-L-M3-2-L0-RAW-V1.0,2008-12-23T22:13:51,2008-12-23T22:34:16,,,,,,,,,,,,,,,,,,,,,2010-12-23T07:32:00,ACTUAL,2,m3g_l1b_v04.exe,4,0.981470875967 <AU>,167.99,REVERSE,DESCENDING,"(0.317669030000,0.662076950000,181.013620000000)",2,6.07,M3G20081223T214212_V01_L0.IMG,M3G20081223T214212_V01_BDE.IMG,M3G20081223T221351_V01_FF.IMG,167.9,r,2011-08-31T08:37:51,ACTUAL,3,m3g_l1b_v04.exe,4,0.981470875967 <AU>,167.9,REVERSE,DESCENDING,"(0.317669030000,0.662076950000,181.013620000000)","(""N/A"",""N/A"",""N/A"")",N/A,"(""N/A"",""N/A"",""N/A"")",N/A,2,6.07,M3G20081223T214212_V01_L0.IMG,M3G20081223T214212_V01_BDE.IMG,M3G20081223T221351_V01_FF.IMG,167.9,u2
M3G20081224T132911,19bc,2009-06-10T02:12:32,558,m3_igds_l0_v18.pl,18,168.17,GLOBAL,CH1-ORB-L-M3-2-L0-RAW-V1.0,2008-12-24T13:29:11,2008-12-24T13:29:40,,,,,,,,,,,,,,,,,,,,,,,,,,,,,,,,,,,,,,,,,,,,,,,,,,,,,,,,,,
M3G20081224T140005,19bc,2009-06-10T02:12:40,558,m3_igds_l0_v18.pl,18,167.64,GLOBAL,CH1-ORB-L-M3-2-L0-RAW-V1.0,2008-12-24T14:00:05,2008-12-24T14:20:30,,,,,,,,,,,,,,,,,,,,,2010-12-23T07:32:00,ACTUAL,2,m3g_l1b_v04.exe,4,0.981237070440 <AU>,167.64,REVERSE,DESCENDING,"(0.286185760000,0.563334540000,181.181600000000)",2,6.68,M3G20081224T132911_V01_L0.IMG,M3G20081224T132911_V01_BDE.IMG,M3G20081224T140005_V01_FF.IMG,167.73,r,2011-08-31T08:37:51,ACTUAL,3,m3g_l1b_v04.exe,4,0.981237070440 <AU>,167.73,REVERSE,DESCENDING,"(0.286185760000,0.563334540000,181.181600000000)","(""N/A"",""N/A"",""N/A"")",N/A,"(""N/A"",""N/A"",""N/A"")",N/A,2,6.68,M3G20081224T132911_V01_L0.IMG,M3G20081224T132911_V01_BDE.IMG,M3G20081224T140005_V01_FF.IMG,167.73,u2
M3G20081224T232011,19bc,2009-06-10T02:17:51,558,m3_igds_l0_v18.pl,18,167.99,GLOBAL,CH1-ORB-L-M3-2-L0-RAW-V1.0,2008-12-24T23:20:11,2008-12-24T23:20:40,,,,,,,,,,,,,,,,,,,,,,,,,,,,,,,,,,,,,,,,,,,,,,,,,,,,,,,,,,
M3G20081224T235121,19bc,2009-06-10T02:17:58,558,m3_igds_l0_v18.pl,18,167.55,GLOBAL,CH1-ORB-L-M3-2-L0-RAW-V1.0,2008-12-24T23:51:21,2008-12-25T00:11:30,,,,,,,,,,,,,,,,,,,,,2010-12-23T07:32:00,ACTUAL,2,m3g_l1b_v04.exe,4,0.981110756440 <AU>,167.55,REVERSE,DESCENDING,"(0.254197120000,0.452678650000,180.872590000000)",2,7.02,M3G20081224T232011_V01_L0.IMG,M3G20081224T232011_V01_BDE.IMG,M3G20081224T235121_V01_FF.IMG,167.46,r,2011-08-31T08:37:51,ACTUAL,3,m3g_l1b_v04.exe,4,0.981110756440 <AU>,167.46,REVERSE,DESCENDING,"(0.254197120000,0.452678650000,180.872590000000)","(""N/A"",""N/A"",""N/A"")",N/A,"(""N/A"",""N/A"",""N/A"")",N/A,2,7.02,M3G20081224T232011_V01_L0.IMG,M3G20081224T232011_V01_BDE.IMG,M3G20081224T235121_V01_FF.IMG,167.46,u2
M3G20081225T071311,19bc,2009-06-10T00:57:56,563,m3_igds_l0_v18.pl,18,167.9,GLOBAL,CH1-ORB-L-M3-2-L0-RAW-V1.0,2008-12-25T07:13:11,2008-12-25T07:13:40,,,,,,,,,,,,,,,,,,,,,,,,,,,,,,,,,,,,,,,,,,,,,,,,,,,,,,,,,,
M3G20081225T074420,19bc,2009-06-10T00:58:04,563,m3_igds_l0_v18.pl,18,167.46,GLOBAL,CH1-ORB-L-M3-2-L0-RAW-V1.0,2008-12-25T07:44:20,2008-12-25T08:04:30,,,,,,,,,,,,,,,,,,,,,2010-12-23T07:32:00,ACTUAL,2,m3g_l1b_v04.exe,4,0.981021074511 <AU>,167.46,REVERSE,DESCENDING,"(0.267832310000,0.347628270000,180.908010000000)",2,7.36,M3G20081225T071311_V01_L0.IMG,M3G20081225T071311_V01_BDE.IMG,M3G20081225T074420_V01_FF.IMG,167.46,r,2011-08-31T08:37:51,ACTUAL,3,m3g_l1b_v04.exe,4,0.981021074511 <AU>,167.46,REVERSE,DESCENDING,"(0.267832310000,0.347628270000,180.908010000000)","(""N/A"",""N/A"",""N/A"")",N/A,"(""N/A"",""N/A"",""N/A"")",N/A,2,7.36,M3G20081225T071311_V01_L0.IMG,M3G20081225T071311_V01_BDE.IMG,M3G20081225T074420_V01_FF.IMG,167.46,u2
M3G20081225T130812,19bc,2009-06-10T01:03:13,563,m3_igds_l0_v18.pl,18,167.81,GLOBAL,CH1-ORB-L-M3-2-L0-RAW-V1.0,2008-12-25T13:08:12,2008-12-25T13:08:40,,,,,,,,,,,,,,,,,,,,,,,,,,,,,,,,,,,,,,,,,,,,,,,,,,,,,,,,,,
M3G20081225T133906,19bc,2009-06-10T01:03:20,563,m3_igds_l0_v18.pl,18,167.37,GLOBAL,CH1-ORB-L-M3-2-L0-RAW-V1.0,2008-12-25T13:39:06,2008-12-25T13:55:16,,,,,,,,,,,,,,,,,,,,,2010-12-23T07:32:00,ACTUAL,2,m3g_l1b_v04.exe,4,0.980961463839 <AU>,167.37,REVERSE,DESCENDING,"(0.388308810000,0.236070040000,181.102410000000)",2,7.6,M3G20081225T130812_V01_L0.IMG,M3G20081225T130812_V01_BDE.IMG,M3G20081225T133906_V01_FF.IMG,167.37,r,2011-08-31T08:37:51,ACTUAL,3,m3g_l1b_v04.exe,4,0.980961463839 <AU>,167.37,REVERSE,DESCENDING,"(0.388308810000,0.236070040000,181.102410000000)","(""N/A"",""N/A"",""N/A"")",N/A,"(""N/A"",""N/A"",""N/A"")",N/A,2,7.6,M3G20081225T130812_V01_L0.IMG,M3G20081225T130812_V01_BDE.IMG,M3G20081225T133906_V01_FF.IMG,167.37,u2
M3G20081225T225911,19bc,2009-06-10T02:23:05,570,m3_igds_l0_v18.pl,18,167.64,GLOBAL,CH1-ORB-L-M3-2-L0-RAW-V1.0,2008-12-25T22:59:11,2008-12-25T22:59:40,,,,,,,,,,,,,,,,,,,,,,,,,,,,,,,,,,,,,,,,,,,,,,,,,,,,,,,,,,
M3G20081225T233020,19bc,2009-06-10T02:23:12,570,m3_igds_l0_v18.pl,18,167.2,GLOBAL,CH1-ORB-L-M3-2-L0-RAW-V1.0,2008-12-25T23:30:20,2008-12-25T23:50:30,,,,,,,,,,,,,,,,,,,,,2010-12-23T07:32:00,ACTUAL,2,m3g_l1b_v04.exe,4,0.980873290469 <AU>,167.2,REVERSE,DESCENDING,"(0.376936580000,0.106553540000,180.672770000000)",2,7.97,M3G20081225T225911_V01_L0.IMG,M3G20081225T225911_V01_BDE.IMG,M3G20081225T233020_V01_FF.IMG,167.2,r,2011-08-31T08:37:51,ACTUAL,3,m3g_l1b_v04.exe,4,0.980873290469 <AU>,167.2,REVERSE,DESCENDING,"(0.376936580000,0.106553540000,180.672770000000)","(""N/A"",""N/A"",""N/A"")",N/A,"(""N/A"",""N/A"",""N/A"")",N/A,2,7.97,M3G20081225T225911_V01_L0.IMG,M3G20081225T225911_V01_BDE.IMG,M3G20081225T233020_V01_FF.IMG,167.2,u2
M3G20081226T065211,19bc,2009-06-10T03:50:52,573,m3_igds_l0_v18.pl,18,167.73,GLOBAL,CH1-ORB-L-M3-2-L0-RAW-V1.0,2008-12-26T06:52:11,2008-12-26T06:52:40,,,,,,,,,,,,,,,,,,,,,,,,,,,,,,,,,,,,,,,,,,,,,,,,,,,,,,,,,,
M3G20081226T072335,19bc,2009-06-10T03:51:00,573,m3_igds_l0_v18.pl,18,167.11,GLOBAL,CH1-ORB-L-M3-2-L0-RAW-V1.0,2008-12-26T07:23:35,2008-12-26T07:36:23,,,,,,,,,,,,,,,,,,,,,2010-12-23T07:32:00,ACTUAL,2,m3g_l1b_v04.exe,4,0.980816896275 <AU>,167.11,REVERSE,DESCENDING,"(0.436931670000,-0.004711260000,181.309950000000)",2,8.3,M3G20081226T065211_V01_L0.IMG,M3G20081226T065211_V01_BDE.IMG,M3G20081226T072335_V01_FF.IMG,167.11,r,2011-08-31T08:37:51,ACTUAL,3,m3g_l1b_v04.exe,4,0.980816896275 <AU>,167.11,REVERSE,DESCENDING,"(0.436931670000,-0.004711260000,181.309950000000)","(""N/A"",""N/A"",""N/A"")",N/A,"(""N/A"",""N/A"",""N/A"")",N/A,2,8.3,M3G20081226T065211_V01_L0.IMG,M3G20081226T065211_V01_BDE.IMG,M3G20081226T072335_V01_FF.IMG,167.11,u2
M3G20081226T073624,19bc,2009-06-10T03:54:21,574,m3_igds_l0_v18.pl,18,166.93,GLOBAL,CH1-ORB-L-M3-2-L0-RAW-V1.0,2008-12-26T07:36:24,2008-12-26T07:43:15,,,,,,,,,,,,,,,,,,,,,2010-12-23T07:32:00,ACTUAL,2,m3g_l1b_v04.exe,4,0.980813184848 <AU>,166.93,REVERSE,DESCENDING,"(0.359126120000,-0.005129078300,180.737040000000)",2,8.3,M3G20081226T065211_V01_L0.IMG,M3G20081226T065211_V01_BDE.IMG,M3G20081226T072335_V01_FF.IMG,166.93,r,2011-08-31T08:37:51,ACTUAL,3,m3g_l1b_v04.exe,4,0.980813184848 <AU>,166.93,REVERSE,DESCENDING,"(0.359126120000,-0.005129078300,180.737040000000)","(""N/A"",""N/A"",""N/A"")",N/A,"(""N/A"",""N/A"",""N/A"")",N/A,2,8.3,M3G20081226T065211_V01_L0.IMG,M3G20081226T065211_V01_BDE.IMG,M3G20081226T072335_V01_FF.IMG,166.93,u2
M3G20081226T144510,19bc,2009-06-10T01:07:27,575,m3_igds_l0_v18.pl,18,167.46,GLOBAL,CH1-ORB-L-M3-2-L0-RAW-V1.0,2008-12-26T14:45:10,2008-12-26T14:45:38,,,,,,,,,,,,,,,,,,,,,,,,,,,,,,,,,,,,,,,,,,,,,,,,,,,,,,,,,,
M3G20081226T151634,19bc,2009-06-10T01:07:34,575,m3_igds_l0_v18.pl,18,167.02,GLOBAL,CH1-ORB-L-M3-2-L0-RAW-V1.0,2008-12-26T15:16:34,2008-12-26T15:36:43,,,,,,,,,,,,,,,,,,,,,2010-12-23T07:32:00,ACTUAL,2,m3g_l1b_v04.exe,4,0.980768920427 <AU>,167.02,REVERSE,DESCENDING,"(0.402135820000,-0.148333320000,181.484720000000)",2,8.64,M3G20081226T144510_V01_L0.IMG,M3G20081226T144510_V01_BDE.IMG,M3G20081226T151634_V01_FF.IMG,167.02,r,2011-08-31T08:37:51,ACTUAL,3,m3g_l1b_v04.exe,4,0.980768920427 <AU>,167.02,REVERSE,DESCENDING,"(0.402135820000,-0.148333320000,181.484720000000)","(""N/A"",""N/A"",""N/A"")",N/A,"(""N/A"",""N/A"",""N/A"")",N/A,2,8.64,M3G20081226T144510_V01_L0.IMG,M3G20081226T144510_V01_BDE.IMG,M3G20081226T151634_V01_FF.IMG,167.02,u2
M3G20081227T003711,19bc,2009-06-10T03:56:05,583,m3_igds_l0_v18.pl,18,167.29,GLOBAL,CH1-ORB-L-M3-2-L0-RAW-V1.0,2008-12-27T00:37:11,2008-12-27T00:37:40,,,,,,,,,,,,,,,,,,,,,,,,,,,,,,,,,,,,,,,,,,,,,,,,,,,,,,,,,,
M3G20081227T010750,19bc,2009-06-10T03:56:12,583,m3_igds_l0_v18.pl,18,166.85,GLOBAL,CH1-ORB-L-M3-2-L0-RAW-V1.0,2008-12-27T01:07:50,2008-12-27T01:28:14,,,,,,,,,,,,,,,,,,,,,2010-12-23T07:32:00,ACTUAL,2,m3g_l1b_v04.exe,4,0.980726339947 <AU>,166.85,REVERSE,DESCENDING,"(0.327440290000,-0.395560310000,181.240620000000)",2,9.02,M3G20081227T003711_V01_L0.IMG,M3G20081227T003711_V01_BDE.IMG,M3G20081227T010750_V01_FF.IMG,166.93,r,2011-08-31T08:37:51,ACTUAL,3,m3g_l1b_v04.exe,4,0.980726339947 <AU>,166.93,REVERSE,DESCENDING,"(0.327440290000,-0.395560310000,181.240620000000)","(""N/A"",""N/A"",""N/A"")",N/A,"(""N/A"",""N/A"",""N/A"")",N/A,2,9.02,M3G20081227T003711_V01_L0.IMG,M3G20081227T003711_V01_BDE.IMG,M3G20081227T010750_V01_FF.IMG,166.93,u2
M3G20081227T083011,19bc,2009-06-10T04:01:23,586,m3_igds_l0_v18.pl,18,167.37,GLOBAL,CH1-ORB-L-M3-2-L0-RAW-V1.0,2008-12-27T08:30:11,2008-12-27T08:30:39,,,,,,,,,,,,,,,,,,,,,,,,,,,,,,,,,,,,,,,,,,,,,,,,,,,,,,,,,,
M3G20081227T090105,19bc,2009-06-10T04:01:30,586,m3_igds_l0_v18.pl,18,166.85,GLOBAL,CH1-ORB-L-M3-2-L0-RAW-V1.0,2008-12-27T09:01:05,2008-12-27T09:21:15,,,,,,,,,,,,,,,,,,,,,2010-12-23T07:32:00,ACTUAL,2,m3g_l1b_v04.exe,4,0.980704932139 <AU>,166.85,REVERSE,DESCENDING,"(0.437823470000,-0.258222800000,182.217630000000)",2,9.36,M3G20081227T083011_V01_L0.IMG,M3G20081227T083011_V01_BDE.IMG,M3G20081227T090105_V01_FF.IMG,166.76,r,2011-08-31T08:37:51,ACTUAL,3,m3g_l1b_v04.exe,4,0.980704932139 <AU>,166.76,REVERSE,DESCENDING,"(0.437823470000,-0.258222800000,182.217630000000)","(""N/A"",""N/A"",""N/A"")",N/A,"(""N/A"",""N/A"",""N/A"")",N/A,2,9.36,M3G20081227T083011_V01_L0.IMG,M3G20081227T083011_V01_BDE.IMG,M3G20081227T090105_V01_FF.IMG,166.76,u2
M3G20081227T142511,19bc,2009-06-10T04:06:35,594,m3_igds_l0_v18.pl,18,167.2,GLOBAL,CH1-ORB-L-M3-2-L0-RAW-V1.0,2008-12-27T14:25:11,2008-12-27T14:25:40,,,,,,,,,,,,,,,,,,,,,,,,,,,,,,,,,,,,,,,,,,,,,,,,,,,,,,,,,,
M3G20081227T145550,19bc,2009-06-10T04:06:42,594,m3_igds_l0_v18.pl,18,166.76,GLOBAL,CH1-ORB-L-M3-2-L0-RAW-V1.0,2008-12-27T14:55:50,2008-12-27T15:15:59,,,,,,,,,,,,,,,,,,,,,2010-12-23T07:32:00,ACTUAL,2,m3g_l1b_v04.exe,4,0.980696355914 <AU>,166.76,REVERSE,DESCENDING,"(0.362433880000,0.513691670000,181.020290000000)",2,9.55,M3G20081227T142511_V01_L0.IMG,M3G20081227T142511_V01_BDE.IMG,M3G20081227T145550_V01_FF.IMG,166.76,r,2011-08-31T08:37:51,ACTUAL,3,m3g_l1b_v04.exe,4,0.980696355914 <AU>,166.76,REVERSE,DESCENDING,"(0.362433880000,0.513691670000,181.020290000000)","(""N/A"",""N/A"",""N/A"")",N/A,"(""N/A"",""N/A"",""N/A"")",N/A,2,9.55,M3G20081227T142511_V01_L0.IMG,M3G20081227T142511_V01_BDE.IMG,M3G20081227T145550_V01_FF.IMG,166.76,u2
M3G20081228T001511,19bc,2009-06-10T04:11:46,594,m3_igds_l0_v18.pl,18,167.11,GLOBAL,CH1-ORB-L-M3-2-L0-RAW-V1.0,2008-12-28T00:15:11,2008-12-28T00:15:39,,,,,,,,,,,,,,,,,,,,,,,,,,,,,,,,,,,,,,,,,,,,,,,,,,,,,,,,,,
M3G20081228T004635,19bc,2009-06-10T04:11:53,594,m3_igds_l0_v18.pl,18,166.67,GLOBAL,CH1-ORB-L-M3-2-L0-RAW-V1.0,2008-12-28T00:46:35,2008-12-28T01:06:44,,,,,,,,,,,,,,,,,,,,,2010-12-23T07:32:00,ACTUAL,2,m3g_l1b_v04.exe,4,0.980696356122 <AU>,166.67,REVERSE,DESCENDING,"(0.356849100000,0.439001280000,180.961570000000)",2,9.93,M3G20081228T001511_V01_L0.IMG,M3G20081228T001511_V01_BDE.IMG,M3G20081228T004635_V01_FF.IMG,166.67,r,2011-08-31T08:37:51,ACTUAL,3,m3g_l1b_v04.exe,4,0.980696356122 <AU>,166.67,REVERSE,DESCENDING,"(0.356849100000,0.439001280000,180.961570000000)","(""N/A"",""N/A"",""N/A"")",N/A,"(""N/A"",""N/A"",""N/A"")",N/A,2,9.93,M3G20081228T001511_V01_L0.IMG,M3G20081228T001511_V01_BDE.IMG,M3G20081228T004635_V01_FF.IMG,166.67,u2
M3G20081228T080811,19bc,2009-06-10T04:16:58,598,m3_igds_l0_v18.pl,18,166.93,GLOBAL,CH1-ORB-L-M3-2-L0-RAW-V1.0,2008-12-28T08:08:11,2008-12-28T08:08:40,,,,,,,,,,,,,,,,,,,,,,,,,,,,,,,,,,,,,,,,,,,,,,,,,,,,,,,,,,
M3G20081228T083935,19bc,2009-06-10T04:17:05,598,m3_igds_l0_v18.pl,18,166.5,GLOBAL,CH1-ORB-L-M3-2-L0-RAW-V1.0,2008-12-28T08:39:35,2008-12-28T08:59:45,,,,,,,,,,,,,,,,,,,,,2010-12-23T07:32:00,ACTUAL,2,m3g_l1b_v04.exe,4,0.980708966726 <AU>,166.5,REVERSE,DESCENDING,"(0.285239370000,0.362103010000,181.130980000000)",2,10.26,M3G20081228T080811_V01_L0.IMG,M3G20081228T080811_V01_BDE.IMG,M3G20081228T083935_V01_FF.IMG,166.5,r,2011-08-31T08:37:51,ACTUAL,3,m3g_l1b_v04.exe,4,0.980708966726 <AU>,166.5,REVERSE,DESCENDING,"(0.285239370000,0.362103010000,181.130980000000)","(""N/A"",""N/A"",""N/A"")",N/A,"(""N/A"",""N/A"",""N/A"")",N/A,2,10.26,M3G20081228T080811_V01_L0.IMG,M3G20081228T080811_V01_BDE.IMG,M3G20081228T083935_V01_FF.IMG,166.5,u2
M3G20081228T160110,19bc,2009-06-10T01:12:42,600,m3_igds_l0_v18.pl,18,166.93,GLOBAL,CH1-ORB-L-M3-2-L0-RAW-V1.0,2008-12-28T16:01:10,2008-12-28T16:01:38,,,,,,,,,,,,,,,,,,,,,,,,,,,,,,,,,,,,,,,,,,,,,,,,,,,,,,,,,,
M3G20081228T163233,19bc,2009-06-10T01:12:49,600,m3_igds_l0_v18.pl,18,166.33,GLOBAL,CH1-ORB-L-M3-2-L0-RAW-V1.0,2008-12-28T16:32:33,2008-12-28T16:42:43,,,,,,,,,,,,,,,,,,,,,2010-12-23T07:32:00,ACTUAL,2,m3g_l1b_v04.exe,4,0.980733986613 <AU>,166.33,REVERSE,DESCENDING,"(0.322576330000,0.285102200000,180.907010000000)",2,10.59,M3G20081228T160110_V01_L0.IMG,M3G20081228T160110_V01_BDE.IMG,M3G20081228T163233_V01_FF.IMG,166.33,r,2011-08-31T08:37:51,ACTUAL,3,m3g_l1b_v04.exe,4,0.980733986613 <AU>,166.33,REVERSE,DESCENDING,"(0.322576330000,0.285102200000,180.907010000000)","(""N/A"",""N/A"",""N/A"")",N/A,"(""N/A"",""N/A"",""N/A"")",N/A,2,10.59,M3G20081228T160110_V01_L0.IMG,M3G20081228T160110_V01_BDE.IMG,M3G20081228T163233_V01_FF.IMG,166.33,u2
M3G20081229T015311,19bc,2009-06-10T04:22:19,607,m3_igds_l0_v18.pl,18,166.58,GLOBAL,CH1-ORB-L-M3-2-L0-RAW-V1.0,2008-12-29T01:53:11,2008-12-29T01:53:40,,,,,,,,,,,,,,,,,,,,,,,,,,,,,,,,,,,,,,,,,,,,,,,,,,,,,,,,,,
M3G20081229T022350,19bc,2009-06-10T04:22:26,607,m3_igds_l0_v18.pl,18,166.15,GLOBAL,CH1-ORB-L-M3-2-L0-RAW-V1.0,2008-12-29T02:23:50,2008-12-29T02:43:59,,,,,,,,,,,,,,,,,,,,,2010-12-23T07:32:00,ACTUAL,2,m3g_l1b_v04.exe,4,0.980778311941 <AU>,166.15,REVERSE,DESCENDING,"(0.337071030000,0.124944210000,181.018260000000)",2,10.98,M3G20081229T015311_V01_L0.IMG,M3G20081229T015311_V01_BDE.IMG,M3G20081229T022350_V01_FF.IMG,166.07,r,2011-08-31T08:37:51,ACTUAL,3,m3g_l1b_v04.exe,4,0.980778311941 <AU>,166.07,REVERSE,DESCENDING,"(0.337071030000,0.124944210000,181.018260000000)","(""N/A"",""N/A"",""N/A"")",N/A,"(""N/A"",""N/A"",""N/A"")",N/A,2,10.98,M3G20081229T015311_V01_L0.IMG,M3G20081229T015311_V01_BDE.IMG,M3G20081229T022350_V01_FF.IMG,166.07,u2
M3G20081229T094611,19bc,2009-06-10T04:27:38,611,m3_igds_l0_v18.pl,18,166.41,GLOBAL,CH1-ORB-L-M3-2-L0-RAW-V1.0,2008-12-29T09:46:11,2008-12-29T09:46:39,,,,,,,,,,,,,,,,,,,,,,,,,,,,,,,,,,,,,,,,,,,,,,,,,,,,,,,,,,
M3G20081229T101650,19bc,2009-06-10T04:27:46,611,m3_igds_l0_v18.pl,18,165.98,GLOBAL,CH1-ORB-L-M3-2-L0-RAW-V1.0,2008-12-29T10:16:50,2008-12-29T10:36:59,,,,,,,,,,,,,,,,,,,,,2010-12-23T07:32:00,ACTUAL,2,m3g_l1b_v04.exe,4,0.980827071387 <AU>,165.98,REVERSE,DESCENDING,"(0.338767630000,0.060715752000,181.031330000000)",2,11.33,M3G20081229T094611_V01_L0.IMG,M3G20081229T094611_V01_BDE.IMG,M3G20081229T101650_V01_FF.IMG,165.9,r,2011-08-31T08:37:51,ACTUAL,3,m3g_l1b_v04.exe,4,0.980827071387 <AU>,165.9,REVERSE,DESCENDING,"(0.338767630000,0.060715752000,181.031330000000)","(""N/A"",""N/A"",""N/A"")",N/A,"(""N/A"",""N/A"",""N/A"")",N/A,2,11.33,M3G20081229T094611_V01_L0.IMG,M3G20081229T094611_V01_BDE.IMG,M3G20081229T101650_V01_FF.IMG,165.9,u2
M3G20081229T173911,19bc,2009-06-10T01:15:23,613,m3_igds_l0_v18.pl,18,166.24,GLOBAL,CH1-ORB-L-M3-2-L0-RAW-V1.0,2008-12-29T17:39:11,2008-12-29T17:39:39,,,,,,,,,,,,,,,,,,,,,,,,,,,,,,,,,,,,,,,,,,,,,,,,,,,,,,,,,,
M3G20081229T180950,19bc,2009-06-10T01:15:31,613,m3_igds_l0_v18.pl,18,165.72,GLOBAL,CH1-ORB-L-M3-2-L0-RAW-V1.0,2008-12-29T18:09:50,2008-12-29T18:30:01,,,,,,,,,,,,,,,,,,,,,2010-12-23T07:32:00,ACTUAL,2,m3g_l1b_v04.exe,4,0.980886601702 <AU>,165.72,REVERSE,DESCENDING,"(1.046282000000,-0.316851970000,181.299600000000)",2,11.62,M3G20081229T173911_V01_L0.IMG,M3G20081229T173911_V01_BDE.IMG,M3G20081229T180950_V01_FF.IMG,165.81,r,2011-08-31T08:37:51,ACTUAL,3,m3g_l1b_v04.exe,4,0.980886601702 <AU>,165.81,REVERSE,DESCENDING,"(1.046282000000,-0.316851970000,181.299600000000)","(""N/A"",""N/A"",""N/A"")",N/A,"(""N/A"",""N/A"",""N/A"")",N/A,2,11.62,M3G20081229T173911_V01_L0.IMG,M3G20081229T173911_V01_BDE.IMG,M3G20081229T180950_V01_FF.IMG,165.81,u2
M3G20081230T013311,19bc,2009-06-10T04:32:50,620,m3_igds_l0_v18.pl,18,165.98,GLOBAL,CH1-ORB-L-M3-2-L0-RAW-V1.0,2008-12-30T01:33:11,2008-12-30T01:33:39,,,,,,,,,,,,,,,,,,,,,,,,,,,,,,,,,,,,,,,,,,,,,,,,,,,,,,,,,,
M3G20081230T020405,19bc,2009-06-10T04:32:57,620,m3_igds_l0_v18.pl,18,165.47,GLOBAL,CH1-ORB-L-M3-2-L0-RAW-V1.0,2008-12-30T02:04:05,2008-12-30T02:24:14,,,,,,,,,,,,,,,,,,,,,2010-12-23T07:32:00,ACTUAL,2,m3g_l1b_v04.exe,4,0.980956560721 <AU>,165.47,REVERSE,DESCENDING,"(0.987860854200,-0.453817171297,181.444035018988)",2,11.91,M3G20081230T013311_V01_L0.IMG,M3G20081230T013311_V01_BDE.IMG,M3G20081230T020405_V01_FF.IMG,165.47,r,2011-08-31T08:37:51,ACTUAL,3,m3g_l1b_v04.exe,4,0.980956560721 <AU>,165.47,REVERSE,DESCENDING,"(0.987860854200,-0.453817171297,181.444035018988)","(""N/A"",""N/A"",""N/A"")",N/A,"(""N/A"",""N/A"",""N/A"")",N/A,2,11.91,M3G20081230T013311_V01_L0.IMG,M3G20081230T013311_V01_BDE.IMG,M3G20081230T020405_V01_FF.IMG,165.47,u2
M3G20081230T112409,19bc,2009-06-10T04:38:01,624,m3_igds_l0_v18.pl,18,165.72,GLOBAL,CH1-ORB-L-M3-2-L0-RAW-V1.0,2008-12-30T11:24:09,2008-12-30T11:24:38,,,,,,,,,,,,,,,,,,,,,,,,,,,,,,,,,,,,,,,,,,,,,,,,,,,,,,,,,,
M3G20081230T115533,19bc,2009-06-10T04:38:08,624,m3_igds_l0_v18.pl,18,165.21,GLOBAL,CH1-ORB-L-M3-2-L0-RAW-V1.0,2008-12-30T11:55:33,2008-12-30T12:15:43,,,,,,,,,,,,,,,,,,,,,2010-12-23T07:32:00,ACTUAL,2,m3g_l1b_v04.exe,4,0.981058658842 <AU>,165.21,REVERSE,DESCENDING,"(0.902362453817,-0.647114238076,180.954783588892)",2,12.21,M3G20081230T112409_V01_L0.IMG,M3G20081230T112409_V01_BDE.IMG,M3G20081230T115533_V01_FF.IMG,165.21,r,2011-08-31T08:37:51,ACTUAL,3,m3g_l1b_v04.exe,4,0.981058658842 <AU>,165.21,REVERSE,DESCENDING,"(0.902362453817,-0.647114238076,180.954783588892)","(""N/A"",""N/A"",""N/A"")",N/A,"(""N/A"",""N/A"",""N/A"")",N/A,2,12.21,M3G20081230T112409_V01_L0.IMG,M3G20081230T112409_V01_BDE.IMG,M3G20081230T115533_V01_FF.IMG,165.21,u2
M3G20081230T171909,19bc,2009-06-10T01:20:49,625,m3_igds_l0_v18.pl,18,165.55,GLOBAL,CH1-ORB-L-M3-2-L0-RAW-V1.0,2008-12-30T17:19:09,2008-12-30T17:19:38,,,,,,,,,,,,,,,,,,,,,,,,,,,,,,,,,,,,,,,,,,,,,,,,,,,,,,,,,,
M3G20081230T175018,19bc,2009-06-10T01:20:56,625,m3_igds_l0_v18.pl,18,165.13,GLOBAL,CH1-ORB-L-M3-2-L0-RAW-V1.0,2008-12-30T17:50:18,2008-12-30T18:10:28,,,,,,,,,,,,,,,,,,,,,2010-12-23T07:32:00,ACTUAL,2,m3g_l1b_v04.exe,4,0.981127414637 <AU>,165.13,REVERSE,DESCENDING,"(0.936376655840,0.172242381454,181.119900192587)",2,12.46,M3G20081230T171909_V01_L0.IMG,M3G20081230T171909_V01_BDE.IMG,M3G20081230T175018_V01_FF.IMG,165.04,r,2011-08-31T08:37:51,ACTUAL,3,m3g_l1b_v04.exe,4,0.981127414637 <AU>,165.04,REVERSE,DESCENDING,"(0.936376655840,0.172242381454,181.119900192587)","(""N/A"",""N/A"",""N/A"")",N/A,"(""N/A"",""N/A"",""N/A"")",N/A,2,12.46,M3G20081230T171909_V01_L0.IMG,M3G20081230T171909_V01_BDE.IMG,M3G20081230T175018_V01_FF.IMG,165.04,u2
M3G20081231T031109,19bc,2009-06-10T02:38:45,632,m3_igds_l0_v18.pl,18,164.87,GLOBAL,CH1-ORB-L-M3-2-L0-RAW-V1.0,2008-12-31T03:11:09,2008-12-31T03:11:38,,,,,,,,,,,,,,,,,,,,,,,,,,,,,,,,,,,,,,,,,,,,,,,,,,,,,,,,,,
M3G20081231T034148,19bc,2009-06-10T02:38:53,632,m3_igds_l0_v18.pl,18,164.87,GLOBAL,CH1-ORB-L-M3-2-L0-RAW-V1.0,2008-12-31T03:41:48,2008-12-31T04:01:58,,,,,,,,,,,,,,,,,,,,,2010-12-23T07:32:00,ACTUAL,2,m3g_l1b_v04.exe,4,0.981253991418 <AU>,164.87,REVERSE,DESCENDING,"(1.002933578023,-0.079808017608,181.767516866469)",2,13.04,M3G20081231T031109_V01_L0.IMG,M3G20081231T031109_V01_BDE.IMG,M3G20081231T034148_V01_FF.IMG,164.87,r,2011-08-31T08:37:51,ACTUAL,3,m3g_l1b_v04.exe,4,0.981253991418 <AU>,164.87,REVERSE,DESCENDING,"(1.002933578023,-0.079808017608,181.767516866469)","(""N/A"",""N/A"",""N/A"")",N/A,"(""N/A"",""N/A"",""N/A"")",N/A,2,13.04,M3G20081231T031109_V01_L0.IMG,M3G20081231T031109_V01_BDE.IMG,M3G20081231T034148_V01_FF.IMG,164.87,u2
M3G20081231T110209,19bc,2009-06-10T02:44:05,636,m3_igds_l0_v18.pl,18,164.87,GLOBAL,CH1-ORB-L-M3-2-L0-RAW-V1.0,2008-12-31T11:02:09,2008-12-31T11:02:38,,,,,,,,,,,,,,,,,,,,,,,,,,,,,,,,,,,,,,,,,,,,,,,,,,,,,,,,,,
M3G20081231T113333,19bc,2009-06-10T02:44:10,636,m3_igds_l0_v18.pl,18,164.87,GLOBAL,CH1-ORB-L-M3-2-L0-RAW-V1.0,2008-12-31T11:33:33,2008-12-31T11:53:58,,,,,,,,,,,,,,,,,,,,,2010-12-23T07:32:00,ACTUAL,2,m3g_l1b_v04.exe,4,0.981365655693 <AU>,164.87,REVERSE,DESCENDING,"(0.997382295204,0.319355143819,179.319100702057)",2,13.74,M3G20081231T110209_V01_L0.IMG,M3G20081231T110209_V01_BDE.IMG,M3G20081231T113333_V01_FF.IMG,164.87,r,2011-08-31T08:37:51,ACTUAL,3,m3g_l1b_v04.exe,4,0.981365655693 <AU>,164.87,REVERSE,DESCENDING,"(0.997382295204,0.319355143819,179.319100702057)","(""N/A"",""N/A"",""N/A"")",N/A,"(""N/A"",""N/A"",""N/A"")",N/A,2,13.74,M3G20081231T110209_V01_L0.IMG,M3G20081231T110209_V01_BDE.IMG,M3G20081231T113333_V01_FF.IMG,164.87,u2
M3G20081231T190009,19bc,2009-06-10T01:25:59,640,m3_igds_l0_v18.pl,18,164.87,GLOBAL,CH1-ORB-L-M3-2-L0-RAW-V1.0,2008-12-31T19:00:09,2008-12-31T19:00:38,,,,,,,,,,,,,,,,,,,,,,,,,,,,,,,,,,,,,,,,,,,,,,,,,,,,,,,,,,
M3G20081231T192648,19bc,2009-06-10T01:26:06,640,m3_igds_l0_v18.pl,18,164.87,GLOBAL,CH1-ORB-L-M3-2-L0-RAW-V1.0,2008-12-31T19:26:48,2008-12-31T19:46:58,,,,,,,,,,,,,,,,,,,,,2010-12-23T07:32:00,ACTUAL,2,m3g_l1b_v04.exe,4,0.981486028770 <AU>,164.87,REVERSE,DESCENDING,"(0.185052965215,0.614743624446,181.043118253255)",2,14.34,M3G20081231T190009_V01_L0.IMG,M3G20081231T190009_V01_BDE.IMG,M3G20081231T192648_V01_FF.IMG,164.87,r,2011-08-31T08:37:51,ACTUAL,3,m3g_l1b_v04.exe,4,0.981486028770 <AU>,164.87,REVERSE,DESCENDING,"(0.185052965215,0.614743624446,181.043118253255)","(""N/A"",""N/A"",""N/A"")",N/A,"(""N/A"",""N/A"",""N/A"")",N/A,2,14.34,M3G20081231T190009_V01_L0.IMG,M3G20081231T190009_V01_BDE.IMG,M3G20081231T192648_V01_FF.IMG,164.87,u2
M3G20090101T025309,19bc,2009-06-10T04:43:19,644,m3_igds_l0_v18.pl,18,164.7,GLOBAL,CH1-ORB-L-M3-2-L0-RAW-V1.0,2009-01-01T02:53:09,2009-01-01T02:53:38,,,,,,,,,,,,,,,,,,,,,,,,,,,,,,,,,,,,,,,,,,,,,,,,,,,,,,,,,,
M3G20090101T032003,19bc,2009-06-10T04:43:26,644,m3_igds_l0_v18.pl,18,164.28,GLOBAL,CH1-ORB-L-M3-2-L0-RAW-V1.0,2009-01-01T03:20:03,2009-01-01T03:38:19,,,,,,,,,,,,,,,,,,,,,,,,,,,,,,,,,,,,,,,,,,,,,,,,,,,,,,,,,,
M3G20090101T033819,19bc,2009-06-10T02:49:15,645,m3_igds_l0_v18.pl,18,164.04,GLOBAL,CH1-ORB-L-M3-2-L0-RAW-V1.0,2009-01-01T03:38:19,2009-01-01T03:40:13,,,,,,,,,,,,,,,,,,,,,,,,,,,,,,,,,,,,,,,,,,,,,,,,,,,,,,,,,,
M3G20090101T123910,19bc,2009-06-10T02:49:44,647,m3_igds_l0_v18.pl,18,164.53,GLOBAL,CH1-ORB-L-M3-2-L0-RAW-V1.0,2009-01-01T12:39:10,2009-01-01T12:39:39,,,,,,,,,,,,,,,,,,,,,,,,,,,,,,,,,,,,,,,,,,,,,,,,,,,,,,,,,,
M3G20090101T131120,19bc,2009-06-10T02:49:51,647,m3_igds_l0_v18.pl,18,164.12,GLOBAL,CH1-ORB-L-M3-2-L0-RAW-V1.0,2009-01-01T13:11:20,2009-01-01T13:31:44,,,,,,,,,,,,,,,,,,,,,,,,,,,,,,,,,,,,,,,,,,,,,,,,,,,,,,,,,,
M3G20090101T183411,19bc,2009-06-10T01:31:24,650,m3_igds_l0_v18.pl,18,164.37,GLOBAL,CH1-ORB-L-M3-2-L0-RAW-V1.0,2009-01-01T18:34:11,2009-01-01T18:34:39,,,,,,,,,,,,,,,,,,,,,,,,,,,,,,,,,,,,,,,,,,,,,,,,,,,,,,,,,,
M3G20090101T190519,19bc,2009-06-10T01:31:31,650,m3_igds_l0_v18.pl,18,163.95,GLOBAL,CH1-ORB-L-M3-2-L0-RAW-V1.0,2009-01-01T19:05:19,2009-01-01T19:25:29,,,,,,,,,,,,,,,,,,,,,,,,,,,,,,,,,,,,,,,,,,,,,,,,,,,,,,,,,,
M3G20090103T080012,19bc,2009-06-10T02:55:03,669,m3_igds_l0_v18.pl,18,164.04,GLOBAL,CH1-ORB-L-M3-2-L0-RAW-V1.0,2009-01-03T08:00:12,2009-01-03T08:00:40,,,,,,,,,,,,,,,,,,,,,,,,,,,,,,,,,,,,,,,,,,,,,,,,,,,,,,,,,,
M3G20090103T084105,19bc,2009-06-10T02:55:09,669,m3_igds_l0_v18.pl,18,163.29,GLOBAL,CH1-ORB-L-M3-2-L0-RAW-V1.0,2009-01-03T08:41:05,2009-01-03T09:01:00,,,,,,,,,,,,,,,,,,,,,2010-12-23T07:32:00,ACTUAL,2,m3g_l1b_v04.exe,4,0.982660177324 <AU>,163.29,REVERSE,DESCENDING,"(0.410249320000,-0.185374360000,180.669150000000)",2,16.94,M3G20090103T080012_V01_L0.IMG,M3G20090103T080012_V01_BDE.IMG,M3G20090103T084105_V01_FF.IMG,163.78,r,2011-08-31T08:37:51,ACTUAL,3,m3g_l1b_v04.exe,4,0.982660177324 <AU>,163.78,REVERSE,DESCENDING,"(0.410249320000,-0.185374360000,180.669150000000)","(""N/A"",""N/A"",""N/A"")",N/A,"(""N/A"",""N/A"",""N/A"")",N/A,2,16.94,M3G20090103T080012_V01_L0.IMG,M3G20090103T080012_V01_BDE.IMG,M3G20090103T084105_V01_FF.IMG,163.78,u2
M3G20090103T135913,19bc,2009-06-10T03:00:03,669,m3_igds_l0_v18.pl,18,163.54,GLOBAL,CH1-ORB-L-M3-2-L0-RAW-V1.0,2009-01-03T13:59:13,2009-01-03T13:59:40,,,,,,,,,,,,,,,,,,,,,,,,,,,,,,,,,,,,,,,,,,,,,,,,,,,,,,,,,,
M3G20090103T143945,19bc,2009-06-10T03:00:07,669,m3_igds_l0_v18.pl,18,162.88,GLOBAL,CH1-ORB-L-M3-2-L0-RAW-V1.0,2009-01-03T14:39:45,2009-01-03T14:59:40,,,,,,,,,,,,,,,,,,,,,2010-12-23T07:32:00,ACTUAL,2,m3g_l1b_v04.exe,4,0.982791673644 <AU>,162.88,REVERSE,DESCENDING,"(0.335982210000,0.670322840000,180.968620000000)",2,17.17,M3G20090103T135913_V01_L0.IMG,M3G20090103T135913_V01_BDE.IMG,M3G20090103T143945_V01_FF.IMG,173.08,r,2011-08-31T08:37:51,ACTUAL,3,m3g_l1b_v04.exe,4,0.982791673644 <AU>,173.08,REVERSE,DESCENDING,"(0.335982210000,0.670322840000,180.968620000000)","(""N/A"",""N/A"",""N/A"")",N/A,"(""N/A"",""N/A"",""N/A"")",N/A,2,17.17,M3G20090103T135913_V01_L0.IMG,M3G20090103T135913_V01_BDE.IMG,M3G20090103T143945_V01_FF.IMG,173.08,u2
M3G20090103T215111,19bc,2009-06-10T01:36:45,675,m3_igds_l0_v18.pl,18,163.37,GLOBAL,CH1-ORB-L-M3-2-L0-RAW-V1.0,2009-01-03T21:51:11,2009-01-03T21:51:40,,,,,,,,,,,,,,,,,,,,,,,,,,,,,,,,,,,,,,,,,,,,,,,,,,,,,,,,,,
M3G20090103T223205,19bc,2009-06-10T01:36:52,675,m3_igds_l0_v18.pl,18,162.72,GLOBAL,CH1-ORB-L-M3-2-L0-RAW-V1.0,2009-01-03T22:32:05,2009-01-03T22:52:00,,,,,,,,,,,,,,,,,,,,,2010-12-23T07:32:00,ACTUAL,2,m3g_l1b_v04.exe,4,0.982966954293 <AU>,162.72,REVERSE,DESCENDING,"(-0.172063018785,0.819313300664,180.313749660703)",2,17.5,M3G20090103T215111_V01_L0.IMG,M3G20090103T215111_V01_BDE.IMG,M3G20090103T223205_V01_FF.IMG,165.64,r,2011-08-31T08:37:51,ACTUAL,3,m3g_l1b_v04.exe,4,0.982966954293 <AU>,165.64,REVERSE,DESCENDING,"(-0.172063018785,0.819313300664,180.313749660703)","(""N/A"",""N/A"",""N/A"")",N/A,"(""N/A"",""N/A"",""N/A"")",N/A,2,17.5,M3G20090103T215111_V01_L0.IMG,M3G20090103T215111_V01_BDE.IMG,M3G20090103T223205_V01_FF.IMG,165.64,u2
M3G20090104T054311,19bc,2009-06-10T03:05:03,682,m3_igds_l0_v18.pl,18,163.04,GLOBAL,CH1-ORB-L-M3-2-L0-RAW-V1.0,2009-01-04T05:43:11,2009-01-04T05:43:40,,,,,,,,,,,,,,,,,,,,,,,,,,,,,,,,,,,,,,,,,,,,,,,,,,,,,,,,,,
M3G20090104T062425,19bc,2009-06-10T03:05:10,682,m3_igds_l0_v18.pl,18,162.39,GLOBAL,CH1-ORB-L-M3-2-L0-RAW-V1.0,2009-01-04T06:24:25,2009-01-04T06:44:20,,,,,,,,,,,,,,,,,,,,,2010-12-23T07:32:00,ACTUAL,2,m3g_l1b_v04.exe,4,0.983144329597 <AU>,162.39,REVERSE,DESCENDING,"(0.409177650000,0.629984910000,180.970730000000)",2,17.79,M3G20090104T054311_V01_L0.IMG,M3G20090104T054311_V01_BDE.IMG,M3G20090104T062425_V01_FF.IMG,163.95,r,2011-08-31T08:37:51,ACTUAL,3,m3g_l1b_v04.exe,4,0.983144329597 <AU>,163.95,REVERSE,DESCENDING,"(0.409177650000,0.629984910000,180.970730000000)","(""N/A"",""N/A"",""N/A"")",N/A,"(""N/A"",""N/A"",""N/A"")",N/A,2,17.79,M3G20090104T054311_V01_L0.IMG,M3G20090104T054311_V01_BDE.IMG,M3G20090104T062425_V01_FF.IMG,163.95,u2
M3G20090104T093911,19bc,2009-06-10T03:10:07,683,m3_igds_l0_v18.pl,18,162.88,GLOBAL,CH1-ORB-L-M3-2-L0-RAW-V1.0,2009-01-04T09:39:11,2009-01-04T09:39:40,,,,,,,,,,,,,,,,,,,,,,,,,,,,,,,,,,,,,,,,,,,,,,,,,,,,,,,,,,
M3G20090104T102025,19bc,2009-06-10T03:10:14,683,m3_igds_l0_v18.pl,18,162.23,GLOBAL,CH1-ORB-L-M3-2-L0-RAW-V1.0,2009-01-04T10:20:25,2009-01-04T10:40:40,,,,,,,,,,,,,,,,,,,,,2010-12-23T07:32:00,ACTUAL,2,m3g_l1b_v04.exe,4,0.983233556921 <AU>,162.23,REVERSE,DESCENDING,"(0.446313944366,0.527395022315,181.640781361408)",2,17.98,M3G20090104T093911_V01_L0.IMG,M3G20090104T093911_V01_BDE.IMG,M3G20090104T102025_V01_FF.IMG,163.54,r,2011-08-31T08:37:51,ACTUAL,3,m3g_l1b_v04.exe,4,0.983233556921 <AU>,163.54,REVERSE,DESCENDING,"(0.446313944366,0.527395022315,181.640781361408)","(""N/A"",""N/A"",""N/A"")",N/A,"(""N/A"",""N/A"",""N/A"")",N/A,2,17.98,M3G20090104T093911_V01_L0.IMG,M3G20090104T093911_V01_BDE.IMG,M3G20090104T102025_V01_FF.IMG,163.54,u2
M3G20090104T153411,19bc,2009-06-10T03:15:15,686,m3_igds_l0_v18.pl,18,162.72,GLOBAL,CH1-ORB-L-M3-2-L0-RAW-V1.0,2009-01-04T15:34:11,2009-01-04T15:34:40,,,,,,,,,,,,,,,,,,,,,,,,,,,,,,,,,,,,,,,,,,,,,,,,,,,,,,,,,,
M3G20090104T161446,19bc,2009-06-10T03:15:23,686,m3_igds_l0_v18.pl,18,162.15,GLOBAL,CH1-ORB-L-M3-2-L0-RAW-V1.0,2009-01-04T16:14:46,2009-01-04T16:34:39,,,,,,,,,,,,,,,,,,,,,2010-12-23T07:32:00,ACTUAL,2,m3g_l1b_v04.exe,4,0.983367665457 <AU>,162.15,REVERSE,DESCENDING,"(0.396235730000,0.571014470000,181.752600000000)",2,18.22,M3G20090104T153411_V01_L0.IMG,M3G20090104T153411_V01_BDE.IMG,M3G20090104T161446_V01_FF.IMG,163.29,r,2011-08-31T08:37:51,ACTUAL,3,m3g_l1b_v04.exe,4,0.983367665457 <AU>,163.29,REVERSE,DESCENDING,"(0.396235730000,0.571014470000,181.752600000000)","(""N/A"",""N/A"",""N/A"")",N/A,"(""N/A"",""N/A"",""N/A"")",N/A,2,18.22,M3G20090104T153411_V01_L0.IMG,M3G20090104T153411_V01_BDE.IMG,M3G20090104T161446_V01_FF.IMG,163.29,u2
M3G20090104T212811,19bc,2009-06-10T01:41:48,689,m3_igds_l0_v18.pl,18,162.63,GLOBAL,CH1-ORB-L-M3-2-L0-RAW-V1.0,2009-01-04T21:28:11,2009-01-04T21:28:40,,,,,,,,,,,,,,,,,,,,,,,,,,,,,,,,,,,,,,,,,,,,,,,,,,,,,,,,,,
M3G20090104T220845,19bc,2009-06-10T01:41:55,689,m3_igds_l0_v18.pl,18,162.07,GLOBAL,CH1-ORB-L-M3-2-L0-RAW-V1.0,2009-01-04T22:08:45,2009-01-04T22:29:00,,,,,,,,,,,,,,,,,,,,,2010-12-23T07:32:00,ACTUAL,2,m3g_l1b_v04.exe,4,0.983501896454 <AU>,162.07,REVERSE,DESCENDING,"(0.461179410000,0.618424960000,181.032620000000)",2,18.46,M3G20090104T212811_V01_L0.IMG,M3G20090104T212811_V01_BDE.IMG,M3G20090104T220845_V01_FF.IMG,163.13,r,2011-08-31T08:37:51,ACTUAL,3,m3g_l1b_v04.exe,4,0.983501896454 <AU>,163.13,REVERSE,DESCENDING,"(0.461179410000,0.618424960000,181.032620000000)","(""N/A"",""N/A"",""N/A"")",N/A,"(""N/A"",""N/A"",""N/A"")",N/A,2,18.46,M3G20090104T212811_V01_L0.IMG,M3G20090104T212811_V01_BDE.IMG,M3G20090104T220845_V01_FF.IMG,163.13,u2
M3G20090105T052011,19bc,2009-06-10T04:47:56,654,m3_igds_l0_v18.pl,18,162.47,GLOBAL,CH1-ORB-L-M3-2-L0-RAW-V1.0,2009-01-05T05:20:11,2009-01-05T05:20:40,,,,,,,,,,,,,,,,,,,,,,,,,,,,,,,,,,,,,,,,,,,,,,,,,,,,,,,,,,
M3G20090105T060105,19bc,2009-06-10T04:48:03,654,m3_igds_l0_v18.pl,18,161.82,GLOBAL,CH1-ORB-L-M3-2-L0-RAW-V1.0,2009-01-05T06:01:05,2009-01-05T06:21:20,,,,,,,,,,,,,,,,,,,,,2010-12-23T07:32:00,ACTUAL,2,m3g_l1b_v04.exe,4,0.983680398289 <AU>,161.82,REVERSE,DESCENDING,"(0.341557050000,0.582940880000,181.009740000000)",2,18.75,M3G20090105T052011_V01_L0.IMG,M3G20090105T052011_V01_BDE.IMG,M3G20090105T060105_V01_FF.IMG,162.8,r,2011-08-31T08:37:51,ACTUAL,3,m3g_l1b_v04.exe,4,0.983680398289 <AU>,162.8,REVERSE,DESCENDING,"(0.341557050000,0.582940880000,181.009740000000)","(""N/A"",""N/A"",""N/A"")",N/A,"(""N/A"",""N/A"",""N/A"")",N/A,2,18.75,M3G20090105T052011_V01_L0.IMG,M3G20090105T052011_V01_BDE.IMG,M3G20090105T060105_V01_FF.IMG,162.8,u2
M3G20090105T130711,19bc,2009-06-10T04:53:01,697,m3_igds_l0_v18.pl,18,162.31,GLOBAL,CH1-ORB-L-M3-2-L0-RAW-V1.0,2009-01-05T13:07:11,2009-01-05T13:07:40,,,,,,,,,,,,,,,,,,,,,,,,,,,,,,,,,,,,,,,,,,,,,,,,,,,,,,,,,,
M3G20090105T134845,19bc,2009-06-10T04:53:09,697,m3_igds_l0_v18.pl,18,161.82,GLOBAL,CH1-ORB-L-M3-2-L0-RAW-V1.0,2009-01-05T13:48:45,2009-01-05T14:08:59,,,,,,,,,,,,,,,,,,,,,2010-12-23T07:32:00,ACTUAL,2,m3g_l1b_v04.exe,4,0.983855438532 <AU>,161.82,REVERSE,DESCENDING,"(0.327000180000,0.758939150000,181.014880000000)",2,19.03,M3G20090105T130711_V01_L0.IMG,M3G20090105T130711_V01_BDE.IMG,M3G20090105T134845_V01_FF.IMG,162.72,r,2011-08-31T08:37:51,ACTUAL,3,m3g_l1b_v04.exe,4,0.983855438532 <AU>,162.72,REVERSE,DESCENDING,"(0.327000180000,0.758939150000,181.014880000000)","(""N/A"",""N/A"",""N/A"")",N/A,"(""N/A"",""N/A"",""N/A"")",N/A,2,19.03,M3G20090105T130711_V01_L0.IMG,M3G20090105T130711_V01_BDE.IMG,M3G20090105T134845_V01_FF.IMG,162.72,u2
M3G20090105T190211,19bc,2009-06-10T01:46:55,700,m3_igds_l0_v18.pl,18,162.23,GLOBAL,CH1-ORB-L-M3-2-L0-RAW-V1.0,2009-01-05T19:02:11,2009-01-05T19:02:40,,,,,,,,,,,,,,,,,,,,,,,,,,,,,,,,,,,,,,,,,,,,,,,,,,,,,,,,,,
M3G20090105T194305,19bc,2009-06-10T01:47:02,700,m3_igds_l0_v18.pl,18,161.74,GLOBAL,CH1-ORB-L-M3-2-L0-RAW-V1.0,2009-01-05T19:43:05,2009-01-05T20:03:00,,,,,,,,,,,,,,,,,,,,,2010-12-23T07:32:00,ACTUAL,2,m3g_l1b_v04.exe,4,0.983986736192 <AU>,161.74,REVERSE,DESCENDING,"(0.214979110000,0.487364150000,180.662140000000)",2,19.27,M3G20090105T190211_V01_L0.IMG,M3G20090105T190211_V01_BDE.IMG,M3G20090105T194305_V01_FF.IMG,162.55,r,2011-08-31T08:37:51,ACTUAL,3,m3g_l1b_v04.exe,4,0.983986736192 <AU>,162.55,REVERSE,DESCENDING,"(0.214979110000,0.487364150000,180.662140000000)","(""N/A"",""N/A"",""N/A"")",N/A,"(""N/A"",""N/A"",""N/A"")",N/A,2,19.27,M3G20090105T190211_V01_L0.IMG,M3G20090105T190211_V01_BDE.IMG,M3G20090105T194305_V01_FF.IMG,162.55,u2
M3G20090105T225811,19bc,2009-06-10T01:51:56,700,m3_igds_l0_v18.pl,18,162.23,GLOBAL,CH1-ORB-L-M3-2-L0-RAW-V1.0,2009-01-05T22:58:11,2009-01-05T22:58:39,,,,,,,,,,,,,,,,,,,,,,,,,,,,,,,,,,,,,,,,,,,,,,,,,,,,,,,,,,
M3G20090105T233905,19bc,2009-06-10T01:52:03,700,m3_igds_l0_v18.pl,18,161.58,GLOBAL,CH1-ORB-L-M3-2-L0-RAW-V1.0,2009-01-05T23:39:05,2009-01-05T23:59:20,,,,,,,,,,,,,,,,,,,,,2010-12-23T07:32:00,ACTUAL,2,m3g_l1b_v04.exe,4,0.984073389991 <AU>,161.58,REVERSE,DESCENDING,"(0.373726880000,0.688710130000,181.102520000000)",2,19.41,M3G20090105T225811_V01_L0.IMG,M3G20090105T225811_V01_BDE.IMG,M3G20090105T233905_V01_FF.IMG,162.47,r,2011-08-31T08:37:51,ACTUAL,3,m3g_l1b_v04.exe,4,0.984073389991 <AU>,162.47,REVERSE,DESCENDING,"(0.373726880000,0.688710130000,181.102520000000)","(""N/A"",""N/A"",""N/A"")",N/A,"(""N/A"",""N/A"",""N/A"")",N/A,2,19.41,M3G20090105T225811_V01_L0.IMG,M3G20090105T225811_V01_BDE.IMG,M3G20090105T233905_V01_FF.IMG,162.47,u2
M3G20090106T065011,19bc,2009-06-10T04:58:16,710,m3_igds_l0_v18.pl,18,161.99,GLOBAL,CH1-ORB-L-M3-2-L0-RAW-V1.0,2009-01-06T06:50:11,2009-01-06T06:50:40,,,,,,,,,,,,,,,,,,,,,,,,,,,,,,,,,,,,,,,,,,,,,,,,,,,,,,,,,,
M3G20090106T073125,19bc,2009-06-10T04:58:23,710,m3_igds_l0_v18.pl,18,161.66,GLOBAL,CH1-ORB-L-M3-2-L0-RAW-V1.0,2009-01-06T07:31:25,2009-01-06T07:51:40,,,,,,,,,,,,,,,,,,,,,2010-12-23T07:32:00,ACTUAL,2,m3g_l1b_v04.exe,4,0.984243897933 <AU>,161.66,REVERSE,DESCENDING,"(0.277419810000,0.599938970000,181.679040000000)",2,19.74,M3G20090106T065011_V01_L0.IMG,M3G20090106T065011_V01_BDE.IMG,M3G20090106T073125_V01_FF.IMG,162.23,r,2011-08-31T08:37:51,ACTUAL,3,m3g_l1b_v04.exe,4,0.984243897933 <AU>,162.23,REVERSE,DESCENDING,"(0.277419810000,0.599938970000,181.679040000000)","(""N/A"",""N/A"",""N/A"")",N/A,"(""N/A"",""N/A"",""N/A"")",N/A,2,19.74,M3G20090106T065011_V01_L0.IMG,M3G20090106T065011_V01_BDE.IMG,M3G20090106T073125_V01_FF.IMG,162.23,u2
M3G20090106T104614,19bc,2009-06-10T05:03:18,710,m3_igds_l0_v18.pl,18,161.82,GLOBAL,CH1-ORB-L-M3-2-L0-RAW-V1.0,2009-01-06T10:46:14,2009-01-06T10:46:24,,,,,,,,,,,,,,,,,,,,,,,,,,,,,,,,,,,,,,,,,,,,,,,,,,,,,,,,,,
M3G20090106T104637,19bc,2009-06-10T05:03:19,710,m3_igds_l0_v18.pl,18,161.82,GLOBAL,CH1-ORB-L-M3-2-L0-RAW-V1.0,2009-01-06T10:46:37,2009-01-06T10:46:39,,,,,,,,,,,,,,,,,,,,,,,,,,,,,,,,,,,,,,,,,,,,,,,,,,,,,,,,,,
M3G20090106T112745,19bc,2009-06-10T05:03:20,710,m3_igds_l0_v18.pl,18,161.34,GLOBAL,CH1-ORB-L-M3-2-L0-RAW-V1.0,2009-01-06T11:27:45,2009-01-06T11:27:51,,,,,,,,,,,,,,,,,,,,,2010-12-23T07:32:00,ACTUAL,2,m3g_l1b_v04.exe,4,0.984324986564 <AU>,161.34,REVERSE,DESCENDING,"(0.362290170000,0.532932590000,180.743510000000)",2,19.93,M3G20090106T144311_V01_L0.IMG,M3G20090106T144311_V01_BDE.IMG,M3G20090106T152345_V01_FF.IMG,162.23,r,2011-08-31T08:37:51,ACTUAL,3,m3g_l1b_v04.exe,4,0.984324986564 <AU>,162.23,REVERSE,DESCENDING,"(0.362290170000,0.532932590000,180.743510000000)","(""N/A"",""N/A"",""N/A"")",N/A,"(""N/A"",""N/A"",""N/A"")",N/A,2,19.93,M3G20090106T144311_V01_L0.IMG,M3G20090106T144311_V01_BDE.IMG,M3G20090106T152345_V01_FF.IMG,162.23,u2
M3G20090106T112923,19bc,2009-06-10T05:03:21,710,m3_igds_l0_v18.pl,18,161.26,GLOBAL,CH1-ORB-L-M3-2-L0-RAW-V1.0,2009-01-06T11:29:23,2009-01-06T11:30:02,,,,,,,,,,,,,,,,,,,,,2010-12-23T07:32:00,ACTUAL,2,m3g_l1b_v04.exe,4,0.984325161353 <AU>,161.26,REVERSE,DESCENDING,"(0.362290170000,0.532932590000,180.743510000000)",2,19.93,M3G20090106T144311_V01_L0.IMG,M3G20090106T144311_V01_BDE.IMG,M3G20090106T152345_V01_FF.IMG,162.23,r,2011-08-31T08:37:51,ACTUAL,3,m3g_l1b_v04.exe,4,0.984325161353 <AU>,162.23,REVERSE,DESCENDING,"(0.362290170000,0.532932590000,180.743510000000)","(""N/A"",""N/A"",""N/A"")",N/A,"(""N/A"",""N/A"",""N/A"")",N/A,2,19.93,M3G20090106T144311_V01_L0.IMG,M3G20090106T144311_V01_BDE.IMG,M3G20090106T152345_V01_FF.IMG,162.23,u2
M3G20090106T113017,19bc,2009-06-10T05:03:30,710,m3_igds_l0_v18.pl,18,161.34,GLOBAL,CH1-ORB-L-M3-2-L0-RAW-V1.0,2009-01-06T11:30:17,2009-01-06T11:31:02,,,,,,,,,,,,,,,,,,,,,2010-12-23T07:32:00,ACTUAL,2,m3g_l1b_v04.exe,4,0.984325292972 <AU>,161.34,REVERSE,DESCENDING,"(0.362290170000,0.532932590000,180.743510000000)",2,19.93,M3G20090106T144311_V01_L0.IMG,M3G20090106T144311_V01_BDE.IMG,M3G20090106T152345_V01_FF.IMG,162.15,r,2011-08-31T08:37:51,ACTUAL,3,m3g_l1b_v04.exe,4,0.984325292972 <AU>,162.15,REVERSE,DESCENDING,"(0.362290170000,0.532932590000,180.743510000000)","(""N/A"",""N/A"",""N/A"")",N/A,"(""N/A"",""N/A"",""N/A"")",N/A,2,19.93,M3G20090106T144311_V01_L0.IMG,M3G20090106T144311_V01_BDE.IMG,M3G20090106T152345_V01_FF.IMG,162.15,u2
M3G20090106T113234,19bc,2009-06-10T05:03:40,710,m3_igds_l0_v18.pl,18,161.26,GLOBAL,CH1-ORB-L-M3-2-L0-RAW-V1.0,2009-01-06T11:32:34,2009-01-06T11:32:41,,,,,,,,,,,,,,,,,,,,,2010-12-23T07:32:00,ACTUAL,2,m3g_l1b_v04.exe,4,0.984325619225 <AU>,161.26,REVERSE,DESCENDING,"(0.362290170000,0.532932590000,180.743510000000)",2,19.93,M3G20090106T144311_V01_L0.IMG,M3G20090106T144311_V01_BDE.IMG,M3G20090106T152345_V01_FF.IMG,162.15,r,2011-08-31T08:37:51,ACTUAL,3,m3g_l1b_v04.exe,4,0.984325619225 <AU>,162.15,REVERSE,DESCENDING,"(0.362290170000,0.532932590000,180.743510000000)","(""N/A"",""N/A"",""N/A"")",N/A,"(""N/A"",""N/A"",""N/A"")",N/A,2,19.93,M3G20090106T144311_V01_L0.IMG,M3G20090106T144311_V01_BDE.IMG,M3G20090106T152345_V01_FF.IMG,162.15,u2
M3G20090106T113356,19bc,2009-06-10T05:03:41,710,m3_igds_l0_v18.pl,18,161.26,GLOBAL,CH1-ORB-L-M3-2-L0-RAW-V1.0,2009-01-06T11:33:56,2009-01-06T11:33:58,,,,,,,,,,,,,,,,,,,,,2010-12-23T07:32:00,ACTUAL,2,m3g_l1b_v04.exe,4,0.984325906076 <AU>,161.26,REVERSE,DESCENDING,"(0.362290170000,0.532932590000,180.743510000000)",2,19.93,M3G20090106T144311_V01_L0.IMG,M3G20090106T144311_V01_BDE.IMG,M3G20090106T152345_V01_FF.IMG,162.07,r,2011-08-31T08:37:51,ACTUAL,3,m3g_l1b_v04.exe,4,0.984325906076 <AU>,162.07,REVERSE,DESCENDING,"(0.362290170000,0.532932590000,180.743510000000)","(""N/A"",""N/A"",""N/A"")",N/A,"(""N/A"",""N/A"",""N/A"")",N/A,2,19.93,M3G20090106T144311_V01_L0.IMG,M3G20090106T144311_V01_BDE.IMG,M3G20090106T152345_V01_FF.IMG,162.07,u2
M3G20090106T113423,19bc,2009-06-10T05:03:42,710,m3_igds_l0_v18.pl,18,161.26,GLOBAL,CH1-ORB-L-M3-2-L0-RAW-V1.0,2009-01-06T11:34:23,2009-01-06T11:34:47,,,,,,,,,,,,,,,,,,,,,2010-12-23T07:32:00,ACTUAL,2,m3g_l1b_v04.exe,4,0.984326066205 <AU>,161.26,REVERSE,DESCENDING,"(0.362290170000,0.532932590000,180.743510000000)",2,19.93,M3G20090106T144311_V01_L0.IMG,M3G20090106T144311_V01_BDE.IMG,M3G20090106T152345_V01_FF.IMG,162.07,r,2011-08-31T08:37:51,ACTUAL,3,m3g_l1b_v04.exe,4,0.984326066205 <AU>,162.07,REVERSE,DESCENDING,"(0.362290170000,0.532932590000,180.743510000000)","(""N/A"",""N/A"",""N/A"")",N/A,"(""N/A"",""N/A"",""N/A"")",N/A,2,19.93,M3G20090106T144311_V01_L0.IMG,M3G20090106T144311_V01_BDE.IMG,M3G20090106T152345_V01_FF.IMG,162.07,u2
M3G20090106T113528,19bc,2009-06-10T05:03:48,710,m3_igds_l0_v18.pl,18,161.26,GLOBAL,CH1-ORB-L-M3-2-L0-RAW-V1.0,2009-01-06T11:35:28,2009-01-06T11:36:27,,,,,,,,,,,,,,,,,,,,,2010-12-23T07:32:00,ACTUAL,2,m3g_l1b_v04.exe,4,0.984326447247 <AU>,161.26,REVERSE,DESCENDING,"(0.362290170000,0.532932590000,180.743510000000)",2,19.93,M3G20090106T144311_V01_L0.IMG,M3G20090106T144311_V01_BDE.IMG,M3G20090106T152345_V01_FF.IMG,162.07,r,2011-08-31T08:37:51,ACTUAL,3,m3g_l1b_v04.exe,4,0.984326447247 <AU>,162.07,REVERSE,DESCENDING,"(0.362290170000,0.532932590000,180.743510000000)","(""N/A"",""N/A"",""N/A"")",N/A,"(""N/A"",""N/A"",""N/A"")",N/A,2,19.93,M3G20090106T144311_V01_L0.IMG,M3G20090106T144311_V01_BDE.IMG,M3G20090106T152345_V01_FF.IMG,162.07,u2
M3G20090106T113800,19bc,2009-06-10T05:04:00,710,m3_igds_l0_v18.pl,18,161.26,GLOBAL,CH1-ORB-L-M3-2-L0-RAW-V1.0,2009-01-06T11:38:00,2009-01-06T11:40:17,,,,,,,,,,,,,,,,,,,,,2010-12-23T07:32:00,ACTUAL,2,m3g_l1b_v04.exe,4,0.984327564321 <AU>,161.26,REVERSE,DESCENDING,"(0.362290170000,0.532932590000,180.743510000000)",2,19.93,M3G20090106T144311_V01_L0.IMG,M3G20090106T144311_V01_BDE.IMG,M3G20090106T152345_V01_FF.IMG,162.07,r,2011-08-31T08:37:51,ACTUAL,3,m3g_l1b_v04.exe,4,0.984327564321 <AU>,162.07,REVERSE,DESCENDING,"(0.362290170000,0.532932590000,180.743510000000)","(""N/A"",""N/A"",""N/A"")",N/A,"(""N/A"",""N/A"",""N/A"")",N/A,2,19.93,M3G20090106T144311_V01_L0.IMG,M3G20090106T144311_V01_BDE.IMG,M3G20090106T152345_V01_FF.IMG,162.07,u2
M3G20090106T114017,19bc,2009-06-10T05:04:35,711,m3_igds_l0_v18.pl,18,161.26,GLOBAL,CH1-ORB-L-M3-2-L0-RAW-V1.0,2009-01-06T11:40:17,2009-01-06T11:47:39,,,,,,,,,,,,,,,,,,,,,2010-12-23T07:32:00,ACTUAL,2,m3g_l1b_v04.exe,4,0.984329881669 <AU>,161.26,REVERSE,DESCENDING,"(0.362290170000,0.532932590000,180.743510000000)",2,19.93,M3G20090106T144311_V01_L0.IMG,M3G20090106T144311_V01_BDE.IMG,M3G20090106T152345_V01_FF.IMG,161.99,r,2011-08-31T08:37:51,ACTUAL,3,m3g_l1b_v04.exe,4,0.984329881669 <AU>,161.99,REVERSE,DESCENDING,"(0.362290170000,0.532932590000,180.743510000000)","(""N/A"",""N/A"",""N/A"")",N/A,"(""N/A"",""N/A"",""N/A"")",N/A,2,19.93,M3G20090106T144311_V01_L0.IMG,M3G20090106T144311_V01_BDE.IMG,M3G20090106T152345_V01_FF.IMG,161.99,u2
M3G20090106T144311,19bc,2009-06-10T05:06:24,711,m3_igds_l0_v18.pl,18,161.74,GLOBAL,CH1-ORB-L-M3-2-L0-RAW-V1.0,2009-01-06T14:43:11,2009-01-06T14:43:40,,,,,,,,,,,,,,,,,,,,,,,,,,,,,,,,,,,,,,,,,,,,,,,,,,,,,,,,,,
M3G20090106T152345,19bc,2009-06-10T05:06:31,711,m3_igds_l0_v18.pl,18,161.26,GLOBAL,CH1-ORB-L-M3-2-L0-RAW-V1.0,2009-01-06T15:23:45,2009-01-06T15:43:59,,,,,,,,,,,,,,,,,,,,,2010-12-23T07:32:00,ACTUAL,2,m3g_l1b_v04.exe,4,0.984409921321 <AU>,161.26,REVERSE,DESCENDING,"(0.364724140000,0.778238240000,181.015840000000)",2,20.08,M3G20090106T144311_V01_L0.IMG,M3G20090106T144311_V01_BDE.IMG,M3G20090106T152345_V01_FF.IMG,162.23,r,2011-08-31T08:37:51,ACTUAL,3,m3g_l1b_v04.exe,4,0.984409921321 <AU>,162.23,REVERSE,DESCENDING,"(0.364724140000,0.778238240000,181.015840000000)","(""N/A"",""N/A"",""N/A"")",N/A,"(""N/A"",""N/A"",""N/A"")",N/A,2,20.08,M3G20090106T144311_V01_L0.IMG,M3G20090106T144311_V01_BDE.IMG,M3G20090106T152345_V01_FF.IMG,162.23,u2
M3G20090107T003311,19bc,2009-06-10T03:20:25,722,m3_igds_l0_v18.pl,18,161.58,GLOBAL,CH1-ORB-L-M3-2-L0-RAW-V1.0,2009-01-07T00:33:11,2009-01-07T00:33:39,,,,,,,,,,,,,,,,,,,,,,,,,,,,,,,,,,,,,,,,,,,,,,,,,,,,,,,,,,
M3G20090107T011405,19bc,2009-06-10T03:20:32,722,m3_igds_l0_v18.pl,18,161.18,GLOBAL,CH1-ORB-L-M3-2-L0-RAW-V1.0,2009-01-07T01:14:05,2009-01-07T01:34:19,,,,,,,,,,,,,,,,,,,,,2010-12-23T07:32:00,ACTUAL,2,m3g_l1b_v04.exe,4,0.984609655049 <AU>,161.18,REVERSE,DESCENDING,"(0.325846380000,0.709855200000,181.047170000000)",2,20.46,M3G20090107T003311_V01_L0.IMG,M3G20090107T003311_V01_BDE.IMG,M3G20090107T011405_V01_FF.IMG,161.91,r,2011-08-31T08:37:51,ACTUAL,3,m3g_l1b_v04.exe,4,0.984609655049 <AU>,161.91,REVERSE,DESCENDING,"(0.325846380000,0.709855200000,181.047170000000)","(""N/A"",""N/A"",""N/A"")",N/A,"(""N/A"",""N/A"",""N/A"")",N/A,2,20.46,M3G20090107T003311_V01_L0.IMG,M3G20090107T003311_V01_BDE.IMG,M3G20090107T011405_V01_FF.IMG,161.91,u2
M3G20090107T122011,19bc,2009-06-10T03:25:40,723,m3_igds_l0_v18.pl,18,161.42,GLOBAL,CH1-ORB-L-M3-2-L0-RAW-V1.0,2009-01-07T12:20:11,2009-01-07T12:20:40,,,,,,,,,,,,,,,,,,,,,,,,,,,,,,,,,,,,,,,,,,,,,,,,,,,,,,,,,,
M3G20090107T130225,19bc,2009-06-10T03:25:47,723,m3_igds_l0_v18.pl,18,161.03,GLOBAL,CH1-ORB-L-M3-2-L0-RAW-V1.0,2009-01-07T13:02:25,2009-01-07T13:22:19,,,,,,,,,,,,,,,,,,,,,2010-12-23T07:32:00,ACTUAL,2,m3g_l1b_v04.exe,4,0.984835412346 <AU>,161.03,REVERSE,DESCENDING,"(0.402418640000,0.721593300000,181.021280000000)",2,20.94,M3G20090107T122011_V01_L0.IMG,M3G20090107T122011_V01_BDE.IMG,M3G20090107T130225_V01_FF.IMG,161.74,r,2011-08-31T08:37:51,ACTUAL,3,m3g_l1b_v04.exe,4,0.984835412346 <AU>,161.74,REVERSE,DESCENDING,"(0.402418640000,0.721593300000,181.021280000000)","(""N/A"",""N/A"",""N/A"")",N/A,"(""N/A"",""N/A"",""N/A"")",N/A,2,20.94,M3G20090107T122011_V01_L0.IMG,M3G20090107T122011_V01_BDE.IMG,M3G20090107T130225_V01_FF.IMG,161.74,u2
M3G20090108T040511,19bc,2009-06-10T03:30:40,735,m3_igds_l0_v18.pl,18,161.34,GLOBAL,CH1-ORB-L-M3-2-L0-RAW-V1.0,2009-01-08T04:05:11,2009-01-08T04:05:39,,,,,,,,,,,,,,,,,,,,,,,,,,,,,,,,,,,,,,,,,,,,,,,,,,,,,,,,,,
M3G20090108T044645,19bc,2009-06-10T03:30:47,735,m3_igds_l0_v18.pl,18,160.79,GLOBAL,CH1-ORB-L-M3-2-L0-RAW-V1.0,2009-01-08T04:46:45,2009-01-08T05:06:40,,,,,,,,,,,,,,,,,,,,,2010-12-23T07:32:00,ACTUAL,2,m3g_l1b_v04.exe,4,0.985107922514 <AU>,160.79,REVERSE,DESCENDING,"(0.363745560000,0.560001860000,180.401540000000)",2,21.56,M3G20090108T040511_V01_L0.IMG,M3G20090108T040511_V01_BDE.IMG,M3G20090108T044645_V01_FF.IMG,161.5,r,2011-08-31T08:37:51,ACTUAL,3,m3g_l1b_v04.exe,4,0.985107922514 <AU>,161.5,REVERSE,DESCENDING,"(0.363745560000,0.560001860000,180.401540000000)","(""N/A"",""N/A"",""N/A"")",N/A,"(""N/A"",""N/A"",""N/A"")",N/A,2,21.56,M3G20090108T040511_V01_L0.IMG,M3G20090108T040511_V01_BDE.IMG,M3G20090108T044645_V01_FF.IMG,161.5,u2
M3G20090109T014310,19bc,2009-06-10T01:57:03,741,m3_igds_l0_v18.pl,18,161.1,GLOBAL,CH1-ORB-L-M3-2-L0-RAW-V1.0,2009-01-09T01:43:10,2009-01-09T01:43:39,,,,,,,,,,,,,,,,,,,,,,,,,,,,,,,,,,,,,,,,,,,,,,,,,,,,,,,,,,
M3G20090109T022525,19bc,2009-06-10T01:57:10,741,m3_igds_l0_v18.pl,18,160.63,GLOBAL,CH1-ORB-L-M3-2-L0-RAW-V1.0,2009-01-09T02:25:25,2009-01-09T02:45:19,,,,,,,,,,,,,,,,,,,,,2010-12-23T07:32:00,ACTUAL,2,m3g_l1b_v04.exe,4,0.985417906885 <AU>,160.63,REVERSE,DESCENDING,"(0.284971410000,0.481274360000,183.645830000000)",2,22.42,M3G20090109T014310_V01_L0.IMG,M3G20090109T014310_V01_BDE.IMG,M3G20090109T022525_V01_FF.IMG,161.34,r,2011-08-31T08:37:51,ACTUAL,3,m3g_l1b_v04.exe,4,0.985417906885 <AU>,161.34,REVERSE,DESCENDING,"(0.284971410000,0.481274360000,183.645830000000)","(""N/A"",""N/A"",""N/A"")",N/A,"(""N/A"",""N/A"",""N/A"")",N/A,2,22.42,M3G20090109T014310_V01_L0.IMG,M3G20090109T014310_V01_BDE.IMG,M3G20090109T022525_V01_FF.IMG,161.34,u2
M3G20090110T150611,19bc,2009-06-10T03:35:41,760,m3_igds_l0_v18.pl,18,160.39,GLOBAL,CH1-ORB-L-M3-2-L0-RAW-V1.0,2009-01-10T15:06:11,2009-01-10T15:06:39,,,,,,,,,,,,,,,,,,,,,,,,,,,,,,,,,,,,,,,,,,,,,,,,,,,,,,,,,,
M3G20090110T154845,19bc,2009-06-10T03:35:48,760,m3_igds_l0_v18.pl,18,160,GLOBAL,CH1-ORB-L-M3-2-L0-RAW-V1.0,2009-01-10T15:48:45,2009-01-10T16:08:39,,,,,,,,,,,,,,,,,,,,,2010-12-23T07:32:00,ACTUAL,2,m3g_l1b_v04.exe,4,0.985739310604 <AU>,160,REVERSE,DESCENDING,"(0.319991100000,0.580945290000,180.992850000000)",2,23.9,M3G20090110T150611_V01_L0.IMG,M3G20090110T150611_V01_BDE.IMG,M3G20090110T154845_V01_FF.IMG,160.79,r,2011-08-31T08:37:51,ACTUAL,3,m3g_l1b_v04.exe,4,0.985739310604 <AU>,160.79,REVERSE,DESCENDING,"(0.319991100000,0.580945290000,180.992850000000)","(""N/A"",""N/A"",""N/A"")",N/A,"(""N/A"",""N/A"",""N/A"")",N/A,2,23.9,M3G20090110T150611_V01_L0.IMG,M3G20090110T150611_V01_BDE.IMG,M3G20090110T154845_V01_FF.IMG,160.79,u2
M3G20090111T005511,19bc,2009-06-10T02:02:03,763,m3_igds_l0_v18.pl,18,160.47,GLOBAL,CH1-ORB-L-M3-2-L0-RAW-V1.0,2009-01-11T00:55:11,2009-01-11T00:55:39,,,,,,,,,,,,,,,,,,,,,,,,,,,,,,,,,,,,,,,,,,,,,,,,,,,,,,,,,,
M3G20090111T013904,19bc,2009-06-10T02:02:10,763,m3_igds_l0_v18.pl,18,160,GLOBAL,CH1-ORB-L-M3-2-L0-RAW-V1.0,2009-01-11T01:39:04,2009-01-11T01:58:59,,,,,,,,,,,,,,,,,,,,,2010-12-23T07:32:00,ACTUAL,2,m3g_l1b_v04.exe,4,0.985774195437 <AU>,160,REVERSE,DESCENDING,"(0.338166520000,0.539546750000,180.891650000000)",2,24.28,M3G20090111T005511_V01_L0.IMG,M3G20090111T005511_V01_BDE.IMG,M3G20090111T013904_V01_FF.IMG,160.63,r,2011-08-31T08:37:51,ACTUAL,3,m3g_l1b_v04.exe,4,0.985774195437 <AU>,160.63,REVERSE,DESCENDING,"(0.338166520000,0.539546750000,180.891650000000)","(""N/A"",""N/A"",""N/A"")",N/A,"(""N/A"",""N/A"",""N/A"")",N/A,2,24.28,M3G20090111T005511_V01_L0.IMG,M3G20090111T005511_V01_BDE.IMG,M3G20090111T013904_V01_FF.IMG,160.63,u2
M3G20090112T161610,19bc,2009-06-10T03:40:48,784,m3_igds_l0_v18.pl,18,160.08,GLOBAL,CH1-ORB-L-M3-2-L0-RAW-V1.0,2009-01-12T16:16:10,2009-01-12T16:16:38,,,,,,,,,,,,,,,,,,,,,,,,,,,,,,,,,,,,,,,,,,,,,,,,,,,,,,,,,,
M3G20090112T165924,19bc,2009-06-10T03:40:55,784,m3_igds_l0_v18.pl,18,159.62,GLOBAL,CH1-ORB-L-M3-2-L0-RAW-V1.0,2009-01-12T16:59:24,2009-01-12T17:19:19,,,,,,,,,,,,,,,,,,,,,2010-12-23T07:32:00,ACTUAL,2,m3g_l1b_v04.exe,4,0.985703829891 <AU>,159.62,REVERSE,DESCENDING,"(0.384172650000,0.332994040000,181.157130000000)",2,25.85,M3G20090112T161610_V01_L0.IMG,M3G20090112T161610_V01_BDE.IMG,M3G20090112T165924_V01_FF.IMG,160.24,r,2011-08-31T08:37:51,ACTUAL,3,m3g_l1b_v04.exe,4,0.985703829891 <AU>,160.24,REVERSE,DESCENDING,"(0.384172650000,0.332994040000,181.157130000000)","(""N/A"",""N/A"",""N/A"")",N/A,"(""N/A"",""N/A"",""N/A"")",N/A,2,25.85,M3G20090112T161610_V01_L0.IMG,M3G20090112T161610_V01_BDE.IMG,M3G20090112T165924_V01_FF.IMG,160.24,u2
M3G20090113T175110,19bc,2009-06-10T03:45:54,798,m3_igds_l0_v18.pl,18,159.93,GLOBAL,CH1-ORB-L-M3-2-L0-RAW-V1.0,2009-01-13T17:51:10,2009-01-13T17:51:39,,,,,,,,,,,,,,,,,,,,,,,,,,,,,,,,,,,,,,,,,,,,,,,,,,,,,,,,,,
M3G20090113T183344,19bc,2009-06-10T03:46:01,798,m3_igds_l0_v18.pl,18,159.47,GLOBAL,CH1-ORB-L-M3-2-L0-RAW-V1.0,2009-01-13T18:33:44,2009-01-13T18:53:38,,,,,,,,,,,,,,,,,,,,,2010-12-23T07:32:00,ACTUAL,2,m3g_l1b_v04.exe,4,0.985491933971 <AU>,159.47,REVERSE,DESCENDING,"(0.416998870000,0.376079190000,180.934310000000)",2,26.85,M3G20090113T175110_V01_L0.IMG,M3G20090113T175110_V01_BDE.IMG,M3G20090113T183344_V01_FF.IMG,160,r,2011-08-31T08:37:51,ACTUAL,3,m3g_l1b_v04.exe,4,0.985491933971 <AU>,160,REVERSE,DESCENDING,"(0.416998870000,0.376079190000,180.934310000000)","(""N/A"",""N/A"",""N/A"")",N/A,"(""N/A"",""N/A"",""N/A"")",N/A,2,26.85,M3G20090113T175110_V01_L0.IMG,M3G20090113T175110_V01_BDE.IMG,M3G20090113T183344_V01_FF.IMG,160,u2
M3G20090114T172813,19bc,2009-06-16T19:03:36,809,m3_igds_l0_v18.pl,18,159.78,GLOBAL,CH1-ORB-L-M3-2-L0-RAW-V1.0,2009-01-14T17:28:13,2009-01-14T17:28:41,,,,,,,,,,,,,,,,,,,,,,,,,,,,,,,,,,,,,,,,,,,,,,,,,,,,,,,,,,
M3G20090114T181027,19bc,2009-06-16T19:03:42,809,m3_igds_l0_v18.pl,18,159.31,GLOBAL,CH1-ORB-L-M3-2-L0-RAW-V1.0,2009-01-14T18:10:27,2009-01-14T18:30:22,,,,,,,,,,,,,,,,,,,,,2010-12-23T07:32:00,ACTUAL,2,m3g_l1b_v04.exe,4,0.985200723429 <AU>,159.31,REVERSE,DESCENDING,"(0.370620700000,0.590427590000,181.522130000000)",2,27.8,M3G20090114T172813_V01_L0.IMG,M3G20090114T172813_V01_BDE.IMG,M3G20090114T181027_V01_FF.IMG,159.78,r,2011-08-31T08:37:51,ACTUAL,3,m3g_l1b_v04.exe,4,0.985200723429 <AU>,159.78,REVERSE,DESCENDING,"(0.370620700000,0.590427590000,181.522130000000)","(""N/A"",""N/A"",""N/A"")",N/A,"(""N/A"",""N/A"",""N/A"")",N/A,2,27.8,M3G20090114T172813_V01_L0.IMG,M3G20090114T172813_V01_BDE.IMG,M3G20090114T181027_V01_FF.IMG,159.78,u2
M3G20090115T165411,19bc,2009-06-16T19:08:33,821,m3_igds_l0_v18.pl,18,159.85,GLOBAL,CH1-ORB-L-M3-2-L0-RAW-V1.0,2009-01-15T16:54:11,2009-01-15T16:54:40,,,,,,,,,,,,,,,,,,,,,,,,,,,,,,,,,,,,,,,,,,,,,,,,,,,,,,,,,,
M3G20090115T174705,19bc,2009-06-16T19:08:40,821,m3_igds_l0_v18.pl,18,159.85,GLOBAL,CH1-ORB-L-M3-2-L0-RAW-V1.0,2009-01-15T17:47:05,2009-01-15T18:07:20,,,,,,,,,,,,,,,,,,,,,2010-12-23T07:32:00,ACTUAL,2,m3g_l1b_v04.exe,4,0.984839364647 <AU>,159.85,REVERSE,DESCENDING,"(0.327897050000,0.432365850000,181.150170000000)",2,28.76,M3G20090115T165411_V01_L0.IMG,M3G20090115T165411_V01_BDE.IMG,M3G20090115T174705_V01_FF.IMG,159.7,r,2011-08-31T08:37:51,ACTUAL,3,m3g_l1b_v04.exe,4,0.984839364647 <AU>,159.7,REVERSE,DESCENDING,"(0.327897050000,0.432365850000,181.150170000000)","(""N/A"",""N/A"",""N/A"")",N/A,"(""N/A"",""N/A"",""N/A"")",N/A,2,28.76,M3G20090115T165411_V01_L0.IMG,M3G20090115T165411_V01_BDE.IMG,M3G20090115T174705_V01_FF.IMG,159.7,u2
M3G20090117T003311,19bc,2009-06-17T00:26:38,839,m3_igds_l0_v18.pl,18,159.31,GLOBAL,CH1-ORB-L-M3-2-L0-RAW-V1.0,2009-01-17T00:33:11,2009-01-17T00:33:39,,,,,,,,,,,,,,,,,,,,,,,,,,,,,,,,,,,,,,,,,,,,,,,,,,,,,,,,,,
M3G20090117T011605,19bc,2009-06-17T00:26:45,839,m3_igds_l0_v18.pl,18,158.85,GLOBAL,CH1-ORB-L-M3-2-L0-RAW-V1.0,2009-01-17T01:16:05,2009-01-17T01:36:00,,,,,,,,,,,,,,,,,,,,,2010-12-23T07:32:00,ACTUAL,2,m3g_l1b_v04.exe,4,0.984287897786 <AU>,158.85,REVERSE,DESCENDING,"(0.363774700000,-0.003537230300,180.917060000000)",2,30,M3G20090117T003311_V01_L0.IMG,M3G20090117T003311_V01_BDE.IMG,M3G20090117T011605_V01_FF.IMG,159.62,r,2011-08-31T08:37:51,ACTUAL,3,m3g_l1b_v04.exe,4,0.984287897786 <AU>,159.62,REVERSE,DESCENDING,"(0.363774700000,-0.003537230300,180.917060000000)","(""N/A"",""N/A"",""N/A"")",N/A,"(""N/A"",""N/A"",""N/A"")",N/A,2,30,M3G20090117T003311_V01_L0.IMG,M3G20090117T003311_V01_BDE.IMG,M3G20090117T011605_V01_FF.IMG,159.62,u2
M3G20090118T014411,19bc,2009-06-16T19:13:36,851,m3_igds_l0_v18.pl,18,158.93,GLOBAL,CH1-ORB-L-M3-2-L0-RAW-V1.0,2009-01-18T01:44:11,2009-01-18T01:44:39,,,,,,,,,,,,,,,,,,,,,,,,,,,,,,,,,,,,,,,,,,,,,,,,,,,,,,,,,,
M3G20090118T022705,19bc,2009-06-16T19:13:43,851,m3_igds_l0_v18.pl,18,158.85,GLOBAL,CH1-ORB-L-M3-2-L0-RAW-V1.0,2009-01-18T02:27:05,2009-01-18T02:47:19,,,,,,,,,,,,,,,,,,,,,2010-12-23T07:32:00,ACTUAL,2,m3g_l1b_v04.exe,4,0.983828356203 <AU>,158.85,REVERSE,DESCENDING,"(0.230761043809,0.445314462087,180.813917269273)",2,31,M3G20090118T014411_V01_L0.IMG,M3G20090118T014411_V01_BDE.IMG,M3G20090118T022705_V01_FF.IMG,158.78,r,2011-08-31T08:37:51,ACTUAL,3,m3g_l1b_v04.exe,4,0.983828356203 <AU>,158.78,REVERSE,DESCENDING,"(0.230761043809,0.445314462087,180.813917269273)","(""N/A"",""N/A"",""N/A"")",N/A,"(""N/A"",""N/A"",""N/A"")",N/A,2,31,M3G20090118T014411_V01_L0.IMG,M3G20090118T014411_V01_BDE.IMG,M3G20090118T022705_V01_FF.IMG,158.78,u2
M3G20090119T073811,19bc,2009-06-16T17:08:17,865,m3_igds_l0_v18.pl,18,158.47,GLOBAL,CH1-ORB-L-M3-2-L0-RAW-V1.0,2009-01-19T07:38:11,2009-01-19T07:38:39,,,,,,,,,,,,,,,,,,,,,,,,,,,,,,,,,,,,,,,,,,,,,,,,,,,,,,,,,,
M3G20090119T082105,19bc,2009-06-16T17:08:24,865,m3_igds_l0_v18.pl,18,158.47,GLOBAL,CH1-ORB-L-M3-2-L0-RAW-V1.0,2009-01-19T08:21:05,2009-01-19T08:41:39,,,,,,,,,,,,,,,,,,,,,2010-12-23T07:32:00,ACTUAL,2,m3g_l1b_v04.exe,4,0.983279075165 <AU>,158.47,REVERSE,DESCENDING,"(0.298562350000,0.185098200000,180.462080000000)",2,32.19,M3G20090119T073811_V01_L0.IMG,M3G20090119T073811_V01_BDE.IMG,M3G20090119T082105_V01_FF.IMG,158.85,r,2011-08-31T08:37:51,ACTUAL,3,m3g_l1b_v04.exe,4,0.983279075165 <AU>,158.85,REVERSE,DESCENDING,"(0.298562350000,0.185098200000,180.462080000000)","(""N/A"",""N/A"",""N/A"")",N/A,"(""N/A"",""N/A"",""N/A"")",N/A,2,32.19,M3G20090119T073811_V01_L0.IMG,M3G20090119T073811_V01_BDE.IMG,M3G20090119T082105_V01_FF.IMG,158.85,u2
M3G20090120T012010,19bc,2009-06-16T19:18:39,875,m3_igds_l0_v18.pl,18,158.17,GLOBAL,CH1-ORB-L-M3-2-L0-RAW-V1.0,2009-01-20T01:20:10,2009-01-20T01:20:38,,,,,,,,,,,,,,,,,,,,,,,,,,,,,,,,,,,,,,,,,,,,,,,,,,,,,,,,,,
M3G20090120T020344,19bc,2009-06-16T19:18:46,875,m3_igds_l0_v18.pl,18,158.17,GLOBAL,CH1-ORB-L-M3-2-L0-RAW-V1.0,2009-01-20T02:03:44,2009-01-20T02:23:38,,,,,,,,,,,,,,,,,,,,,2010-12-23T07:32:00,ACTUAL,2,m3g_l1b_v04.exe,4,0.982977438036 <AU>,158.17,REVERSE,DESCENDING,"(0.361521450000,0.146178720000,180.993700000000)",2,32.9,M3G20090120T012010_V01_L0.IMG,M3G20090120T012010_V01_BDE.IMG,M3G20090120T020344_V01_FF.IMG,158.7,r,2011-08-31T08:37:51,ACTUAL,3,m3g_l1b_v04.exe,4,0.982977438036 <AU>,158.7,REVERSE,DESCENDING,"(0.361521450000,0.146178720000,180.993700000000)","(""N/A"",""N/A"",""N/A"")",N/A,"(""N/A"",""N/A"",""N/A"")",N/A,2,32.9,M3G20090120T012010_V01_L0.IMG,M3G20090120T012010_V01_BDE.IMG,M3G20090120T020344_V01_FF.IMG,158.7,u2
M3G20090121T025911,19bc,2009-06-16T19:23:36,888,m3_igds_l0_v18.pl,18,158.09,GLOBAL,CH1-ORB-L-M3-2-L0-RAW-V1.0,2009-01-21T02:59:11,2009-01-21T02:59:39,,,,,,,,,,,,,,,,,,,,,,,,,,,,,,,,,,,,,,,,,,,,,,,,,,,,,,,,,,
M3G20090121T033745,19bc,2009-06-16T19:23:42,888,m3_igds_l0_v18.pl,18,157.79,GLOBAL,CH1-ORB-L-M3-2-L0-RAW-V1.0,2009-01-21T03:37:45,2009-01-21T03:57:59,,,,,,,,,,,,,,,,,,,,,2010-12-23T07:32:00,ACTUAL,2,m3g_l1b_v04.exe,4,0.982585802975 <AU>,157.79,REVERSE,DESCENDING,"(0.427040480000,0.452104960000,181.234180000000)",2,33.9,M3G20090121T025911_V01_L0.IMG,M3G20090121T025911_V01_BDE.IMG,M3G20090121T033745_V01_FF.IMG,158.17,r,2011-08-31T08:37:51,ACTUAL,3,m3g_l1b_v04.exe,4,0.982585802975 <AU>,158.17,REVERSE,DESCENDING,"(0.427040480000,0.452104960000,181.234180000000)","(""N/A"",""N/A"",""N/A"")",N/A,"(""N/A"",""N/A"",""N/A"")",N/A,2,33.9,M3G20090121T025911_V01_L0.IMG,M3G20090121T025911_V01_BDE.IMG,M3G20090121T033745_V01_FF.IMG,158.17,u2
M3G20090122T042811,19bc,2009-06-16T19:28:38,902,m3_igds_l0_v18.pl,18,157.64,GLOBAL,CH1-ORB-L-M3-2-L0-RAW-V1.0,2009-01-22T04:28:11,2009-01-22T04:28:40,,,,,,,,,,,,,,,,,,,,,,,,,,,,,,,,,,,,,,,,,,,,,,,,,,,,,,,,,,
M3G20090122T051145,19bc,2009-06-16T19:28:45,902,m3_igds_l0_v18.pl,18,157.57,GLOBAL,CH1-ORB-L-M3-2-L0-RAW-V1.0,2009-01-22T05:11:45,2009-01-22T05:31:39,,,,,,,,,,,,,,,,,,,,,2010-12-23T07:32:00,ACTUAL,2,m3g_l1b_v04.exe,4,0.982263549351 <AU>,157.57,REVERSE,DESCENDING,"(0.017744418869,0.367391841846,180.891459279458)",2,34.91,M3G20090122T042811_V01_L0.IMG,M3G20090122T042811_V01_BDE.IMG,M3G20090122T051145_V01_FF.IMG,157.94,r,2011-08-31T08:37:51,ACTUAL,3,m3g_l1b_v04.exe,4,0.982263549351 <AU>,157.94,REVERSE,DESCENDING,"(0.017744418869,0.367391841846,180.891459279458)","(""N/A"",""N/A"",""N/A"")",N/A,"(""N/A"",""N/A"",""N/A"")",N/A,2,34.91,M3G20090122T042811_V01_L0.IMG,M3G20090122T042811_V01_BDE.IMG,M3G20090122T051145_V01_FF.IMG,157.94,u2
M3G20090123T060211,19bc,2009-06-16T19:33:35,915,m3_igds_l0_v18.pl,18,157.49,GLOBAL,CH1-ORB-L-M3-2-L0-RAW-V1.0,2009-01-23T06:02:11,2009-01-23T06:02:39,,,,,,,,,,,,,,,,,,,,,,,,,,,,,,,,,,,,,,,,,,,,,,,,,,,,,,,,,,
M3G20090123T064545,19bc,2009-06-16T19:33:42,915,m3_igds_l0_v18.pl,18,157.49,GLOBAL,CH1-ORB-L-M3-2-L0-RAW-V1.0,2009-01-23T06:45:45,2009-01-23T07:06:00,,,,,,,,,,,,,,,,,,,,,2010-12-23T07:32:00,ACTUAL,2,m3g_l1b_v04.exe,4,0.982027531245 <AU>,157.49,REVERSE,DESCENDING,"(0.356183510000,0.432174580000,181.249100000000)",2,35.91,M3G20090123T060211_V01_L0.IMG,M3G20090123T060211_V01_BDE.IMG,M3G20090123T064545_V01_FF.IMG,157.57,r,2011-08-31T08:37:51,ACTUAL,3,m3g_l1b_v04.exe,4,0.982027531245 <AU>,157.57,REVERSE,DESCENDING,"(0.356183510000,0.432174580000,181.249100000000)","(""N/A"",""N/A"",""N/A"")",N/A,"(""N/A"",""N/A"",""N/A"")",N/A,2,35.91,M3G20090123T060211_V01_L0.IMG,M3G20090123T060211_V01_BDE.IMG,M3G20090123T064545_V01_FF.IMG,157.57,u2
M3G20090124T053811,19bc,2009-06-16T19:38:36,927,m3_igds_l0_v18.pl,18,157.12,GLOBAL,CH1-ORB-L-M3-2-L0-RAW-V1.0,2009-01-24T05:38:11,2009-01-24T05:38:39,,,,,,,,,,,,,,,,,,,,,,,,,,,,,,,,,,,,,,,,,,,,,,,,,,,,,,,,,,
M3G20090124T062145,19bc,2009-06-16T19:38:43,927,m3_igds_l0_v18.pl,18,156.75,GLOBAL,CH1-ORB-L-M3-2-L0-RAW-V1.0,2009-01-24T06:21:45,2009-01-24T06:41:59,,,,,,,,,,,,,,,,,,,,,2010-12-23T07:32:00,ACTUAL,2,m3g_l1b_v04.exe,4,0.981898482019 <AU>,156.75,REVERSE,DESCENDING,"(0.201295523084,0.368702605040,181.792298365751)",2,36.86,M3G20090124T053811_V01_L0.IMG,M3G20090124T053811_V01_BDE.IMG,M3G20090124T062145_V01_FF.IMG,157.57,r,2011-08-31T08:37:51,ACTUAL,3,m3g_l1b_v04.exe,4,0.981898482019 <AU>,157.57,REVERSE,DESCENDING,"(0.201295523084,0.368702605040,181.792298365751)","(""N/A"",""N/A"",""N/A"")",N/A,"(""N/A"",""N/A"",""N/A"")",N/A,2,36.86,M3G20090124T053811_V01_L0.IMG,M3G20090124T053811_V01_BDE.IMG,M3G20090124T062145_V01_FF.IMG,157.57,u2
M3G20090124T232111,19bc,2009-06-16T19:43:37,936,m3_igds_l0_v18.pl,18,156.9,GLOBAL,CH1-ORB-L-M3-2-L0-RAW-V1.0,2009-01-24T23:21:11,2009-01-24T23:21:39,,,,,,,,,,,,,,,,,,,,,,,,,,,,,,,,,,,,,,,,,,,,,,,,,,,,,,,,,,
M3G20090125T000345,19bc,2009-06-16T19:43:44,936,m3_igds_l0_v18.pl,18,156.61,GLOBAL,CH1-ORB-L-M3-2-L0-RAW-V1.0,2009-01-25T00:03:45,2009-01-25T00:23:59,,,,,,,,,,,,,,,,,,,,,2010-12-23T07:32:00,ACTUAL,2,m3g_l1b_v04.exe,4,0.981863177415 <AU>,156.61,REVERSE,DESCENDING,"(0.407130530000,0.549866380000,180.959260000000)",2,37.58,M3G20090125T171718_V01_L0.IMG,M3G20090125T171718_V01_BDE.IMG,M3G20090125T000345_V01_FF.IMG,157.2,r,2011-08-31T08:37:51,ACTUAL,3,m3g_l1b_v04.exe,4,0.981863177415 <AU>,157.2,REVERSE,DESCENDING,"(0.407130530000,0.549866380000,180.959260000000)","(""N/A"",""N/A"",""N/A"")",N/A,"(""N/A"",""N/A"",""N/A"")",N/A,2,37.58,M3G20090125T171718_V01_L0.IMG,M3G20090125T171718_V01_BDE.IMG,M3G20090125T000345_V01_FF.IMG,157.2,u2
M3G20090125T171718,19bc,2009-06-16T19:48:38,948,m3_igds_l0_v18.pl,18,155.81,GLOBAL,CH1-ORB-L-M3-2-L0-RAW-V1.0,2009-01-25T17:17:18,2009-01-25T17:18:32,,,,,,,,,,,,,,,,,,,,,,,,,,,,,,,,,,,,,,,,,,,,,,,,,,,,,,,,,,
M3G20090125T172601,19bc,2009-06-16T19:48:56,948,m3_igds_l0_v18.pl,18,155.66,GLOBAL,CH1-ORB-L-M3-2-L0-RAW-V1.0,2009-01-25T17:26:01,2009-01-25T18:13:59,,,,,,,,,,,,,,,,,,,,,2010-12-23T07:32:00,ACTUAL,2,m3g_l1b_v04.exe,4,0.981885504118 <AU>,155.66,REVERSE,DESCENDING,"(5.209645013304,0.164218176157,180.916498328297)",2,38.29,M3G20090125T171718_V01_L0.IMG,M3G20090125T171718_V01_BDE.IMG,M3G20090125T172601_V01_FF.IMG,157.2,r,2011-08-31T08:37:51,ACTUAL,3,m3g_l1b_v04.exe,4,0.981885504118 <AU>,157.2,REVERSE,DESCENDING,"(5.209645013304,0.164218176157,180.916498328297)","(""N/A"",""N/A"",""N/A"")",N/A,"(""N/A"",""N/A"",""N/A"")",N/A,2,38.29,M3G20090125T171718_V01_L0.IMG,M3G20090125T171718_V01_BDE.IMG,M3G20090125T172601_V01_FF.IMG,157.2,u2
M3G20090126T025311,19bc,2009-06-16T20:13:15,950,m3_igds_l0_v18.pl,18,156.09,GLOBAL,CH1-ORB-L-M3-2-L0-RAW-V1.0,2009-01-26T02:53:11,2009-01-26T02:53:39,,,,,,,,,,,,,,,,,,,,,,,,,,,,,,,,,,,,,,,,,,,,,,,,,,,,,,,,,,
M3G20090126T033545,19bc,2009-06-16T20:13:21,950,m3_igds_l0_v18.pl,18,155.81,GLOBAL,CH1-ORB-L-M3-2-L0-RAW-V1.0,2009-01-26T03:35:45,2009-01-26T03:55:40,,,,,,,,,,,,,,,,,,,,,2010-12-23T07:32:00,ACTUAL,2,m3g_l1b_v04.exe,4,0.981919818211 <AU>,155.81,REVERSE,DESCENDING,"(0.371517759861,0.171531687010,180.575162988442)",2,38.67,M3G20090126T025311_V01_L0.IMG,M3G20090126T025311_V01_BDE.IMG,M3G20090126T033545_V01_FF.IMG,156.9,r,2011-08-31T08:37:51,ACTUAL,3,m3g_l1b_v04.exe,4,0.981919818211 <AU>,156.9,REVERSE,DESCENDING,"(0.371517759861,0.171531687010,180.575162988442)","(""N/A"",""N/A"",""N/A"")",N/A,"(""N/A"",""N/A"",""N/A"")",N/A,2,38.67,M3G20090126T025311_V01_L0.IMG,M3G20090126T025311_V01_BDE.IMG,M3G20090126T033545_V01_FF.IMG,156.9,u2
M3G20090127T023311,19bc,2009-06-16T20:18:11,962,m3_igds_l0_v18.pl,18,156.31,GLOBAL,CH1-ORB-L-M3-2-L0-RAW-V1.0,2009-01-27T02:33:11,2009-01-27T02:33:39,,,,,,,,,,,,,,,,,,,,,,,,,,,,,,,,,,,,,,,,,,,,,,,,,,,,,,,,,,
M3G20090127T031145,19bc,2009-06-16T20:18:17,962,m3_igds_l0_v18.pl,18,155.95,GLOBAL,CH1-ORB-L-M3-2-L0-RAW-V1.0,2009-01-27T03:11:45,2009-01-27T03:31:59,,,,,,,,,,,,,,,,,,,,,2010-12-23T07:32:00,ACTUAL,2,m3g_l1b_v04.exe,4,0.982080138230 <AU>,155.95,REVERSE,DESCENDING,"(0.193199550000,0.522391420000,181.037170000000)",2,39.63,M3G20090127T023311_V01_L0.IMG,M3G20090127T023311_V01_BDE.IMG,M3G20090127T031145_V01_FF.IMG,156.09,r,2011-08-31T08:37:51,ACTUAL,3,m3g_l1b_v04.exe,4,0.982080138230 <AU>,156.09,REVERSE,DESCENDING,"(0.193199550000,0.522391420000,181.037170000000)","(""N/A"",""N/A"",""N/A"")",N/A,"(""N/A"",""N/A"",""N/A"")",N/A,2,39.63,M3G20090127T023311_V01_L0.IMG,M3G20090127T023311_V01_BDE.IMG,M3G20090127T031145_V01_FF.IMG,156.09,u2
M3G20090131T050409,19bc,2009-06-16T20:23:12,1010,m3_igds_l0_v18.pl,18,156.31,GLOBAL,CH1-ORB-L-M3-2-L0-RAW-V1.0,2009-01-31T05:04:09,2009-01-31T05:05:12,,,,,,,,,,,,,,,,,,,,,,,,,,,,,,,,,,,,,,,,,,,,,,,,,,,,,,,,,,
M3G20090131T051413,19bc,2009-06-16T20:23:27,1010,m3_igds_l0_v18.pl,18,156.09,GLOBAL,CH1-ORB-L-M3-2-L0-RAW-V1.0,2009-01-31T05:14:13,2009-01-31T06:02:02,,,,,,,,,,,,,,,,,,,,,2010-12-23T07:32:00,ACTUAL,2,m3g_l1b_v04.exe,4,0.983800016266 <AU>,156.09,REVERSE,DESCENDING,"(0.175978138578,0.287309728454,180.933635891646)",2,43.49,M3G20090131T050409_V01_L0.IMG,M3G20090131T050409_V01_BDE.IMG,M3G20090131T051413_V01_FF.IMG,156.02,r,2011-08-31T08:37:51,ACTUAL,3,m3g_l1b_v04.exe,4,0.983800016266 <AU>,156.02,REVERSE,DESCENDING,"(0.175978138578,0.287309728454,180.933635891646)","(""N/A"",""N/A"",""N/A"")",N/A,"(""N/A"",""N/A"",""N/A"")",N/A,2,43.49,M3G20090131T050409_V01_L0.IMG,M3G20090131T050409_V01_BDE.IMG,M3G20090131T051413_V01_FF.IMG,156.02,u2
M3G20090131T085011,19bc,2009-06-16T20:34:51,1010,m3_igds_l0_v18.pl,18,155.37,GLOBAL,CH1-ORB-L-M3-2-L0-RAW-V1.0,2009-01-31T08:50:11,2009-01-31T08:50:40,,,,,,,,,,,,,,,,,,,,,,,,,,,,,,,,,,,,,,,,,,,,,,,,,,,,,,,,,,
M3G20090131T091031,19bc,2009-06-16T20:34:58,1010,m3_igds_l0_v18.pl,18,155.09,GLOBAL,CH1-ORB-L-M3-2-L0-RAW-V1.0,2009-01-31T09:10:31,2009-01-31T09:58:00,,,,,,,,,,,,,,,,,,,,,2010-12-23T07:32:00,ACTUAL,2,m3g_l1b_v04.exe,4,0.983898595324 <AU>,155.09,REVERSE,DESCENDING,"(0.176625623566,0.173168341406,180.849917628234)",2,43.68,M3G20090131T085011_V01_L0.IMG,M3G20090131T085011_V01_BDE.IMG,M3G20090131T091031_V01_FF.IMG,155.3,r,2011-08-31T08:37:51,ACTUAL,3,m3g_l1b_v04.exe,4,0.983898595324 <AU>,155.3,REVERSE,DESCENDING,"(0.176625623566,0.173168341406,180.849917628234)","(""N/A"",""N/A"",""N/A"")",N/A,"(""N/A"",""N/A"",""N/A"")",N/A,2,43.68,M3G20090131T085011_V01_L0.IMG,M3G20090131T085011_V01_BDE.IMG,M3G20090131T091031_V01_FF.IMG,155.3,u2
M3G20090131T103511,19bc,2009-06-16T20:46:10,1010,m3_igds_l0_v18.pl,18,155.16,GLOBAL,CH1-ORB-L-M3-2-L0-RAW-V1.0,2009-01-31T10:35:11,2009-01-31T10:35:40,,,,,,,,,,,,,,,,,,,,,,,,,,,,,,,,,,,,,,,,,,,,,,,,,,,,,,,,,,
M3G20090131T111951,19bc,2009-06-16T20:46:17,1010,m3_igds_l0_v18.pl,18,154.8,GLOBAL,CH1-ORB-L-M3-2-L0-RAW-V1.0,2009-01-31T11:19:51,2009-01-31T11:27:14,,,,,,,,,,,,,,,,,,,,,2010-12-23T07:32:00,ACTUAL,2,m3g_l1b_v04.exe,4,0.983944857421 <AU>,154.8,REVERSE,DESCENDING,"(0.175619792040,0.131224977717,180.848436495198)",2,43.73,M3G20090131T103511_V01_L0.IMG,M3G20090131T103511_V01_BDE.IMG,M3G20090131T112714_V01_FF.IMG,154.87,r,2011-08-31T08:37:51,ACTUAL,3,m3g_l1b_v04.exe,4,0.983944857421 <AU>,154.87,REVERSE,DESCENDING,"(0.175619792040,0.131224977717,180.848436495198)","(""N/A"",""N/A"",""N/A"")",N/A,"(""N/A"",""N/A"",""N/A"")",N/A,2,43.73,M3G20090131T103511_V01_L0.IMG,M3G20090131T103511_V01_BDE.IMG,M3G20090131T112714_V01_FF.IMG,154.87,u2
M3G20090131T112714,19bc,2009-06-16T20:48:02,1015,m3_igds_l0_v18.pl,18,154.73,GLOBAL,CH1-ORB-L-M3-2-L0-RAW-V1.0,2009-01-31T11:27:14,2009-01-31T12:07:40,,,,,,,,,,,,,,,,,,,,,2010-12-23T07:32:00,ACTUAL,2,m3g_l1b_v04.exe,4,0.983955009247 <AU>,154.73,REVERSE,DESCENDING,"(0.175619792040,0.131224977717,180.848436495198)",2,43.77,M3G20090131T103511_V01_L0.IMG,M3G20090131T103511_V01_BDE.IMG,M3G20090131T112714_V01_FF.IMG,154.73,r,2011-08-31T08:37:51,ACTUAL,3,m3g_l1b_v04.exe,4,0.983955009247 <AU>,154.73,REVERSE,DESCENDING,"(0.175619792040,0.131224977717,180.848436495198)","(""N/A"",""N/A"",""N/A"")",N/A,"(""N/A"",""N/A"",""N/A"")",N/A,2,43.77,M3G20090131T103511_V01_L0.IMG,M3G20090131T103511_V01_BDE.IMG,M3G20090131T112714_V01_FF.IMG,154.73,u2
M3G20090131T124011,19bc,2009-06-16T20:57:34,1015,m3_igds_l0_v18.pl,18,154.87,GLOBAL,CH1-ORB-L-M3-2-L0-RAW-V1.0,2009-01-31T12:40:11,2009-01-31T12:40:40,,,,,,,,,,,,,,,,,,,,,,,,,,,,,,,,,,,,,,,,,,,,,,,,,,,,,,,,,,
M3G20090131T130631,19bc,2009-06-16T20:57:41,1015,m3_igds_l0_v18.pl,18,154.8,GLOBAL,CH1-ORB-L-M3-2-L0-RAW-V1.0,2009-01-31T13:06:31,2009-01-31T13:42:23,,,,,,,,,,,,,,,,,,,,,2010-12-23T07:32:00,ACTUAL,2,m3g_l1b_v04.exe,4,0.983996558172 <AU>,154.8,REVERSE,DESCENDING,"(0.147877339529,-0.432584626235,180.892518553845)",2,43.82,M3G20090131T124011_V01_L0.IMG,M3G20090131T124011_V01_BDE.IMG,M3G20090131T130631_V01_FF.IMG,154.8,r,2011-08-31T08:37:51,ACTUAL,3,m3g_l1b_v04.exe,4,0.983996558172 <AU>,154.8,REVERSE,DESCENDING,"(0.147877339529,-0.432584626235,180.892518553845)","(""N/A"",""N/A"",""N/A"")",N/A,"(""N/A"",""N/A"",""N/A"")",N/A,2,43.82,M3G20090131T124011_V01_L0.IMG,M3G20090131T124011_V01_BDE.IMG,M3G20090131T130631_V01_FF.IMG,154.8,u2
M3G20090131T134223,19bc,2009-06-16T21:06:08,1023,m3_igds_l0_v18.pl,18,154.51,GLOBAL,CH1-ORB-L-M3-2-L0-RAW-V1.0,2009-01-31T13:42:23,2009-01-31T13:54:20,,,,,,,,,,,,,,,,,,,,,2010-12-23T07:32:00,ACTUAL,2,m3g_l1b_v04.exe,4,0.984006148767 <AU>,154.51,REVERSE,DESCENDING,"(0.147877339529,-0.432584626235,180.892518553845)",2,43.82,M3G20090131T144011_V01_L0.IMG,M3G20090131T144011_V01_BDE.IMG,M3G20090131T134223_V01_FF.IMG,154.51,r,2011-08-31T08:37:51,ACTUAL,3,m3g_l1b_v04.exe,4,0.984006148767 <AU>,154.51,REVERSE,DESCENDING,"(0.147877339529,-0.432584626235,180.892518553845)","(""N/A"",""N/A"",""N/A"")",N/A,"(""N/A"",""N/A"",""N/A"")",N/A,2,43.82,M3G20090131T144011_V01_L0.IMG,M3G20090131T144011_V01_BDE.IMG,M3G20090131T134223_V01_FF.IMG,154.51,u2
M3G20090131T144011,19bc,2009-06-16T21:08:58,1023,m3_igds_l0_v18.pl,18,154.87,GLOBAL,CH1-ORB-L-M3-2-L0-RAW-V1.0,2009-01-31T14:40:11,2009-01-31T14:40:40,,,,,,,,,,,,,,,,,,,,,,,,,,,,,,,,,,,,,,,,,,,,,,,,,,,,,,,,,,
M3G20090131T151551,19bc,2009-06-16T21:09:04,1023,m3_igds_l0_v18.pl,18,154.8,GLOBAL,CH1-ORB-L-M3-2-L0-RAW-V1.0,2009-01-31T15:15:51,2009-01-31T16:03:40,,,,,,,,,,,,,,,,,,,,,2010-12-23T07:32:00,ACTUAL,2,m3g_l1b_v04.exe,4,0.984054609192 <AU>,154.8,REVERSE,DESCENDING,"(0.163133550984,-0.435819623964,180.788046327845)",2,43.92,M3G20090131T144011_V01_L0.IMG,M3G20090131T144011_V01_BDE.IMG,M3G20090131T151551_V01_FF.IMG,154.8,r,2011-08-31T08:37:51,ACTUAL,3,m3g_l1b_v04.exe,4,0.984054609192 <AU>,154.8,REVERSE,DESCENDING,"(0.163133550984,-0.435819623964,180.788046327845)","(""N/A"",""N/A"",""N/A"")",N/A,"(""N/A"",""N/A"",""N/A"")",N/A,2,43.92,M3G20090131T144011_V01_L0.IMG,M3G20090131T144011_V01_BDE.IMG,M3G20090131T151551_V01_FF.IMG,154.8,u2
M3G20090201T062513,19bc,2009-06-16T21:20:20,1023,m3_igds_l0_v18.pl,18,153.67,GLOBAL,CH1-ORB-L-M3-2-L0-RAW-V1.0,2009-02-01T06:25:13,2009-02-01T06:25:41,,,,,,,,,,,,,,,,,,,,,,,,,,,,,,,,,,,,,,,,,,,,,,,,,,,,,,,,,,
M3G20090201T064933,19bc,2009-06-16T21:20:26,1023,m3_igds_l0_v18.pl,18,153.67,GLOBAL,CH1-ORB-L-M3-2-L0-RAW-V1.0,2009-02-01T06:49:33,2009-02-01T07:37:02,,,,,,,,,,,,,,,,,,,,,2010-12-23T07:32:00,ACTUAL,2,m3g_l1b_v04.exe,4,0.984469541820 <AU>,153.67,REVERSE,DESCENDING,"(0.144343959516,-0.492586647300,180.925921727346)",2,44.49,M3G20090201T062513_V01_L0.IMG,M3G20090201T062513_V01_BDE.IMG,M3G20090201T064933_V01_FF.IMG,154.02,r,2011-08-31T08:37:51,ACTUAL,3,m3g_l1b_v04.exe,4,0.984469541820 <AU>,154.02,REVERSE,DESCENDING,"(0.144343959516,-0.492586647300,180.925921727346)","(""N/A"",""N/A"",""N/A"")",N/A,"(""N/A"",""N/A"",""N/A"")",N/A,2,44.49,M3G20090201T062513_V01_L0.IMG,M3G20090201T062513_V01_BDE.IMG,M3G20090201T064933_V01_FF.IMG,154.02,u2
M3G20090201T082313,19bc,2009-06-16T21:31:38,1024,m3_igds_l0_v18.pl,18,153.67,GLOBAL,CH1-ORB-L-M3-2-L0-RAW-V1.0,2009-02-01T08:23:13,2009-02-01T08:23:41,,,,,,,,,,,,,,,,,,,,,,,,,,,,,,,,,,,,,,,,,,,,,,,,,,,,,,,,,,
M3G20090201T085853,19bc,2009-06-16T21:31:45,1024,m3_igds_l0_v18.pl,18,153.67,GLOBAL,CH1-ORB-L-M3-2-L0-RAW-V1.0,2009-02-01T08:58:53,2009-02-01T09:34:31,,,,,,,,,,,,,,,,,,,,,2010-12-23T07:32:00,ACTUAL,2,m3g_l1b_v04.exe,4,0.984524911955 <AU>,153.67,REVERSE,DESCENDING,"(0.066675121647,-0.464390445943,180.791887144869)",2,44.59,M3G20090201T082313_V01_L0.IMG,M3G20090201T082313_V01_BDE.IMG,M3G20090201T085853_V01_FF.IMG,154.02,r,2011-08-31T08:37:51,ACTUAL,3,m3g_l1b_v04.exe,4,0.984524911955 <AU>,154.02,REVERSE,DESCENDING,"(0.066675121647,-0.464390445943,180.791887144869)","(""N/A"",""N/A"",""N/A"")",N/A,"(""N/A"",""N/A"",""N/A"")",N/A,2,44.59,M3G20090201T082313_V01_L0.IMG,M3G20090201T082313_V01_BDE.IMG,M3G20090201T085853_V01_FF.IMG,154.02,u2
M3G20090201T093431,19bc,2009-06-16T21:40:09,1026,m3_igds_l0_v18.pl,18,153.67,GLOBAL,CH1-ORB-L-M3-2-L0-RAW-V1.0,2009-02-01T09:34:31,2009-02-01T09:46:21,,,,,,,,,,,,,,,,,,,,,2010-12-23T07:32:00,ACTUAL,2,m3g_l1b_v04.exe,4,0.984540201189 <AU>,153.67,REVERSE,DESCENDING,"(0.066675121647,-0.464390445943,180.791887144869)",2,44.63,M3G20090201T102113_V01_L0.IMG,M3G20090201T102113_V01_BDE.IMG,M3G20090201T085853_V01_FF.IMG,154.02,r,2011-08-31T08:37:51,ACTUAL,3,m3g_l1b_v04.exe,4,0.984540201189 <AU>,154.02,REVERSE,DESCENDING,"(0.066675121647,-0.464390445943,180.791887144869)","(""N/A"",""N/A"",""N/A"")",N/A,"(""N/A"",""N/A"",""N/A"")",N/A,2,44.63,M3G20090201T102113_V01_L0.IMG,M3G20090201T102113_V01_BDE.IMG,M3G20090201T085853_V01_FF.IMG,154.02,u2
M3G20090201T102113,19bc,2009-06-16T21:42:56,1026,m3_igds_l0_v18.pl,18,153.67,GLOBAL,CH1-ORB-L-M3-2-L0-RAW-V1.0,2009-02-01T10:21:13,2009-02-01T10:21:42,,,,,,,,,,,,,,,,,,,,,,,,,,,,,,,,,,,,,,,,,,,,,,,,,,,,,,,,,,
M3G20090201T104533,19bc,2009-06-16T21:43:02,1026,m3_igds_l0_v18.pl,18,153.67,GLOBAL,CH1-ORB-L-M3-2-L0-RAW-V1.0,2009-02-01T10:45:33,2009-02-01T11:33:21,,,,,,,,,,,,,,,,,,,,,2010-12-23T07:32:00,ACTUAL,2,m3g_l1b_v04.exe,4,0.984577820844 <AU>,153.67,REVERSE,DESCENDING,"(0.155904614682,-0.535363540766,180.807610788150)",2,44.68,M3G20090201T102113_V01_L0.IMG,M3G20090201T102113_V01_BDE.IMG,M3G20090201T104533_V01_FF.IMG,153.67,r,2011-08-31T08:37:51,ACTUAL,3,m3g_l1b_v04.exe,4,0.984577820844 <AU>,153.67,REVERSE,DESCENDING,"(0.155904614682,-0.535363540766,180.807610788150)","(""N/A"",""N/A"",""N/A"")",N/A,"(""N/A"",""N/A"",""N/A"")",N/A,2,44.68,M3G20090201T102113_V01_L0.IMG,M3G20090201T102113_V01_BDE.IMG,M3G20090201T104533_V01_FF.IMG,153.67,u2
M3G20090201T123413,19bc,2009-06-16T21:54:19,1026,m3_igds_l0_v18.pl,18,153.67,GLOBAL,CH1-ORB-L-M3-2-L0-RAW-V1.0,2009-02-01T12:34:13,2009-02-01T12:34:42,,,,,,,,,,,,,,,,,,,,,,,,,,,,,,,,,,,,,,,,,,,,,,,,,,,,,,,,,,
M3G20090201T125453,19bc,2009-06-16T21:54:25,1026,m3_igds_l0_v18.pl,18,153.67,GLOBAL,CH1-ORB-L-M3-2-L0-RAW-V1.0,2009-02-01T12:54:53,2009-02-01T13:42:41,,,,,,,,,,,,,,,,,,,,,2010-12-23T07:32:00,ACTUAL,2,m3g_l1b_v04.exe,4,0.984637647473 <AU>,153.67,REVERSE,DESCENDING,"(0.212724035852,0.660941162201,180.858796614221)",2,44.73,M3G20090201T123413_V01_L0.IMG,M3G20090201T123413_V01_BDE.IMG,M3G20090201T125453_V01_FF.IMG,153.67,r,2011-08-31T08:37:51,ACTUAL,3,m3g_l1b_v04.exe,4,0.984637647473 <AU>,153.67,REVERSE,DESCENDING,"(0.212724035852,0.660941162201,180.858796614221)","(""N/A"",""N/A"",""N/A"")",N/A,"(""N/A"",""N/A"",""N/A"")",N/A,2,44.73,M3G20090201T123413_V01_L0.IMG,M3G20090201T123413_V01_BDE.IMG,M3G20090201T125453_V01_FF.IMG,153.67,u2
M3G20090201T141713,19bc,2009-06-16T22:05:45,1027,m3_igds_l0_v18.pl,18,153.67,GLOBAL,CH1-ORB-L-M3-2-L0-RAW-V1.0,2009-02-01T14:17:13,2009-02-01T14:17:42,,,,,,,,,,,,,,,,,,,,,,,,,,,,,,,,,,,,,,,,,,,,,,,,,,,,,,,,,,
M3G20090201T144133,19bc,2009-06-16T22:05:52,1027,m3_igds_l0_v18.pl,18,153.46,GLOBAL,CH1-ORB-L-M3-2-L0-RAW-V1.0,2009-02-01T14:41:33,2009-02-01T15:04:34,,,,,,,,,,,,,,,,,,,,,2010-12-23T07:32:00,ACTUAL,2,m3g_l1b_v04.exe,4,0.984682762927 <AU>,153.46,REVERSE,DESCENDING,"(0.156952749720,0.601820889765,180.704307240348)",2,44.83,M3G20090201T141713_V01_L0.IMG,M3G20090201T141713_V01_BDE.IMG,M3G20090201T144133_V01_FF.IMG,153.6,r,2011-08-31T08:37:51,ACTUAL,3,m3g_l1b_v04.exe,4,0.984682762927 <AU>,153.6,REVERSE,DESCENDING,"(0.156952749720,0.601820889765,180.704307240348)","(""N/A"",""N/A"",""N/A"")",N/A,"(""N/A"",""N/A"",""N/A"")",N/A,2,44.83,M3G20090201T141713_V01_L0.IMG,M3G20090201T141713_V01_BDE.IMG,M3G20090201T144133_V01_FF.IMG,153.6,u2
M3G20090201T150434,19bc,2009-06-16T17:13:39,1028,m3_igds_l0_v18.pl,18,153.39,GLOBAL,CH1-ORB-L-M3-2-L0-RAW-V1.0,2009-02-01T15:04:34,2009-02-01T15:29:22,,,,,,,,,,,,,,,,,,,,,2010-12-23T07:32:00,ACTUAL,2,m3g_l1b_v04.exe,4,0.984691235875 <AU>,153.39,REVERSE,DESCENDING,"(0.156952749720,0.601820889765,180.704307240348)",2,44.87,M3G20090201T141713_V01_L0.IMG,M3G20090201T141713_V01_BDE.IMG,M3G20090201T150434_V01_FF.IMG,153.32,r,2011-08-31T08:37:51,ACTUAL,3,m3g_l1b_v04.exe,4,0.984691235875 <AU>,153.32,REVERSE,DESCENDING,"(0.156952749720,0.601820889765,180.704307240348)","(""N/A"",""N/A"",""N/A"")",N/A,"(""N/A"",""N/A"",""N/A"")",N/A,2,44.87,M3G20090201T141713_V01_L0.IMG,M3G20090201T141713_V01_BDE.IMG,M3G20090201T150434_V01_FF.IMG,153.32,u2
M3G20090201T163951,19bc,2009-06-16T17:19:39,1028,m3_igds_l0_v18.pl,18,153.46,GLOBAL,CH1-ORB-L-M3-2-L0-RAW-V1.0,2009-02-01T16:39:51,2009-02-01T16:59:34,,,,,,,,,,,,,,,,,,,,,2010-12-23T07:32:00,ACTUAL,2,m3g_l1b_v04.exe,4,0.984737563428 <AU>,153.46,REVERSE,DESCENDING,"(0.148003908749,0.565902079993,180.928478761572)",2,44.92,M3G20090201T181311_V01_L0.IMG,M3G20090201T181311_V01_BDE.IMG,M3G20090201T163951_V01_FF.IMG,153.67,r,2011-08-31T08:37:51,ACTUAL,3,m3g_l1b_v04.exe,4,0.984737563428 <AU>,153.67,REVERSE,DESCENDING,"(0.148003908749,0.565902079993,180.928478761572)","(""N/A"",""N/A"",""N/A"")",N/A,"(""N/A"",""N/A"",""N/A"")",N/A,2,44.92,M3G20090201T181311_V01_L0.IMG,M3G20090201T181311_V01_BDE.IMG,M3G20090201T163951_V01_FF.IMG,153.67,u2
M3G20090201T165935,19bc,2009-06-16T17:24:24,1028,m3_igds_l0_v18.pl,18,153.39,GLOBAL,CH1-ORB-L-M3-2-L0-RAW-V1.0,2009-02-01T16:59:35,2009-02-01T17:27:40,,,,,,,,,,,,,,,,,,,,,2010-12-23T07:32:00,ACTUAL,2,m3g_l1b_v04.exe,4,0.984745683434 <AU>,153.39,REVERSE,DESCENDING,"(0.148003908749,0.565902079993,180.928478761572)",2,44.92,M3G20090201T181311_V01_L0.IMG,M3G20090201T181311_V01_BDE.IMG,M3G20090201T165935_V01_FF.IMG,153.39,r,2011-08-31T08:37:51,ACTUAL,3,m3g_l1b_v04.exe,4,0.984745683434 <AU>,153.39,REVERSE,DESCENDING,"(0.148003908749,0.565902079993,180.928478761572)","(""N/A"",""N/A"",""N/A"")",N/A,"(""N/A"",""N/A"",""N/A"")",N/A,2,44.92,M3G20090201T181311_V01_L0.IMG,M3G20090201T181311_V01_BDE.IMG,M3G20090201T165935_V01_FF.IMG,153.39,u2
M3G20090201T181311,19bc,2009-06-16T17:31:12,1028,m3_igds_l0_v18.pl,18,153.74,GLOBAL,CH1-ORB-L-M3-2-L0-RAW-V1.0,2009-02-01T18:13:11,2009-02-01T18:13:40,,,,,,,,,,,,,,,,,,,,,,,,,,,,,,,,,,,,,,,,,,,,,,,,,,,,,,,,,,
M3G20090201T184911,19bc,2009-06-16T17:31:19,1028,m3_igds_l0_v18.pl,18,153.53,GLOBAL,CH1-ORB-L-M3-2-L0-RAW-V1.0,2009-02-01T18:49:11,2009-02-01T19:00:19,,,,,,,,,,,,,,,,,,,,,2010-12-23T07:32:00,ACTUAL,2,m3g_l1b_v04.exe,4,0.984793881793 <AU>,153.53,REVERSE,DESCENDING,"(0.150368378625,0.580227829545,180.912973927378)",2,44.97,M3G20090201T181311_V01_L0.IMG,M3G20090201T181311_V01_BDE.IMG,M3G20090201T184911_V01_FF.IMG,153.46,r,2011-08-31T08:37:51,ACTUAL,3,m3g_l1b_v04.exe,4,0.984793881793 <AU>,153.46,REVERSE,DESCENDING,"(0.150368378625,0.580227829545,180.912973927378)","(""N/A"",""N/A"",""N/A"")",N/A,"(""N/A"",""N/A"",""N/A"")",N/A,2,44.97,M3G20090201T181311_V01_L0.IMG,M3G20090201T181311_V01_BDE.IMG,M3G20090201T184911_V01_FF.IMG,153.46,u2
M3G20090201T190019,19bc,2009-06-16T17:34:01,1028,m3_igds_l0_v18.pl,18,153.39,GLOBAL,CH1-ORB-L-M3-2-L0-RAW-V1.0,2009-02-01T19:00:19,2009-02-01T19:36:40,,,,,,,,,,,,,,,,,,,,,2010-12-23T07:32:00,ACTUAL,2,m3g_l1b_v04.exe,4,0.984805665962 <AU>,153.39,REVERSE,DESCENDING,"(0.150368378625,0.580227829545,180.912973927378)",2,45.02,M3G20090201T181311_V01_L0.IMG,M3G20090201T181311_V01_BDE.IMG,M3G20090201T190019_V01_FF.IMG,153.39,r,2011-08-31T08:37:51,ACTUAL,3,m3g_l1b_v04.exe,4,0.984805665962 <AU>,153.39,REVERSE,DESCENDING,"(0.150368378625,0.580227829545,180.912973927378)","(""N/A"",""N/A"",""N/A"")",N/A,"(""N/A"",""N/A"",""N/A"")",N/A,2,45.02,M3G20090201T181311_V01_L0.IMG,M3G20090201T181311_V01_BDE.IMG,M3G20090201T190019_V01_FF.IMG,153.39,u2
M3G20090201T201111,19bc,2009-06-16T17:43:00,1028,m3_igds_l0_v18.pl,18,153.81,GLOBAL,CH1-ORB-L-M3-2-L0-RAW-V1.0,2009-02-01T20:11:11,2009-02-01T20:11:40,,,,,,,,,,,,,,,,,,,,,,,,,,,,,,,,,,,,,,,,,,,,,,,,,,,,,,,,,,
M3G20090201T203612,19bc,2009-06-16T17:43:07,1028,m3_igds_l0_v18.pl,18,153.53,GLOBAL,CH1-ORB-L-M3-2-L0-RAW-V1.0,2009-02-01T20:36:12,2009-02-01T21:23:40,,,,,,,,,,,,,,,,,,,,,2010-12-23T07:32:00,ACTUAL,2,m3g_l1b_v04.exe,4,0.984853222628 <AU>,153.53,REVERSE,DESCENDING,"(0.156487263946,0.552864947555,180.927173224326)",2,45.07,M3G20090201T201111_V01_L0.IMG,M3G20090201T201111_V01_BDE.IMG,M3G20090201T203612_V01_FF.IMG,153.67,r,2011-08-31T08:37:51,ACTUAL,3,m3g_l1b_v04.exe,4,0.984853222628 <AU>,153.67,REVERSE,DESCENDING,"(0.156487263946,0.552864947555,180.927173224326)","(""N/A"",""N/A"",""N/A"")",N/A,"(""N/A"",""N/A"",""N/A"")",N/A,2,45.07,M3G20090201T201111_V01_L0.IMG,M3G20090201T201111_V01_BDE.IMG,M3G20090201T203612_V01_FF.IMG,153.67,u2
M3G20090201T220911,19bc,2009-06-16T17:55:09,1032,m3_igds_l0_v18.pl,18,153.81,GLOBAL,CH1-ORB-L-M3-2-L0-RAW-V1.0,2009-02-01T22:09:11,2009-02-01T22:09:40,,,,,,,,,,,,,,,,,,,,,,,,,,,,,,,,,,,,,,,,,,,,,,,,,,,,,,,,,,
M3G20090201T224531,19bc,2009-06-16T17:55:16,1032,m3_igds_l0_v18.pl,18,153.6,GLOBAL,CH1-ORB-L-M3-2-L0-RAW-V1.0,2009-02-01T22:45:31,2009-02-01T23:33:20,,,,,,,,,,,,,,,,,,,,,2010-12-23T07:32:00,ACTUAL,2,m3g_l1b_v04.exe,4,0.984914526286 <AU>,153.6,REVERSE,DESCENDING,"(0.215703626652,0.536756216113,180.962815108410)",2,45.16,M3G20090201T220911_V01_L0.IMG,M3G20090201T220911_V01_BDE.IMG,M3G20090201T224531_V01_FF.IMG,153.53,r,2011-08-31T08:37:51,ACTUAL,3,m3g_l1b_v04.exe,4,0.984914526286 <AU>,153.53,REVERSE,DESCENDING,"(0.215703626652,0.536756216113,180.962815108410)","(""N/A"",""N/A"",""N/A"")",N/A,"(""N/A"",""N/A"",""N/A"")",N/A,2,45.16,M3G20090201T220911_V01_L0.IMG,M3G20090201T220911_V01_BDE.IMG,M3G20090201T224531_V01_FF.IMG,153.53,u2
M3G20090202T000712,19bc,2009-06-16T18:06:50,1032,m3_igds_l0_v18.pl,18,153.74,GLOBAL,CH1-ORB-L-M3-2-L0-RAW-V1.0,2009-02-02T00:07:12,2009-02-02T00:07:40,,,,,,,,,,,,,,,,,,,,,,,,,,,,,,,,,,,,,,,,,,,,,,,,,,,,,,,,,,
M3G20090202T003211,19bc,2009-06-16T18:06:57,1032,m3_igds_l0_v18.pl,18,153.6,GLOBAL,CH1-ORB-L-M3-2-L0-RAW-V1.0,2009-02-02T00:32:11,2009-02-02T00:56:41,,,,,,,,,,,,,,,,,,,,,2010-12-23T07:32:00,ACTUAL,2,m3g_l1b_v04.exe,4,0.984960624114 <AU>,153.6,REVERSE,DESCENDING,"(0.194233447265,0.537910660670,180.982221229636)",2,45.21,M3G20090202T000712_V01_L0.IMG,M3G20090202T000712_V01_BDE.IMG,M3G20090202T003211_V01_FF.IMG,153.67,r,2011-08-31T08:37:51,ACTUAL,3,m3g_l1b_v04.exe,4,0.984960624114 <AU>,153.67,REVERSE,DESCENDING,"(0.194233447265,0.537910660670,180.982221229636)","(""N/A"",""N/A"",""N/A"")",N/A,"(""N/A"",""N/A"",""N/A"")",N/A,2,45.21,M3G20090202T000712_V01_L0.IMG,M3G20090202T000712_V01_BDE.IMG,M3G20090202T003211_V01_FF.IMG,153.67,u2
M3G20090202T005641,19bc,2009-06-16T18:12:53,1032,m3_igds_l0_v18.pl,18,153.46,GLOBAL,CH1-ORB-L-M3-2-L0-RAW-V1.0,2009-02-02T00:56:41,2009-02-02T01:20:00,,,,,,,,,,,,,,,,,,,,,2010-12-23T07:32:00,ACTUAL,2,m3g_l1b_v04.exe,4,0.984969678333 <AU>,153.46,REVERSE,DESCENDING,"(0.194233447265,0.537910660670,180.982221229636)",2,45.26,M3G20090202T000712_V01_L0.IMG,M3G20090202T000712_V01_BDE.IMG,M3G20090202T005641_V01_FF.IMG,153.46,r,2011-08-31T08:37:51,ACTUAL,3,m3g_l1b_v04.exe,4,0.984969678333 <AU>,153.46,REVERSE,DESCENDING,"(0.194233447265,0.537910660670,180.982221229636)","(""N/A"",""N/A"",""N/A"")",N/A,"(""N/A"",""N/A"",""N/A"")",N/A,2,45.26,M3G20090202T000712_V01_L0.IMG,M3G20090202T000712_V01_BDE.IMG,M3G20090202T005641_V01_FF.IMG,153.46,u2
M3G20090202T020511,19bc,2009-06-16T18:18:32,1032,m3_igds_l0_v18.pl,18,153.81,GLOBAL,CH1-ORB-L-M3-2-L0-RAW-V1.0,2009-02-02T02:05:11,2009-02-02T02:05:40,,,,,,,,,,,,,,,,,,,,,,,,,,,,,,,,,,,,,,,,,,,,,,,,,,,,,,,,,,
M3G20090202T024131,19bc,2009-06-16T18:18:39,1032,m3_igds_l0_v18.pl,18,153.53,GLOBAL,CH1-ORB-L-M3-2-L0-RAW-V1.0,2009-02-02T02:41:31,2009-02-02T03:14:56,,,,,,,,,,,,,,,,,,,,,2010-12-23T07:32:00,ACTUAL,2,m3g_l1b_v04.exe,4,0.985021997402 <AU>,153.53,REVERSE,DESCENDING,"(0.209990877680,0.564848495327,180.810431436249)",2,45.31,M3G20090202T020511_V01_L0.IMG,M3G20090202T020511_V01_BDE.IMG,M3G20090202T024131_V01_FF.IMG,153.6,r,2011-08-31T08:37:51,ACTUAL,3,m3g_l1b_v04.exe,4,0.985021997402 <AU>,153.6,REVERSE,DESCENDING,"(0.209990877680,0.564848495327,180.810431436249)","(""N/A"",""N/A"",""N/A"")",N/A,"(""N/A"",""N/A"",""N/A"")",N/A,2,45.31,M3G20090202T020511_V01_L0.IMG,M3G20090202T020511_V01_BDE.IMG,M3G20090202T024131_V01_FF.IMG,153.6,u2
M3G20090202T031457,19bc,2009-06-16T22:11:19,1035,m3_igds_l0_v18.pl,18,153.6,GLOBAL,CH1-ORB-L-M3-2-L0-RAW-V1.0,2009-02-02T03:14:57,2009-02-02T03:29:00,,,,,,,,,,,,,,,,,,,,,2010-12-23T07:32:00,ACTUAL,2,m3g_l1b_v04.exe,4,0.985037355947 <AU>,153.6,REVERSE,DESCENDING,"(0.209990877680,0.564848495327,180.810431436249)",2,45.35,M3G20090202T040311_V01_L0.IMG,M3G20090202T040311_V01_BDE.IMG,M3G20090202T024131_V01_FF.IMG,153.6,r,2011-08-31T08:37:51,ACTUAL,3,m3g_l1b_v04.exe,4,0.985037355947 <AU>,153.6,REVERSE,DESCENDING,"(0.209990877680,0.564848495327,180.810431436249)","(""N/A"",""N/A"",""N/A"")",N/A,"(""N/A"",""N/A"",""N/A"")",N/A,2,45.35,M3G20090202T040311_V01_L0.IMG,M3G20090202T040311_V01_BDE.IMG,M3G20090202T024131_V01_FF.IMG,153.6,u2
M3G20090202T040311,19bc,2009-06-16T22:14:36,1035,m3_igds_l0_v18.pl,18,153.67,GLOBAL,CH1-ORB-L-M3-2-L0-RAW-V1.0,2009-02-02T04:03:11,2009-02-02T04:03:40,,,,,,,,,,,,,,,,,,,,,,,,,,,,,,,,,,,,,,,,,,,,,,,,,,,,,,,,,,
M3G20090202T042831,19bc,2009-06-16T22:14:43,1035,m3_igds_l0_v18.pl,18,153.67,GLOBAL,CH1-ORB-L-M3-2-L0-RAW-V1.0,2009-02-02T04:28:31,2009-02-02T05:16:00,,,,,,,,,,,,,,,,,,,,,2010-12-23T07:32:00,ACTUAL,2,m3g_l1b_v04.exe,4,0.985077582980 <AU>,153.67,REVERSE,DESCENDING,"(0.184475384268,0.555310759433,180.873815291775)",2,45.4,M3G20090202T040311_V01_L0.IMG,M3G20090202T040311_V01_BDE.IMG,M3G20090202T042831_V01_FF.IMG,153.88,r,2011-08-31T08:37:51,ACTUAL,3,m3g_l1b_v04.exe,4,0.985077582980 <AU>,153.88,REVERSE,DESCENDING,"(0.184475384268,0.555310759433,180.873815291775)","(""N/A"",""N/A"",""N/A"")",N/A,"(""N/A"",""N/A"",""N/A"")",N/A,2,45.4,M3G20090202T040311_V01_L0.IMG,M3G20090202T040311_V01_BDE.IMG,M3G20090202T042831_V01_FF.IMG,153.88,u2
M3G20090202T060111,19bc,2009-06-16T22:25:56,1035,m3_igds_l0_v18.pl,18,153.67,GLOBAL,CH1-ORB-L-M3-2-L0-RAW-V1.0,2009-02-02T06:01:11,2009-02-02T06:01:40,,,,,,,,,,,,,,,,,,,,,,,,,,,,,,,,,,,,,,,,,,,,,,,,,,,,,,,,,,
M3G20090202T063731,19bc,2009-06-16T22:26:03,1035,m3_igds_l0_v18.pl,18,153.46,GLOBAL,CH1-ORB-L-M3-2-L0-RAW-V1.0,2009-02-02T06:37:31,2009-02-02T06:44:53,,,,,,,,,,,,,,,,,,,,,2010-12-23T07:32:00,ACTUAL,2,m3g_l1b_v04.exe,4,0.985129802102 <AU>,153.46,REVERSE,DESCENDING,"(0.220824117463,0.592943329391,180.789430419310)",2,45.45,M3G20090202T060111_V01_L0.IMG,M3G20090202T060111_V01_BDE.IMG,M3G20090202T064453_V01_FF.IMG,153.53,r,2011-08-31T08:37:51,ACTUAL,3,m3g_l1b_v04.exe,4,0.985129802102 <AU>,153.53,REVERSE,DESCENDING,"(0.220824117463,0.592943329391,180.789430419310)","(""N/A"",""N/A"",""N/A"")",N/A,"(""N/A"",""N/A"",""N/A"")",N/A,2,45.45,M3G20090202T060111_V01_L0.IMG,M3G20090202T060111_V01_BDE.IMG,M3G20090202T064453_V01_FF.IMG,153.53,u2
M3G20090202T064453,19bc,2009-06-16T22:27:47,1036,m3_igds_l0_v18.pl,18,153.39,GLOBAL,CH1-ORB-L-M3-2-L0-RAW-V1.0,2009-02-02T06:44:53,2009-02-02T07:25:00,,,,,,,,,,,,,,,,,,,,,2010-12-23T07:32:00,ACTUAL,2,m3g_l1b_v04.exe,4,0.985141160404 <AU>,153.39,REVERSE,DESCENDING,"(0.220824117463,0.592943329391,180.789430419310)",2,45.45,M3G20090202T060111_V01_L0.IMG,M3G20090202T060111_V01_BDE.IMG,M3G20090202T064453_V01_FF.IMG,153.39,r,2011-08-31T08:37:51,ACTUAL,3,m3g_l1b_v04.exe,4,0.985141160404 <AU>,153.39,REVERSE,DESCENDING,"(0.220824117463,0.592943329391,180.789430419310)","(""N/A"",""N/A"",""N/A"")",N/A,"(""N/A"",""N/A"",""N/A"")",N/A,2,45.45,M3G20090202T060111_V01_L0.IMG,M3G20090202T060111_V01_BDE.IMG,M3G20090202T064453_V01_FF.IMG,153.39,u2
M3G20090202T080011,19bc,2009-06-16T22:37:14,1036,m3_igds_l0_v18.pl,18,153.67,GLOBAL,CH1-ORB-L-M3-2-L0-RAW-V1.0,2009-02-02T08:00:11,2009-02-02T08:00:40,,,,,,,,,,,,,,,,,,,,,,,,,,,,,,,,,,,,,,,,,,,,,,,,,,,,,,,,,,
M3G20090202T082431,19bc,2009-06-16T22:37:20,1036,m3_igds_l0_v18.pl,18,153.53,GLOBAL,CH1-ORB-L-M3-2-L0-RAW-V1.0,2009-02-02T08:24:31,2009-02-02T08:33:14,,,,,,,,,,,,,,,,,,,,,2010-12-23T07:32:00,ACTUAL,2,m3g_l1b_v04.exe,4,0.985185141018 <AU>,153.53,REVERSE,DESCENDING,"(0.199837322033,0.600527261350,180.885643344548)",2,45.54,M3G20090202T080011_V01_L0.IMG,M3G20090202T080011_V01_BDE.IMG,M3G20090202T083314_V01_FF.IMG,153.53,r,2011-08-31T08:37:51,ACTUAL,3,m3g_l1b_v04.exe,4,0.985185141018 <AU>,153.53,REVERSE,DESCENDING,"(0.199837322033,0.600527261350,180.885643344548)","(""N/A"",""N/A"",""N/A"")",N/A,"(""N/A"",""N/A"",""N/A"")",N/A,2,45.54,M3G20090202T080011_V01_L0.IMG,M3G20090202T080011_V01_BDE.IMG,M3G20090202T083314_V01_FF.IMG,153.53,u2
M3G20090202T083314,19bc,2009-06-16T22:39:23,1037,m3_igds_l0_v18.pl,18,153.46,GLOBAL,CH1-ORB-L-M3-2-L0-RAW-V1.0,2009-02-02T08:33:15,2009-02-02T09:01:41,,,,,,,,,,,,,,,,,,,,,2010-12-23T07:32:00,ACTUAL,2,m3g_l1b_v04.exe,4,0.985189315932 <AU>,153.46,REVERSE,DESCENDING,"(0.199837322033,0.600527261350,180.885643344548)",2,45.54,M3G20090202T080011_V01_L0.IMG,M3G20090202T080011_V01_BDE.IMG,M3G20090202T083314_V01_FF.IMG,153.46,r,2011-08-31T08:37:51,ACTUAL,3,m3g_l1b_v04.exe,4,0.985189315932 <AU>,153.46,REVERSE,DESCENDING,"(0.199837322033,0.600527261350,180.885643344548)","(""N/A"",""N/A"",""N/A"")",N/A,"(""N/A"",""N/A"",""N/A"")",N/A,2,45.54,M3G20090202T080011_V01_L0.IMG,M3G20090202T080011_V01_BDE.IMG,M3G20090202T083314_V01_FF.IMG,153.46,u2
M3G20090202T090141,19bc,2009-06-16T22:46:06,1038,m3_igds_l0_v18.pl,18,153.32,GLOBAL,CH1-ORB-L-M3-2-L0-RAW-V1.0,2009-02-02T09:01:41,2009-02-02T09:12:00,,,,,,,,,,,,,,,,,,,,,2010-12-23T07:32:00,ACTUAL,2,m3g_l1b_v04.exe,4,0.985199452692 <AU>,153.32,REVERSE,DESCENDING,"(0.199837322033,0.600527261350,180.885643344548)",2,45.59,M3G20090202T095812_V01_L0.IMG,M3G20090202T095812_V01_BDE.IMG,M3G20090202T090141_V01_FF.IMG,153.32,r,2011-08-31T08:37:51,ACTUAL,3,m3g_l1b_v04.exe,4,0.985199452692 <AU>,153.32,REVERSE,DESCENDING,"(0.199837322033,0.600527261350,180.885643344548)","(""N/A"",""N/A"",""N/A"")",N/A,"(""N/A"",""N/A"",""N/A"")",N/A,2,45.59,M3G20090202T095812_V01_L0.IMG,M3G20090202T095812_V01_BDE.IMG,M3G20090202T090141_V01_FF.IMG,153.32,u2
M3G20090202T095812,19bc,2009-06-16T22:48:34,1038,m3_igds_l0_v18.pl,18,153.74,GLOBAL,CH1-ORB-L-M3-2-L0-RAW-V1.0,2009-02-02T09:58:12,2009-02-02T09:58:40,,,,,,,,,,,,,,,,,,,,,,,,,,,,,,,,,,,,,,,,,,,,,,,,,,,,,,,,,,
M3G20090202T103351,19bc,2009-06-16T22:48:40,1038,m3_igds_l0_v18.pl,18,153.32,GLOBAL,CH1-ORB-L-M3-2-L0-RAW-V1.0,2009-02-02T10:33:51,2009-02-02T11:13:46,,,,,,,,,,,,,,,,,,,,,2010-12-23T07:32:00,ACTUAL,2,m3g_l1b_v04.exe,4,0.985250456294 <AU>,153.32,REVERSE,DESCENDING,"(0.220677877387,0.691875610465,180.932095719629)",2,45.64,M3G20090202T095812_V01_L0.IMG,M3G20090202T095812_V01_BDE.IMG,M3G20090202T103351_V01_FF.IMG,153.39,r,2011-08-31T08:37:51,ACTUAL,3,m3g_l1b_v04.exe,4,0.985250456294 <AU>,153.39,REVERSE,DESCENDING,"(0.220677877387,0.691875610465,180.932095719629)","(""N/A"",""N/A"",""N/A"")",N/A,"(""N/A"",""N/A"",""N/A"")",N/A,2,45.64,M3G20090202T095812_V01_L0.IMG,M3G20090202T095812_V01_BDE.IMG,M3G20090202T103351_V01_FF.IMG,153.39,u2
M3G20090202T111347,19bc,2009-06-16T22:58:07,1039,m3_igds_l0_v18.pl,18,153.46,GLOBAL,CH1-ORB-L-M3-2-L0-RAW-V1.0,2009-02-02T11:13:47,2009-02-02T11:21:20,,,,,,,,,,,,,,,,,,,,,2010-12-23T07:32:00,ACTUAL,2,m3g_l1b_v04.exe,4,0.985266762517 <AU>,153.46,REVERSE,DESCENDING,"(0.220677877387,0.691875610465,180.932095719629)",2,45.64,M3G20090202T115511_V01_L0.IMG,M3G20090202T115511_V01_BDE.IMG,M3G20090202T103351_V01_FF.IMG,153.46,r,2011-08-31T08:37:51,ACTUAL,3,m3g_l1b_v04.exe,4,0.985266762517 <AU>,153.46,REVERSE,DESCENDING,"(0.220677877387,0.691875610465,180.932095719629)","(""N/A"",""N/A"",""N/A"")",N/A,"(""N/A"",""N/A"",""N/A"")",N/A,2,45.64,M3G20090202T115511_V01_L0.IMG,M3G20090202T115511_V01_BDE.IMG,M3G20090202T103351_V01_FF.IMG,153.46,u2
M3G20090202T115511,19bc,2009-06-16T22:59:53,1039,m3_igds_l0_v18.pl,18,153.53,GLOBAL,CH1-ORB-L-M3-2-L0-RAW-V1.0,2009-02-02T11:55:11,2009-02-02T11:55:40,,,,,,,,,,,,,,,,,,,,,,,,,,,,,,,,,,,,,,,,,,,,,,,,,,,,,,,,,,
M3G20090202T122051,19bc,2009-06-16T23:00:00,1039,m3_igds_l0_v18.pl,18,153.25,GLOBAL,CH1-ORB-L-M3-2-L0-RAW-V1.0,2009-02-02T12:20:51,2009-02-02T12:36:39,,,,,,,,,,,,,,,,,,,,,2010-12-23T07:32:00,ACTUAL,2,m3g_l1b_v04.exe,4,0.985299294155 <AU>,153.25,REVERSE,DESCENDING,"(0.209621285334,0.709832554958,180.677682691077)",2,45.69,M3G20090202T115511_V01_L0.IMG,M3G20090202T115511_V01_BDE.IMG,M3G20090202T123639_V01_FF.IMG,153.46,r,2011-08-31T08:37:51,ACTUAL,3,m3g_l1b_v04.exe,4,0.985299294155 <AU>,153.46,REVERSE,DESCENDING,"(0.209621285334,0.709832554958,180.677682691077)","(""N/A"",""N/A"",""N/A"")",N/A,"(""N/A"",""N/A"",""N/A"")",N/A,2,45.69,M3G20090202T115511_V01_L0.IMG,M3G20090202T115511_V01_BDE.IMG,M3G20090202T123639_V01_FF.IMG,153.46,u2
M3G20090202T123639,19bc,2009-06-16T23:03:42,1040,m3_igds_l0_v18.pl,18,153.25,GLOBAL,CH1-ORB-L-M3-2-L0-RAW-V1.0,2009-02-02T12:36:39,2009-02-02T13:08:20,,,,,,,,,,,,,,,,,,,,,2010-12-23T07:32:00,ACTUAL,2,m3g_l1b_v04.exe,4,0.985307247129 <AU>,153.25,REVERSE,DESCENDING,"(0.209621285334,0.709832554958,180.677682691077)",2,45.69,M3G20090202T115511_V01_L0.IMG,M3G20090202T115511_V01_BDE.IMG,M3G20090202T123639_V01_FF.IMG,153.25,r,2011-08-31T08:37:51,ACTUAL,3,m3g_l1b_v04.exe,4,0.985307247129 <AU>,153.25,REVERSE,DESCENDING,"(0.209621285334,0.709832554958,180.677682691077)","(""N/A"",""N/A"",""N/A"")",N/A,"(""N/A"",""N/A"",""N/A"")",N/A,2,45.69,M3G20090202T115511_V01_L0.IMG,M3G20090202T115511_V01_BDE.IMG,M3G20090202T123639_V01_FF.IMG,153.25,u2
M3G20090202T135311,19bc,2009-06-16T23:11:11,1040,m3_igds_l0_v18.pl,18,153.46,GLOBAL,CH1-ORB-L-M3-2-L0-RAW-V1.0,2009-02-02T13:53:11,2009-02-02T13:53:40,,,,,,,,,,,,,,,,,,,,,,,,,,,,,,,,,,,,,,,,,,,,,,,,,,,,,,,,,,
M3G20090202T142951,19bc,2009-06-16T23:11:18,1040,m3_igds_l0_v18.pl,18,153.25,GLOBAL,CH1-ORB-L-M3-2-L0-RAW-V1.0,2009-02-02T14:29:51,2009-02-02T15:14:58,,,,,,,,,,,,,,,,,,,,,2010-12-23T07:32:00,ACTUAL,2,m3g_l1b_v04.exe,4,0.985366170120 <AU>,153.25,REVERSE,DESCENDING,"(0.230872168362,0.860528431751,180.974082820516)",2,45.78,M3G20090202T135311_V01_L0.IMG,M3G20090202T135311_V01_BDE.IMG,M3G20090202T142951_V01_FF.IMG,153.25,r,2011-08-31T08:37:51,ACTUAL,3,m3g_l1b_v04.exe,4,0.985366170120 <AU>,153.25,REVERSE,DESCENDING,"(0.230872168362,0.860528431751,180.974082820516)","(""N/A"",""N/A"",""N/A"")",N/A,"(""N/A"",""N/A"",""N/A"")",N/A,2,45.78,M3G20090202T135311_V01_L0.IMG,M3G20090202T135311_V01_BDE.IMG,M3G20090202T142951_V01_FF.IMG,153.25,u2
M3G20090202T151458,19bc,2009-06-16T18:26:48,1040,m3_igds_l0_v18.pl,18,153.46,GLOBAL,CH1-ORB-L-M3-2-L0-RAW-V1.0,2009-02-02T15:14:58,2009-02-02T15:17:40,,,,,,,,,,,,,,,,,,,,,2010-12-23T07:32:00,ACTUAL,2,m3g_l1b_v04.exe,4,0.985383172488 <AU>,153.46,REVERSE,DESCENDING,"(0.230872168362,0.860528431751,180.974082820516)",2,45.83,M3G20090202T155211_V01_L0.IMG,M3G20090202T155211_V01_BDE.IMG,M3G20090202T142951_V01_FF.IMG,153.46,r,2011-08-31T08:37:51,ACTUAL,3,m3g_l1b_v04.exe,4,0.985383172488 <AU>,153.46,REVERSE,DESCENDING,"(0.230872168362,0.860528431751,180.974082820516)","(""N/A"",""N/A"",""N/A"")",N/A,"(""N/A"",""N/A"",""N/A"")",N/A,2,45.83,M3G20090202T155211_V01_L0.IMG,M3G20090202T155211_V01_BDE.IMG,M3G20090202T142951_V01_FF.IMG,153.46,u2
M3G20090202T155211,19bc,2009-06-16T18:27:27,1040,m3_igds_l0_v18.pl,18,153.53,GLOBAL,CH1-ORB-L-M3-2-L0-RAW-V1.0,2009-02-02T15:52:11,2009-02-02T15:52:40,,,,,,,,,,,,,,,,,,,,,,,,,,,,,,,,,,,,,,,,,,,,,,,,,,,,,,,,,,
M3G20090202T161651,19bc,2009-06-16T18:27:34,1040,m3_igds_l0_v18.pl,18,153.39,GLOBAL,CH1-ORB-L-M3-2-L0-RAW-V1.0,2009-02-02T16:16:51,2009-02-02T16:59:32,,,,,,,,,,,,,,,,,,,,,2010-12-23T07:32:00,ACTUAL,2,m3g_l1b_v04.exe,4,0.985417542610 <AU>,153.39,REVERSE,DESCENDING,"(0.185370812220,0.869784341752,181.215409161001)",2,45.88,M3G20090202T155211_V01_L0.IMG,M3G20090202T155211_V01_BDE.IMG,M3G20090202T161651_V01_FF.IMG,153.39,r,2011-08-31T08:37:51,ACTUAL,3,m3g_l1b_v04.exe,4,0.985417542610 <AU>,153.39,REVERSE,DESCENDING,"(0.185370812220,0.869784341752,181.215409161001)","(""N/A"",""N/A"",""N/A"")",N/A,"(""N/A"",""N/A"",""N/A"")",N/A,2,45.88,M3G20090202T155211_V01_L0.IMG,M3G20090202T155211_V01_BDE.IMG,M3G20090202T161651_V01_FF.IMG,153.39,u2
M3G20090202T165932,19bc,2009-06-16T18:37:52,1040,m3_igds_l0_v18.pl,18,153.18,GLOBAL,CH1-ORB-L-M3-2-L0-RAW-V1.0,2009-02-02T16:59:32,2009-02-02T17:04:20,,,,,,,,,,,,,,,,,,,,,2010-12-23T07:32:00,ACTUAL,2,m3g_l1b_v04.exe,4,0.985429655090 <AU>,153.18,REVERSE,DESCENDING,"(0.185370812220,0.869784341752,181.215409161001)",2,45.88,M3G20090202T175011_V01_L0.IMG,M3G20090202T175011_V01_BDE.IMG,M3G20090202T161651_V01_FF.IMG,153.18,r,2011-08-31T08:37:51,ACTUAL,3,m3g_l1b_v04.exe,4,0.985429655090 <AU>,153.18,REVERSE,DESCENDING,"(0.185370812220,0.869784341752,181.215409161001)","(""N/A"",""N/A"",""N/A"")",N/A,"(""N/A"",""N/A"",""N/A"")",N/A,2,45.88,M3G20090202T175011_V01_L0.IMG,M3G20090202T175011_V01_BDE.IMG,M3G20090202T161651_V01_FF.IMG,153.18,u2
M3G20090202T175011,19bc,2009-06-16T18:39:02,1040,m3_igds_l0_v18.pl,18,153.53,GLOBAL,CH1-ORB-L-M3-2-L0-RAW-V1.0,2009-02-02T17:50:11,2009-02-02T17:50:40,,,,,,,,,,,,,,,,,,,,,,,,,,,,,,,,,,,,,,,,,,,,,,,,,,,,,,,,,,
M3G20090202T182612,19bc,2009-06-16T18:39:09,1040,m3_igds_l0_v18.pl,18,153.18,GLOBAL,CH1-ORB-L-M3-2-L0-RAW-V1.0,2009-02-02T18:26:12,2009-02-02T19:09:09,,,,,,,,,,,,,,,,,,,,,2010-12-23T07:32:00,ACTUAL,2,m3g_l1b_v04.exe,4,0.985479948912 <AU>,153.18,REVERSE,DESCENDING,"(0.190103369283,0.816487533276,180.854678537259)",2,45.92,M3G20090202T175011_V01_L0.IMG,M3G20090202T175011_V01_BDE.IMG,M3G20090202T182612_V01_FF.IMG,153.18,r,2011-08-31T08:37:51,ACTUAL,3,m3g_l1b_v04.exe,4,0.985479948912 <AU>,153.18,REVERSE,DESCENDING,"(0.190103369283,0.816487533276,180.854678537259)","(""N/A"",""N/A"",""N/A"")",N/A,"(""N/A"",""N/A"",""N/A"")",N/A,2,45.92,M3G20090202T175011_V01_L0.IMG,M3G20090202T175011_V01_BDE.IMG,M3G20090202T182612_V01_FF.IMG,153.18,u2
M3G20090202T190909,19bc,2009-06-16T18:49:30,1040,m3_igds_l0_v18.pl,18,153.32,GLOBAL,CH1-ORB-L-M3-2-L0-RAW-V1.0,2009-02-02T19:09:09,2009-02-02T19:13:40,,,,,,,,,,,,,,,,,,,,,2010-12-23T07:32:00,ACTUAL,2,m3g_l1b_v04.exe,4,0.985496679462 <AU>,153.32,REVERSE,DESCENDING,"(0.190103369283,0.816487533276,180.854678537259)",2,45.97,M3G20090202T194811_V01_L0.IMG,M3G20090202T194811_V01_BDE.IMG,M3G20090202T182612_V01_FF.IMG,153.32,r,2011-08-31T08:37:51,ACTUAL,3,m3g_l1b_v04.exe,4,0.985496679462 <AU>,153.32,REVERSE,DESCENDING,"(0.190103369283,0.816487533276,180.854678537259)","(""N/A"",""N/A"",""N/A"")",N/A,"(""N/A"",""N/A"",""N/A"")",N/A,2,45.97,M3G20090202T194811_V01_L0.IMG,M3G20090202T194811_V01_BDE.IMG,M3G20090202T182612_V01_FF.IMG,153.32,u2
M3G20090202T194811,19bc,2009-06-16T18:50:34,1040,m3_igds_l0_v18.pl,18,153.32,GLOBAL,CH1-ORB-L-M3-2-L0-RAW-V1.0,2009-02-02T19:48:11,2009-02-02T19:48:40,,,,,,,,,,,,,,,,,,,,,,,,,,,,,,,,,,,,,,,,,,,,,,,,,,,,,,,,,,
M3G20090202T201251,19bc,2009-06-16T18:50:40,1040,m3_igds_l0_v18.pl,18,153.11,GLOBAL,CH1-ORB-L-M3-2-L0-RAW-V1.0,2009-02-02T20:12:51,2009-02-02T21:00:40,,,,,,,,,,,,,,,,,,,,,2010-12-23T07:32:00,ACTUAL,2,m3g_l1b_v04.exe,4,0.985533348400 <AU>,153.11,REVERSE,DESCENDING,"(0.168262617810,0.710036326689,180.703661664602)",2,46.02,M3G20090202T194811_V01_L0.IMG,M3G20090202T194811_V01_BDE.IMG,M3G20090202T201251_V01_FF.IMG,153.25,r,2011-08-31T08:37:51,ACTUAL,3,m3g_l1b_v04.exe,4,0.985533348400 <AU>,153.25,REVERSE,DESCENDING,"(0.168262617810,0.710036326689,180.703661664602)","(""N/A"",""N/A"",""N/A"")",N/A,"(""N/A"",""N/A"",""N/A"")",N/A,2,46.02,M3G20090202T194811_V01_L0.IMG,M3G20090202T194811_V01_BDE.IMG,M3G20090202T201251_V01_FF.IMG,153.25,u2
M3G20090202T214612,19bc,2009-06-16T19:02:06,1040,m3_igds_l0_v18.pl,18,153.46,GLOBAL,CH1-ORB-L-M3-2-L0-RAW-V1.0,2009-02-02T21:46:12,2009-02-02T21:46:40,,,,,,,,,,,,,,,,,,,,,,,,,,,,,,,,,,,,,,,,,,,,,,,,,,,,,,,,,,
M3G20090202T222211,19bc,2009-06-16T19:02:13,1040,m3_igds_l0_v18.pl,18,153.04,GLOBAL,CH1-ORB-L-M3-2-L0-RAW-V1.0,2009-02-02T22:22:11,2009-02-02T22:27:58,,,,,,,,,,,,,,,,,,,,,2010-12-23T07:32:00,ACTUAL,2,m3g_l1b_v04.exe,4,0.985586158169 <AU>,153.04,REVERSE,DESCENDING,"(0.192727451453,0.649293561086,181.333471228671)",2,46.11,M3G20090202T214612_V01_L0.IMG,M3G20090202T214612_V01_BDE.IMG,M3G20090202T201251_V01_FF.IMG,153.11,r,2011-08-31T08:37:51,ACTUAL,3,m3g_l1b_v04.exe,4,0.985586158169 <AU>,153.11,REVERSE,DESCENDING,"(0.192727451453,0.649293561086,181.333471228671)","(""N/A"",""N/A"",""N/A"")",N/A,"(""N/A"",""N/A"",""N/A"")",N/A,2,46.11,M3G20090202T214612_V01_L0.IMG,M3G20090202T214612_V01_BDE.IMG,M3G20090202T201251_V01_FF.IMG,153.11,u2
M3G20090203T041059,19bc,2009-06-16T23:21:57,1048,m3_igds_l0_v18.pl,18,152.97,GLOBAL,CH1-ORB-L-M3-2-L0-RAW-V1.0,2009-02-03T04:10:59,2009-02-03T04:53:00,,,,,,,,,,,,,,,,,,,,,2010-12-23T07:32:00,ACTUAL,2,m3g_l1b_v04.exe,4,0.985763823101 <AU>,152.97,REVERSE,DESCENDING,"(0.229370401296,0.575866381277,180.742239077013)",2,46.35,M3G20090203T053811_V01_L0.IMG,M3G20090203T053811_V01_BDE.IMG,M3G20090203T041059_V01_FF.IMG,153.04,r,2011-08-31T08:37:51,ACTUAL,3,m3g_l1b_v04.exe,4,0.985763823101 <AU>,153.04,REVERSE,DESCENDING,"(0.229370401296,0.575866381277,180.742239077013)","(""N/A"",""N/A"",""N/A"")",N/A,"(""N/A"",""N/A"",""N/A"")",N/A,2,46.35,M3G20090203T053811_V01_L0.IMG,M3G20090203T053811_V01_BDE.IMG,M3G20090203T041059_V01_FF.IMG,153.04,u2
M3G20090203T053811,19bc,2009-06-16T23:31:52,1048,m3_igds_l0_v18.pl,18,153.11,GLOBAL,CH1-ORB-L-M3-2-L0-RAW-V1.0,2009-02-03T05:38:11,2009-02-03T05:38:40,,,,,,,,,,,,,,,,,,,,,,,,,,,,,,,,,,,,,,,,,,,,,,,,,,,,,,,,,,
M3G20090203T061431,19bc,2009-06-16T23:31:58,1048,m3_igds_l0_v18.pl,18,152.97,GLOBAL,CH1-ORB-L-M3-2-L0-RAW-V1.0,2009-02-03T06:14:31,2009-02-03T07:02:00,,,,,,,,,,,,,,,,,,,,,2010-12-23T07:32:00,ACTUAL,2,m3g_l1b_v04.exe,4,0.985825883379 <AU>,152.97,REVERSE,DESCENDING,"(0.228263112906,0.576046969029,180.911313890329)",2,46.4,M3G20090203T053811_V01_L0.IMG,M3G20090203T053811_V01_BDE.IMG,M3G20090203T061431_V01_FF.IMG,152.97,r,2011-08-31T08:37:51,ACTUAL,3,m3g_l1b_v04.exe,4,0.985825883379 <AU>,152.97,REVERSE,DESCENDING,"(0.228263112906,0.576046969029,180.911313890329)","(""N/A"",""N/A"",""N/A"")",N/A,"(""N/A"",""N/A"",""N/A"")",N/A,2,46.4,M3G20090203T053811_V01_L0.IMG,M3G20090203T053811_V01_BDE.IMG,M3G20090203T061431_V01_FF.IMG,152.97,u2
M3G20090203T073612,19bc,2009-06-16T23:43:17,1048,m3_igds_l0_v18.pl,18,153.04,GLOBAL,CH1-ORB-L-M3-2-L0-RAW-V1.0,2009-02-03T07:36:12,2009-02-03T07:36:40,,,,,,,,,,,,,,,,,,,,,,,,,,,,,,,,,,,,,,,,,,,,,,,,,,,,,,,,,,
M3G20090203T080104,19bc,2009-06-16T23:43:24,1048,m3_igds_l0_v18.pl,18,152.91,GLOBAL,CH1-ORB-L-M3-2-L0-RAW-V1.0,2009-02-03T08:01:04,2009-02-03T08:44:57,,,,,,,,,,,,,,,,,,,,,2010-12-23T07:32:00,ACTUAL,2,m3g_l1b_v04.exe,4,0.985876704958 <AU>,152.91,REVERSE,DESCENDING,"(0.217878455698,0.617781908469,180.931342488323)",2,46.49,M3G20090203T073612_V01_L0.IMG,M3G20090203T073612_V01_BDE.IMG,M3G20090203T080104_V01_FF.IMG,153.04,r,2011-08-31T08:37:51,ACTUAL,3,m3g_l1b_v04.exe,4,0.985876704958 <AU>,153.04,REVERSE,DESCENDING,"(0.217878455698,0.617781908469,180.931342488323)","(""N/A"",""N/A"",""N/A"")",N/A,"(""N/A"",""N/A"",""N/A"")",N/A,2,46.49,M3G20090203T073612_V01_L0.IMG,M3G20090203T073612_V01_BDE.IMG,M3G20090203T080104_V01_FF.IMG,153.04,u2
M3G20090203T084457,19bc,2009-06-16T23:53:55,1049,m3_igds_l0_v18.pl,18,152.91,GLOBAL,CH1-ORB-L-M3-2-L0-RAW-V1.0,2009-02-03T08:44:58,2009-02-03T08:49:00,,,,,,,,,,,,,,,,,,,,,2010-12-23T07:32:00,ACTUAL,2,m3g_l1b_v04.exe,4,0.985889139270 <AU>,152.91,REVERSE,DESCENDING,"(0.217878455698,0.617781908469,180.931342488323)",2,46.49,M3G20090203T073612_V01_L0.IMG,M3G20090203T073612_V01_BDE.IMG,M3G20090203T080104_V01_FF.IMG,152.91,r,2011-08-31T08:37:51,ACTUAL,3,m3g_l1b_v04.exe,4,0.985889139270 <AU>,152.91,REVERSE,DESCENDING,"(0.217878455698,0.617781908469,180.931342488323)","(""N/A"",""N/A"",""N/A"")",N/A,"(""N/A"",""N/A"",""N/A"")",N/A,2,46.49,M3G20090203T073612_V01_L0.IMG,M3G20090203T073612_V01_BDE.IMG,M3G20090203T080104_V01_FF.IMG,152.91,u2
M3G20090203T133031,19bc,2009-06-16T23:54:53,1051,m3_igds_l0_v18.pl,18,153.04,GLOBAL,CH1-ORB-L-M3-2-L0-RAW-V1.0,2009-02-03T13:30:31,2009-02-03T13:31:00,,,,,,,,,,,,,,,,,,,,,,,,,,,,,,,,,,,,,,,,,,,,,,,,,,,,,,,,,,
M3G20090203T135512,19bc,2009-06-16T23:55:00,1051,m3_igds_l0_v18.pl,18,152.84,GLOBAL,CH1-ORB-L-M3-2-L0-RAW-V1.0,2009-02-03T13:55:12,2009-02-03T14:42:02,,,,,,,,,,,,,,,,,,,,,2010-12-23T07:32:00,ACTUAL,2,m3g_l1b_v04.exe,4,0.986049380276 <AU>,152.84,REVERSE,DESCENDING,"(0.225517801611,0.640210840484,180.820536139735)",2,46.68,M3G20090203T133031_V01_L0.IMG,M3G20090203T133031_V01_BDE.IMG,M3G20090203T135512_V01_FF.IMG,152.97,r,2011-08-31T08:37:51,ACTUAL,3,m3g_l1b_v04.exe,4,0.986049380276 <AU>,152.97,REVERSE,DESCENDING,"(0.225517801611,0.640210840484,180.820536139735)","(""N/A"",""N/A"",""N/A"")",N/A,"(""N/A"",""N/A"",""N/A"")",N/A,2,46.68,M3G20090203T133031_V01_L0.IMG,M3G20090203T133031_V01_BDE.IMG,M3G20090203T135512_V01_FF.IMG,152.97,u2
M3G20090203T144202,19bc,2009-06-17T00:06:12,1052,m3_igds_l0_v18.pl,18,152.84,GLOBAL,CH1-ORB-L-M3-2-L0-RAW-V1.0,2009-02-03T14:42:02,2009-02-03T14:43:00,,,,,,,,,,,,,,,,,,,,,2010-12-23T07:32:00,ACTUAL,2,m3g_l1b_v04.exe,4,0.986062161707 <AU>,152.84,REVERSE,DESCENDING,"(0.225517801611,0.640210840484,180.820536139735)",2,46.73,M3G20090203T152831_V01_L0.IMG,M3G20090203T152831_V01_BDE.IMG,M3G20090203T135512_V01_FF.IMG,152.84,r,2011-08-31T08:37:51,ACTUAL,3,m3g_l1b_v04.exe,4,0.986062161707 <AU>,152.84,REVERSE,DESCENDING,"(0.225517801611,0.640210840484,180.820536139735)","(""N/A"",""N/A"",""N/A"")",N/A,"(""N/A"",""N/A"",""N/A"")",N/A,2,46.73,M3G20090203T152831_V01_L0.IMG,M3G20090203T152831_V01_BDE.IMG,M3G20090203T135512_V01_FF.IMG,152.84,u2
M3G20090203T152831,19bc,2009-06-17T00:06:26,1052,m3_igds_l0_v18.pl,18,152.91,GLOBAL,CH1-ORB-L-M3-2-L0-RAW-V1.0,2009-02-03T15:28:31,2009-02-03T15:29:00,,,,,,,,,,,,,,,,,,,,,,,,,,,,,,,,,,,,,,,,,,,,,,,,,,,,,,,,,,
M3G20090203T160452,19bc,2009-06-17T00:06:33,1052,m3_igds_l0_v18.pl,18,152.7,GLOBAL,CH1-ORB-L-M3-2-L0-RAW-V1.0,2009-02-03T16:04:52,2009-02-03T16:36:29,,,,,,,,,,,,,,,,,,,,,2010-12-23T07:32:00,ACTUAL,2,m3g_l1b_v04.exe,4,0.986107294560 <AU>,152.7,REVERSE,DESCENDING,"(0.240685113743,0.563403934519,180.847712015551)",2,46.82,M3G20090203T152831_V01_L0.IMG,M3G20090203T152831_V01_BDE.IMG,M3G20090203T160452_V01_FF.IMG,152.77,r,2011-08-31T08:37:51,ACTUAL,3,m3g_l1b_v04.exe,4,0.986107294560 <AU>,152.77,REVERSE,DESCENDING,"(0.240685113743,0.563403934519,180.847712015551)","(""N/A"",""N/A"",""N/A"")",N/A,"(""N/A"",""N/A"",""N/A"")",N/A,2,46.82,M3G20090203T152831_V01_L0.IMG,M3G20090203T152831_V01_BDE.IMG,M3G20090203T160452_V01_FF.IMG,152.77,u2
M3G20090203T163629,19bc,2009-06-17T00:14:07,1054,m3_igds_l0_v18.pl,18,152.77,GLOBAL,CH1-ORB-L-M3-2-L0-RAW-V1.0,2009-02-03T16:36:29,2009-02-03T16:52:20,,,,,,,,,,,,,,,,,,,,,2010-12-23T07:32:00,ACTUAL,2,m3g_l1b_v04.exe,4,0.986122627410 <AU>,152.77,REVERSE,DESCENDING,"(0.240685113743,0.563403934519,180.847712015551)",2,46.82,M3G20090203T172632_V01_L0.IMG,M3G20090203T172632_V01_BDE.IMG,M3G20090203T160452_V01_FF.IMG,152.77,r,2011-08-31T08:37:51,ACTUAL,3,m3g_l1b_v04.exe,4,0.986122627410 <AU>,152.77,REVERSE,DESCENDING,"(0.240685113743,0.563403934519,180.847712015551)","(""N/A"",""N/A"",""N/A"")",N/A,"(""N/A"",""N/A"",""N/A"")",N/A,2,46.82,M3G20090203T172632_V01_L0.IMG,M3G20090203T172632_V01_BDE.IMG,M3G20090203T160452_V01_FF.IMG,152.77,u2
M3G20090203T172632,19bc,2009-06-17T00:17:56,1054,m3_igds_l0_v18.pl,18,152.91,GLOBAL,CH1-ORB-L-M3-2-L0-RAW-V1.0,2009-02-03T17:26:32,2009-02-03T17:27:00,,,,,,,,,,,,,,,,,,,,,,,,,,,,,,,,,,,,,,,,,,,,,,,,,,,,,,,,,,
M3G20090203T175131,19bc,2009-06-17T00:18:02,1054,m3_igds_l0_v18.pl,18,152.7,GLOBAL,CH1-ORB-L-M3-2-L0-RAW-V1.0,2009-02-03T17:51:31,2009-02-03T18:27:11,,,,,,,,,,,,,,,,,,,,,2010-12-23T07:32:00,ACTUAL,2,m3g_l1b_v04.exe,4,0.986161140705 <AU>,152.7,REVERSE,DESCENDING,"(0.170795768212,0.465192147375,180.644303387032)",2,46.87,M3G20090203T172632_V01_L0.IMG,M3G20090203T172632_V01_BDE.IMG,M3G20090203T175131_V01_FF.IMG,152.7,r,2011-08-31T08:37:51,ACTUAL,3,m3g_l1b_v04.exe,4,0.986161140705 <AU>,152.7,REVERSE,DESCENDING,"(0.170795768212,0.465192147375,180.644303387032)","(""N/A"",""N/A"",""N/A"")",N/A,"(""N/A"",""N/A"",""N/A"")",N/A,2,46.87,M3G20090203T172632_V01_L0.IMG,M3G20090203T172632_V01_BDE.IMG,M3G20090203T175131_V01_FF.IMG,152.7,u2
M3G20090203T182711,19bc,2009-08-05T21:14:45,1056,m3_igds_l0_v18.pl,18,152.63,GLOBAL,CH1-ORB-L-M3-2-L0-RAW-V1.0,2009-02-03T18:27:11,2009-02-03T18:39:00,,,,,,,,,,,,,,,,,,,,,2010-12-23T07:32:00,ACTUAL,2,m3g_l1b_v04.exe,4,0.986172168065 <AU>,152.63,REVERSE,DESCENDING,"(0.170795768212,0.465192147375,180.644303387032)",2,46.87,M3G20090203T192432_V01_L0.IMG,M3G20090203T192432_V01_BDE.IMG,M3G20090203T182711_V01_FF.IMG,152.63,r,2011-08-31T08:37:51,ACTUAL,3,m3g_l1b_v04.exe,4,0.986172168065 <AU>,152.63,REVERSE,DESCENDING,"(0.170795768212,0.465192147375,180.644303387032)","(""N/A"",""N/A"",""N/A"")",N/A,"(""N/A"",""N/A"",""N/A"")",N/A,2,46.87,M3G20090203T192432_V01_L0.IMG,M3G20090203T192432_V01_BDE.IMG,M3G20090203T182711_V01_FF.IMG,152.63,u2
M3G20090203T192432,19bc,2009-08-05T21:17:37,1056,m3_igds_l0_v18.pl,18,152.97,GLOBAL,CH1-ORB-L-M3-2-L0-RAW-V1.0,2009-02-03T19:24:32,2009-02-03T19:25:00,,,,,,,,,,,,,,,,,,,,,,,,,,,,,,,,,,,,,,,,,,,,,,,,,,,,,,,,,,
M3G20090203T200051,19bc,2009-08-05T21:17:44,1056,m3_igds_l0_v18.pl,18,152.63,GLOBAL,CH1-ORB-L-M3-2-L0-RAW-V1.0,2009-02-03T20:00:51,2009-02-03T20:29:23,,,,,,,,,,,,,,,,,,,,,2010-12-23T07:32:00,ACTUAL,2,m3g_l1b_v04.exe,4,0.986220455726 <AU>,152.63,REVERSE,DESCENDING,"(0.291994400000,0.269627600000,180.440440000000)",2,46.97,M3G20090203T192432_V01_L0.IMG,M3G20090203T192432_V01_BDE.IMG,M3G20090203T200051_V01_FF.IMG,152.63,r,2011-08-31T08:37:51,ACTUAL,3,m3g_l1b_v04.exe,4,0.986220455726 <AU>,152.63,REVERSE,DESCENDING,"(0.291994400000,0.269627600000,180.440440000000)","(""N/A"",""N/A"",""N/A"")",N/A,"(""N/A"",""N/A"",""N/A"")",N/A,2,46.97,M3G20090203T192432_V01_L0.IMG,M3G20090203T192432_V01_BDE.IMG,M3G20090203T200051_V01_FF.IMG,152.63,u2
M3G20090203T202923,19bc,2009-08-05T21:24:37,1061,m3_igds_l0_v18.pl,18,152.63,GLOBAL,CH1-ORB-L-M3-2-L0-RAW-V1.0,2009-02-03T20:29:23,2009-02-03T20:48:40,,,,,,,,,,,,,,,,,,,,,2010-12-23T07:32:00,ACTUAL,2,m3g_l1b_v04.exe,4,0.986235418090 <AU>,152.63,REVERSE,DESCENDING,"(0.213412330000,0.437484840000,181.051250000000)",2,46.97,M3G20090203T192432_V01_L0.IMG,M3G20090203T192432_V01_BDE.IMG,M3G20090203T202923_V01_FF.IMG,152.63,r,2011-08-31T08:37:51,ACTUAL,3,m3g_l1b_v04.exe,4,0.986235418090 <AU>,152.63,REVERSE,DESCENDING,"(0.213412330000,0.437484840000,181.051250000000)","(""N/A"",""N/A"",""N/A"")",N/A,"(""N/A"",""N/A"",""N/A"")",N/A,2,46.97,M3G20090203T192432_V01_L0.IMG,M3G20090203T192432_V01_BDE.IMG,M3G20090203T202923_V01_FF.IMG,152.63,u2
M3G20090204T091031,19bc,2009-06-18T06:53:48,1063,m3_igds_l0_v18.pl,18,152.36,GLOBAL,CH1-ORB-L-M3-2-L0-RAW-V1.0,2009-02-04T09:10:31,2009-02-04T09:11:00,,,,,,,,,,,,,,,,,,,,,,,,,,,,,,,,,,,,,,,,,,,,,,,,,,,,,,,,,,
M3G20090204T094731,19bc,2009-06-18T06:53:55,1063,m3_igds_l0_v18.pl,18,152.16,GLOBAL,CH1-ORB-L-M3-2-L0-RAW-V1.0,2009-02-04T09:47:31,2009-02-04T10:34:40,,,,,,,,,,,,,,,,,,,,,2010-12-23T07:32:00,ACTUAL,2,m3g_l1b_v04.exe,4,0.986620635524 <AU>,152.16,REVERSE,DESCENDING,"(0.205686464846,0.250786029263,180.983340720060)",2,47.49,M3G20090204T091031_V01_L0.IMG,M3G20090204T091031_V01_BDE.IMG,M3G20090204T094731_V01_FF.IMG,152.16,r,2011-08-31T08:37:51,ACTUAL,3,m3g_l1b_v04.exe,4,0.986620635524 <AU>,152.16,REVERSE,DESCENDING,"(0.205686464846,0.250786029263,180.983340720060)","(""N/A"",""N/A"",""N/A"")",N/A,"(""N/A"",""N/A"",""N/A"")",N/A,2,47.49,M3G20090204T091031_V01_L0.IMG,M3G20090204T091031_V01_BDE.IMG,M3G20090204T094731_V01_FF.IMG,152.16,u2
M3G20090204T110831,19bc,2009-06-18T07:05:04,1063,m3_igds_l0_v18.pl,18,152.36,GLOBAL,CH1-ORB-L-M3-2-L0-RAW-V1.0,2009-02-04T11:08:31,2009-02-04T11:09:00,,,,,,,,,,,,,,,,,,,,,,,,,,,,,,,,,,,,,,,,,,,,,,,,,,,,,,,,,,
M3G20090204T113332,19bc,2009-06-18T07:05:11,1063,m3_igds_l0_v18.pl,18,152.16,GLOBAL,CH1-ORB-L-M3-2-L0-RAW-V1.0,2009-02-04T11:33:32,2009-02-04T11:34:44,,,,,,,,,,,,,,,,,,,,,2010-12-23T07:32:00,ACTUAL,2,m3g_l1b_v04.exe,4,0.986664715145 <AU>,152.16,REVERSE,DESCENDING,"(0.208189137000,0.289821715028,181.203155985810)",2,47.59,M3G20090204T110831_V01_L0.IMG,M3G20090204T110831_V01_BDE.IMG,M3G20090204T113444_V01_FF.IMG,152.29,r,2011-08-31T08:37:51,ACTUAL,3,m3g_l1b_v04.exe,4,0.986664715145 <AU>,152.29,REVERSE,DESCENDING,"(0.208189137000,0.289821715028,181.203155985810)","(""N/A"",""N/A"",""N/A"")",N/A,"(""N/A"",""N/A"",""N/A"")",N/A,2,47.59,M3G20090204T110831_V01_L0.IMG,M3G20090204T110831_V01_BDE.IMG,M3G20090204T113444_V01_FF.IMG,152.29,u2
M3G20090204T113444,19bc,2009-06-18T07:05:28,1064,m3_igds_l0_v18.pl,18,152.16,GLOBAL,CH1-ORB-L-M3-2-L0-RAW-V1.0,2009-02-04T11:34:44,2009-02-04T12:08:15,,,,,,,,,,,,,,,,,,,,,2010-12-23T07:32:00,ACTUAL,2,m3g_l1b_v04.exe,4,0.986667808578 <AU>,152.16,REVERSE,DESCENDING,"(0.208189137000,0.289821715028,181.203155985810)",2,47.59,M3G20090204T110831_V01_L0.IMG,M3G20090204T110831_V01_BDE.IMG,M3G20090204T113444_V01_FF.IMG,152.16,r,2011-08-31T08:37:51,ACTUAL,3,m3g_l1b_v04.exe,4,0.986667808578 <AU>,152.16,REVERSE,DESCENDING,"(0.208189137000,0.289821715028,181.203155985810)","(""N/A"",""N/A"",""N/A"")",N/A,"(""N/A"",""N/A"",""N/A"")",N/A,2,47.59,M3G20090204T110831_V01_L0.IMG,M3G20090204T110831_V01_BDE.IMG,M3G20090204T113444_V01_FF.IMG,152.16,u2
M3G20090204T120815,19bc,2009-06-18T07:13:23,1065,m3_igds_l0_v18.pl,18,152.02,GLOBAL,CH1-ORB-L-M3-2-L0-RAW-V1.0,2009-02-04T12:08:15,2009-02-04T12:21:20,,,,,,,,,,,,,,,,,,,,,2010-12-23T07:32:00,ACTUAL,2,m3g_l1b_v04.exe,4,0.986678226747 <AU>,152.02,REVERSE,DESCENDING,"(0.208189137000,0.289821715028,181.203155985810)",2,47.59,M3G20090204T130632_V01_L0.IMG,M3G20090204T130632_V01_BDE.IMG,M3G20090204T120815_V01_FF.IMG,152.02,r,2011-08-31T08:37:51,ACTUAL,3,m3g_l1b_v04.exe,4,0.986678226747 <AU>,152.02,REVERSE,DESCENDING,"(0.208189137000,0.289821715028,181.203155985810)","(""N/A"",""N/A"",""N/A"")",N/A,"(""N/A"",""N/A"",""N/A"")",N/A,2,47.59,M3G20090204T130632_V01_L0.IMG,M3G20090204T130632_V01_BDE.IMG,M3G20090204T120815_V01_FF.IMG,152.02,u2
M3G20090204T130632,19bc,2009-06-18T07:16:30,1065,m3_igds_l0_v18.pl,18,151.95,GLOBAL,CH1-ORB-L-M3-2-L0-RAW-V1.0,2009-02-04T13:06:32,2009-02-04T13:07:00,,,,,,,,,,,,,,,,,,,,,,,,,,,,,,,,,,,,,,,,,,,,,,,,,,,,,,,,,,
M3G20090204T134332,19bc,2009-06-18T07:16:37,1065,m3_igds_l0_v18.pl,18,151.95,GLOBAL,CH1-ORB-L-M3-2-L0-RAW-V1.0,2009-02-04T13:43:32,2009-02-04T14:27:00,,,,,,,,,,,,,,,,,,,,,2010-12-23T07:32:00,ACTUAL,2,m3g_l1b_v04.exe,4,0.986730054134 <AU>,151.95,REVERSE,DESCENDING,"(0.192006907652,0.556526523231,180.403612582749)",2,47.64,M3G20090204T130632_V01_L0.IMG,M3G20090204T130632_V01_BDE.IMG,M3G20090204T134332_V01_FF.IMG,151.95,r,2011-08-31T08:37:51,ACTUAL,3,m3g_l1b_v04.exe,4,0.986730054134 <AU>,151.95,REVERSE,DESCENDING,"(0.192006907652,0.556526523231,180.403612582749)","(""N/A"",""N/A"",""N/A"")",N/A,"(""N/A"",""N/A"",""N/A"")",N/A,2,47.64,M3G20090204T130632_V01_L0.IMG,M3G20090204T130632_V01_BDE.IMG,M3G20090204T134332_V01_FF.IMG,151.95,u2
M3G20090204T142701,19bc,2009-06-18T07:26:55,1066,m3_igds_l0_v18.pl,18,152.23,GLOBAL,CH1-ORB-L-M3-2-L0-RAW-V1.0,2009-02-04T14:27:01,2009-02-04T14:30:40,,,,,,,,,,,,,,,,,,,,,2010-12-23T07:32:00,ACTUAL,2,m3g_l1b_v04.exe,4,0.986746247931 <AU>,152.23,REVERSE,DESCENDING,"(0.192006907652,0.556526523231,180.403612582749)",2,47.69,M3G20090204T150432_V01_L0.IMG,M3G20090204T150432_V01_BDE.IMG,M3G20090204T134332_V01_FF.IMG,152.23,r,2011-08-31T08:37:51,ACTUAL,3,m3g_l1b_v04.exe,4,0.986746247931 <AU>,152.23,REVERSE,DESCENDING,"(0.192006907652,0.556526523231,180.403612582749)","(""N/A"",""N/A"",""N/A"")",N/A,"(""N/A"",""N/A"",""N/A"")",N/A,2,47.69,M3G20090204T150432_V01_L0.IMG,M3G20090204T150432_V01_BDE.IMG,M3G20090204T134332_V01_FF.IMG,152.23,u2
M3G20090204T150432,19bc,2009-06-18T07:27:46,1066,m3_igds_l0_v18.pl,18,152.23,GLOBAL,CH1-ORB-L-M3-2-L0-RAW-V1.0,2009-02-04T15:04:32,2009-02-04T15:05:00,,,,,,,,,,,,,,,,,,,,,,,,,,,,,,,,,,,,,,,,,,,,,,,,,,,,,,,,,,
M3G20090204T152951,19bc,2009-06-18T07:27:53,1066,m3_igds_l0_v18.pl,18,152.02,GLOBAL,CH1-ORB-L-M3-2-L0-RAW-V1.0,2009-02-04T15:29:51,2009-02-04T16:10:17,,,,,,,,,,,,,,,,,,,,,2010-12-23T07:32:00,ACTUAL,2,m3g_l1b_v04.exe,4,0.986779169248 <AU>,152.02,REVERSE,DESCENDING,"(0.221598998695,0.670184050652,180.681555836826)",2,47.73,M3G20090204T150432_V01_L0.IMG,M3G20090204T150432_V01_BDE.IMG,M3G20090204T152951_V01_FF.IMG,152.09,r,2011-08-31T08:37:51,ACTUAL,3,m3g_l1b_v04.exe,4,0.986779169248 <AU>,152.09,REVERSE,DESCENDING,"(0.221598998695,0.670184050652,180.681555836826)","(""N/A"",""N/A"",""N/A"")",N/A,"(""N/A"",""N/A"",""N/A"")",N/A,2,47.73,M3G20090204T150432_V01_L0.IMG,M3G20090204T150432_V01_BDE.IMG,M3G20090204T152951_V01_FF.IMG,152.09,u2
M3G20090204T161017,19bc,2009-06-18T07:37:26,1067,m3_igds_l0_v18.pl,18,152.02,GLOBAL,CH1-ORB-L-M3-2-L0-RAW-V1.0,2009-02-04T16:10:17,2009-02-04T16:17:20,,,,,,,,,,,,,,,,,,,,,2010-12-23T07:32:00,ACTUAL,2,m3g_l1b_v04.exe,4,0.986790448051 <AU>,152.02,REVERSE,DESCENDING,"(0.221598998695,0.670184050652,180.681555836826)",2,47.78,M3G20090204T170231_V01_L0.IMG,M3G20090204T170231_V01_BDE.IMG,M3G20090204T152951_V01_FF.IMG,152.02,r,2011-08-31T08:37:51,ACTUAL,3,m3g_l1b_v04.exe,4,0.986790448051 <AU>,152.02,REVERSE,DESCENDING,"(0.221598998695,0.670184050652,180.681555836826)","(""N/A"",""N/A"",""N/A"")",N/A,"(""N/A"",""N/A"",""N/A"")",N/A,2,47.78,M3G20090204T170231_V01_L0.IMG,M3G20090204T170231_V01_BDE.IMG,M3G20090204T152951_V01_FF.IMG,152.02,u2
M3G20090204T170231,19bc,2009-06-18T07:39:07,1067,m3_igds_l0_v18.pl,18,152.23,GLOBAL,CH1-ORB-L-M3-2-L0-RAW-V1.0,2009-02-04T17:02:31,2009-02-04T17:03:00,,,,,,,,,,,,,,,,,,,,,,,,,,,,,,,,,,,,,,,,,,,,,,,,,,,,,,,,,,
M3G20090204T173931,19bc,2009-06-18T07:39:14,1067,m3_igds_l0_v18.pl,18,152.02,GLOBAL,CH1-ORB-L-M3-2-L0-RAW-V1.0,2009-02-04T17:39:31,2009-02-04T18:26:40,,,,,,,,,,,,,,,,,,,,,2010-12-23T07:32:00,ACTUAL,2,m3g_l1b_v04.exe,4,0.986840912717 <AU>,152.02,REVERSE,DESCENDING,"(0.195940250470,0.618522963206,180.845917877067)",2,47.83,M3G20090204T170231_V01_L0.IMG,M3G20090204T170231_V01_BDE.IMG,M3G20090204T173931_V01_FF.IMG,152.09,r,2011-08-31T08:37:51,ACTUAL,3,m3g_l1b_v04.exe,4,0.986840912717 <AU>,152.09,REVERSE,DESCENDING,"(0.195940250470,0.618522963206,180.845917877067)","(""N/A"",""N/A"",""N/A"")",N/A,"(""N/A"",""N/A"",""N/A"")",N/A,2,47.83,M3G20090204T170231_V01_L0.IMG,M3G20090204T170231_V01_BDE.IMG,M3G20090204T173931_V01_FF.IMG,152.09,u2
M3G20090204T190031,19bc,2009-06-18T07:50:24,1067,m3_igds_l0_v18.pl,18,152.23,GLOBAL,CH1-ORB-L-M3-2-L0-RAW-V1.0,2009-02-04T19:00:31,2009-02-04T19:01:00,,,,,,,,,,,,,,,,,,,,,,,,,,,,,,,,,,,,,,,,,,,,,,,,,,,,,,,,,,
M3G20090204T192552,19bc,2009-06-18T07:50:31,1067,m3_igds_l0_v18.pl,18,152.02,GLOBAL,CH1-ORB-L-M3-2-L0-RAW-V1.0,2009-02-04T19:25:52,2009-02-04T19:57:23,,,,,,,,,,,,,,,,,,,,,2010-12-23T07:32:00,ACTUAL,2,m3g_l1b_v04.exe,4,0.986886665028 <AU>,152.02,REVERSE,DESCENDING,"(0.216527435533,0.543191999293,180.559753345819)",2,47.88,M3G20090204T190031_V01_L0.IMG,M3G20090204T190031_V01_BDE.IMG,M3G20090204T192552_V01_FF.IMG,152.16,r,2011-08-31T08:37:51,ACTUAL,3,m3g_l1b_v04.exe,4,0.986886665028 <AU>,152.16,REVERSE,DESCENDING,"(0.216527435533,0.543191999293,180.559753345819)","(""N/A"",""N/A"",""N/A"")",N/A,"(""N/A"",""N/A"",""N/A"")",N/A,2,47.88,M3G20090204T190031_V01_L0.IMG,M3G20090204T190031_V01_BDE.IMG,M3G20090204T192552_V01_FF.IMG,152.16,u2
M3G20090204T233457,19bc,2009-06-17T22:42:33,1069,m3_igds_l0_v18.pl,18,151.95,GLOBAL,CH1-ORB-L-M3-2-L0-RAW-V1.0,2009-02-04T23:34:57,2009-02-04T23:42:17,,,,,,,,,,,,,,,,,,,,,2010-12-23T07:32:00,ACTUAL,2,m3g_l1b_v04.exe,4,0.986994182396 <AU>,151.95,REVERSE,DESCENDING,"(-0.413166012168,1.233696506451,180.380874464219)",2,48.02,M3G20090204T190031_V01_L0.IMG,M3G20090204T190031_V01_BDE.IMG,M3G20090204T235142_V01_FF.IMG,151.89,r,2011-08-31T08:37:51,ACTUAL,3,m3g_l1b_v04.exe,4,0.986994182396 <AU>,151.89,REVERSE,DESCENDING,"(-0.413166012168,1.233696506451,180.380874464219)","(""N/A"",""N/A"",""N/A"")",N/A,"(""N/A"",""N/A"",""N/A"")",N/A,2,48.02,M3G20090204T190031_V01_L0.IMG,M3G20090204T190031_V01_BDE.IMG,M3G20090204T235142_V01_FF.IMG,151.89,u2
M3G20090204T234545,19bc,2009-06-17T22:44:18,1069,m3_igds_l0_v18.pl,18,151.89,GLOBAL,CH1-ORB-L-M3-2-L0-RAW-V1.0,2009-02-04T23:45:45,2009-02-04T23:50:27,,,,,,,,,,,,,,,,,,,,,2010-12-23T07:32:00,ACTUAL,2,m3g_l1b_v04.exe,4,0.986996978204 <AU>,151.89,REVERSE,DESCENDING,"(-0.413166012168,1.233696506451,180.380874464219)",2,48.02,M3G20090204T190031_V01_L0.IMG,M3G20090204T190031_V01_BDE.IMG,M3G20090204T235142_V01_FF.IMG,151.89,r,2011-08-31T08:37:51,ACTUAL,3,m3g_l1b_v04.exe,4,0.986996978204 <AU>,151.89,REVERSE,DESCENDING,"(-0.413166012168,1.233696506451,180.380874464219)","(""N/A"",""N/A"",""N/A"")",N/A,"(""N/A"",""N/A"",""N/A"")",N/A,2,48.02,M3G20090204T190031_V01_L0.IMG,M3G20090204T190031_V01_BDE.IMG,M3G20090204T235142_V01_FF.IMG,151.89,u2
M3G20090204T235053,19bc,2009-06-17T22:45:25,1069,m3_igds_l0_v18.pl,18,151.82,GLOBAL,CH1-ORB-L-M3-2-L0-RAW-V1.0,2009-02-04T23:50:53,2009-02-04T23:50:57,,,,,,,,,,,,,,,,,,,,,2010-12-23T07:32:00,ACTUAL,2,m3g_l1b_v04.exe,4,0.986998138240 <AU>,151.82,REVERSE,DESCENDING,"(-0.413166012168,1.233696506451,180.380874464219)",2,48.02,M3G20090204T190031_V01_L0.IMG,M3G20090204T190031_V01_BDE.IMG,M3G20090204T235142_V01_FF.IMG,151.82,r,2011-08-31T08:37:51,ACTUAL,3,m3g_l1b_v04.exe,4,0.986998138240 <AU>,151.82,REVERSE,DESCENDING,"(-0.413166012168,1.233696506451,180.380874464219)","(""N/A"",""N/A"",""N/A"")",N/A,"(""N/A"",""N/A"",""N/A"")",N/A,2,48.02,M3G20090204T190031_V01_L0.IMG,M3G20090204T190031_V01_BDE.IMG,M3G20090204T235142_V01_FF.IMG,151.82,u2
M3G20090204T235142,19bc,2009-06-17T22:45:26,1069,m3_igds_l0_v18.pl,18,151.89,GLOBAL,CH1-ORB-L-M3-2-L0-RAW-V1.0,2009-02-04T23:51:42,2009-02-05T00:09:40,,,,,,,,,,,,,,,,,,,,,2010-12-23T07:32:00,ACTUAL,2,m3g_l1b_v04.exe,4,0.987003766742 <AU>,151.89,REVERSE,DESCENDING,"(-0.413166012168,1.233696506451,180.380874464219)",2,48.02,M3G20090204T190031_V01_L0.IMG,M3G20090204T190031_V01_BDE.IMG,M3G20090204T235142_V01_FF.IMG,151.89,r,2011-08-31T08:37:51,ACTUAL,3,m3g_l1b_v04.exe,4,0.987003766742 <AU>,151.89,REVERSE,DESCENDING,"(-0.413166012168,1.233696506451,180.380874464219)","(""N/A"",""N/A"",""N/A"")",N/A,"(""N/A"",""N/A"",""N/A"")",N/A,2,48.02,M3G20090204T190031_V01_L0.IMG,M3G20090204T190031_V01_BDE.IMG,M3G20090204T235142_V01_FF.IMG,151.89,u2
M3G20090205T005432,19bc,2009-06-17T22:49:45,1069,m3_igds_l0_v18.pl,18,152.23,GLOBAL,CH1-ORB-L-M3-2-L0-RAW-V1.0,2009-02-05T00:54:32,2009-02-05T00:55:00,,,,,,,,,,,,,,,,,,,,,,,,,,,,,,,,,,,,,,,,,,,,,,,,,,,,,,,,,,
M3G20090205T013151,19bc,2009-06-17T22:49:52,1069,m3_igds_l0_v18.pl,18,152.02,GLOBAL,CH1-ORB-L-M3-2-L0-RAW-V1.0,2009-02-05T01:31:51,2009-02-05T02:01:55,,,,,,,,,,,,,,,,,,,,,2010-12-23T07:32:00,ACTUAL,2,m3g_l1b_v04.exe,4,0.987051446452 <AU>,152.02,REVERSE,DESCENDING,"(-0.444562258440,1.143700675578,180.733531563691)",2,48.12,M3G20090205T005432_V01_L0.IMG,M3G20090205T005432_V01_BDE.IMG,M3G20090205T013151_V01_FF.IMG,151.89,r,2011-08-31T08:37:51,ACTUAL,3,m3g_l1b_v04.exe,4,0.987051446452 <AU>,151.89,REVERSE,DESCENDING,"(-0.444562258440,1.143700675578,180.733531563691)","(""N/A"",""N/A"",""N/A"")",N/A,"(""N/A"",""N/A"",""N/A"")",N/A,2,48.12,M3G20090205T005432_V01_L0.IMG,M3G20090205T005432_V01_BDE.IMG,M3G20090205T013151_V01_FF.IMG,151.89,u2
M3G20090205T020155,19bc,2009-09-16T20:07:37,1069,m3_igds_l0_v18.pl,18,151.89,GLOBAL,CH1-ORB-L-M3-2-L0-RAW-V1.0,2009-02-05T02:01:55,2009-02-05T02:19:00,,,,,,,,,,,,,,,,,,,,,2010-12-23T07:32:00,ACTUAL,2,m3g_l1b_v04.exe,4,0.987065666253 <AU>,151.89,REVERSE,DESCENDING,"(-0.444562258440,1.143700675578,180.733531563691)",2,48.17,M3G20090205T025231_V01_L0.IMG,M3G20090205T025231_V01_BDE.IMG,M3G20090205T013151_V01_FF.IMG,151.89,r,2011-08-31T08:37:51,ACTUAL,3,m3g_l1b_v04.exe,4,0.987065666253 <AU>,151.89,REVERSE,DESCENDING,"(-0.444562258440,1.143700675578,180.733531563691)","(""N/A"",""N/A"",""N/A"")",N/A,"(""N/A"",""N/A"",""N/A"")",N/A,2,48.17,M3G20090205T025231_V01_L0.IMG,M3G20090205T025231_V01_BDE.IMG,M3G20090205T013151_V01_FF.IMG,151.89,u2
M3G20090205T025231,19bc,2009-09-16T20:11:42,1069,m3_igds_l0_v18.pl,18,152.09,GLOBAL,CH1-ORB-L-M3-2-L0-RAW-V1.0,2009-02-05T02:52:31,2009-02-05T02:53:00,,,,,,,,,,,,,,,,,,,,,,,,,,,,,,,,,,,,,,,,,,,,,,,,,,,,,,,,,,
M3G20090205T031811,19bc,2009-09-16T20:11:49,1069,m3_igds_l0_v18.pl,18,151.89,GLOBAL,CH1-ORB-L-M3-2-L0-RAW-V1.0,2009-02-05T03:18:11,2009-02-05T03:47:25,,,,,,,,,,,,,,,,,,,,,2010-12-23T07:32:00,ACTUAL,2,m3g_l1b_v04.exe,4,0.987100865237 <AU>,151.89,REVERSE,DESCENDING,"(0.234997880000,0.467029800000,180.910120000000)",2,48.21,M3G20090205T025231_V01_L0.IMG,M3G20090205T025231_V01_BDE.IMG,M3G20090205T031811_V01_FF.IMG,152.02,r,2011-08-31T08:37:51,ACTUAL,3,m3g_l1b_v04.exe,4,0.987100865237 <AU>,152.02,REVERSE,DESCENDING,"(0.234997880000,0.467029800000,180.910120000000)","(""N/A"",""N/A"",""N/A"")",N/A,"(""N/A"",""N/A"",""N/A"")",N/A,2,48.21,M3G20090205T025231_V01_L0.IMG,M3G20090205T025231_V01_BDE.IMG,M3G20090205T031811_V01_FF.IMG,152.02,u2
M3G20090205T060017,19bc,2009-06-18T07:57:57,1074,m3_igds_l0_v18.pl,18,151.89,GLOBAL,CH1-ORB-L-M3-2-L0-RAW-V1.0,2009-02-05T06:00:17,2009-02-05T06:15:00,,,,,,,,,,,,,,,,,,,,,2010-12-23T07:32:00,ACTUAL,2,m3g_l1b_v04.exe,4,0.987172111807 <AU>,151.89,REVERSE,DESCENDING,"(0.191124026034,0.563763919343,180.638008048875)",2,48.31,M3G20090205T064850_V01_L0.IMG,M3G20090205T064850_V01_BDE.IMG,M3G20090205T071411_V01_FF.IMG,151.89,r,2011-08-31T08:37:51,ACTUAL,3,m3g_l1b_v04.exe,4,0.987172111807 <AU>,151.89,REVERSE,DESCENDING,"(0.191124026034,0.563763919343,180.638008048875)","(""N/A"",""N/A"",""N/A"")",N/A,"(""N/A"",""N/A"",""N/A"")",N/A,2,48.31,M3G20090205T064850_V01_L0.IMG,M3G20090205T064850_V01_BDE.IMG,M3G20090205T071411_V01_FF.IMG,151.89,u2
M3G20090205T064850,19bc,2009-06-18T08:01:27,1074,m3_igds_l0_v18.pl,18,151.95,GLOBAL,CH1-ORB-L-M3-2-L0-RAW-V1.0,2009-02-05T06:48:50,2009-02-05T06:49:19,,,,,,,,,,,,,,,,,,,,,,,,,,,,,,,,,,,,,,,,,,,,,,,,,,,,,,,,,,
M3G20090205T071411,19bc,2009-06-18T08:01:33,1074,m3_igds_l0_v18.pl,18,151.82,GLOBAL,CH1-ORB-L-M3-2-L0-RAW-V1.0,2009-02-05T07:14:11,2009-02-05T07:40:30,,,,,,,,,,,,,,,,,,,,,2010-12-23T07:32:00,ACTUAL,2,m3g_l1b_v04.exe,4,0.987205576639 <AU>,151.82,REVERSE,DESCENDING,"(0.213675566622,0.458132456526,181.017273014185)",2,48.36,M3G20090205T064850_V01_L0.IMG,M3G20090205T064850_V01_BDE.IMG,M3G20090205T071411_V01_FF.IMG,151.82,r,2011-08-31T08:37:51,ACTUAL,3,m3g_l1b_v04.exe,4,0.987205576639 <AU>,151.82,REVERSE,DESCENDING,"(0.213675566622,0.458132456526,181.017273014185)","(""N/A"",""N/A"",""N/A"")",N/A,"(""N/A"",""N/A"",""N/A"")",N/A,2,48.36,M3G20090205T064850_V01_L0.IMG,M3G20090205T064850_V01_BDE.IMG,M3G20090205T071411_V01_FF.IMG,151.82,u2
M3G20090205T074030,19bc,2009-06-18T08:07:47,1075,m3_igds_l0_v18.pl,18,151.68,GLOBAL,CH1-ORB-L-M3-2-L0-RAW-V1.0,2009-02-05T07:40:30,2009-02-05T08:01:59,,,,,,,,,,,,,,,,,,,,,2010-12-23T07:32:00,ACTUAL,2,m3g_l1b_v04.exe,4,0.987214233356 <AU>,151.68,REVERSE,DESCENDING,"(0.213675566622,0.458132456526,181.017273014185)",2,48.36,M3G20090205T064850_V01_L0.IMG,M3G20090205T064850_V01_BDE.IMG,M3G20090205T074030_V01_FF.IMG,151.68,r,2011-08-31T08:37:51,ACTUAL,3,m3g_l1b_v04.exe,4,0.987214233356 <AU>,151.68,REVERSE,DESCENDING,"(0.213675566622,0.458132456526,181.017273014185)","(""N/A"",""N/A"",""N/A"")",N/A,"(""N/A"",""N/A"",""N/A"")",N/A,2,48.36,M3G20090205T064850_V01_L0.IMG,M3G20090205T064850_V01_BDE.IMG,M3G20090205T074030_V01_FF.IMG,151.68,u2
M3G20090205T084631,19bc,2009-06-18T08:12:55,1075,m3_igds_l0_v18.pl,18,152.09,GLOBAL,CH1-ORB-L-M3-2-L0-RAW-V1.0,2009-02-05T08:46:31,2009-02-05T08:46:59,,,,,,,,,,,,,,,,,,,,,,,,,,,,,,,,,,,,,,,,,,,,,,,,,,,,,,,,,,
M3G20090205T092400,19bc,2009-06-18T08:13:02,1075,m3_igds_l0_v18.pl,18,151.75,GLOBAL,CH1-ORB-L-M3-2-L0-RAW-V1.0,2009-02-05T09:24:00,2009-02-05T09:46:23,,,,,,,,,,,,,,,,,,,,,2010-12-23T07:32:00,ACTUAL,2,m3g_l1b_v04.exe,4,0.987259737348 <AU>,151.75,REVERSE,DESCENDING,"(0.208416137376,0.470272084229,180.851232248516)",2,48.45,M3G20090205T084631_V01_L0.IMG,M3G20090205T084631_V01_BDE.IMG,M3G20090205T092400_V01_FF.IMG,151.68,r,2011-08-31T08:37:51,ACTUAL,3,m3g_l1b_v04.exe,4,0.987259737348 <AU>,151.68,REVERSE,DESCENDING,"(0.208416137376,0.470272084229,180.851232248516)","(""N/A"",""N/A"",""N/A"")",N/A,"(""N/A"",""N/A"",""N/A"")",N/A,2,48.45,M3G20090205T084631_V01_L0.IMG,M3G20090205T084631_V01_BDE.IMG,M3G20090205T092400_V01_FF.IMG,151.68,u2
M3G20090205T094623,19bc,2009-06-18T08:18:20,1076,m3_igds_l0_v18.pl,18,151.68,GLOBAL,CH1-ORB-L-M3-2-L0-RAW-V1.0,2009-02-05T09:46:24,2009-02-05T10:11:02,,,,,,,,,,,,,,,,,,,,,2010-12-23T07:32:00,ACTUAL,2,m3g_l1b_v04.exe,4,0.987272466942 <AU>,151.68,REVERSE,DESCENDING,"(0.208416137376,0.470272084229,180.851232248516)",2,48.45,M3G20090205T104453_V01_L0.IMG,M3G20090205T104453_V01_BDE.IMG,M3G20090205T094623_V01_FF.IMG,151.68,r,2011-08-31T08:37:51,ACTUAL,3,m3g_l1b_v04.exe,4,0.987272466942 <AU>,151.68,REVERSE,DESCENDING,"(0.208416137376,0.470272084229,180.851232248516)","(""N/A"",""N/A"",""N/A"")",N/A,"(""N/A"",""N/A"",""N/A"")",N/A,2,48.45,M3G20090205T104453_V01_L0.IMG,M3G20090205T104453_V01_BDE.IMG,M3G20090205T094623_V01_FF.IMG,151.68,u2
M3G20090205T104453,19bc,2009-06-18T08:24:11,1076,m3_igds_l0_v18.pl,18,152.02,GLOBAL,CH1-ORB-L-M3-2-L0-RAW-V1.0,2009-02-05T10:44:53,2009-02-05T10:45:22,,,,,,,,,,,,,,,,,,,,,,,,,,,,,,,,,,,,,,,,,,,,,,,,,,,,,,,,,,
M3G20090205T111013,19bc,2009-06-18T08:24:17,1076,m3_igds_l0_v18.pl,18,151.68,GLOBAL,CH1-ORB-L-M3-2-L0-RAW-V1.0,2009-02-05T11:10:13,2009-02-05T11:33:40,,,,,,,,,,,,,,,,,,,,,2010-12-23T07:32:00,ACTUAL,2,m3g_l1b_v04.exe,4,0.987308769906 <AU>,151.68,REVERSE,DESCENDING,"(0.215399811787,0.437282055218,181.014679505198)",2,48.5,M3G20090205T104453_V01_L0.IMG,M3G20090205T104453_V01_BDE.IMG,M3G20090205T111013_V01_FF.IMG,151.75,r,2011-08-31T08:37:51,ACTUAL,3,m3g_l1b_v04.exe,4,0.987308769906 <AU>,151.75,REVERSE,DESCENDING,"(0.215399811787,0.437282055218,181.014679505198)","(""N/A"",""N/A"",""N/A"")",N/A,"(""N/A"",""N/A"",""N/A"")",N/A,2,48.5,M3G20090205T104453_V01_L0.IMG,M3G20090205T104453_V01_BDE.IMG,M3G20090205T111013_V01_FF.IMG,151.75,u2
M3G20090205T113340,19bc,2009-06-18T08:29:49,1077,m3_igds_l0_v18.pl,18,151.55,GLOBAL,CH1-ORB-L-M3-2-L0-RAW-V1.0,2009-02-05T11:33:40,2009-02-05T11:58:02,,,,,,,,,,,,,,,,,,,,,2010-12-23T07:32:00,ACTUAL,2,m3g_l1b_v04.exe,4,0.987316810020 <AU>,151.55,REVERSE,DESCENDING,"(0.215399811787,0.437282055218,181.014679505198)",2,48.55,M3G20090205T104453_V01_L0.IMG,M3G20090205T104453_V01_BDE.IMG,M3G20090205T113340_V01_FF.IMG,151.61,r,2011-08-31T08:37:51,ACTUAL,3,m3g_l1b_v04.exe,4,0.987316810020 <AU>,151.61,REVERSE,DESCENDING,"(0.215399811787,0.437282055218,181.014679505198)","(""N/A"",""N/A"",""N/A"")",N/A,"(""N/A"",""N/A"",""N/A"")",N/A,2,48.55,M3G20090205T104453_V01_L0.IMG,M3G20090205T104453_V01_BDE.IMG,M3G20090205T113340_V01_FF.IMG,151.61,u2
M3G20090205T124253,19bc,2009-06-18T08:35:39,1077,m3_igds_l0_v18.pl,18,151.95,GLOBAL,CH1-ORB-L-M3-2-L0-RAW-V1.0,2009-02-05T12:42:53,2009-02-05T12:43:22,,,,,,,,,,,,,,,,,,,,,,,,,,,,,,,,,,,,,,,,,,,,,,,,,,,,,,,,,,
M3G20090205T131953,19bc,2009-06-18T08:35:46,1077,m3_igds_l0_v18.pl,18,151.61,GLOBAL,CH1-ORB-L-M3-2-L0-RAW-V1.0,2009-02-05T13:19:53,2009-02-05T13:34:43,,,,,,,,,,,,,,,,,,,,,2010-12-23T07:32:00,ACTUAL,2,m3g_l1b_v04.exe,4,0.987361017923 <AU>,151.61,REVERSE,DESCENDING,"(0.211912541784,0.439046839553,180.763164518181)",2,48.59,M3G20090205T124253_V01_L0.IMG,M3G20090205T124253_V01_BDE.IMG,M3G20090205T131953_V01_FF.IMG,151.61,r,2011-08-31T08:37:51,ACTUAL,3,m3g_l1b_v04.exe,4,0.987361017923 <AU>,151.61,REVERSE,DESCENDING,"(0.211912541784,0.439046839553,180.763164518181)","(""N/A"",""N/A"",""N/A"")",N/A,"(""N/A"",""N/A"",""N/A"")",N/A,2,48.59,M3G20090205T124253_V01_L0.IMG,M3G20090205T124253_V01_BDE.IMG,M3G20090205T131953_V01_FF.IMG,151.61,u2
M3G20090205T133443,19bc,2009-06-18T08:39:17,1077,m3_igds_l0_v18.pl,18,151.55,GLOBAL,CH1-ORB-L-M3-2-L0-RAW-V1.0,2009-02-05T13:34:43,2009-02-05T14:07:22,,,,,,,,,,,,,,,,,,,,,2010-12-23T07:32:00,ACTUAL,2,m3g_l1b_v04.exe,4,0.987372507605 <AU>,151.55,REVERSE,DESCENDING,"(0.211912541784,0.439046839553,180.763164518181)",2,48.59,M3G20090205T124253_V01_L0.IMG,M3G20090205T124253_V01_BDE.IMG,M3G20090205T133443_V01_FF.IMG,151.55,r,2011-08-31T08:37:51,ACTUAL,3,m3g_l1b_v04.exe,4,0.987372507605 <AU>,151.55,REVERSE,DESCENDING,"(0.211912541784,0.439046839553,180.763164518181)","(""N/A"",""N/A"",""N/A"")",N/A,"(""N/A"",""N/A"",""N/A"")",N/A,2,48.59,M3G20090205T124253_V01_L0.IMG,M3G20090205T124253_V01_BDE.IMG,M3G20090205T133443_V01_FF.IMG,151.55,u2
M3G20090205T144053,19bc,2009-06-18T08:47:05,1077,m3_igds_l0_v18.pl,18,151.89,GLOBAL,CH1-ORB-L-M3-2-L0-RAW-V1.0,2009-02-05T14:40:53,2009-02-05T14:41:22,,,,,,,,,,,,,,,,,,,,,,,,,,,,,,,,,,,,,,,,,,,,,,,,,,,,,,,,,,
M3G20090205T150614,19bc,2009-06-18T08:47:11,1077,m3_igds_l0_v18.pl,18,151.48,GLOBAL,CH1-ORB-L-M3-2-L0-RAW-V1.0,2009-02-05T15:06:14,2009-02-05T15:37:09,,,,,,,,,,,,,,,,,,,,,2010-12-23T07:32:00,ACTUAL,2,m3g_l1b_v04.exe,4,0.987411374459 <AU>,151.48,REVERSE,DESCENDING,"(0.199690433748,0.671399657804,180.673012924127)",2,48.69,M3G20090205T144053_V01_L0.IMG,M3G20090205T144053_V01_BDE.IMG,M3G20090205T150614_V01_FF.IMG,151.48,r,2011-08-31T08:37:51,ACTUAL,3,m3g_l1b_v04.exe,4,0.987411374459 <AU>,151.48,REVERSE,DESCENDING,"(0.199690433748,0.671399657804,180.673012924127)","(""N/A"",""N/A"",""N/A"")",N/A,"(""N/A"",""N/A"",""N/A"")",N/A,2,48.69,M3G20090205T144053_V01_L0.IMG,M3G20090205T144053_V01_BDE.IMG,M3G20090205T150614_V01_FF.IMG,151.48,u2
M3G20090205T153710,19bc,2009-06-18T08:54:32,1078,m3_igds_l0_v18.pl,18,151.48,GLOBAL,CH1-ORB-L-M3-2-L0-RAW-V1.0,2009-02-05T15:37:10,2009-02-05T15:54:02,,,,,,,,,,,,,,,,,,,,,2010-12-23T07:32:00,ACTUAL,2,m3g_l1b_v04.exe,4,0.987420300356 <AU>,151.48,REVERSE,DESCENDING,"(0.199690433748,0.671399657804,180.673012924127)",2,48.69,M3G20090205T144053_V01_L0.IMG,M3G20090205T144053_V01_BDE.IMG,M3G20090205T153710_V01_FF.IMG,151.48,r,2011-08-31T08:37:51,ACTUAL,3,m3g_l1b_v04.exe,4,0.987420300356 <AU>,151.48,REVERSE,DESCENDING,"(0.199690433748,0.671399657804,180.673012924127)","(""N/A"",""N/A"",""N/A"")",N/A,"(""N/A"",""N/A"",""N/A"")",N/A,2,48.69,M3G20090205T144053_V01_L0.IMG,M3G20090205T144053_V01_BDE.IMG,M3G20090205T153710_V01_FF.IMG,151.48,u2
M3G20090205T163853,19bc,2009-06-18T08:58:34,1078,m3_igds_l0_v18.pl,18,151.68,GLOBAL,CH1-ORB-L-M3-2-L0-RAW-V1.0,2009-02-05T16:38:53,2009-02-05T16:39:22,,,,,,,,,,,,,,,,,,,,,,,,,,,,,,,,,,,,,,,,,,,,,,,,,,,,,,,,,,
M3G20090205T171614,19bc,2009-06-18T08:58:40,1078,m3_igds_l0_v18.pl,18,151.48,GLOBAL,CH1-ORB-L-M3-2-L0-RAW-V1.0,2009-02-05T17:16:14,2009-02-05T17:44:58,,,,,,,,,,,,,,,,,,,,,2010-12-23T07:32:00,ACTUAL,2,m3g_l1b_v04.exe,4,0.987464443824 <AU>,151.48,REVERSE,DESCENDING,"(0.191176727469,0.626642990701,180.988441589154)",2,48.74,M3G20090205T163853_V01_L0.IMG,M3G20090205T163853_V01_BDE.IMG,M3G20090205T171614_V01_FF.IMG,151.48,r,2011-08-31T08:37:51,ACTUAL,3,m3g_l1b_v04.exe,4,0.987464443824 <AU>,151.48,REVERSE,DESCENDING,"(0.191176727469,0.626642990701,180.988441589154)","(""N/A"",""N/A"",""N/A"")",N/A,"(""N/A"",""N/A"",""N/A"")",N/A,2,48.74,M3G20090205T163853_V01_L0.IMG,M3G20090205T163853_V01_BDE.IMG,M3G20090205T171614_V01_FF.IMG,151.48,u2
M3G20090205T174458,19bc,2009-06-18T09:05:29,1079,m3_igds_l0_v18.pl,18,151.48,GLOBAL,CH1-ORB-L-M3-2-L0-RAW-V1.0,2009-02-05T17:44:58,2009-02-05T18:03:22,,,,,,,,,,,,,,,,,,,,,2010-12-23T07:32:00,ACTUAL,2,m3g_l1b_v04.exe,4,0.987477710037 <AU>,151.48,REVERSE,DESCENDING,"(0.191176727469,0.626642990701,180.988441589154)",2,48.78,M3G20090205T183654_V01_L0.IMG,M3G20090205T183654_V01_BDE.IMG,M3G20090205T174458_V01_FF.IMG,151.48,r,2011-08-31T08:37:51,ACTUAL,3,m3g_l1b_v04.exe,4,0.987477710037 <AU>,151.48,REVERSE,DESCENDING,"(0.191176727469,0.626642990701,180.988441589154)","(""N/A"",""N/A"",""N/A"")",N/A,"(""N/A"",""N/A"",""N/A"")",N/A,2,48.78,M3G20090205T183654_V01_L0.IMG,M3G20090205T183654_V01_BDE.IMG,M3G20090205T174458_V01_FF.IMG,151.48,u2
M3G20090205T183654,19bc,2009-06-18T09:09:50,1079,m3_igds_l0_v18.pl,18,151.61,GLOBAL,CH1-ORB-L-M3-2-L0-RAW-V1.0,2009-02-05T18:36:54,2009-02-05T18:37:22,,,,,,,,,,,,,,,,,,,,,,,,,,,,,,,,,,,,,,,,,,,,,,,,,,,,,,,,,,
M3G20090205T190233,19bc,2009-06-18T09:09:57,1079,m3_igds_l0_v18.pl,18,151.48,GLOBAL,CH1-ORB-L-M3-2-L0-RAW-V1.0,2009-02-05T19:02:33,2009-02-05T19:33:13,,,,,,,,,,,,,,,,,,,,,2010-12-23T07:32:00,ACTUAL,2,m3g_l1b_v04.exe,4,0.987511300252 <AU>,151.48,REVERSE,DESCENDING,"(0.201605219185,0.652391743009,180.807976360282)",2,48.83,M3G20090205T183654_V01_L0.IMG,M3G20090205T183654_V01_BDE.IMG,M3G20090205T190233_V01_FF.IMG,151.48,r,2011-08-31T08:37:51,ACTUAL,3,m3g_l1b_v04.exe,4,0.987511300252 <AU>,151.48,REVERSE,DESCENDING,"(0.201605219185,0.652391743009,180.807976360282)","(""N/A"",""N/A"",""N/A"")",N/A,"(""N/A"",""N/A"",""N/A"")",N/A,2,48.83,M3G20090205T183654_V01_L0.IMG,M3G20090205T183654_V01_BDE.IMG,M3G20090205T190233_V01_FF.IMG,151.48,u2
M3G20090205T193313,19bc,2009-06-17T22:57:03,1080,m3_igds_l0_v18.pl,18,151.34,GLOBAL,CH1-ORB-L-M3-2-L0-RAW-V1.0,2009-02-05T19:33:13,2009-02-05T19:50:22,,,,,,,,,,,,,,,,,,,,,2010-12-23T07:32:00,ACTUAL,2,m3g_l1b_v04.exe,4,0.987520085272 <AU>,151.34,REVERSE,DESCENDING,"(0.201605219185,0.652391743009,180.807976360282)",2,48.83,M3G20090205T183654_V01_L0.IMG,M3G20090205T183654_V01_BDE.IMG,M3G20090205T193313_V01_FF.IMG,151.34,r,2011-08-31T08:37:51,ACTUAL,3,m3g_l1b_v04.exe,4,0.987520085272 <AU>,151.34,REVERSE,DESCENDING,"(0.201605219185,0.652391743009,180.807976360282)","(""N/A"",""N/A"",""N/A"")",N/A,"(""N/A"",""N/A"",""N/A"")",N/A,2,48.83,M3G20090205T183654_V01_L0.IMG,M3G20090205T183654_V01_BDE.IMG,M3G20090205T193313_V01_FF.IMG,151.34,u2
M3G20090205T203453,19bc,2009-06-17T23:01:11,1080,m3_igds_l0_v18.pl,18,151.55,GLOBAL,CH1-ORB-L-M3-2-L0-RAW-V1.0,2009-02-05T20:34:53,2009-02-05T20:35:22,,,,,,,,,,,,,,,,,,,,,,,,,,,,,,,,,,,,,,,,,,,,,,,,,,,,,,,,,,
M3G20090205T211213,19bc,2009-06-17T23:01:17,1080,m3_igds_l0_v18.pl,18,151.41,GLOBAL,CH1-ORB-L-M3-2-L0-RAW-V1.0,2009-02-05T21:12:13,2009-02-05T21:47:23,,,,,,,,,,,,,,,,,,,,,2010-12-23T07:32:00,ACTUAL,2,m3g_l1b_v04.exe,4,0.987564840553 <AU>,151.41,REVERSE,DESCENDING,"(0.204674906973,0.629567944818,180.929179969663)",2,48.93,M3G20090205T203453_V01_L0.IMG,M3G20090205T203453_V01_BDE.IMG,M3G20090205T211213_V01_FF.IMG,151.41,r,2011-08-31T08:37:51,ACTUAL,3,m3g_l1b_v04.exe,4,0.987564840553 <AU>,151.41,REVERSE,DESCENDING,"(0.204674906973,0.629567944818,180.929179969663)","(""N/A"",""N/A"",""N/A"")",N/A,"(""N/A"",""N/A"",""N/A"")",N/A,2,48.93,M3G20090205T203453_V01_L0.IMG,M3G20090205T203453_V01_BDE.IMG,M3G20090205T211213_V01_FF.IMG,151.41,u2
M3G20090205T214723,19bc,2009-06-17T23:09:41,1080,m3_igds_l0_v18.pl,18,151.41,GLOBAL,CH1-ORB-L-M3-2-L0-RAW-V1.0,2009-02-05T21:47:23,2009-02-05T21:59:22,,,,,,,,,,,,,,,,,,,,,2010-12-23T07:32:00,ACTUAL,2,m3g_l1b_v04.exe,4,0.987578664541 <AU>,151.41,REVERSE,DESCENDING,"(0.204674906973,0.629567944818,180.929179969663)",2,48.93,M3G20090205T223253_V01_L0.IMG,M3G20090205T223253_V01_BDE.IMG,M3G20090205T211213_V01_FF.IMG,151.41,r,2011-08-31T08:37:51,ACTUAL,3,m3g_l1b_v04.exe,4,0.987578664541 <AU>,151.41,REVERSE,DESCENDING,"(0.204674906973,0.629567944818,180.929179969663)","(""N/A"",""N/A"",""N/A"")",N/A,"(""N/A"",""N/A"",""N/A"")",N/A,2,48.93,M3G20090205T223253_V01_L0.IMG,M3G20090205T223253_V01_BDE.IMG,M3G20090205T211213_V01_FF.IMG,151.41,u2
M3G20090205T223253,19bc,2009-06-17T23:12:30,1080,m3_igds_l0_v18.pl,18,151.48,GLOBAL,CH1-ORB-L-M3-2-L0-RAW-V1.0,2009-02-05T22:32:53,2009-02-05T22:33:22,,,,,,,,,,,,,,,,,,,,,,,,,,,,,,,,,,,,,,,,,,,,,,,,,,,,,,,,,,
M3G20090205T225833,19bc,2009-06-17T23:12:37,1080,m3_igds_l0_v18.pl,18,151.34,GLOBAL,CH1-ORB-L-M3-2-L0-RAW-V1.0,2009-02-05T22:58:33,2009-02-05T23:30:34,,,,,,,,,,,,,,,,,,,,,2010-12-23T07:32:00,ACTUAL,2,m3g_l1b_v04.exe,4,0.987609423533 <AU>,151.34,REVERSE,DESCENDING,"(0.212480895514,0.618365121711,180.926335567466)",2,48.97,M3G20090205T223253_V01_L0.IMG,M3G20090205T223253_V01_BDE.IMG,M3G20090205T225833_V01_FF.IMG,151.48,r,2011-08-31T08:37:51,ACTUAL,3,m3g_l1b_v04.exe,4,0.987609423533 <AU>,151.48,REVERSE,DESCENDING,"(0.212480895514,0.618365121711,180.926335567466)","(""N/A"",""N/A"",""N/A"")",N/A,"(""N/A"",""N/A"",""N/A"")",N/A,2,48.97,M3G20090205T223253_V01_L0.IMG,M3G20090205T223253_V01_BDE.IMG,M3G20090205T225833_V01_FF.IMG,151.48,u2
M3G20090205T233034,19bc,2009-06-17T23:20:10,1080,m3_igds_l0_v18.pl,18,151.21,GLOBAL,CH1-ORB-L-M3-2-L0-RAW-V1.0,2009-02-05T23:30:34,2009-02-05T23:46:22,,,,,,,,,,,,,,,,,,,,,2010-12-23T07:32:00,ACTUAL,2,m3g_l1b_v04.exe,4,0.987618160423 <AU>,151.21,REVERSE,DESCENDING,"(0.212480895514,0.618365121711,180.926335567466)",2,48.97,M3G20090205T223253_V01_L0.IMG,M3G20090205T223253_V01_BDE.IMG,M3G20090205T233034_V01_FF.IMG,151.21,r,2011-08-31T08:37:51,ACTUAL,3,m3g_l1b_v04.exe,4,0.987618160423 <AU>,151.21,REVERSE,DESCENDING,"(0.212480895514,0.618365121711,180.926335567466)","(""N/A"",""N/A"",""N/A"")",N/A,"(""N/A"",""N/A"",""N/A"")",N/A,2,48.97,M3G20090205T223253_V01_L0.IMG,M3G20090205T223253_V01_BDE.IMG,M3G20090205T233034_V01_FF.IMG,151.21,u2
M3G20090206T003053,19bc,2009-06-17T23:23:58,1080,m3_igds_l0_v18.pl,18,151.41,GLOBAL,CH1-ORB-L-M3-2-L0-RAW-V1.0,2009-02-06T00:30:53,2009-02-06T00:31:22,,,,,,,,,,,,,,,,,,,,,,,,,,,,,,,,,,,,,,,,,,,,,,,,,,,,,,,,,,
M3G20090206T010833,19bc,2009-06-17T23:24:04,1080,m3_igds_l0_v18.pl,18,151.21,GLOBAL,CH1-ORB-L-M3-2-L0-RAW-V1.0,2009-02-06T01:08:33,2009-02-06T01:55:42,,,,,,,,,,,,,,,,,,,,,2010-12-23T07:32:00,ACTUAL,2,m3g_l1b_v04.exe,4,0.987665238804 <AU>,151.21,REVERSE,DESCENDING,"(0.176946016192,0.625001236899,180.921733186222)",2,49.07,M3G20090206T003053_V01_L0.IMG,M3G20090206T003053_V01_BDE.IMG,M3G20090206T010833_V01_FF.IMG,151.21,r,2011-08-31T08:37:51,ACTUAL,3,m3g_l1b_v04.exe,4,0.987665238804 <AU>,151.21,REVERSE,DESCENDING,"(0.176946016192,0.625001236899,180.921733186222)","(""N/A"",""N/A"",""N/A"")",N/A,"(""N/A"",""N/A"",""N/A"")",N/A,2,49.07,M3G20090206T003053_V01_L0.IMG,M3G20090206T003053_V01_BDE.IMG,M3G20090206T010833_V01_FF.IMG,151.21,u2
M3G20090206T022853,19bc,2009-06-17T23:35:15,1080,m3_igds_l0_v18.pl,18,151.34,GLOBAL,CH1-ORB-L-M3-2-L0-RAW-V1.0,2009-02-06T02:28:53,2009-02-06T02:29:22,,,,,,,,,,,,,,,,,,,,,,,,,,,,,,,,,,,,,,,,,,,,,,,,,,,,,,,,,,
M3G20090206T025453,19bc,2009-06-17T23:35:22,1080,m3_igds_l0_v18.pl,18,151.15,GLOBAL,CH1-ORB-L-M3-2-L0-RAW-V1.0,2009-02-06T02:54:53,2009-02-06T03:03:51,,,,,,,,,,,,,,,,,,,,,2010-12-23T07:32:00,ACTUAL,2,m3g_l1b_v04.exe,4,0.987703760434 <AU>,151.15,REVERSE,DESCENDING,"(0.166059640000,0.587594928718,180.744913567235)",2,49.11,M3G20090206T022853_V01_L0.IMG,M3G20090206T022853_V01_BDE.IMG,M3G20090206T030351_V01_FF.IMG,151.21,r,2011-08-31T08:37:51,ACTUAL,3,m3g_l1b_v04.exe,4,0.987703760434 <AU>,151.21,REVERSE,DESCENDING,"(0.166059640000,0.587594928718,180.744913567235)","(""N/A"",""N/A"",""N/A"")",N/A,"(""N/A"",""N/A"",""N/A"")",N/A,2,49.11,M3G20090206T022853_V01_L0.IMG,M3G20090206T022853_V01_BDE.IMG,M3G20090206T030351_V01_FF.IMG,151.21,u2
M3G20090206T030351,19bc,2009-06-17T23:37:29,1080,m3_igds_l0_v18.pl,18,151.15,GLOBAL,CH1-ORB-L-M3-2-L0-RAW-V1.0,2009-02-06T03:03:52,2009-02-06T03:42:22,,,,,,,,,,,,,,,,,,,,,2010-12-23T07:32:00,ACTUAL,2,m3g_l1b_v04.exe,4,0.987709150171 <AU>,151.15,REVERSE,DESCENDING,"(0.166059640000,0.587594928718,180.744913567235)",2,49.16,M3G20090206T022853_V01_L0.IMG,M3G20090206T022853_V01_BDE.IMG,M3G20090206T030351_V01_FF.IMG,151.15,r,2011-08-31T08:37:51,ACTUAL,3,m3g_l1b_v04.exe,4,0.987709150171 <AU>,151.15,REVERSE,DESCENDING,"(0.166059640000,0.587594928718,180.744913567235)","(""N/A"",""N/A"",""N/A"")",N/A,"(""N/A"",""N/A"",""N/A"")",N/A,2,49.16,M3G20090206T022853_V01_L0.IMG,M3G20090206T022853_V01_BDE.IMG,M3G20090206T030351_V01_FF.IMG,151.15,u2
M3G20090206T042653,19bc,2009-06-17T23:46:38,1080,m3_igds_l0_v18.pl,18,151.28,GLOBAL,CH1-ORB-L-M3-2-L0-RAW-V1.0,2009-02-06T04:26:53,2009-02-06T04:27:22,,,,,,,,,,,,,,,,,,,,,,,,,,,,,,,,,,,,,,,,,,,,,,,,,,,,,,,,,,
M3G20090206T050433,19bc,2009-06-17T23:46:45,1080,m3_igds_l0_v18.pl,18,151.01,GLOBAL,CH1-ORB-L-M3-2-L0-RAW-V1.0,2009-02-06T05:04:33,2009-02-06T05:06:47,,,,,,,,,,,,,,,,,,,,,2010-12-23T07:32:00,ACTUAL,2,m3g_l1b_v04.exe,4,0.987751445065 <AU>,151.01,REVERSE,DESCENDING,"(0.181080361386,0.565309495220,180.912864432674)",2,49.21,M3G20090206T042653_V01_L0.IMG,M3G20090206T042653_V01_BDE.IMG,M3G20090206T050647_V01_FF.IMG,151.01,r,2011-08-31T08:37:51,ACTUAL,3,m3g_l1b_v04.exe,4,0.987751445065 <AU>,151.01,REVERSE,DESCENDING,"(0.181080361386,0.565309495220,180.912864432674)","(""N/A"",""N/A"",""N/A"")",N/A,"(""N/A"",""N/A"",""N/A"")",N/A,2,49.21,M3G20090206T042653_V01_L0.IMG,M3G20090206T042653_V01_BDE.IMG,M3G20090206T050647_V01_FF.IMG,151.01,u2
M3G20090206T050647,19bc,2009-06-17T23:47:16,1080,m3_igds_l0_v18.pl,18,151.01,GLOBAL,CH1-ORB-L-M3-2-L0-RAW-V1.0,2009-02-06T05:06:47,2009-02-06T05:40:58,,,,,,,,,,,,,,,,,,,,,2010-12-23T07:32:00,ACTUAL,2,m3g_l1b_v04.exe,4,0.987757091588 <AU>,151.01,REVERSE,DESCENDING,"(0.181080361386,0.565309495220,180.912864432674)",2,49.21,M3G20090206T042653_V01_L0.IMG,M3G20090206T042653_V01_BDE.IMG,M3G20090206T050647_V01_FF.IMG,151.01,r,2011-08-31T08:37:51,ACTUAL,3,m3g_l1b_v04.exe,4,0.987757091588 <AU>,151.01,REVERSE,DESCENDING,"(0.181080361386,0.565309495220,180.912864432674)","(""N/A"",""N/A"",""N/A"")",N/A,"(""N/A"",""N/A"",""N/A"")",N/A,2,49.21,M3G20090206T042653_V01_L0.IMG,M3G20090206T042653_V01_BDE.IMG,M3G20090206T050647_V01_FF.IMG,151.01,u2
M3G20090206T054058,19bc,2009-06-17T23:55:26,1080,m3_igds_l0_v18.pl,18,151.08,GLOBAL,CH1-ORB-L-M3-2-L0-RAW-V1.0,2009-02-06T05:40:58,2009-02-06T05:51:42,,,,,,,,,,,,,,,,,,,,,2010-12-23T07:32:00,ACTUAL,2,m3g_l1b_v04.exe,4,0.987770291187 <AU>,151.08,REVERSE,DESCENDING,"(0.181080361386,0.565309495220,180.912864432674)",2,49.26,M3G20090206T062453_V01_L0.IMG,M3G20090206T062453_V01_BDE.IMG,M3G20090206T050647_V01_FF.IMG,151.08,r,2011-08-31T08:37:51,ACTUAL,3,m3g_l1b_v04.exe,4,0.987770291187 <AU>,151.08,REVERSE,DESCENDING,"(0.181080361386,0.565309495220,180.912864432674)","(""N/A"",""N/A"",""N/A"")",N/A,"(""N/A"",""N/A"",""N/A"")",N/A,2,49.26,M3G20090206T062453_V01_L0.IMG,M3G20090206T062453_V01_BDE.IMG,M3G20090206T050647_V01_FF.IMG,151.08,u2
M3G20090206T062453,19bc,2009-06-17T23:57:58,1080,m3_igds_l0_v18.pl,18,151.15,GLOBAL,CH1-ORB-L-M3-2-L0-RAW-V1.0,2009-02-06T06:24:53,2009-02-06T06:25:22,,,,,,,,,,,,,,,,,,,,,,,,,,,,,,,,,,,,,,,,,,,,,,,,,,,,,,,,,,
M3G20090206T065053,19bc,2009-06-17T23:58:05,1080,m3_igds_l0_v18.pl,18,151.01,GLOBAL,CH1-ORB-L-M3-2-L0-RAW-V1.0,2009-02-06T06:50:53,2009-02-06T07:38:42,,,,,,,,,,,,,,,,,,,,,2010-12-23T07:32:00,ACTUAL,2,m3g_l1b_v04.exe,4,0.987801819195 <AU>,151.01,REVERSE,DESCENDING,"(0.194968242584,0.574039385384,181.118389336383)",2,49.26,M3G20090206T062453_V01_L0.IMG,M3G20090206T062453_V01_BDE.IMG,M3G20090206T065053_V01_FF.IMG,151.15,r,2011-08-31T08:37:51,ACTUAL,3,m3g_l1b_v04.exe,4,0.987801819195 <AU>,151.15,REVERSE,DESCENDING,"(0.194968242584,0.574039385384,181.118389336383)","(""N/A"",""N/A"",""N/A"")",N/A,"(""N/A"",""N/A"",""N/A"")",N/A,2,49.26,M3G20090206T062453_V01_L0.IMG,M3G20090206T062453_V01_BDE.IMG,M3G20090206T065053_V01_FF.IMG,151.15,u2
M3G20090206T082313,19bc,2009-06-18T15:57:37,1087,m3_igds_l0_v18.pl,18,151.21,GLOBAL,CH1-ORB-L-M3-2-L0-RAW-V1.0,2009-02-06T08:23:13,2009-02-06T08:23:42,,,,,,,,,,,,,,,,,,,,,,,,,,,,,,,,,,,,,,,,,,,,,,,,,,,,,,,,,,
M3G20090206T084850,19bc,2009-06-18T15:57:44,1087,m3_igds_l0_v18.pl,18,150.95,GLOBAL,CH1-ORB-L-M3-2-L0-RAW-V1.0,2009-02-06T08:48:50,2009-02-06T09:21:12,,,,,,,,,,,,,,,,,,,,,2010-12-23T07:32:00,ACTUAL,2,m3g_l1b_v04.exe,4,0.987845100274 <AU>,150.95,REVERSE,DESCENDING,"(0.206649663584,0.559386940315,181.166486278387)",2,49.35,M3G20090206T082313_V01_L0.IMG,M3G20090206T082313_V01_BDE.IMG,M3G20090206T092112_V01_FF.IMG,151.08,r,2011-08-31T08:37:51,ACTUAL,3,m3g_l1b_v04.exe,4,0.987845100274 <AU>,151.08,REVERSE,DESCENDING,"(0.206649663584,0.559386940315,181.166486278387)","(""N/A"",""N/A"",""N/A"")",N/A,"(""N/A"",""N/A"",""N/A"")",N/A,2,49.35,M3G20090206T082313_V01_L0.IMG,M3G20090206T082313_V01_BDE.IMG,M3G20090206T092112_V01_FF.IMG,151.08,u2
M3G20090206T092112,19bc,2009-08-10T19:03:17,1088,m3_igds_l0_v18.pl,18,150.82,GLOBAL,CH1-ORB-L-M3-2-L0-RAW-V1.0,2009-02-06T09:21:12,2009-02-06T09:36:39,,,,,,,,,,,,,,,,,,,,,2010-12-23T07:32:00,ACTUAL,2,m3g_l1b_v04.exe,4,0.987853340799 <AU>,150.82,REVERSE,DESCENDING,"(0.206649663584,0.559386940315,181.166486278387)",2,49.4,M3G20090206T082313_V01_L0.IMG,M3G20090206T082313_V01_BDE.IMG,M3G20090206T092112_V01_FF.IMG,150.82,r,2011-08-31T08:37:51,ACTUAL,3,m3g_l1b_v04.exe,4,0.987853340799 <AU>,150.82,REVERSE,DESCENDING,"(0.206649663584,0.559386940315,181.166486278387)","(""N/A"",""N/A"",""N/A"")",N/A,"(""N/A"",""N/A"",""N/A"")",N/A,2,49.4,M3G20090206T082313_V01_L0.IMG,M3G20090206T082313_V01_BDE.IMG,M3G20090206T092112_V01_FF.IMG,150.82,u2
M3G20090206T102110,19bc,2009-08-10T19:07:05,1088,m3_igds_l0_v18.pl,18,151.08,GLOBAL,CH1-ORB-L-M3-2-L0-RAW-V1.0,2009-02-06T10:21:10,2009-02-06T10:21:39,,,,,,,,,,,,,,,,,,,,,,,,,,,,,,,,,,,,,,,,,,,,,,,,,,,,,,,,,,
M3G20090206T105850,19bc,2009-08-10T19:07:12,1088,m3_igds_l0_v18.pl,18,150.88,GLOBAL,CH1-ORB-L-M3-2-L0-RAW-V1.0,2009-02-06T10:58:50,2009-02-06T11:45:59,,,,,,,,,,,,,,,,,,,,,2010-12-23T07:32:00,ACTUAL,2,m3g_l1b_v04.exe,4,0.987897627914 <AU>,150.88,REVERSE,DESCENDING,"(0.205090362393,0.580028935085,180.083255809036)",2,49.45,M3G20090206T102110_V01_L0.IMG,M3G20090206T102110_V01_BDE.IMG,M3G20090206T105850_V01_FF.IMG,150.95,r,2011-08-31T08:37:51,ACTUAL,3,m3g_l1b_v04.exe,4,0.987897627914 <AU>,150.95,REVERSE,DESCENDING,"(0.205090362393,0.580028935085,180.083255809036)","(""N/A"",""N/A"",""N/A"")",N/A,"(""N/A"",""N/A"",""N/A"")",N/A,2,49.45,M3G20090206T102110_V01_L0.IMG,M3G20090206T102110_V01_BDE.IMG,M3G20090206T105850_V01_FF.IMG,150.95,u2
M3G20090206T121910,19bc,2009-08-10T19:19:27,1088,m3_igds_l0_v18.pl,18,151.08,GLOBAL,CH1-ORB-L-M3-2-L0-RAW-V1.0,2009-02-06T12:19:10,2009-02-06T12:19:39,,,,,,,,,,,,,,,,,,,,,,,,,,,,,,,,,,,,,,,,,,,,,,,,,,,,,,,,,,
M3G20090206T124510,19bc,2009-08-10T19:19:34,1088,m3_igds_l0_v18.pl,18,150.88,GLOBAL,CH1-ORB-L-M3-2-L0-RAW-V1.0,2009-02-06T12:45:10,2009-02-06T13:32:39,,,,,,,,,,,,,,,,,,,,,2010-12-23T07:32:00,ACTUAL,2,m3g_l1b_v04.exe,4,0.987937945123 <AU>,150.88,REVERSE,DESCENDING,"(0.231856940484,0.563745437613,180.826289355511)",2,49.49,M3G20090206T121910_V01_L0.IMG,M3G20090206T121910_V01_BDE.IMG,M3G20090206T124510_V01_FF.IMG,150.95,r,2011-08-31T08:37:51,ACTUAL,3,m3g_l1b_v04.exe,4,0.987937945123 <AU>,150.95,REVERSE,DESCENDING,"(0.231856940484,0.563745437613,180.826289355511)","(""N/A"",""N/A"",""N/A"")",N/A,"(""N/A"",""N/A"",""N/A"")",N/A,2,49.49,M3G20090206T121910_V01_L0.IMG,M3G20090206T121910_V01_BDE.IMG,M3G20090206T124510_V01_FF.IMG,150.95,u2
M3G20090206T141711,19bc,2009-08-10T19:31:04,1091,m3_igds_l0_v18.pl,18,150.95,GLOBAL,CH1-ORB-L-M3-2-L0-RAW-V1.0,2009-02-06T14:17:11,2009-02-06T14:17:39,,,,,,,,,,,,,,,,,,,,,,,,,,,,,,,,,,,,,,,,,,,,,,,,,,,,,,,,,,
M3G20090206T145451,19bc,2009-08-10T19:31:11,1091,m3_igds_l0_v18.pl,18,150.75,GLOBAL,CH1-ORB-L-M3-2-L0-RAW-V1.0,2009-02-06T14:54:51,2009-02-06T15:41:59,,,,,,,,,,,,,,,,,,,,,2010-12-23T07:32:00,ACTUAL,2,m3g_l1b_v04.exe,4,0.987986443159 <AU>,150.75,REVERSE,DESCENDING,"(0.198731110555,0.566714142148,181.012742977734)",2,49.59,M3G20090206T141711_V01_L0.IMG,M3G20090206T141711_V01_BDE.IMG,M3G20090206T145451_V01_FF.IMG,150.75,r,2011-08-31T08:37:51,ACTUAL,3,m3g_l1b_v04.exe,4,0.987986443159 <AU>,150.75,REVERSE,DESCENDING,"(0.198731110555,0.566714142148,181.012742977734)","(""N/A"",""N/A"",""N/A"")",N/A,"(""N/A"",""N/A"",""N/A"")",N/A,2,49.59,M3G20090206T141711_V01_L0.IMG,M3G20090206T141711_V01_BDE.IMG,M3G20090206T145451_V01_FF.IMG,150.75,u2
M3G20090206T161511,19bc,2009-08-10T19:42:32,1091,m3_igds_l0_v18.pl,18,150.88,GLOBAL,CH1-ORB-L-M3-2-L0-RAW-V1.0,2009-02-06T16:15:11,2009-02-06T16:15:39,,,,,,,,,,,,,,,,,,,,,,,,,,,,,,,,,,,,,,,,,,,,,,,,,,,,,,,,,,
M3G20090206T164110,19bc,2009-08-10T19:42:38,1091,m3_igds_l0_v18.pl,18,150.75,GLOBAL,CH1-ORB-L-M3-2-L0-RAW-V1.0,2009-02-06T16:41:10,2009-02-06T17:28:59,,,,,,,,,,,,,,,,,,,,,2010-12-23T07:32:00,ACTUAL,2,m3g_l1b_v04.exe,4,0.988025737686 <AU>,150.75,REVERSE,DESCENDING,"(0.215850704456,0.587629144397,181.076053306626)",2,49.68,M3G20090206T161511_V01_L0.IMG,M3G20090206T161511_V01_BDE.IMG,M3G20090206T164110_V01_FF.IMG,150.75,r,2011-08-31T08:37:51,ACTUAL,3,m3g_l1b_v04.exe,4,0.988025737686 <AU>,150.75,REVERSE,DESCENDING,"(0.215850704456,0.587629144397,181.076053306626)","(""N/A"",""N/A"",""N/A"")",N/A,"(""N/A"",""N/A"",""N/A"")",N/A,2,49.68,M3G20090206T161511_V01_L0.IMG,M3G20090206T161511_V01_BDE.IMG,M3G20090206T164110_V01_FF.IMG,150.75,u2
M3G20090206T181310,19bc,2009-08-10T19:54:09,1091,m3_igds_l0_v18.pl,18,150.82,GLOBAL,CH1-ORB-L-M3-2-L0-RAW-V1.0,2009-02-06T18:13:10,2009-02-06T18:13:39,,,,,,,,,,,,,,,,,,,,,,,,,,,,,,,,,,,,,,,,,,,,,,,,,,,,,,,,,,
M3G20090206T185050,19bc,2009-08-10T19:54:15,1091,m3_igds_l0_v18.pl,18,150.62,GLOBAL,CH1-ORB-L-M3-2-L0-RAW-V1.0,2009-02-06T18:50:50,2009-02-06T18:54:03,,,,,,,,,,,,,,,,,,,,,2010-12-23T07:32:00,ACTUAL,2,m3g_l1b_v04.exe,4,0.988065261423 <AU>,150.62,REVERSE,DESCENDING,"(0.228163043652,0.827171004859,181.533068424319)",2,49.73,M3G20090206T181310_V01_L0.IMG,M3G20090206T181310_V01_BDE.IMG,M3G20090206T185403_V01_FF.IMG,150.62,r,2011-08-31T08:37:51,ACTUAL,3,m3g_l1b_v04.exe,4,0.988065261423 <AU>,150.62,REVERSE,DESCENDING,"(0.228163043652,0.827171004859,181.533068424319)","(""N/A"",""N/A"",""N/A"")",N/A,"(""N/A"",""N/A"",""N/A"")",N/A,2,49.73,M3G20090206T181310_V01_L0.IMG,M3G20090206T181310_V01_BDE.IMG,M3G20090206T185403_V01_FF.IMG,150.62,u2
M3G20090206T185403,19bc,2009-06-18T00:09:24,1092,m3_igds_l0_v18.pl,18,150.62,GLOBAL,CH1-ORB-L-M3-2-L0-RAW-V1.0,2009-02-06T18:54:03,2009-02-06T19:37:59,,,,,,,,,,,,,,,,,,,,,2010-12-23T07:32:00,ACTUAL,2,m3g_l1b_v04.exe,4,0.988073326046 <AU>,150.62,REVERSE,DESCENDING,"(0.228163043652,0.827171004859,181.533068424319)",2,49.73,M3G20090206T181310_V01_L0.IMG,M3G20090206T181310_V01_BDE.IMG,M3G20090206T185403_V01_FF.IMG,150.55,r,2011-08-31T08:37:51,ACTUAL,3,m3g_l1b_v04.exe,4,0.988073326046 <AU>,150.55,REVERSE,DESCENDING,"(0.228163043652,0.827171004859,181.533068424319)","(""N/A"",""N/A"",""N/A"")",N/A,"(""N/A"",""N/A"",""N/A"")",N/A,2,49.73,M3G20090206T181310_V01_L0.IMG,M3G20090206T181310_V01_BDE.IMG,M3G20090206T185403_V01_FF.IMG,150.55,u2
M3G20090206T201110,19bc,2009-06-18T00:19:47,1092,m3_igds_l0_v18.pl,18,150.75,GLOBAL,CH1-ORB-L-M3-2-L0-RAW-V1.0,2009-02-06T20:11:10,2009-02-06T20:11:39,,,,,,,,,,,,,,,,,,,,,,,,,,,,,,,,,,,,,,,,,,,,,,,,,,,,,,,,,,
M3G20090206T203710,19bc,2009-06-18T00:19:54,1092,m3_igds_l0_v18.pl,18,150.62,GLOBAL,CH1-ORB-L-M3-2-L0-RAW-V1.0,2009-02-06T20:37:10,2009-02-06T21:24:59,,,,,,,,,,,,,,,,,,,,,2010-12-23T07:32:00,ACTUAL,2,m3g_l1b_v04.exe,4,0.988110931535 <AU>,150.62,REVERSE,DESCENDING,"(0.245281721987,0.584817968247,180.823284141628)",2,49.83,M3G20090206T201110_V01_L0.IMG,M3G20090206T201110_V01_BDE.IMG,M3G20090206T203710_V01_FF.IMG,150.62,r,2011-08-31T08:37:51,ACTUAL,3,m3g_l1b_v04.exe,4,0.988110931535 <AU>,150.62,REVERSE,DESCENDING,"(0.245281721987,0.584817968247,180.823284141628)","(""N/A"",""N/A"",""N/A"")",N/A,"(""N/A"",""N/A"",""N/A"")",N/A,2,49.83,M3G20090206T201110_V01_L0.IMG,M3G20090206T201110_V01_BDE.IMG,M3G20090206T203710_V01_FF.IMG,150.62,u2
M3G20090206T220910,19bc,2009-06-18T00:31:12,1092,m3_igds_l0_v18.pl,18,150.62,GLOBAL,CH1-ORB-L-M3-2-L0-RAW-V1.0,2009-02-06T22:09:10,2009-02-06T22:09:39,,,,,,,,,,,,,,,,,,,,,,,,,,,,,,,,,,,,,,,,,,,,,,,,,,,,,,,,,,
M3G20090206T222411,19bc,2009-06-18T00:31:18,1092,m3_igds_l0_v18.pl,18,150.62,GLOBAL,CH1-ORB-L-M3-2-L0-RAW-V1.0,2009-02-06T22:24:11,2009-02-06T22:57:21,,,,,,,,,,,,,,,,,,,,,2010-12-23T07:32:00,ACTUAL,2,m3g_l1b_v04.exe,4,0.988149331851 <AU>,150.62,REVERSE,DESCENDING,"(0.237791379298,0.578294251278,180.912251079586)",2,49.92,M3G20090206T220910_V01_L0.IMG,M3G20090206T220910_V01_BDE.IMG,M3G20090206T222411_V01_FF.IMG,150.55,r,2011-08-31T08:37:51,ACTUAL,3,m3g_l1b_v04.exe,4,0.988149331851 <AU>,150.55,REVERSE,DESCENDING,"(0.237791379298,0.578294251278,180.912251079586)","(""N/A"",""N/A"",""N/A"")",N/A,"(""N/A"",""N/A"",""N/A"")",N/A,2,49.92,M3G20090206T220910_V01_L0.IMG,M3G20090206T220910_V01_BDE.IMG,M3G20090206T225721_V01_FF.IMG,150.55,u2
M3G20090206T225721,19bc,2009-06-18T00:39:04,1093,m3_igds_l0_v18.pl,18,150.49,GLOBAL,CH1-ORB-L-M3-2-L0-RAW-V1.0,2009-02-06T22:57:21,2009-02-06T23:34:19,,,,,,,,,,,,,,,,,,,,,2010-12-23T07:32:00,ACTUAL,2,m3g_l1b_v04.exe,4,0.988158596290 <AU>,150.49,REVERSE,DESCENDING,"(0.237791379298,0.578294251278,180.912251079586)",2,49.92,M3G20090206T220910_V01_L0.IMG,M3G20090206T220910_V01_BDE.IMG,M3G20090206T225721_V01_FF.IMG,150.49,r,2011-08-31T08:37:51,ACTUAL,3,m3g_l1b_v04.exe,4,0.988158596290 <AU>,150.49,REVERSE,DESCENDING,"(0.237791379298,0.578294251278,180.912251079586)","(""N/A"",""N/A"",""N/A"")",N/A,"(""N/A"",""N/A"",""N/A"")",N/A,2,49.92,M3G20090206T220910_V01_L0.IMG,M3G20090206T220910_V01_BDE.IMG,M3G20090206T225721_V01_FF.IMG,150.49,u2
M3G20090207T000651,19bc,2009-06-18T00:47:50,1093,m3_igds_l0_v18.pl,18,150.68,GLOBAL,CH1-ORB-L-M3-2-L0-RAW-V1.0,2009-02-07T00:06:51,2009-02-07T00:07:19,,,,,,,,,,,,,,,,,,,,,,,,,,,,,,,,,,,,,,,,,,,,,,,,,,,,,,,,,,
M3G20090207T003331,19bc,2009-06-18T00:47:57,1093,m3_igds_l0_v18.pl,18,150.49,GLOBAL,CH1-ORB-L-M3-2-L0-RAW-V1.0,2009-02-07T00:33:31,2009-02-07T01:20:46,,,,,,,,,,,,,,,,,,,,,2010-12-23T07:32:00,ACTUAL,2,m3g_l1b_v04.exe,4,0.988193489738 <AU>,150.49,REVERSE,DESCENDING,"(0.244531681623,0.557489002514,181.075708455063)",2,49.97,M3G20090207T000651_V01_L0.IMG,M3G20090207T000651_V01_BDE.IMG,M3G20090207T003331_V01_FF.IMG,150.62,r,2011-08-31T08:37:51,ACTUAL,3,m3g_l1b_v04.exe,4,0.988193489738 <AU>,150.62,REVERSE,DESCENDING,"(0.244531681623,0.557489002514,181.075708455063)","(""N/A"",""N/A"",""N/A"")",N/A,"(""N/A"",""N/A"",""N/A"")",N/A,2,49.97,M3G20090207T000651_V01_L0.IMG,M3G20090207T000651_V01_BDE.IMG,M3G20090207T003331_V01_FF.IMG,150.62,u2
M3G20090207T012046,19bc,2009-06-18T00:59:09,1093,m3_igds_l0_v18.pl,18,150.55,GLOBAL,CH1-ORB-L-M3-2-L0-RAW-V1.0,2009-02-07T01:20:46,2009-02-07T01:20:59,,,,,,,,,,,,,,,,,,,,,2010-12-23T07:32:00,ACTUAL,2,m3g_l1b_v04.exe,4,0.988202834492 <AU>,150.55,REVERSE,DESCENDING,"(0.244531681623,0.557489002514,181.075708455063)",2,50.02,M3G20090207T020451_V01_L0.IMG,M3G20090207T020451_V01_BDE.IMG,M3G20090207T003331_V01_FF.IMG,150.55,r,2011-08-31T08:37:51,ACTUAL,3,m3g_l1b_v04.exe,4,0.988202834492 <AU>,150.55,REVERSE,DESCENDING,"(0.244531681623,0.557489002514,181.075708455063)","(""N/A"",""N/A"",""N/A"")",N/A,"(""N/A"",""N/A"",""N/A"")",N/A,2,50.02,M3G20090207T020451_V01_L0.IMG,M3G20090207T020451_V01_BDE.IMG,M3G20090207T003331_V01_FF.IMG,150.55,u2
M3G20090207T020451,19bc,2009-06-18T00:59:12,1093,m3_igds_l0_v18.pl,18,150.49,GLOBAL,CH1-ORB-L-M3-2-L0-RAW-V1.0,2009-02-07T02:04:51,2009-02-07T02:05:19,,,,,,,,,,,,,,,,,,,,,,,,,,,,,,,,,,,,,,,,,,,,,,,,,,,,,,,,,,
M3G20090207T022010,19bc,2009-06-18T00:59:19,1093,m3_igds_l0_v18.pl,18,150.49,GLOBAL,CH1-ORB-L-M3-2-L0-RAW-V1.0,2009-02-07T02:20:10,2009-02-07T02:31:50,,,,,,,,,,,,,,,,,,,,,2010-12-23T07:32:00,ACTUAL,2,m3g_l1b_v04.exe,4,0.988230782862 <AU>,150.49,REVERSE,DESCENDING,"(0.473939540000,0.657720650000,180.849280000000)",2,50.07,M3G20090207T020451_V01_L0.IMG,M3G20090207T020451_V01_BDE.IMG,M3G20090207T003331_V01_FF.IMG,150.49,r,2011-08-31T08:37:51,ACTUAL,3,m3g_l1b_v04.exe,4,0.988230782862 <AU>,150.49,REVERSE,DESCENDING,"(0.473939540000,0.657720650000,180.849280000000)","(""N/A"",""N/A"",""N/A"")",N/A,"(""N/A"",""N/A"",""N/A"")",N/A,2,50.07,M3G20090207T020451_V01_L0.IMG,M3G20090207T020451_V01_BDE.IMG,M3G20090207T003331_V01_FF.IMG,150.49,u2
M3G20090207T044515,19bc,2009-06-18T01:02:01,1093,m3_igds_l0_v18.pl,18,150.35,GLOBAL,CH1-ORB-L-M3-2-L0-RAW-V1.0,2009-02-07T04:45:15,2009-02-07T05:17:19,,,,,,,,,,,,,,,,,,,,,2010-12-23T07:32:00,ACTUAL,2,m3g_l1b_v04.exe,4,0.988275031288 <AU>,150.35,REVERSE,DESCENDING,"(0.248847393346,0.574579891951,180.449215474254)",2,50.16,M3G20090207T060050_V01_L0.IMG,M3G20090207T060050_V01_BDE.IMG,M3G20090207T044515_V01_FF.IMG,150.35,r,2011-08-31T08:37:51,ACTUAL,3,m3g_l1b_v04.exe,4,0.988275031288 <AU>,150.35,REVERSE,DESCENDING,"(0.248847393346,0.574579891951,180.449215474254)","(""N/A"",""N/A"",""N/A"")",N/A,"(""N/A"",""N/A"",""N/A"")",N/A,2,50.16,M3G20090207T060050_V01_L0.IMG,M3G20090207T060050_V01_BDE.IMG,M3G20090207T044515_V01_FF.IMG,150.35,u2
M3G20090207T060050,19bc,2009-06-18T01:09:36,1093,m3_igds_l0_v18.pl,18,150.49,GLOBAL,CH1-ORB-L-M3-2-L0-RAW-V1.0,2009-02-07T06:00:50,2009-02-07T06:01:19,,,,,,,,,,,,,,,,,,,,,,,,,,,,,,,,,,,,,,,,,,,,,,,,,,,,,,,,,,
M3G20090207T061610,19bc,2009-06-18T01:09:43,1093,m3_igds_l0_v18.pl,18,150.49,GLOBAL,CH1-ORB-L-M3-2-L0-RAW-V1.0,2009-02-07T06:16:10,2009-02-07T06:50:39,,,,,,,,,,,,,,,,,,,,,2010-12-23T07:32:00,ACTUAL,2,m3g_l1b_v04.exe,4,0.988309533509 <AU>,150.49,REVERSE,DESCENDING,"(0.247314926806,0.496805474333,180.859535048037)",2,50.21,M3G20090207T060050_V01_L0.IMG,M3G20090207T060050_V01_BDE.IMG,M3G20090207T065039_V01_FF.IMG,150.42,r,2011-08-31T08:37:51,ACTUAL,3,m3g_l1b_v04.exe,4,0.988309533509 <AU>,150.42,REVERSE,DESCENDING,"(0.247314926806,0.496805474333,180.859535048037)","(""N/A"",""N/A"",""N/A"")",N/A,"(""N/A"",""N/A"",""N/A"")",N/A,2,50.21,M3G20090207T060050_V01_L0.IMG,M3G20090207T060050_V01_BDE.IMG,M3G20090207T065039_V01_FF.IMG,150.42,u2
M3G20090207T065039,19bc,2009-06-18T01:17:47,1093,m3_igds_l0_v18.pl,18,150.29,GLOBAL,CH1-ORB-L-M3-2-L0-RAW-V1.0,2009-02-07T06:50:39,2009-02-07T07:26:19,,,,,,,,,,,,,,,,,,,,,2010-12-23T07:32:00,ACTUAL,2,m3g_l1b_v04.exe,4,0.988318162736 <AU>,150.29,REVERSE,DESCENDING,"(0.247314926806,0.496805474333,180.859535048037)",2,50.21,M3G20090207T060050_V01_L0.IMG,M3G20090207T060050_V01_BDE.IMG,M3G20090207T065039_V01_FF.IMG,150.29,r,2011-08-31T08:37:51,ACTUAL,3,m3g_l1b_v04.exe,4,0.988318162736 <AU>,150.29,REVERSE,DESCENDING,"(0.247314926806,0.496805474333,180.859535048037)","(""N/A"",""N/A"",""N/A"")",N/A,"(""N/A"",""N/A"",""N/A"")",N/A,2,50.21,M3G20090207T060050_V01_L0.IMG,M3G20090207T060050_V01_BDE.IMG,M3G20090207T065039_V01_FF.IMG,150.29,u2
M3G20090207T075850,19bc,2009-06-18T01:26:13,1093,m3_igds_l0_v18.pl,18,150.62,GLOBAL,CH1-ORB-L-M3-2-L0-RAW-V1.0,2009-02-07T07:58:50,2009-02-07T07:59:19,,,,,,,,,,,,,,,,,,,,,,,,,,,,,,,,,,,,,,,,,,,,,,,,,,,,,,,,,,
M3G20090207T082530,19bc,2009-06-18T01:26:20,1093,m3_igds_l0_v18.pl,18,150.42,GLOBAL,CH1-ORB-L-M3-2-L0-RAW-V1.0,2009-02-07T08:25:30,2009-02-07T08:38:36,,,,,,,,,,,,,,,,,,,,,2010-12-23T07:32:00,ACTUAL,2,m3g_l1b_v04.exe,4,0.988347569154 <AU>,150.42,REVERSE,DESCENDING,"(0.245713150410,0.479128367249,180.953665789387)",2,50.31,M3G20090207T075850_V01_L0.IMG,M3G20090207T075850_V01_BDE.IMG,M3G20090207T083836_V01_FF.IMG,150.35,r,2011-08-31T08:37:51,ACTUAL,3,m3g_l1b_v04.exe,4,0.988347569154 <AU>,150.35,REVERSE,DESCENDING,"(0.245713150410,0.479128367249,180.953665789387)","(""N/A"",""N/A"",""N/A"")",N/A,"(""N/A"",""N/A"",""N/A"")",N/A,2,50.31,M3G20090207T075850_V01_L0.IMG,M3G20090207T075850_V01_BDE.IMG,M3G20090207T083836_V01_FF.IMG,150.35,u2
M3G20090207T083836,19bc,2009-06-18T09:17:11,1099,m3_igds_l0_v18.pl,18,150.35,GLOBAL,CH1-ORB-L-M3-2-L0-RAW-V1.0,2009-02-07T08:38:36,2009-02-07T09:08:07,,,,,,,,,,,,,,,,,,,,,2010-12-23T07:32:00,ACTUAL,2,m3g_l1b_v04.exe,4,0.988350596172 <AU>,150.35,REVERSE,DESCENDING,"(0.245713150410,0.479128367249,180.953665789387)",2,50.31,M3G20090207T075850_V01_L0.IMG,M3G20090207T075850_V01_BDE.IMG,M3G20090207T083836_V01_FF.IMG,150.35,r,2011-08-31T08:37:51,ACTUAL,3,m3g_l1b_v04.exe,4,0.988350596172 <AU>,150.35,REVERSE,DESCENDING,"(0.245713150410,0.479128367249,180.953665789387)","(""N/A"",""N/A"",""N/A"")",N/A,"(""N/A"",""N/A"",""N/A"")",N/A,2,50.31,M3G20090207T075850_V01_L0.IMG,M3G20090207T075850_V01_BDE.IMG,M3G20090207T083836_V01_FF.IMG,150.35,u2
M3G20090207T090807,19bc,2009-06-18T09:24:09,1100,m3_igds_l0_v18.pl,18,150.35,GLOBAL,CH1-ORB-L-M3-2-L0-RAW-V1.0,2009-02-07T09:08:07,2009-02-07T09:13:19,,,,,,,,,,,,,,,,,,,,,2010-12-23T07:32:00,ACTUAL,2,m3g_l1b_v04.exe,4,0.988357853498 <AU>,150.35,REVERSE,DESCENDING,"(0.245713150410,0.479128367249,180.953665789387)",2,50.35,M3G20090207T095651_V01_L0.IMG,M3G20090207T095651_V01_BDE.IMG,M3G20090207T083836_V01_FF.IMG,150.35,r,2011-08-31T08:37:51,ACTUAL,3,m3g_l1b_v04.exe,4,0.988357853498 <AU>,150.35,REVERSE,DESCENDING,"(0.245713150410,0.479128367249,180.953665789387)","(""N/A"",""N/A"",""N/A"")",N/A,"(""N/A"",""N/A"",""N/A"")",N/A,2,50.35,M3G20090207T095651_V01_L0.IMG,M3G20090207T095651_V01_BDE.IMG,M3G20090207T083836_V01_FF.IMG,150.35,u2
M3G20090207T095651,19bc,2009-06-18T09:25:23,1100,m3_igds_l0_v18.pl,18,150.55,GLOBAL,CH1-ORB-L-M3-2-L0-RAW-V1.0,2009-02-07T09:56:51,2009-02-07T09:57:19,,,,,,,,,,,,,,,,,,,,,,,,,,,,,,,,,,,,,,,,,,,,,,,,,,,,,,,,,,
M3G20090207T101211,19bc,2009-06-18T09:25:30,1100,m3_igds_l0_v18.pl,18,150.22,GLOBAL,CH1-ORB-L-M3-2-L0-RAW-V1.0,2009-02-07T10:12:11,2009-02-07T10:17:50,,,,,,,,,,,,,,,,,,,,,2010-12-23T07:32:00,ACTUAL,2,m3g_l1b_v04.exe,4,0.988385723407 <AU>,150.22,REVERSE,DESCENDING,"(0.246977540673,0.536703321818,180.946883250789)",2,50.4,M3G20090207T095651_V01_L0.IMG,M3G20090207T095651_V01_BDE.IMG,M3G20090207T101211_V01_FF.IMG,150.22,r,2011-08-31T08:37:51,ACTUAL,3,m3g_l1b_v04.exe,4,0.988385723407 <AU>,150.22,REVERSE,DESCENDING,"(0.246977540673,0.536703321818,180.946883250789)","(""N/A"",""N/A"",""N/A"")",N/A,"(""N/A"",""N/A"",""N/A"")",N/A,2,50.4,M3G20090207T095651_V01_L0.IMG,M3G20090207T095651_V01_BDE.IMG,M3G20090207T101211_V01_FF.IMG,150.22,u2
M3G20090207T101751,19bc,2009-06-18T09:25:30,1100,m3_igds_l0_v18.pl,18,150.22,GLOBAL,CH1-ORB-L-M3-2-L0-RAW-V1.0,2009-02-07T10:17:51,2009-02-07T11:11:19,,,,,,,,,,,,,,,,,,,,,2010-12-23T07:32:00,ACTUAL,2,m3g_l1b_v04.exe,4,0.988387765909 <AU>,150.22,REVERSE,DESCENDING,"(0.246977540673,0.536703321818,180.946883250789)",2,50.4,M3G20090207T095651_V01_L0.IMG,M3G20090207T095651_V01_BDE.IMG,M3G20090207T101211_V01_FF.IMG,150.22,r,2011-08-31T08:37:51,ACTUAL,3,m3g_l1b_v04.exe,4,0.988387765909 <AU>,150.22,REVERSE,DESCENDING,"(0.246977540673,0.536703321818,180.946883250789)","(""N/A"",""N/A"",""N/A"")",N/A,"(""N/A"",""N/A"",""N/A"")",N/A,2,50.4,M3G20090207T095651_V01_L0.IMG,M3G20090207T095651_V01_BDE.IMG,M3G20090207T101211_V01_FF.IMG,150.22,u2
M3G20090207T115451,19bc,2009-06-18T09:39:23,1100,m3_igds_l0_v18.pl,18,150.55,GLOBAL,CH1-ORB-L-M3-2-L0-RAW-V1.0,2009-02-07T11:54:51,2009-02-07T11:55:19,,,,,,,,,,,,,,,,,,,,,,,,,,,,,,,,,,,,,,,,,,,,,,,,,,,,,,,,,,
M3G20090207T121011,19bc,2009-06-18T09:39:30,1100,m3_igds_l0_v18.pl,18,150.35,GLOBAL,CH1-ORB-L-M3-2-L0-RAW-V1.0,2009-02-07T12:10:11,2009-02-07T12:42:41,,,,,,,,,,,,,,,,,,,,,2010-12-23T07:32:00,ACTUAL,2,m3g_l1b_v04.exe,4,0.988422250417 <AU>,150.35,REVERSE,DESCENDING,"(0.240613640143,0.466620268594,181.072113213788)",2,50.45,M3G20090207T115451_V01_L0.IMG,M3G20090207T115451_V01_BDE.IMG,M3G20090207T124241_V01_FF.IMG,150.29,r,2011-08-31T08:37:51,ACTUAL,3,m3g_l1b_v04.exe,4,0.988422250417 <AU>,150.29,REVERSE,DESCENDING,"(0.240613640143,0.466620268594,181.072113213788)","(""N/A"",""N/A"",""N/A"")",N/A,"(""N/A"",""N/A"",""N/A"")",N/A,2,50.45,M3G20090207T115451_V01_L0.IMG,M3G20090207T115451_V01_BDE.IMG,M3G20090207T124241_V01_FF.IMG,150.29,u2
M3G20090207T124241,19bc,2009-06-18T09:47:05,1101,m3_igds_l0_v18.pl,18,150.16,GLOBAL,CH1-ORB-L-M3-2-L0-RAW-V1.0,2009-02-07T12:42:41,2009-02-07T13:20:19,,,,,,,,,,,,,,,,,,,,,2010-12-23T07:32:00,ACTUAL,2,m3g_l1b_v04.exe,4,0.988429848865 <AU>,150.16,REVERSE,DESCENDING,"(0.240613640143,0.466620268594,181.072113213788)",2,50.45,M3G20090207T115451_V01_L0.IMG,M3G20090207T115451_V01_BDE.IMG,M3G20090207T124241_V01_FF.IMG,150.16,r,2011-08-31T08:37:51,ACTUAL,3,m3g_l1b_v04.exe,4,0.988429848865 <AU>,150.16,REVERSE,DESCENDING,"(0.240613640143,0.466620268594,181.072113213788)","(""N/A"",""N/A"",""N/A"")",N/A,"(""N/A"",""N/A"",""N/A"")",N/A,2,50.45,M3G20090207T115451_V01_L0.IMG,M3G20090207T115451_V01_BDE.IMG,M3G20090207T124241_V01_FF.IMG,150.16,u2
M3G20090207T135251,19bc,2009-06-18T09:55:59,1101,m3_igds_l0_v18.pl,18,150.42,GLOBAL,CH1-ORB-L-M3-2-L0-RAW-V1.0,2009-02-07T13:52:51,2009-02-07T13:53:19,,,,,,,,,,,,,,,,,,,,,,,,,,,,,,,,,,,,,,,,,,,,,,,,,,,,,,,,,,
M3G20090207T141950,19bc,2009-06-18T09:56:06,1101,m3_igds_l0_v18.pl,18,150.29,GLOBAL,CH1-ORB-L-M3-2-L0-RAW-V1.0,2009-02-07T14:19:50,2009-02-07T14:23:13,,,,,,,,,,,,,,,,,,,,,2010-12-23T07:32:00,ACTUAL,2,m3g_l1b_v04.exe,4,0.988458327698 <AU>,150.29,REVERSE,DESCENDING,"(0.376719604831,0.563519540458,181.176288427669)",2,50.55,M3G20090207T135251_V01_L0.IMG,M3G20090207T135251_V01_BDE.IMG,M3G20090207T142313_V01_FF.IMG,150.22,r,2011-08-31T08:37:51,ACTUAL,3,m3g_l1b_v04.exe,4,0.988458327698 <AU>,150.22,REVERSE,DESCENDING,"(0.376719604831,0.563519540458,181.176288427669)","(""N/A"",""N/A"",""N/A"")",N/A,"(""N/A"",""N/A"",""N/A"")",N/A,2,50.55,M3G20090207T135251_V01_L0.IMG,M3G20090207T135251_V01_BDE.IMG,M3G20090207T142313_V01_FF.IMG,150.22,u2
M3G20090207T142313,19bc,2009-06-18T09:56:53,1102,m3_igds_l0_v18.pl,18,150.29,GLOBAL,CH1-ORB-L-M3-2-L0-RAW-V1.0,2009-02-07T14:23:13,2009-02-07T15:07:19,,,,,,,,,,,,,,,,,,,,,2010-12-23T07:32:00,ACTUAL,2,m3g_l1b_v04.exe,4,0.988461004995 <AU>,150.29,REVERSE,DESCENDING,"(0.376719604831,0.563519540458,181.176288427669)",2,50.55,M3G20090207T135251_V01_L0.IMG,M3G20090207T135251_V01_BDE.IMG,M3G20090207T142313_V01_FF.IMG,150.29,r,2011-08-31T08:37:51,ACTUAL,3,m3g_l1b_v04.exe,4,0.988461004995 <AU>,150.29,REVERSE,DESCENDING,"(0.376719604831,0.563519540458,181.176288427669)","(""N/A"",""N/A"",""N/A"")",N/A,"(""N/A"",""N/A"",""N/A"")",N/A,2,50.55,M3G20090207T135251_V01_L0.IMG,M3G20090207T135251_V01_BDE.IMG,M3G20090207T142313_V01_FF.IMG,150.29,u2
M3G20090207T155050,19bc,2009-06-18T10:07:20,1102,m3_igds_l0_v18.pl,18,150.29,GLOBAL,CH1-ORB-L-M3-2-L0-RAW-V1.0,2009-02-07T15:50:50,2009-02-07T15:51:19,,,,,,,,,,,,,,,,,,,,,,,,,,,,,,,,,,,,,,,,,,,,,,,,,,,,,,,,,,
M3G20090207T160610,19bc,2009-06-18T10:07:27,1102,m3_igds_l0_v18.pl,18,150.29,GLOBAL,CH1-ORB-L-M3-2-L0-RAW-V1.0,2009-02-07T16:06:10,2009-02-07T16:11:03,,,,,,,,,,,,,,,,,,,,,,,,,,,,,,,,,,,,,,,,,,,,,,,,,,,,,,,,,,
M3G20090207T161103,19bc,2009-06-18T10:08:35,1102,m3_igds_l0_v18.pl,18,150.29,GLOBAL,CH1-ORB-L-M3-2-L0-RAW-V1.0,2009-02-07T16:11:03,2009-02-07T16:55:29,,,,,,,,,,,,,,,,,,,,,2010-12-23T07:32:00,ACTUAL,2,m3g_l1b_v04.exe,4,0.988494573471 <AU>,150.29,REVERSE,DESCENDING,"(0.327058835849,0.564810393506,181.328212680807)",2,50.64,M3G20090207T155050_V01_L0.IMG,M3G20090207T160610_V01_BDE.IMG,M3G20090207T161103_V01_FF.IMG,150.22,r,2011-08-31T08:37:51,ACTUAL,3,m3g_l1b_v04.exe,4,0.988494573471 <AU>,150.22,REVERSE,DESCENDING,"(0.327058835849,0.564810393506,181.328212680807)","(""N/A"",""N/A"",""N/A"")",N/A,"(""N/A"",""N/A"",""N/A"")",N/A,2,50.64,M3G20090207T155050_V01_L0.IMG,M3G20090207T160610_V01_BDE.IMG,M3G20090207T161103_V01_FF.IMG,150.22,u2
M3G20090207T165529,19bc,2009-06-18T10:19:01,1103,m3_igds_l0_v18.pl,18,150.16,GLOBAL,CH1-ORB-L-M3-2-L0-RAW-V1.0,2009-02-07T16:55:29,2009-02-07T17:16:39,,,,,,,,,,,,,,,,,,,,,2010-12-23T07:32:00,ACTUAL,2,m3g_l1b_v04.exe,4,0.988504962866 <AU>,150.16,REVERSE,DESCENDING,"(0.327058835849,0.564810393506,181.328212680807)",2,50.64,M3G20090207T174850_V01_L0.IMG,M3G20090207T160610_V01_BDE.IMG,M3G20090207T165529_V01_FF.IMG,150.16,r,2011-08-31T08:37:51,ACTUAL,3,m3g_l1b_v04.exe,4,0.988504962866 <AU>,150.16,REVERSE,DESCENDING,"(0.327058835849,0.564810393506,181.328212680807)","(""N/A"",""N/A"",""N/A"")",N/A,"(""N/A"",""N/A"",""N/A"")",N/A,2,50.64,M3G20090207T174850_V01_L0.IMG,M3G20090207T160610_V01_BDE.IMG,M3G20090207T165529_V01_FF.IMG,150.16,u2
M3G20090207T174850,19bc,2009-06-18T10:24:00,1103,m3_igds_l0_v18.pl,18,150.35,GLOBAL,CH1-ORB-L-M3-2-L0-RAW-V1.0,2009-02-07T17:48:50,2009-02-07T17:49:19,,,,,,,,,,,,,,,,,,,,,,,,,,,,,,,,,,,,,,,,,,,,,,,,,,,,,,,,,,
M3G20090207T181550,19bc,2009-06-18T10:24:06,1103,m3_igds_l0_v18.pl,18,150.29,GLOBAL,CH1-ORB-L-M3-2-L0-RAW-V1.0,2009-02-07T18:15:50,2009-02-07T18:38:46,,,,,,,,,,,,,,,,,,,,,2010-12-23T07:32:00,ACTUAL,2,m3g_l1b_v04.exe,4,0.988528214607 <AU>,150.29,REVERSE,DESCENDING,"(0.366579460763,0.605100482213,181.094089785657)",2,50.69,M3G20090207T174850_V01_L0.IMG,M3G20090207T174850_V01_BDE.IMG,M3G20090207T183846_V01_FF.IMG,150.29,r,2011-08-31T08:37:51,ACTUAL,3,m3g_l1b_v04.exe,4,0.988528214607 <AU>,150.29,REVERSE,DESCENDING,"(0.366579460763,0.605100482213,181.094089785657)","(""N/A"",""N/A"",""N/A"")",N/A,"(""N/A"",""N/A"",""N/A"")",N/A,2,50.69,M3G20090207T174850_V01_L0.IMG,M3G20090207T174850_V01_BDE.IMG,M3G20090207T183846_V01_FF.IMG,150.29,u2
M3G20090207T183846,19bc,2009-06-18T10:29:29,1104,m3_igds_l0_v18.pl,18,150.09,GLOBAL,CH1-ORB-L-M3-2-L0-RAW-V1.0,2009-02-07T18:38:46,2009-02-07T19:03:19,,,,,,,,,,,,,,,,,,,,,2010-12-23T07:32:00,ACTUAL,2,m3g_l1b_v04.exe,4,0.988532848033 <AU>,150.09,REVERSE,DESCENDING,"(0.366579460763,0.605100482213,181.094089785657)",2,50.69,M3G20090207T174850_V01_L0.IMG,M3G20090207T174850_V01_BDE.IMG,M3G20090207T183846_V01_FF.IMG,150.09,r,2011-08-31T08:37:51,ACTUAL,3,m3g_l1b_v04.exe,4,0.988532848033 <AU>,150.09,REVERSE,DESCENDING,"(0.366579460763,0.605100482213,181.094089785657)","(""N/A"",""N/A"",""N/A"")",N/A,"(""N/A"",""N/A"",""N/A"")",N/A,2,50.69,M3G20090207T174850_V01_L0.IMG,M3G20090207T174850_V01_BDE.IMG,M3G20090207T183846_V01_FF.IMG,150.09,u2
M3G20090207T194651,19bc,2009-06-18T10:35:17,1104,m3_igds_l0_v18.pl,18,150.29,GLOBAL,CH1-ORB-L-M3-2-L0-RAW-V1.0,2009-02-07T19:46:51,2009-02-07T19:47:19,,,,,,,,,,,,,,,,,,,,,,,,,,,,,,,,,,,,,,,,,,,,,,,,,,,,,,,,,,
M3G20090207T200231,19bc,2009-06-18T10:35:23,1104,m3_igds_l0_v18.pl,18,150.22,GLOBAL,CH1-ORB-L-M3-2-L0-RAW-V1.0,2009-02-07T20:02:31,2009-02-07T20:43:27,,,,,,,,,,,,,,,,,,,,,2010-12-23T07:32:00,ACTUAL,2,m3g_l1b_v04.exe,4,0.988562484256 <AU>,150.22,REVERSE,DESCENDING,"(0.341707845288,0.569910236108,180.993357072779)",2,50.79,M3G20090207T194651_V01_L0.IMG,M3G20090207T194651_V01_BDE.IMG,M3G20090207T200231_V01_FF.IMG,150.16,r,2011-08-31T08:37:51,ACTUAL,3,m3g_l1b_v04.exe,4,0.988562484256 <AU>,150.16,REVERSE,DESCENDING,"(0.341707845288,0.569910236108,180.993357072779)","(""N/A"",""N/A"",""N/A"")",N/A,"(""N/A"",""N/A"",""N/A"")",N/A,2,50.79,M3G20090207T194651_V01_L0.IMG,M3G20090207T194651_V01_BDE.IMG,M3G20090207T200231_V01_FF.IMG,150.16,u2
M3G20090207T204327,19bc,2009-06-18T10:44:58,1104,m3_igds_l0_v18.pl,18,150.02,GLOBAL,CH1-ORB-L-M3-2-L0-RAW-V1.0,2009-02-07T20:43:28,2009-02-07T21:03:37,,,,,,,,,,,,,,,,,,,,,2010-12-23T07:32:00,ACTUAL,2,m3g_l1b_v04.exe,4,0.988568339955 <AU>,150.02,REVERSE,DESCENDING,"(0.341707845288,0.569910236108,180.993357072779)",2,50.79,M3G20090207T194651_V01_L0.IMG,M3G20090207T194651_V01_BDE.IMG,M3G20090207T204327_V01_FF.IMG,150.02,r,2011-08-31T08:37:51,ACTUAL,3,m3g_l1b_v04.exe,4,0.988568339955 <AU>,150.02,REVERSE,DESCENDING,"(0.341707845288,0.569910236108,180.993357072779)","(""N/A"",""N/A"",""N/A"")",N/A,"(""N/A"",""N/A"",""N/A"")",N/A,2,50.79,M3G20090207T194651_V01_L0.IMG,M3G20090207T194651_V01_BDE.IMG,M3G20090207T204327_V01_FF.IMG,150.02,u2
M3G20090207T210337,19bc,2009-06-18T10:49:43,1105,m3_igds_l0_v18.pl,18,150.16,GLOBAL,CH1-ORB-L-M3-2-L0-RAW-V1.0,2009-02-07T21:03:37,2009-02-07T21:12:39,,,,,,,,,,,,,,,,,,,,,2010-12-23T07:32:00,ACTUAL,2,m3g_l1b_v04.exe,4,0.988576528234 <AU>,150.16,REVERSE,DESCENDING,"(0.341707845288,0.569910236108,180.993357072779)",2,50.83,M3G20090207T214451_V01_L0.IMG,M3G20090207T214451_V01_BDE.IMG,M3G20090207T204327_V01_FF.IMG,150.16,r,2011-08-31T08:37:51,ACTUAL,3,m3g_l1b_v04.exe,4,0.988576528234 <AU>,150.16,REVERSE,DESCENDING,"(0.341707845288,0.569910236108,180.993357072779)","(""N/A"",""N/A"",""N/A"")",N/A,"(""N/A"",""N/A"",""N/A"")",N/A,2,50.83,M3G20090207T214451_V01_L0.IMG,M3G20090207T214451_V01_BDE.IMG,M3G20090207T204327_V01_FF.IMG,150.16,u2
M3G20090207T214451,19bc,2009-06-18T10:51:50,1105,m3_igds_l0_v18.pl,18,150.35,GLOBAL,CH1-ORB-L-M3-2-L0-RAW-V1.0,2009-02-07T21:44:51,2009-02-07T21:45:19,,,,,,,,,,,,,,,,,,,,,,,,,,,,,,,,,,,,,,,,,,,,,,,,,,,,,,,,,,
M3G20090207T221151,19bc,2009-06-18T10:51:56,1105,m3_igds_l0_v18.pl,18,150.09,GLOBAL,CH1-ORB-L-M3-2-L0-RAW-V1.0,2009-02-07T22:11:51,2009-02-07T22:56:24,,,,,,,,,,,,,,,,,,,,,2010-12-23T07:32:00,ACTUAL,2,m3g_l1b_v04.exe,4,0.988596929132 <AU>,150.09,REVERSE,DESCENDING,"(0.355387734186,0.582108934952,181.262670946207)",2,50.88,M3G20090207T214451_V01_L0.IMG,M3G20090207T214451_V01_BDE.IMG,M3G20090207T221151_V01_FF.IMG,150.22,r,2011-08-31T08:37:51,ACTUAL,3,m3g_l1b_v04.exe,4,0.988596929132 <AU>,150.22,REVERSE,DESCENDING,"(0.355387734186,0.582108934952,181.262670946207)","(""N/A"",""N/A"",""N/A"")",N/A,"(""N/A"",""N/A"",""N/A"")",N/A,2,50.88,M3G20090207T214451_V01_L0.IMG,M3G20090207T214451_V01_BDE.IMG,M3G20090207T221151_V01_FF.IMG,150.22,u2
M3G20090207T225624,19bc,2009-06-18T01:29:25,1105,m3_igds_l0_v18.pl,18,150.09,GLOBAL,CH1-ORB-L-M3-2-L0-RAW-V1.0,2009-02-07T22:56:24,2009-02-07T22:59:39,,,,,,,,,,,,,,,,,,,,,2010-12-23T07:32:00,ACTUAL,2,m3g_l1b_v04.exe,4,0.988604354155 <AU>,150.09,REVERSE,DESCENDING,"(0.355387734186,0.582108934952,181.262670946207)",2,50.88,M3G20090207T234250_V01_L0.IMG,M3G20090207T234250_V01_BDE.IMG,M3G20090207T221151_V01_FF.IMG,150.09,r,2011-08-31T08:37:51,ACTUAL,3,m3g_l1b_v04.exe,4,0.988604354155 <AU>,150.09,REVERSE,DESCENDING,"(0.355387734186,0.582108934952,181.262670946207)","(""N/A"",""N/A"",""N/A"")",N/A,"(""N/A"",""N/A"",""N/A"")",N/A,2,50.88,M3G20090207T234250_V01_L0.IMG,M3G20090207T234250_V01_BDE.IMG,M3G20090207T221151_V01_FF.IMG,150.09,u2
M3G20090207T234250,19bc,2009-06-18T01:30:12,1105,m3_igds_l0_v18.pl,18,150.35,GLOBAL,CH1-ORB-L-M3-2-L0-RAW-V1.0,2009-02-07T23:42:50,2009-02-07T23:43:19,,,,,,,,,,,,,,,,,,,,,,,,,,,,,,,,,,,,,,,,,,,,,,,,,,,,,,,,,,
M3G20090207T235830,19bc,2009-06-18T01:30:18,1105,m3_igds_l0_v18.pl,18,150.35,GLOBAL,CH1-ORB-L-M3-2-L0-RAW-V1.0,2009-02-07T23:58:30,2009-02-08T00:19:12,,,,,,,,,,,,,,,,,,,,,2010-12-23T07:32:00,ACTUAL,2,m3g_l1b_v04.exe,4,0.988628075450 <AU>,150.35,REVERSE,DESCENDING,"(0.357524642392,0.573723880307,180.794809906612)",2,50.88,M3G20090207T234250_V01_L0.IMG,M3G20090207T234250_V01_BDE.IMG,M3G20090207T221151_V01_FF.IMG,150.29,r,2011-08-31T08:37:51,ACTUAL,3,m3g_l1b_v04.exe,4,0.988628075450 <AU>,150.29,REVERSE,DESCENDING,"(0.357524642392,0.573723880307,180.794809906612)","(""N/A"",""N/A"",""N/A"")",N/A,"(""N/A"",""N/A"",""N/A"")",N/A,2,50.88,M3G20090207T234250_V01_L0.IMG,M3G20090207T234250_V01_BDE.IMG,M3G20090207T221151_V01_FF.IMG,150.29,u2
M3G20090208T001912,19bc,2009-06-18T01:35:08,1105,m3_igds_l0_v18.pl,18,150.09,GLOBAL,CH1-ORB-L-M3-2-L0-RAW-V1.0,2009-02-08T00:19:12,2009-02-08T01:08:39,,,,,,,,,,,,,,,,,,,,,2010-12-23T07:32:00,ACTUAL,2,m3g_l1b_v04.exe,4,0.988632509179 <AU>,150.09,REVERSE,DESCENDING,"(0.357524642392,0.573723880307,180.794809906612)",2,50.93,M3G20090208T014050_V01_L0.IMG,M3G20090208T014050_V01_BDE.IMG,M3G20090208T001912_V01_FF.IMG,150.02,r,2011-08-31T08:37:51,ACTUAL,3,m3g_l1b_v04.exe,4,0.988632509179 <AU>,150.02,REVERSE,DESCENDING,"(0.357524642392,0.573723880307,180.794809906612)","(""N/A"",""N/A"",""N/A"")",N/A,"(""N/A"",""N/A"",""N/A"")",N/A,2,50.93,M3G20090208T014050_V01_L0.IMG,M3G20090208T014050_V01_BDE.IMG,M3G20090208T001912_V01_FF.IMG,150.02,u2
M3G20090208T014050,19bc,2009-06-18T01:46:49,1105,m3_igds_l0_v18.pl,18,150.29,GLOBAL,CH1-ORB-L-M3-2-L0-RAW-V1.0,2009-02-08T01:40:50,2009-02-08T01:41:19,,,,,,,,,,,,,,,,,,,,,,,,,,,,,,,,,,,,,,,,,,,,,,,,,,,,,,,,,,
M3G20090208T020750,19bc,2009-06-18T01:46:55,1105,m3_igds_l0_v18.pl,18,150.09,GLOBAL,CH1-ORB-L-M3-2-L0-RAW-V1.0,2009-02-08T02:07:50,2009-02-08T02:18:36,,,,,,,,,,,,,,,,,,,,,2010-12-23T07:32:00,ACTUAL,2,m3g_l1b_v04.exe,4,0.988659146528 <AU>,150.09,REVERSE,DESCENDING,"(0.358443268100,0.523306263595,180.856063441470)",2,51.03,M3G20090208T014050_V01_L0.IMG,M3G20090208T014050_V01_BDE.IMG,M3G20090208T021836_V01_FF.IMG,150.16,r,2011-08-31T08:37:51,ACTUAL,3,m3g_l1b_v04.exe,4,0.988659146528 <AU>,150.16,REVERSE,DESCENDING,"(0.358443268100,0.523306263595,180.856063441470)","(""N/A"",""N/A"",""N/A"")",N/A,"(""N/A"",""N/A"",""N/A"")",N/A,2,51.03,M3G20090208T014050_V01_L0.IMG,M3G20090208T014050_V01_BDE.IMG,M3G20090208T021836_V01_FF.IMG,150.16,u2
M3G20090208T021836,19bc,2009-06-18T01:49:28,1105,m3_igds_l0_v18.pl,18,150.02,GLOBAL,CH1-ORB-L-M3-2-L0-RAW-V1.0,2009-02-08T02:18:36,2009-02-08T02:55:39,,,,,,,,,,,,,,,,,,,,,2010-12-23T07:32:00,ACTUAL,2,m3g_l1b_v04.exe,4,0.988661686440 <AU>,150.02,REVERSE,DESCENDING,"(0.358443268100,0.523306263595,180.856063441470)",2,51.03,M3G20090208T014050_V01_L0.IMG,M3G20090208T014050_V01_BDE.IMG,M3G20090208T021836_V01_FF.IMG,150.02,r,2011-08-31T08:37:51,ACTUAL,3,m3g_l1b_v04.exe,4,0.988661686440 <AU>,150.02,REVERSE,DESCENDING,"(0.358443268100,0.523306263595,180.856063441470)","(""N/A"",""N/A"",""N/A"")",N/A,"(""N/A"",""N/A"",""N/A"")",N/A,2,51.03,M3G20090208T014050_V01_L0.IMG,M3G20090208T014050_V01_BDE.IMG,M3G20090208T021836_V01_FF.IMG,150.02,u2
M3G20090208T033852,19bc,2009-06-18T01:58:09,1105,m3_igds_l0_v18.pl,18,150.02,GLOBAL,CH1-ORB-L-M3-2-L0-RAW-V1.0,2009-02-08T03:38:52,2009-02-08T03:39:20,,,,,,,,,,,,,,,,,,,,,,,,,,,,,,,,,,,,,,,,,,,,,,,,,,,,,,,,,,
M3G20090208T035432,19bc,2009-06-18T01:58:16,1105,m3_igds_l0_v18.pl,18,150.02,GLOBAL,CH1-ORB-L-M3-2-L0-RAW-V1.0,2009-02-08T03:54:32,2009-02-08T04:17:18,,,,,,,,,,,,,,,,,,,,,2010-12-23T07:32:00,ACTUAL,2,m3g_l1b_v04.exe,4,0.988690438550 <AU>,150.02,REVERSE,DESCENDING,"(0.377994167972,0.513048330185,181.126795467843)",2,51.07,M3G20090208T033852_V01_L0.IMG,M3G20090208T033852_V01_BDE.IMG,M3G20090208T021836_V01_FF.IMG,150.02,r,2011-08-31T08:37:51,ACTUAL,3,m3g_l1b_v04.exe,4,0.988690438550 <AU>,150.02,REVERSE,DESCENDING,"(0.377994167972,0.513048330185,181.126795467843)","(""N/A"",""N/A"",""N/A"")",N/A,"(""N/A"",""N/A"",""N/A"")",N/A,2,51.07,M3G20090208T033852_V01_L0.IMG,M3G20090208T033852_V01_BDE.IMG,M3G20090208T021836_V01_FF.IMG,150.02,u2
M3G20090208T061844,19bc,2009-06-18T02:03:34,1105,m3_igds_l0_v18.pl,18,149.89,GLOBAL,CH1-ORB-L-M3-2-L0-RAW-V1.0,2009-02-08T06:18:44,2009-02-08T06:51:40,,,,,,,,,,,,,,,,,,,,,2010-12-23T07:32:00,ACTUAL,2,m3g_l1b_v04.exe,4,0.988722497698 <AU>,149.89,REVERSE,DESCENDING,"(0.139313484082,0.570493561594,179.711577664713)",2,51.17,M3G20090208T073452_V01_L0.IMG,M3G20090208T073452_V01_BDE.IMG,M3G20090208T061844_V01_FF.IMG,149.89,r,2011-08-31T08:37:51,ACTUAL,3,m3g_l1b_v04.exe,4,0.988722497698 <AU>,149.89,REVERSE,DESCENDING,"(0.139313484082,0.570493561594,179.711577664713)","(""N/A"",""N/A"",""N/A"")",N/A,"(""N/A"",""N/A"",""N/A"")",N/A,2,51.17,M3G20090208T073452_V01_L0.IMG,M3G20090208T073452_V01_BDE.IMG,M3G20090208T061844_V01_FF.IMG,149.89,u2
M3G20090208T073452,19bc,2009-06-18T02:11:17,1105,m3_igds_l0_v18.pl,18,149.96,GLOBAL,CH1-ORB-L-M3-2-L0-RAW-V1.0,2009-02-08T07:34:52,2009-02-08T07:35:20,,,,,,,,,,,,,,,,,,,,,,,,,,,,,,,,,,,,,,,,,,,,,,,,,,,,,,,,,,
M3G20090208T075032,19bc,2009-06-18T02:11:24,1105,m3_igds_l0_v18.pl,18,149.96,GLOBAL,CH1-ORB-L-M3-2-L0-RAW-V1.0,2009-02-08T07:50:32,2009-02-08T08:08:38,,,,,,,,,,,,,,,,,,,,,2010-12-23T07:32:00,ACTUAL,2,m3g_l1b_v04.exe,4,0.988749952752 <AU>,149.96,REVERSE,DESCENDING,"(0.145172879362,0.524174000481,180.544393673112)",2,51.22,M3G20090208T073452_V01_L0.IMG,M3G20090208T073452_V01_BDE.IMG,M3G20090208T080838_V01_FF.IMG,149.96,r,2011-08-31T08:37:51,ACTUAL,3,m3g_l1b_v04.exe,4,0.988749952752 <AU>,149.96,REVERSE,DESCENDING,"(0.145172879362,0.524174000481,180.544393673112)","(""N/A"",""N/A"",""N/A"")",N/A,"(""N/A"",""N/A"",""N/A"")",N/A,2,51.22,M3G20090208T073452_V01_L0.IMG,M3G20090208T073452_V01_BDE.IMG,M3G20090208T080838_V01_FF.IMG,149.96,u2
M3G20090208T080838,19bc,2009-06-18T11:18:56,1112,m3_igds_l0_v18.pl,18,149.96,GLOBAL,CH1-ORB-L-M3-2-L0-RAW-V1.0,2009-02-08T08:08:38,2009-02-08T09:01:00,,,,,,,,,,,,,,,,,,,,,2010-12-23T07:32:00,ACTUAL,2,m3g_l1b_v04.exe,4,0.988753149343 <AU>,149.96,REVERSE,DESCENDING,"(0.145172879362,0.524174000481,180.544393673112)",2,51.26,M3G20090208T073452_V01_L0.IMG,M3G20090208T073452_V01_BDE.IMG,M3G20090208T080838_V01_FF.IMG,149.96,r,2011-08-31T08:37:51,ACTUAL,3,m3g_l1b_v04.exe,4,0.988753149343 <AU>,149.96,REVERSE,DESCENDING,"(0.145172879362,0.524174000481,180.544393673112)","(""N/A"",""N/A"",""N/A"")",N/A,"(""N/A"",""N/A"",""N/A"")",N/A,2,51.26,M3G20090208T073452_V01_L0.IMG,M3G20090208T073452_V01_BDE.IMG,M3G20090208T080838_V01_FF.IMG,149.96,u2
M3G20090208T093312,19bc,2009-06-18T11:31:13,1112,m3_igds_l0_v18.pl,18,150.02,GLOBAL,CH1-ORB-L-M3-2-L0-RAW-V1.0,2009-02-08T09:33:12,2009-02-08T09:33:40,,,,,,,,,,,,,,,,,,,,,,,,,,,,,,,,,,,,,,,,,,,,,,,,,,,,,,,,,,
M3G20090208T100012,19bc,2009-06-18T11:31:20,1112,m3_igds_l0_v18.pl,18,149.89,GLOBAL,CH1-ORB-L-M3-2-L0-RAW-V1.0,2009-02-08T10:00:12,2009-02-08T10:17:39,,,,,,,,,,,,,,,,,,,,,2010-12-23T07:32:00,ACTUAL,2,m3g_l1b_v04.exe,4,0.988777311293 <AU>,149.89,REVERSE,DESCENDING,"(0.274178071154,0.431303992582,180.789236314157)",2,51.36,M3G20090208T093312_V01_L0.IMG,M3G20090208T093312_V01_BDE.IMG,M3G20090208T100012_V01_FF.IMG,149.89,r,2011-08-31T08:37:51,ACTUAL,3,m3g_l1b_v04.exe,4,0.988777311293 <AU>,149.89,REVERSE,DESCENDING,"(0.274178071154,0.431303992582,180.789236314157)","(""N/A"",""N/A"",""N/A"")",N/A,"(""N/A"",""N/A"",""N/A"")",N/A,2,51.36,M3G20090208T093312_V01_L0.IMG,M3G20090208T093312_V01_BDE.IMG,M3G20090208T101739_V01_FF.IMG,149.89,u2
M3G20090208T101739,19bc,2009-06-18T16:05:22,1113,m3_igds_l0_v18.pl,18,149.76,GLOBAL,CH1-ORB-L-M3-2-L0-RAW-V1.0,2009-02-08T10:17:39,2009-02-08T10:47:40,,,,,,,,,,,,,,,,,,,,,2010-12-23T07:32:00,ACTUAL,2,m3g_l1b_v04.exe,4,0.988780031505 <AU>,149.76,REVERSE,DESCENDING,"(0.274178071154,0.431303992582,180.789236314157)",2,51.36,M3G20090208T093312_V01_L0.IMG,M3G20090208T093312_V01_BDE.IMG,M3G20090208T101739_V01_FF.IMG,149.83,r,2011-08-31T08:37:51,ACTUAL,3,m3g_l1b_v04.exe,4,0.988780031505 <AU>,149.83,REVERSE,DESCENDING,"(0.274178071154,0.431303992582,180.789236314157)","(""N/A"",""N/A"",""N/A"")",N/A,"(""N/A"",""N/A"",""N/A"")",N/A,2,51.36,M3G20090208T093312_V01_L0.IMG,M3G20090208T093312_V01_BDE.IMG,M3G20090208T101739_V01_FF.IMG,149.83,u2
M3G20090208T113112,19bc,2009-06-18T16:12:30,1113,m3_igds_l0_v18.pl,18,149.83,GLOBAL,CH1-ORB-L-M3-2-L0-RAW-V1.0,2009-02-08T11:31:12,2009-02-08T11:31:40,,,,,,,,,,,,,,,,,,,,,,,,,,,,,,,,,,,,,,,,,,,,,,,,,,,,,,,,,,
M3G20090208T114652,19bc,2009-06-18T16:12:36,1113,m3_igds_l0_v18.pl,18,149.83,GLOBAL,CH1-ORB-L-M3-2-L0-RAW-V1.0,2009-02-08T11:46:52,2009-02-08T12:18:42,,,,,,,,,,,,,,,,,,,,,2010-12-23T07:32:00,ACTUAL,2,m3g_l1b_v04.exe,4,0.988805408575 <AU>,149.83,REVERSE,DESCENDING,"(0.255525367626,0.420531686671,181.001241817995)",2,51.41,M3G20090208T113112_V01_L0.IMG,M3G20090208T113112_V01_BDE.IMG,M3G20090208T114652_V01_FF.IMG,149.83,r,2011-08-31T08:37:51,ACTUAL,3,m3g_l1b_v04.exe,4,0.988805408575 <AU>,149.83,REVERSE,DESCENDING,"(0.255525367626,0.420531686671,181.001241817995)","(""N/A"",""N/A"",""N/A"")",N/A,"(""N/A"",""N/A"",""N/A"")",N/A,2,51.41,M3G20090208T113112_V01_L0.IMG,M3G20090208T113112_V01_BDE.IMG,M3G20090208T121842_V01_FF.IMG,149.83,u2
M3G20090208T121842,19bc,2009-06-18T16:20:04,1113,m3_igds_l0_v18.pl,18,149.76,GLOBAL,CH1-ORB-L-M3-2-L0-RAW-V1.0,2009-02-08T12:18:42,2009-02-08T12:57:00,,,,,,,,,,,,,,,,,,,,,2010-12-23T07:32:00,ACTUAL,2,m3g_l1b_v04.exe,4,0.988810305852 <AU>,149.76,REVERSE,DESCENDING,"(0.255525367626,0.420531686671,181.001241817995)",2,51.41,M3G20090208T113112_V01_L0.IMG,M3G20090208T113112_V01_BDE.IMG,M3G20090208T121842_V01_FF.IMG,149.7,r,2011-08-31T08:37:51,ACTUAL,3,m3g_l1b_v04.exe,4,0.988810305852 <AU>,149.7,REVERSE,DESCENDING,"(0.255525367626,0.420531686671,181.001241817995)","(""N/A"",""N/A"",""N/A"")",N/A,"(""N/A"",""N/A"",""N/A"")",N/A,2,51.41,M3G20090208T113112_V01_L0.IMG,M3G20090208T113112_V01_BDE.IMG,M3G20090208T121842_V01_FF.IMG,149.7,u2
M3G20090208T132850,19bc,2009-06-18T16:29:09,1113,m3_igds_l0_v18.pl,18,149.96,GLOBAL,CH1-ORB-L-M3-2-L0-RAW-V1.0,2009-02-08T13:28:50,2009-02-08T13:29:19,,,,,,,,,,,,,,,,,,,,,,,,,,,,,,,,,,,,,,,,,,,,,,,,,,,,,,,,,,
M3G20090208T135610,19bc,2009-06-18T16:29:16,1113,m3_igds_l0_v18.pl,18,149.89,GLOBAL,CH1-ORB-L-M3-2-L0-RAW-V1.0,2009-02-08T13:56:10,2009-02-08T14:30:51,,,,,,,,,,,,,,,,,,,,,2010-12-23T07:32:00,ACTUAL,2,m3g_l1b_v04.exe,4,0.988831904654 <AU>,149.89,REVERSE,DESCENDING,"(0.236463489852,0.401006644824,181.074670487501)",2,51.45,M3G20090208T132850_V01_L0.IMG,M3G20090208T132850_V01_BDE.IMG,M3G20090208T135610_V01_FF.IMG,149.89,r,2011-08-31T08:37:51,ACTUAL,3,m3g_l1b_v04.exe,4,0.988831904654 <AU>,149.89,REVERSE,DESCENDING,"(0.236463489852,0.401006644824,181.074670487501)","(""N/A"",""N/A"",""N/A"")",N/A,"(""N/A"",""N/A"",""N/A"")",N/A,2,51.45,M3G20090208T132850_V01_L0.IMG,M3G20090208T132850_V01_BDE.IMG,M3G20090208T135610_V01_FF.IMG,149.89,u2
M3G20090208T143051,19bc,2009-06-18T16:37:31,1114,m3_igds_l0_v18.pl,18,149.7,GLOBAL,CH1-ORB-L-M3-2-L0-RAW-V1.0,2009-02-08T14:30:51,2009-02-08T14:43:39,,,,,,,,,,,,,,,,,,,,,2010-12-23T07:32:00,ACTUAL,2,m3g_l1b_v04.exe,4,0.988836597414 <AU>,149.7,REVERSE,DESCENDING,"(0.236463489852,0.401006644824,181.074670487501)",2,51.5,M3G20090208T152651_V01_L0.IMG,M3G20090208T152651_V01_BDE.IMG,M3G20090208T143051_V01_FF.IMG,149.7,r,2011-08-31T08:37:51,ACTUAL,3,m3g_l1b_v04.exe,4,0.988836597414 <AU>,149.7,REVERSE,DESCENDING,"(0.236463489852,0.401006644824,181.074670487501)","(""N/A"",""N/A"",""N/A"")",N/A,"(""N/A"",""N/A"",""N/A"")",N/A,2,51.5,M3G20090208T152651_V01_L0.IMG,M3G20090208T152651_V01_BDE.IMG,M3G20090208T143051_V01_FF.IMG,149.7,u2
M3G20090208T152651,19bc,2009-06-18T16:40:33,1114,m3_igds_l0_v18.pl,18,149.76,GLOBAL,CH1-ORB-L-M3-2-L0-RAW-V1.0,2009-02-08T15:26:51,2009-02-08T15:27:19,,,,,,,,,,,,,,,,,,,,,,,,,,,,,,,,,,,,,,,,,,,,,,,,,,,,,,,,,,
M3G20090208T154251,19bc,2009-06-18T16:40:39,1114,m3_igds_l0_v18.pl,18,149.76,GLOBAL,CH1-ORB-L-M3-2-L0-RAW-V1.0,2009-02-08T15:42:51,2009-02-08T16:01:25,,,,,,,,,,,,,,,,,,,,,2010-12-23T07:32:00,ACTUAL,2,m3g_l1b_v04.exe,4,0.988858884412 <AU>,149.76,REVERSE,DESCENDING,"(0.128544551840,0.552100435125,181.083322845232)",2,51.55,M3G20090208T152651_V01_L0.IMG,M3G20090208T152651_V01_BDE.IMG,M3G20090208T160125_V01_FF.IMG,149.76,r,2011-08-31T08:37:51,ACTUAL,3,m3g_l1b_v04.exe,4,0.988858884412 <AU>,149.76,REVERSE,DESCENDING,"(0.128544551840,0.552100435125,181.083322845232)","(""N/A"",""N/A"",""N/A"")",N/A,"(""N/A"",""N/A"",""N/A"")",N/A,2,51.55,M3G20090208T152651_V01_L0.IMG,M3G20090208T152651_V01_BDE.IMG,M3G20090208T160125_V01_FF.IMG,149.76,u2
M3G20090208T160125,19bc,2009-06-18T16:45:00,1114,m3_igds_l0_v18.pl,18,149.76,GLOBAL,CH1-ORB-L-M3-2-L0-RAW-V1.0,2009-02-08T16:01:26,2009-02-08T16:52:59,,,,,,,,,,,,,,,,,,,,,2010-12-23T07:32:00,ACTUAL,2,m3g_l1b_v04.exe,4,0.988861203658 <AU>,149.76,REVERSE,DESCENDING,"(0.128544551840,0.552100435125,181.083322845232)",2,51.6,M3G20090208T152651_V01_L0.IMG,M3G20090208T152651_V01_BDE.IMG,M3G20090208T160125_V01_FF.IMG,149.76,r,2011-08-31T08:37:51,ACTUAL,3,m3g_l1b_v04.exe,4,0.988861203658 <AU>,149.76,REVERSE,DESCENDING,"(0.128544551840,0.552100435125,181.083322845232)","(""N/A"",""N/A"",""N/A"")",N/A,"(""N/A"",""N/A"",""N/A"")",N/A,2,51.6,M3G20090208T152651_V01_L0.IMG,M3G20090208T152651_V01_BDE.IMG,M3G20090208T160125_V01_FF.IMG,149.76,u2
M3G20090208T172451,19bc,2009-06-18T11:35:26,1114,m3_igds_l0_v18.pl,18,149.89,GLOBAL,CH1-ORB-L-M3-2-L0-RAW-V1.0,2009-02-08T17:24:51,2009-02-08T17:25:19,,,,,,,,,,,,,,,,,,,,,,,,,,,,,,,,,,,,,,,,,,,,,,,,,,,,,,,,,,
M3G20090208T175211,19bc,2009-06-18T11:35:33,1114,m3_igds_l0_v18.pl,18,149.7,GLOBAL,CH1-ORB-L-M3-2-L0-RAW-V1.0,2009-02-08T17:52:11,2009-02-08T18:39:59,,,,,,,,,,,,,,,,,,,,,2010-12-23T07:32:00,ACTUAL,2,m3g_l1b_v04.exe,4,0.988884102951 <AU>,149.7,REVERSE,DESCENDING,"(0.297950252816,0.520609703760,181.268443997144)",2,51.64,M3G20090208T172451_V01_L0.IMG,M3G20090208T172451_V01_BDE.IMG,M3G20090208T175211_V01_FF.IMG,149.76,r,2011-08-31T08:37:51,ACTUAL,3,m3g_l1b_v04.exe,4,0.988884102951 <AU>,149.76,REVERSE,DESCENDING,"(0.297950252816,0.520609703760,181.268443997144)","(""N/A"",""N/A"",""N/A"")",N/A,"(""N/A"",""N/A"",""N/A"")",N/A,2,51.64,M3G20090208T172451_V01_L0.IMG,M3G20090208T172451_V01_BDE.IMG,M3G20090208T175211_V01_FF.IMG,149.76,u2
M3G20090208T192311,19bc,2009-06-18T16:57:13,1115,m3_igds_l0_v18.pl,18,149.76,GLOBAL,CH1-ORB-L-M3-2-L0-RAW-V1.0,2009-02-08T19:23:11,2009-02-08T19:23:39,,,,,,,,,,,,,,,,,,,,,,,,,,,,,,,,,,,,,,,,,,,,,,,,,,,,,,,,,,
M3G20090208T193851,19bc,2009-06-18T16:57:19,1115,m3_igds_l0_v18.pl,18,149.76,GLOBAL,CH1-ORB-L-M3-2-L0-RAW-V1.0,2009-02-08T19:38:51,2009-02-08T19:43:34,,,,,,,,,,,,,,,,,,,,,2010-12-23T07:32:00,ACTUAL,2,m3g_l1b_v04.exe,4,0.988909474765 <AU>,149.76,REVERSE,DESCENDING,"(0.265309822474,0.715002739545,180.526865042850)",2,51.69,M3G20090208T192311_V01_L0.IMG,M3G20090208T192311_V01_BDE.IMG,M3G20090208T193851_V01_FF.IMG,149.76,r,2011-08-31T08:37:51,ACTUAL,3,m3g_l1b_v04.exe,4,0.988909474765 <AU>,149.76,REVERSE,DESCENDING,"(0.265309822474,0.715002739545,180.526865042850)","(""N/A"",""N/A"",""N/A"")",N/A,"(""N/A"",""N/A"",""N/A"")",N/A,2,51.69,M3G20090208T192311_V01_L0.IMG,M3G20090208T192311_V01_BDE.IMG,M3G20090208T193851_V01_FF.IMG,149.76,u2
M3G20090208T194335,19bc,2009-06-18T16:57:19,1115,m3_igds_l0_v18.pl,18,149.76,GLOBAL,CH1-ORB-L-M3-2-L0-RAW-V1.0,2009-02-08T19:43:35,2009-02-08T20:13:30,,,,,,,,,,,,,,,,,,,,,2010-12-23T07:32:00,ACTUAL,2,m3g_l1b_v04.exe,4,0.988907341335 <AU>,149.76,REVERSE,DESCENDING,"(0.265309822474,0.715002739545,180.526865042850)",2,51.69,M3G20090208T192311_V01_L0.IMG,M3G20090208T192311_V01_BDE.IMG,M3G20090208T193851_V01_FF.IMG,149.76,r,2011-08-31T08:37:51,ACTUAL,3,m3g_l1b_v04.exe,4,0.988907341335 <AU>,149.76,REVERSE,DESCENDING,"(0.265309822474,0.715002739545,180.526865042850)","(""N/A"",""N/A"",""N/A"")",N/A,"(""N/A"",""N/A"",""N/A"")",N/A,2,51.69,M3G20090208T192311_V01_L0.IMG,M3G20090208T192311_V01_BDE.IMG,M3G20090208T193851_V01_FF.IMG,149.76,u2
M3G20090208T201331,19bc,2009-06-18T16:57:19,1115,m3_igds_l0_v18.pl,18,149.76,GLOBAL,CH1-ORB-L-M3-2-L0-RAW-V1.0,2009-02-08T20:13:31,2009-02-08T20:43:27,,,,,,,,,,,,,,,,,,,,,2010-12-23T07:32:00,ACTUAL,2,m3g_l1b_v04.exe,4,0.988910744768 <AU>,149.76,REVERSE,DESCENDING,"(0.265309822474,0.715002739545,180.526865042850)",2,51.69,M3G20090208T192311_V01_L0.IMG,M3G20090208T192311_V01_BDE.IMG,M3G20090208T193851_V01_FF.IMG,149.76,r,2011-08-31T08:37:51,ACTUAL,3,m3g_l1b_v04.exe,4,0.988910744768 <AU>,149.76,REVERSE,DESCENDING,"(0.265309822474,0.715002739545,180.526865042850)","(""N/A"",""N/A"",""N/A"")",N/A,"(""N/A"",""N/A"",""N/A"")",N/A,2,51.69,M3G20090208T192311_V01_L0.IMG,M3G20090208T192311_V01_BDE.IMG,M3G20090208T193851_V01_FF.IMG,149.76,u2
M3G20090208T204328,19bc,2009-06-18T16:57:19,1115,m3_igds_l0_v18.pl,18,149.76,GLOBAL,CH1-ORB-L-M3-2-L0-RAW-V1.0,2009-02-08T20:43:28,2009-02-08T20:48:59,,,,,,,,,,,,,,,,,,,,,2010-12-23T07:32:00,ACTUAL,2,m3g_l1b_v04.exe,4,0.988918774440 <AU>,149.76,REVERSE,DESCENDING,"(0.265309822474,0.715002739545,180.526865042850)",2,51.69,M3G20090208T192311_V01_L0.IMG,M3G20090208T192311_V01_BDE.IMG,M3G20090208T193851_V01_FF.IMG,149.76,r,2011-08-31T08:37:51,ACTUAL,3,m3g_l1b_v04.exe,4,0.988918774440 <AU>,149.76,REVERSE,DESCENDING,"(0.265309822474,0.715002739545,180.526865042850)","(""N/A"",""N/A"",""N/A"")",N/A,"(""N/A"",""N/A"",""N/A"")",N/A,2,51.79,M3G20090208T212111_V01_L0.IMG,M3G20090208T212111_V01_BDE.IMG,M3G20090208T193851_V01_FF.IMG,149.83,u2
M3G20090208T212111,19bc,2009-06-18T17:13:54,1116,m3_igds_l0_v18.pl,18,149.83,GLOBAL,CH1-ORB-L-M3-2-L0-RAW-V1.0,2009-02-08T21:21:11,2009-02-08T21:21:39,,,,,,,,,,,,,,,,,,,,,,,,,,,,,,,,,,,,,,,,,,,,,,,,,,,,,,,,,,
M3G20090208T214811,19bc,2009-06-18T17:14:01,1116,m3_igds_l0_v18.pl,18,149.63,GLOBAL,CH1-ORB-L-M3-2-L0-RAW-V1.0,2009-02-08T21:48:11,2009-02-08T22:35:59,,,,,,,,,,,,,,,,,,,,,2010-12-23T07:32:00,ACTUAL,2,m3g_l1b_v04.exe,4,0.988931714507 <AU>,149.63,REVERSE,DESCENDING,"(0.345777502737,0.445679747806,181.005072354716)",2,51.79,M3G20090208T212111_V01_L0.IMG,M3G20090208T212111_V01_BDE.IMG,M3G20090208T214811_V01_FF.IMG,149.76,r,2011-08-31T08:37:51,ACTUAL,3,m3g_l1b_v04.exe,4,0.988931714507 <AU>,149.76,REVERSE,DESCENDING,"(0.345777502737,0.445679747806,181.005072354716)","(""N/A"",""N/A"",""N/A"")",N/A,"(""N/A"",""N/A"",""N/A"")",N/A,2,51.79,M3G20090208T212111_V01_L0.IMG,M3G20090208T212111_V01_BDE.IMG,M3G20090208T214811_V01_FF.IMG,149.76,u2
M3G20090208T231911,19bc,2009-06-18T02:15:36,1117,m3_igds_l0_v18.pl,18,149.7,GLOBAL,CH1-ORB-L-M3-2-L0-RAW-V1.0,2009-02-08T23:19:11,2009-02-08T23:19:39,,,,,,,,,,,,,,,,,,,,,,,,,,,,,,,,,,,,,,,,,,,,,,,,,,,,,,,,,,
M3G20090208T233450,19bc,2009-06-18T02:15:43,1117,m3_igds_l0_v18.pl,18,149.7,GLOBAL,CH1-ORB-L-M3-2-L0-RAW-V1.0,2009-02-08T23:34:50,2009-02-09T23:39:39,,,,,,,,,,,,,,,,,,,,,2010-12-23T07:32:00,ACTUAL,2,m3g_l1b_v04.exe,4,0.988955888182 <AU>,149.7,REVERSE,DESCENDING,"(0.296442819874,0.476976991862,181.158642802608)",2,51.83,M3G20090208T231911_V01_L0.IMG,M3G20090208T231911_V01_BDE.IMG,M3G20090208T233450_V01_FF.IMG,149.7,r,2011-08-31T08:37:51,ACTUAL,3,m3g_l1b_v04.exe,4,0.988955888182 <AU>,149.7,REVERSE,DESCENDING,"(0.296442819874,0.476976991862,181.158642802608)","(""N/A"",""N/A"",""N/A"")",N/A,"(""N/A"",""N/A"",""N/A"")",N/A,2,51.83,M3G20090208T231911_V01_L0.IMG,M3G20090208T231911_V01_BDE.IMG,M3G20090208T233450_V01_FF.IMG,149.7,u2
M3G20090208T233940,19bc,2009-06-18T02:15:43,1117,m3_igds_l0_v18.pl,18,149.7,GLOBAL,CH1-ORB-L-M3-2-L0-RAW-V1.0,2009-02-08T23:39:40,2009-02-09T00:09:33,,,,,,,,,,,,,,,,,,,,,2010-12-23T07:32:00,ACTUAL,2,m3g_l1b_v04.exe,4,0.988953524579 <AU>,149.7,REVERSE,DESCENDING,"(0.296442819874,0.476976991862,181.158642802608)",2,51.83,M3G20090208T231911_V01_L0.IMG,M3G20090208T231911_V01_BDE.IMG,M3G20090208T233450_V01_FF.IMG,149.7,r,2011-08-31T08:37:51,ACTUAL,3,m3g_l1b_v04.exe,4,0.988953524579 <AU>,149.7,REVERSE,DESCENDING,"(0.296442819874,0.476976991862,181.158642802608)","(""N/A"",""N/A"",""N/A"")",N/A,"(""N/A"",""N/A"",""N/A"")",N/A,2,51.83,M3G20090208T231911_V01_L0.IMG,M3G20090208T231911_V01_BDE.IMG,M3G20090208T233450_V01_FF.IMG,149.7,u2
M3G20090209T000934,19bc,2009-06-18T02:15:43,1117,m3_igds_l0_v18.pl,18,149.7,GLOBAL,CH1-ORB-L-M3-2-L0-RAW-V1.0,2009-02-09T00:09:34,2009-02-09T00:39:26,,,,,,,,,,,,,,,,,,,,,2010-12-23T07:32:00,ACTUAL,2,m3g_l1b_v04.exe,4,0.988956496000 <AU>,149.7,REVERSE,DESCENDING,"(0.296442819874,0.476976991862,181.158642802608)",2,51.83,M3G20090208T231911_V01_L0.IMG,M3G20090208T231911_V01_BDE.IMG,M3G20090208T233450_V01_FF.IMG,149.7,r,2011-08-31T08:37:51,ACTUAL,3,m3g_l1b_v04.exe,4,0.988956496000 <AU>,149.7,REVERSE,DESCENDING,"(0.296442819874,0.476976991862,181.158642802608)","(""N/A"",""N/A"",""N/A"")",N/A,"(""N/A"",""N/A"",""N/A"")",N/A,2,51.93,M3G20090209T011711_V01_L0.IMG,M3G20090209T011711_V01_BDE.IMG,M3G20090209T014431_V01_FF.IMG,149.76,u2
M3G20090209T003927,19bc,2009-06-18T02:15:43,1117,m3_igds_l0_v18.pl,18,149.7,GLOBAL,CH1-ORB-L-M3-2-L0-RAW-V1.0,2009-02-09T00:39:27,2009-02-09T00:44:59,,,,,,,,,,,,,,,,,,,,,2010-12-23T07:32:00,ACTUAL,2,m3g_l1b_v04.exe,4,0.988964237970 <AU>,149.7,REVERSE,DESCENDING,"(0.296442819874,0.476976991862,181.158642802608)",2,51.83,M3G20090208T231911_V01_L0.IMG,M3G20090208T231911_V01_BDE.IMG,M3G20090208T233450_V01_FF.IMG,149.7,r,2011-08-31T08:37:51,ACTUAL,3,m3g_l1b_v04.exe,4,0.988964237970 <AU>,149.7,REVERSE,DESCENDING,"(0.296442819874,0.476976991862,181.158642802608)","(""N/A"",""N/A"",""N/A"")",N/A,"(""N/A"",""N/A"",""N/A"")",N/A,2,51.93,M3G20090209T011711_V01_L0.IMG,M3G20090209T011711_V01_BDE.IMG,M3G20090209T014431_V01_FF.IMG,149.76,u2
M3G20090209T011711,19bc,2009-06-18T02:32:07,1117,m3_igds_l0_v18.pl,18,149.76,GLOBAL,CH1-ORB-L-M3-2-L0-RAW-V1.0,2009-02-09T01:17:11,2009-02-09T01:17:39,,,,,,,,,,,,,,,,,,,,,,,,,,,,,,,,,,,,,,,,,,,,,,,,,,,,,,,,,,
M3G20090209T014431,19bc,2009-06-18T02:32:13,1117,m3_igds_l0_v18.pl,18,149.57,GLOBAL,CH1-ORB-L-M3-2-L0-RAW-V1.0,2009-02-09T01:44:31,2009-02-09T02:26:18,,,,,,,,,,,,,,,,,,,,,2010-12-23T07:32:00,ACTUAL,2,m3g_l1b_v04.exe,4,0.988975461187 <AU>,149.57,REVERSE,DESCENDING,"(0.304290926591,0.395558671190,180.974522639477)",2,51.93,M3G20090209T011711_V01_L0.IMG,M3G20090209T011711_V01_BDE.IMG,M3G20090209T014431_V01_FF.IMG,149.63,r,2011-08-31T08:37:51,ACTUAL,3,m3g_l1b_v04.exe,4,0.988975461187 <AU>,149.63,REVERSE,DESCENDING,"(0.304290926591,0.395558671190,180.974522639477)","(""N/A"",""N/A"",""N/A"")",N/A,"(""N/A"",""N/A"",""N/A"")",N/A,2,51.93,M3G20090209T011711_V01_L0.IMG,M3G20090209T011711_V01_BDE.IMG,M3G20090209T014431_V01_FF.IMG,149.63,u2
M3G20090209T022618,19bc,2009-06-18T02:42:02,1117,m3_igds_l0_v18.pl,18,149.5,GLOBAL,CH1-ORB-L-M3-2-L0-RAW-V1.0,2009-02-09T02:26:18,2009-02-09T02:31:59,,,,,,,,,,,,,,,,,,,,,2010-12-23T07:32:00,ACTUAL,2,m3g_l1b_v04.exe,4,0.988980171888 <AU>,149.5,REVERSE,DESCENDING,"(0.304290926591,0.395558671190,180.974522639477)",2,51.97,M3G20090209T031511_V01_L0.IMG,M3G20090209T031511_V01_BDE.IMG,M3G20090209T014431_V01_FF.IMG,149.5,r,2011-08-31T08:37:51,ACTUAL,3,m3g_l1b_v04.exe,4,0.988980171888 <AU>,149.5,REVERSE,DESCENDING,"(0.304290926591,0.395558671190,180.974522639477)","(""N/A"",""N/A"",""N/A"")",N/A,"(""N/A"",""N/A"",""N/A"")",N/A,2,51.97,M3G20090209T031511_V01_L0.IMG,M3G20090209T031511_V01_BDE.IMG,M3G20090209T014431_V01_FF.IMG,149.5,u2
M3G20090209T031511,19bc,2009-06-18T02:43:23,1117,m3_igds_l0_v18.pl,18,149.57,GLOBAL,CH1-ORB-L-M3-2-L0-RAW-V1.0,2009-02-09T03:15:11,2009-02-09T03:15:39,,,,,,,,,,,,,,,,,,,,,,,,,,,,,,,,,,,,,,,,,,,,,,,,,,,,,,,,,,
M3G20090209T033051,19bc,2009-06-18T02:43:30,1117,m3_igds_l0_v18.pl,18,149.57,GLOBAL,CH1-ORB-L-M3-2-L0-RAW-V1.0,2009-02-09T03:30:51,2009-02-09T04:25:03,,,,,,,,,,,,,,,,,,,,,2010-12-23T07:32:00,ACTUAL,2,m3g_l1b_v04.exe,4,0.988996889410 <AU>,149.57,REVERSE,DESCENDING,"(0.294110712990,0.367096947079,181.091952722386)",2,52.02,M3G20090209T031511_V01_L0.IMG,M3G20090209T031511_V01_BDE.IMG,M3G20090209T033051_V01_FF.IMG,149.57,r,2011-08-31T08:37:51,ACTUAL,3,m3g_l1b_v04.exe,4,0.988996889410 <AU>,149.57,REVERSE,DESCENDING,"(0.294110712990,0.367096947079,181.091952722386)","(""N/A"",""N/A"",""N/A"")",N/A,"(""N/A"",""N/A"",""N/A"")",N/A,2,52.02,M3G20090209T031511_V01_L0.IMG,M3G20090209T031511_V01_BDE.IMG,M3G20090209T033051_V01_FF.IMG,149.57,u2
M3G20090209T042503,19bc,2009-06-18T02:56:13,1117,m3_igds_l0_v18.pl,18,149.5,GLOBAL,CH1-ORB-L-M3-2-L0-RAW-V1.0,2009-02-09T04:25:03,2009-02-09T04:41:19,,,,,,,,,,,,,,,,,,,,,2010-12-23T07:32:00,ACTUAL,2,m3g_l1b_v04.exe,4,0.989003859006 <AU>,149.5,REVERSE,DESCENDING,"(0.294110712990,0.367096947079,181.091952722386)",2,52.07,M3G20090209T051311_V01_L0.IMG,M3G20090209T051311_V01_BDE.IMG,M3G20090209T033051_V01_FF.IMG,149.44,r,2011-08-31T08:37:51,ACTUAL,3,m3g_l1b_v04.exe,4,0.989003859006 <AU>,149.44,REVERSE,DESCENDING,"(0.294110712990,0.367096947079,181.091952722386)","(""N/A"",""N/A"",""N/A"")",N/A,"(""N/A"",""N/A"",""N/A"")",N/A,2,52.07,M3G20090209T051311_V01_L0.IMG,M3G20090209T051311_V01_BDE.IMG,M3G20090209T033051_V01_FF.IMG,149.44,u2
M3G20090209T051311,19bc,2009-06-18T03:00:03,1117,m3_igds_l0_v18.pl,18,149.63,GLOBAL,CH1-ORB-L-M3-2-L0-RAW-V1.0,2009-02-09T05:13:11,2009-02-09T05:13:39,,,,,,,,,,,,,,,,,,,,,,,,,,,,,,,,,,,,,,,,,,,,,,,,,,,,,,,,,,
M3G20090209T054031,19bc,2009-06-18T03:00:10,1117,m3_igds_l0_v18.pl,18,149.44,GLOBAL,CH1-ORB-L-M3-2-L0-RAW-V1.0,2009-02-09T05:40:31,2009-02-09T06:20:02,,,,,,,,,,,,,,,,,,,,,2010-12-23T07:32:00,ACTUAL,2,m3g_l1b_v04.exe,4,0.989016352350 <AU>,149.44,REVERSE,DESCENDING,"(0.319882633509,0.332863414293,180.965894534434)",2,52.12,M3G20090209T051311_V01_L0.IMG,M3G20090209T051311_V01_BDE.IMG,M3G20090209T054031_V01_FF.IMG,149.44,r,2011-08-31T08:37:51,ACTUAL,3,m3g_l1b_v04.exe,4,0.989016352350 <AU>,149.44,REVERSE,DESCENDING,"(0.319882633509,0.332863414293,180.965894534434)","(""N/A"",""N/A"",""N/A"")",N/A,"(""N/A"",""N/A"",""N/A"")",N/A,2,52.12,M3G20090209T051311_V01_L0.IMG,M3G20090209T051311_V01_BDE.IMG,M3G20090209T054031_V01_FF.IMG,149.44,u2
M3G20090209T062002,19bc,2009-06-18T03:09:29,1117,m3_igds_l0_v18.pl,18,149.38,GLOBAL,CH1-ORB-L-M3-2-L0-RAW-V1.0,2009-02-09T06:20:02,2009-02-09T06:27:59,,,,,,,,,,,,,,,,,,,,,2010-12-23T07:32:00,ACTUAL,2,m3g_l1b_v04.exe,4,0.989020387983 <AU>,149.38,REVERSE,DESCENDING,"(0.319882633509,0.332863414293,180.965894534434)",2,52.12,M3G20090209T071131_V01_L0.IMG,M3G20090209T071131_V01_BDE.IMG,M3G20090209T054031_V01_FF.IMG,149.38,r,2011-08-31T08:37:51,ACTUAL,3,m3g_l1b_v04.exe,4,0.989020387983 <AU>,149.38,REVERSE,DESCENDING,"(0.319882633509,0.332863414293,180.965894534434)","(""N/A"",""N/A"",""N/A"")",N/A,"(""N/A"",""N/A"",""N/A"")",N/A,2,52.12,M3G20090209T071131_V01_L0.IMG,M3G20090209T071131_V01_BDE.IMG,M3G20090209T054031_V01_FF.IMG,149.38,u2
M3G20090209T071131,19bc,2009-06-18T03:11:22,1117,m3_igds_l0_v18.pl,18,149.57,GLOBAL,CH1-ORB-L-M3-2-L0-RAW-V1.0,2009-02-09T07:11:31,2009-02-09T07:11:59,,,,,,,,,,,,,,,,,,,,,,,,,,,,,,,,,,,,,,,,,,,,,,,,,,,,,,,,,,
M3G20090209T072710,19bc,2009-06-18T03:11:29,1117,m3_igds_l0_v18.pl,18,149.5,GLOBAL,CH1-ORB-L-M3-2-L0-RAW-V1.0,2009-02-09T07:27:10,2009-02-09T08:01:29,,,,,,,,,,,,,,,,,,,,,2010-12-23T07:32:00,ACTUAL,2,m3g_l1b_v04.exe,4,0.989036363211 <AU>,149.5,REVERSE,DESCENDING,"(0.414587113961,0.307306268436,180.874849630236)",2,52.16,M3G20090209T071131_V01_L0.IMG,M3G20090209T071131_V01_BDE.IMG,M3G20090209T072710_V01_FF.IMG,149.44,r,2011-08-31T08:37:51,ACTUAL,3,m3g_l1b_v04.exe,4,0.989036363211 <AU>,149.44,REVERSE,DESCENDING,"(0.414587113961,0.307306268436,180.874849630236)","(""N/A"",""N/A"",""N/A"")",N/A,"(""N/A"",""N/A"",""N/A"")",N/A,2,52.16,M3G20090209T071131_V01_L0.IMG,M3G20090209T071131_V01_BDE.IMG,M3G20090209T054031_V01_FF.IMG,149.44,u2
M3G20090209T205752,19bc,2009-06-18T17:25:21,1128,m3_igds_l0_v18.pl,18,147.97,GLOBAL,CH1-ORB-L-M3-2-L0-RAW-V1.0,2009-02-09T20:57:52,2009-02-09T20:58:20,,,,,,,,,,,,,,,,,,,,,,,,,,,,,,,,,,,,,,,,,,,,,,,,,,,,,,,,,,
M3G20090209T212512,19bc,2009-06-18T17:25:28,1128,m3_igds_l0_v18.pl,18,147.79,GLOBAL,CH1-ORB-L-M3-2-L0-RAW-V1.0,2009-02-09T21:25:12,2009-02-09T22:12:20,,,,,,,,,,,,,,,,,,,,,2010-12-23T07:32:00,ACTUAL,2,m3g_l1b_v04.exe,4,0.989147902622 <AU>,147.79,REVERSE,DESCENDING,"(0.398137087359,0.461787818046,181.316843823000)",2,52.73,M3G20090209T205752_V01_L0.IMG,M3G20090209T205752_V01_BDE.IMG,M3G20090209T212512_V01_FF.IMG,147.79,r,2011-08-31T08:37:51,ACTUAL,3,m3g_l1b_v04.exe,4,0.989147902622 <AU>,147.79,REVERSE,DESCENDING,"(0.398137087359,0.461787818046,181.316843823000)","(""N/A"",""N/A"",""N/A"")",N/A,"(""N/A"",""N/A"",""N/A"")",N/A,2,52.73,M3G20090209T205752_V01_L0.IMG,M3G20090209T205752_V01_BDE.IMG,M3G20090209T212512_V01_FF.IMG,147.79,u2
M3G20090209T225552,19bc,2009-06-18T03:19:30,1130,m3_igds_l0_v18.pl,18,148.04,GLOBAL,CH1-ORB-L-M3-2-L0-RAW-V1.0,2009-02-09T22:55:52,2009-02-09T22:56:20,,,,,,,,,,,,,,,,,,,,,,,,,,,,,,,,,,,,,,,,,,,,,,,,,,,,,,,,,,
M3G20090209T233432,19bc,2009-06-18T03:19:36,1130,m3_igds_l0_v18.pl,18,147.85,GLOBAL,CH1-ORB-L-M3-2-L0-RAW-V1.0,2009-02-09T23:34:32,2009-02-10T00:21:40,,,,,,,,,,,,,,,,,,,,,2010-12-23T07:32:00,ACTUAL,2,m3g_l1b_v04.exe,4,0.989161771048 <AU>,147.85,REVERSE,DESCENDING,"(0.098081762260,0.533524155062,180.902403033041)",2,52.78,M3G20090209T225552_V01_L0.IMG,M3G20090209T225552_V01_BDE.IMG,M3G20090209T233432_V01_FF.IMG,147.85,r,2011-08-31T08:37:51,ACTUAL,3,m3g_l1b_v04.exe,4,0.989161771048 <AU>,147.85,REVERSE,DESCENDING,"(0.098081762260,0.533524155062,180.902403033041)","(""N/A"",""N/A"",""N/A"")",N/A,"(""N/A"",""N/A"",""N/A"")",N/A,2,52.78,M3G20090209T225552_V01_L0.IMG,M3G20090209T225552_V01_BDE.IMG,M3G20090209T233432_V01_FF.IMG,147.85,u2
M3G20090210T005352,19bc,2009-06-18T03:30:43,1130,m3_igds_l0_v18.pl,18,148.22,GLOBAL,CH1-ORB-L-M3-2-L0-RAW-V1.0,2009-02-10T00:53:52,2009-02-10T00:54:20,,,,,,,,,,,,,,,,,,,,,,,,,,,,,,,,,,,,,,,,,,,,,,,,,,,,,,,,,,
M3G20090210T012132,19bc,2009-06-18T03:30:50,1130,m3_igds_l0_v18.pl,18,148.1,GLOBAL,CH1-ORB-L-M3-2-L0-RAW-V1.0,2009-02-10T01:21:32,2009-02-10T01:45:35,,,,,,,,,,,,,,,,,,,,,2010-12-23T07:32:00,ACTUAL,2,m3g_l1b_v04.exe,4,0.989172181332 <AU>,148.1,REVERSE,DESCENDING,"(0.165952624643,0.472555234638,180.967340386176)",2,52.88,M3G20090210T005352_V01_L0.IMG,M3G20090210T005352_V01_BDE.IMG,M3G20090210T012132_V01_FF.IMG,148.1,r,2011-08-31T08:37:51,ACTUAL,3,m3g_l1b_v04.exe,4,0.989172181332 <AU>,148.1,REVERSE,DESCENDING,"(0.165952624643,0.472555234638,180.967340386176)","(""N/A"",""N/A"",""N/A"")",N/A,"(""N/A"",""N/A"",""N/A"")",N/A,2,52.88,M3G20090210T005352_V01_L0.IMG,M3G20090210T005352_V01_BDE.IMG,M3G20090210T012132_V01_FF.IMG,148.1,u2
M3G20090210T014535,19bc,2009-06-18T03:36:30,1130,m3_igds_l0_v18.pl,18,147.97,GLOBAL,CH1-ORB-L-M3-2-L0-RAW-V1.0,2009-02-10T01:45:35,2009-02-10T02:08:41,,,,,,,,,,,,,,,,,,,,,2010-12-23T07:32:00,ACTUAL,2,m3g_l1b_v04.exe,4,0.989172585611 <AU>,147.97,REVERSE,DESCENDING,"(0.165952624643,0.472555234638,180.967340386176)",2,52.88,M3G20090210T005352_V01_L0.IMG,M3G20090210T005352_V01_BDE.IMG,M3G20090210T014535_V01_FF.IMG,147.97,r,2011-08-31T08:37:51,ACTUAL,3,m3g_l1b_v04.exe,4,0.989172585611 <AU>,147.97,REVERSE,DESCENDING,"(0.165952624643,0.472555234638,180.967340386176)","(""N/A"",""N/A"",""N/A"")",N/A,"(""N/A"",""N/A"",""N/A"")",N/A,2,52.88,M3G20090210T005352_V01_L0.IMG,M3G20090210T005352_V01_BDE.IMG,M3G20090210T014535_V01_FF.IMG,147.97,u2
M3G20090210T025152,19bc,2009-06-18T03:41:56,1130,m3_igds_l0_v18.pl,18,148.35,GLOBAL,CH1-ORB-L-M3-2-L0-RAW-V1.0,2009-02-10T02:51:52,2009-02-10T02:52:21,,,,,,,,,,,,,,,,,,,,,,,,,,,,,,,,,,,,,,,,,,,,,,,,,,,,,,,,,,
M3G20090210T033052,19bc,2009-06-18T03:42:03,1130,m3_igds_l0_v18.pl,18,148.1,GLOBAL,CH1-ORB-L-M3-2-L0-RAW-V1.0,2009-02-10T03:30:52,2009-02-10T03:59:59,,,,,,,,,,,,,,,,,,,,,2010-12-23T07:32:00,ACTUAL,2,m3g_l1b_v04.exe,4,0.989182526474 <AU>,148.1,REVERSE,DESCENDING,"(0.132529215513,0.468647412643,180.929875446801)",2,52.97,M3G20090210T025152_V01_L0.IMG,M3G20090210T025152_V01_BDE.IMG,M3G20090210T033052_V01_FF.IMG,148.1,r,2011-08-31T08:37:51,ACTUAL,3,m3g_l1b_v04.exe,4,0.989182526474 <AU>,148.1,REVERSE,DESCENDING,"(0.132529215513,0.468647412643,180.929875446801)","(""N/A"",""N/A"",""N/A"")",N/A,"(""N/A"",""N/A"",""N/A"")",N/A,2,52.97,M3G20090210T025152_V01_L0.IMG,M3G20090210T025152_V01_BDE.IMG,M3G20090210T033052_V01_FF.IMG,148.1,u2
M3G20090210T035959,19bc,2009-06-18T03:48:52,1130,m3_igds_l0_v18.pl,18,148.16,GLOBAL,CH1-ORB-L-M3-2-L0-RAW-V1.0,2009-02-10T03:59:59,2009-02-10T04:17:41,,,,,,,,,,,,,,,,,,,,,2010-12-23T07:32:00,ACTUAL,2,m3g_l1b_v04.exe,4,0.989187578399 <AU>,148.16,REVERSE,DESCENDING,"(0.132529215513,0.468647412643,180.929875446801)",2,52.97,M3G20090210T044952_V01_L0.IMG,M3G20090210T044952_V01_BDE.IMG,M3G20090210T033052_V01_FF.IMG,148.1,r,2011-08-31T08:37:51,ACTUAL,3,m3g_l1b_v04.exe,4,0.989187578399 <AU>,148.1,REVERSE,DESCENDING,"(0.132529215513,0.468647412643,180.929875446801)","(""N/A"",""N/A"",""N/A"")",N/A,"(""N/A"",""N/A"",""N/A"")",N/A,2,52.97,M3G20090210T044952_V01_L0.IMG,M3G20090210T044952_V01_BDE.IMG,M3G20090210T033052_V01_FF.IMG,148.1,u2
M3G20090210T044952,19bc,2009-06-18T03:53:03,1130,m3_igds_l0_v18.pl,18,148.48,GLOBAL,CH1-ORB-L-M3-2-L0-RAW-V1.0,2009-02-10T04:49:52,2009-02-10T04:50:21,,,,,,,,,,,,,,,,,,,,,,,,,,,,,,,,,,,,,,,,,,,,,,,,,,,,,,,,,,
M3G20090210T051732,19bc,2009-06-18T03:53:09,1130,m3_igds_l0_v18.pl,18,148.29,GLOBAL,CH1-ORB-L-M3-2-L0-RAW-V1.0,2009-02-10T05:17:32,2009-02-10T06:03:51,,,,,,,,,,,,,,,,,,,,,2010-12-23T07:32:00,ACTUAL,2,m3g_l1b_v04.exe,4,0.989193533467 <AU>,148.29,REVERSE,DESCENDING,"(0.210856882225,0.406647760849,180.766718651295)",2,53.02,M3G20090210T044952_V01_L0.IMG,M3G20090210T044952_V01_BDE.IMG,M3G20090210T051732_V01_FF.IMG,148.29,r,2011-08-31T08:37:51,ACTUAL,3,m3g_l1b_v04.exe,4,0.989193533467 <AU>,148.29,REVERSE,DESCENDING,"(0.210856882225,0.406647760849,180.766718651295)","(""N/A"",""N/A"",""N/A"")",N/A,"(""N/A"",""N/A"",""N/A"")",N/A,2,53.02,M3G20090210T044952_V01_L0.IMG,M3G20090210T044952_V01_BDE.IMG,M3G20090210T051732_V01_FF.IMG,148.29,u2
M3G20090210T060351,19bc,2009-06-18T04:04:06,1130,m3_igds_l0_v18.pl,18,148.29,GLOBAL,CH1-ORB-L-M3-2-L0-RAW-V1.0,2009-02-10T06:03:51,2009-02-10T06:04:40,,,,,,,,,,,,,,,,,,,,,2010-12-23T07:32:00,ACTUAL,2,m3g_l1b_v04.exe,4,0.989196476774 <AU>,148.29,REVERSE,DESCENDING,"(0.210856882225,0.406647760849,180.766718651295)",2,53.07,M3G20090210T064812_V01_L0.IMG,M3G20090210T064812_V01_BDE.IMG,M3G20090210T051732_V01_FF.IMG,148.29,r,2011-08-31T08:37:51,ACTUAL,3,m3g_l1b_v04.exe,4,0.989196476774 <AU>,148.29,REVERSE,DESCENDING,"(0.210856882225,0.406647760849,180.766718651295)","(""N/A"",""N/A"",""N/A"")",N/A,"(""N/A"",""N/A"",""N/A"")",N/A,2,53.07,M3G20090210T064812_V01_L0.IMG,M3G20090210T064812_V01_BDE.IMG,M3G20090210T051732_V01_FF.IMG,148.29,u2
M3G20090210T064812,19bc,2009-06-18T04:04:18,1130,m3_igds_l0_v18.pl,18,148.54,GLOBAL,CH1-ORB-L-M3-2-L0-RAW-V1.0,2009-02-10T06:48:12,2009-02-10T06:48:41,,,,,,,,,,,,,,,,,,,,,,,,,,,,,,,,,,,,,,,,,,,,,,,,,,,,,,,,,,
M3G20090210T072652,19bc,2009-06-18T04:04:24,1130,m3_igds_l0_v18.pl,18,148.29,GLOBAL,CH1-ORB-L-M3-2-L0-RAW-V1.0,2009-02-10T07:26:52,2009-02-10T08:02:52,,,,,,,,,,,,,,,,,,,,,2010-12-23T07:32:00,ACTUAL,2,m3g_l1b_v04.exe,4,0.989202567095 <AU>,148.29,REVERSE,DESCENDING,"(0.181535925672,0.400859571902,181.098569784406)",2,53.12,M3G20090210T064812_V01_L0.IMG,M3G20090210T064812_V01_BDE.IMG,M3G20090210T072652_V01_FF.IMG,148.35,r,2011-08-31T08:37:51,ACTUAL,3,m3g_l1b_v04.exe,4,0.989202567095 <AU>,148.35,REVERSE,DESCENDING,"(0.181535925672,0.400859571902,181.098569784406)","(""N/A"",""N/A"",""N/A"")",N/A,"(""N/A"",""N/A"",""N/A"")",N/A,2,53.12,M3G20090210T064812_V01_L0.IMG,M3G20090210T064812_V01_BDE.IMG,M3G20090210T072652_V01_FF.IMG,148.35,u2
M3G20090210T080318,19bc,2009-06-18T04:12:53,1130,m3_igds_l0_v18.pl,18,148.42,GLOBAL,CH1-ORB-L-M3-2-L0-RAW-V1.0,2009-02-10T08:03:19,2009-02-10T08:03:40,,,,,,,,,,,,,,,,,,,,,2010-12-23T07:32:00,ACTUAL,2,m3g_l1b_v04.exe,4,0.989206118217 <AU>,148.42,REVERSE,DESCENDING,"(0.181535925672,0.400859571902,181.098569784406)",2,53.17,M3G20090210T064812_V01_L0.IMG,M3G20090210T064812_V01_BDE.IMG,M3G20090210T072652_V01_FF.IMG,148.42,r,2011-08-31T08:37:51,ACTUAL,3,m3g_l1b_v04.exe,4,0.989206118217 <AU>,148.42,REVERSE,DESCENDING,"(0.181535925672,0.400859571902,181.098569784406)","(""N/A"",""N/A"",""N/A"")",N/A,"(""N/A"",""N/A"",""N/A"")",N/A,2,53.17,M3G20090210T064812_V01_L0.IMG,M3G20090210T064812_V01_BDE.IMG,M3G20090210T072652_V01_FF.IMG,148.42,u2
M3G20090210T093444,19bc,2009-06-18T17:36:31,1137,m3_igds_l0_v18.pl,18,148.29,GLOBAL,CH1-ORB-L-M3-2-L0-RAW-V1.0,2009-02-10T09:34:44,2009-02-10T09:40:56,,,,,,,,,,,,,,,,,,,,,2010-12-23T07:32:00,ACTUAL,2,m3g_l1b_v04.exe,4,0.989210076474 <AU>,148.29,REVERSE,DESCENDING,"(0.067649369380,0.423903685298,181.181495274690)",2,53.21,M3G20090210T104412_V01_L0.IMG,M3G20090210T104412_V01_BDE.IMG,M3G20090210T094056_V01_FF.IMG,148.29,r,2011-08-31T08:37:51,ACTUAL,3,m3g_l1b_v04.exe,4,0.989210076474 <AU>,148.29,REVERSE,DESCENDING,"(0.067649369380,0.423903685298,181.181495274690)","(""N/A"",""N/A"",""N/A"")",N/A,"(""N/A"",""N/A"",""N/A"")",N/A,2,53.21,M3G20090210T104412_V01_L0.IMG,M3G20090210T104412_V01_BDE.IMG,M3G20090210T094056_V01_FF.IMG,148.29,u2
M3G20090210T094056,19bc,2009-06-18T11:46:48,1137,m3_igds_l0_v18.pl,18,148.29,GLOBAL,CH1-ORB-L-M3-2-L0-RAW-V1.0,2009-02-10T09:40:56,2009-02-10T10:01:00,,,,,,,,,,,,,,,,,,,,,2010-12-23T07:32:00,ACTUAL,2,m3g_l1b_v04.exe,4,0.989211668252 <AU>,148.29,REVERSE,DESCENDING,"(0.067649369380,0.423903685298,181.181495274690)",2,53.21,M3G20090210T104412_V01_L0.IMG,M3G20090210T104412_V01_BDE.IMG,M3G20090210T094056_V01_FF.IMG,148.35,r,2011-08-31T08:37:51,ACTUAL,3,m3g_l1b_v04.exe,4,0.989211668252 <AU>,148.35,REVERSE,DESCENDING,"(0.067649369380,0.423903685298,181.181495274690)","(""N/A"",""N/A"",""N/A"")",N/A,"(""N/A"",""N/A"",""N/A"")",N/A,2,53.21,M3G20090210T104412_V01_L0.IMG,M3G20090210T104412_V01_BDE.IMG,M3G20090210T094056_V01_FF.IMG,148.35,u2
M3G20090210T104412,19bc,2009-06-18T11:51:34,1137,m3_igds_l0_v18.pl,18,148.67,GLOBAL,CH1-ORB-L-M3-2-L0-RAW-V1.0,2009-02-10T10:44:12,2009-02-10T10:44:40,,,,,,,,,,,,,,,,,,,,,,,,,,,,,,,,,,,,,,,,,,,,,,,,,,,,,,,,,,
M3G20090210T112252,19bc,2009-06-18T11:51:40,1137,m3_igds_l0_v18.pl,18,148.48,GLOBAL,CH1-ORB-L-M3-2-L0-RAW-V1.0,2009-02-10T11:22:52,2009-02-10T12:10:01,,,,,,,,,,,,,,,,,,,,,2010-12-23T07:32:00,ACTUAL,2,m3g_l1b_v04.exe,4,0.989220060917 <AU>,148.48,REVERSE,DESCENDING,"(-0.011223350790,0.423685948784,181.027476008398)",2,53.26,M3G20090210T104412_V01_L0.IMG,M3G20090210T104412_V01_BDE.IMG,M3G20090210T112252_V01_FF.IMG,148.67,r,2011-08-31T08:37:51,ACTUAL,3,m3g_l1b_v04.exe,4,0.989220060917 <AU>,148.67,REVERSE,DESCENDING,"(-0.011223350790,0.423685948784,181.027476008398)","(""N/A"",""N/A"",""N/A"")",N/A,"(""N/A"",""N/A"",""N/A"")",N/A,2,53.26,M3G20090210T104412_V01_L0.IMG,M3G20090210T104412_V01_BDE.IMG,M3G20090210T112252_V01_FF.IMG,148.67,u2
M3G20090210T124212,19bc,2009-06-18T12:02:44,1137,m3_igds_l0_v18.pl,18,148.48,GLOBAL,CH1-ORB-L-M3-2-L0-RAW-V1.0,2009-02-10T12:42:12,2009-02-10T12:42:41,,,,,,,,,,,,,,,,,,,,,,,,,,,,,,,,,,,,,,,,,,,,,,,,,,,,,,,,,,
M3G20090210T130952,19bc,2009-06-18T12:02:48,1137,m3_igds_l0_v18.pl,18,148.48,GLOBAL,CH1-ORB-L-M3-2-L0-RAW-V1.0,2009-02-10T13:09:52,2009-02-10T13:10:09,,,,,,,,,,,,,,,,,,,,,,,,,,,,,,,,,,,,,,,,,,,,,,,,,,,,,,,,,,
M3G20090210T132052,19bc,2009-06-18T17:37:59,1138,m3_igds_l0_v18.pl,18,148.48,GLOBAL,CH1-ORB-L-M3-2-L0-RAW-V1.0,2009-02-10T13:20:52,2009-02-10T13:41:55,,,,,,,,,,,,,,,,,,,,,2010-12-23T07:32:00,ACTUAL,2,m3g_l1b_v04.exe,4,0.989225268366 <AU>,148.48,REVERSE,DESCENDING,"(0.079600336672,0.391059934347,181.054218459562)",2,53.36,M3G20090210T144012_V01_L0.IMG,M3G20090210T124212_V01_BDE.IMG,M3G20090210T132052_V01_FF.IMG,148.61,r,2011-08-31T08:37:51,ACTUAL,3,m3g_l1b_v04.exe,4,0.989225268366 <AU>,148.61,REVERSE,DESCENDING,"(0.079600336672,0.391059934347,181.054218459562)","(""N/A"",""N/A"",""N/A"")",N/A,"(""N/A"",""N/A"",""N/A"")",N/A,2,53.36,M3G20090210T144012_V01_L0.IMG,M3G20090210T144012_V01_BDE.IMG,M3G20090210T112252_V01_FF.IMG,148.61,u2
M3G20090210T144012,19bc,2009-06-18T17:42:53,1138,m3_igds_l0_v18.pl,18,148.61,GLOBAL,CH1-ORB-L-M3-2-L0-RAW-V1.0,2009-02-10T14:40:12,2009-02-10T14:40:41,,,,,,,,,,,,,,,,,,,,,,,,,,,,,,,,,,,,,,,,,,,,,,,,,,,,,,,,,,
M3G20090210T151912,19bc,2009-06-18T17:43:00,1138,m3_igds_l0_v18.pl,18,148.48,GLOBAL,CH1-ORB-L-M3-2-L0-RAW-V1.0,2009-02-10T15:19:12,2009-02-10T15:50:15,,,,,,,,,,,,,,,,,,,,,2010-12-23T07:32:00,ACTUAL,2,m3g_l1b_v04.exe,4,0.989231701411 <AU>,148.48,REVERSE,DESCENDING,"(0.097021212250,0.613976565225,180.841443007736)",2,53.45,M3G20090210T144012_V01_L0.IMG,M3G20090210T144012_V01_BDE.IMG,M3G20090210T151912_V01_FF.IMG,148.48,r,2011-08-31T08:37:51,ACTUAL,3,m3g_l1b_v04.exe,4,0.989231701411 <AU>,148.48,REVERSE,DESCENDING,"(0.097021212250,0.613976565225,180.841443007736)","(""N/A"",""N/A"",""N/A"")",N/A,"(""N/A"",""N/A"",""N/A"")",N/A,2,53.45,M3G20090210T144012_V01_L0.IMG,M3G20090210T144012_V01_BDE.IMG,M3G20090210T151912_V01_FF.IMG,148.48,u2
M3G20090210T155054,19bc,2009-06-18T17:50:18,1138,m3_igds_l0_v18.pl,18,148.48,GLOBAL,CH1-ORB-L-M3-2-L0-RAW-V1.0,2009-02-10T15:50:54,2009-02-10T16:03:25,,,,,,,,,,,,,,,,,,,,,2010-12-23T07:32:00,ACTUAL,2,m3g_l1b_v04.exe,4,0.989235576414 <AU>,148.48,REVERSE,DESCENDING,"(0.097021212250,0.613976565225,180.841443007736)",2,53.45,M3G20090210T144012_V01_L0.IMG,M3G20090210T144012_V01_BDE.IMG,M3G20090210T151912_V01_FF.IMG,148.48,r,2011-08-31T08:37:51,ACTUAL,3,m3g_l1b_v04.exe,4,0.989235576414 <AU>,148.48,REVERSE,DESCENDING,"(0.097021212250,0.613976565225,180.841443007736)","(""N/A"",""N/A"",""N/A"")",N/A,"(""N/A"",""N/A"",""N/A"")",N/A,2,53.45,M3G20090210T144012_V01_L0.IMG,M3G20090210T144012_V01_BDE.IMG,M3G20090210T151912_V01_FF.IMG,148.48,u2
M3G20090210T171205,19bc,2009-06-18T17:53:14,1138,m3_igds_l0_v18.pl,18,148.54,GLOBAL,CH1-ORB-L-M3-2-L0-RAW-V1.0,2009-02-10T17:12:05,2009-02-10T17:53:01,,,,,,,,,,,,,,,,,,,,,2010-12-23T07:32:00,ACTUAL,2,m3g_l1b_v04.exe,4,0.989237589703 <AU>,148.54,REVERSE,DESCENDING,"(0.161749551130,0.571878561479,180.895927350583)",2,53.5,M3G20090210T183632_V01_L0.IMG,M3G20090210T183632_V01_BDE.IMG,M3G20090210T171205_V01_FF.IMG,148.48,r,2011-08-31T08:37:51,ACTUAL,3,m3g_l1b_v04.exe,4,0.989237589703 <AU>,148.48,REVERSE,DESCENDING,"(0.161749551130,0.571878561479,180.895927350583)","(""N/A"",""N/A"",""N/A"")",N/A,"(""N/A"",""N/A"",""N/A"")",N/A,2,53.5,M3G20090210T183632_V01_L0.IMG,M3G20090210T183632_V01_BDE.IMG,M3G20090210T171205_V01_FF.IMG,148.48,u2
M3G20090210T183632,19bc,2009-06-18T18:02:54,1138,m3_igds_l0_v18.pl,18,148.67,GLOBAL,CH1-ORB-L-M3-2-L0-RAW-V1.0,2009-02-10T18:36:32,2009-02-10T18:37:01,,,,,,,,,,,,,,,,,,,,,,,,,,,,,,,,,,,,,,,,,,,,,,,,,,,,,,,,,,
M3G20090210T191512,19bc,2009-06-18T18:03:01,1138,m3_igds_l0_v18.pl,18,148.54,GLOBAL,CH1-ORB-L-M3-2-L0-RAW-V1.0,2009-02-10T19:15:12,2009-02-10T20:02:20,,,,,,,,,,,,,,,,,,,,,2010-12-23T07:32:00,ACTUAL,2,m3g_l1b_v04.exe,4,0.989243071477 <AU>,148.54,REVERSE,DESCENDING,"(0.124849276949,0.561259787135,180.791087619556)",2,53.6,M3G20090210T183632_V01_L0.IMG,M3G20090210T183632_V01_BDE.IMG,M3G20090210T191512_V01_FF.IMG,148.48,r,2011-08-31T08:37:51,ACTUAL,3,m3g_l1b_v04.exe,4,0.989243071477 <AU>,148.48,REVERSE,DESCENDING,"(0.124849276949,0.561259787135,180.791087619556)","(""N/A"",""N/A"",""N/A"")",N/A,"(""N/A"",""N/A"",""N/A"")",N/A,2,53.6,M3G20090210T183632_V01_L0.IMG,M3G20090210T183632_V01_BDE.IMG,M3G20090210T191512_V01_FF.IMG,148.48,u2
M3G20090210T203432,19bc,2009-06-18T18:14:08,1138,m3_igds_l0_v18.pl,18,148.67,GLOBAL,CH1-ORB-L-M3-2-L0-RAW-V1.0,2009-02-10T20:34:32,2009-02-10T20:35:00,,,,,,,,,,,,,,,,,,,,,,,,,,,,,,,,,,,,,,,,,,,,,,,,,,,,,,,,,,
M3G20090210T210152,19bc,2009-06-18T18:14:15,1138,m3_igds_l0_v18.pl,18,148.54,GLOBAL,CH1-ORB-L-M3-2-L0-RAW-V1.0,2009-02-10T21:01:52,2009-02-10T21:49:21,,,,,,,,,,,,,,,,,,,,,2010-12-23T07:32:00,ACTUAL,2,m3g_l1b_v04.exe,4,0.989246510588 <AU>,148.54,REVERSE,DESCENDING,"(0.197493064562,0.489813912019,180.891008305795)",2,53.69,M3G20090210T203432_V01_L0.IMG,M3G20090210T203432_V01_BDE.IMG,M3G20090210T210152_V01_FF.IMG,148.54,r,2011-08-31T08:37:51,ACTUAL,3,m3g_l1b_v04.exe,4,0.989246510588 <AU>,148.54,REVERSE,DESCENDING,"(0.197493064562,0.489813912019,180.891008305795)","(""N/A"",""N/A"",""N/A"")",N/A,"(""N/A"",""N/A"",""N/A"")",N/A,2,53.69,M3G20090210T203432_V01_L0.IMG,M3G20090210T203432_V01_BDE.IMG,M3G20090210T210152_V01_FF.IMG,148.54,u2
M3G20090210T223232,19bc,2009-06-18T18:25:54,1138,m3_igds_l0_v18.pl,18,148.67,GLOBAL,CH1-ORB-L-M3-2-L0-RAW-V1.0,2009-02-10T22:32:32,2009-02-10T22:33:00,,,,,,,,,,,,,,,,,,,,,,,,,,,,,,,,,,,,,,,,,,,,,,,,,,,,,,,,,,
M3G20090210T231132,19bc,2009-06-18T18:26:01,1138,m3_igds_l0_v18.pl,18,148.54,GLOBAL,CH1-ORB-L-M3-2-L0-RAW-V1.0,2009-02-10T23:11:32,2009-02-10T23:37:30,,,,,,,,,,,,,,,,,,,,,2010-12-23T07:32:00,ACTUAL,2,m3g_l1b_v04.exe,4,0.989248541728 <AU>,148.54,REVERSE,DESCENDING,"(0.129704814665,0.528733386222,180.844247701438)",2,53.74,M3G20090210T223232_V01_L0.IMG,M3G20090210T223232_V01_BDE.IMG,M3G20090210T231132_V01_FF.IMG,148.54,r,2011-08-31T08:37:51,ACTUAL,3,m3g_l1b_v04.exe,4,0.989248541728 <AU>,148.54,REVERSE,DESCENDING,"(0.129704814665,0.528733386222,180.844247701438)","(""N/A"",""N/A"",""N/A"")",N/A,"(""N/A"",""N/A"",""N/A"")",N/A,2,53.74,M3G20090210T223232_V01_L0.IMG,M3G20090210T223232_V01_BDE.IMG,M3G20090210T231132_V01_FF.IMG,148.54,u2
M3G20090210T233730,19bc,2009-06-18T18:32:16,1138,m3_igds_l0_v18.pl,18,148.48,GLOBAL,CH1-ORB-L-M3-2-L0-RAW-V1.0,2009-02-10T23:37:30,2009-02-10T23:58:21,,,,,,,,,,,,,,,,,,,,,2010-12-23T07:32:00,ACTUAL,2,m3g_l1b_v04.exe,4,0.989251563566 <AU>,148.48,REVERSE,DESCENDING,"(0.129704814665,0.528733386222,180.844247701438)",2,53.74,M3G20090210T223232_V01_L0.IMG,M3G20090210T223232_V01_BDE.IMG,M3G20090210T233730_V01_FF.IMG,148.48,r,2011-08-31T08:37:51,ACTUAL,3,m3g_l1b_v04.exe,4,0.989251563566 <AU>,148.48,REVERSE,DESCENDING,"(0.129704814665,0.528733386222,180.844247701438)","(""N/A"",""N/A"",""N/A"")",N/A,"(""N/A"",""N/A"",""N/A"")",N/A,2,53.74,M3G20090210T223232_V01_L0.IMG,M3G20090210T223232_V01_BDE.IMG,M3G20090210T233730_V01_FF.IMG,148.48,u2
M3G20090211T003032,19bc,2009-06-18T18:37:15,1138,m3_igds_l0_v18.pl,18,148.8,GLOBAL,CH1-ORB-L-M3-2-L0-RAW-V1.0,2009-02-11T00:30:32,2009-02-11T00:31:01,,,,,,,,,,,,,,,,,,,,,,,,,,,,,,,,,,,,,,,,,,,,,,,,,,,,,,,,,,
M3G20090211T005812,19bc,2009-06-18T18:37:22,1138,m3_igds_l0_v18.pl,18,148.67,GLOBAL,CH1-ORB-L-M3-2-L0-RAW-V1.0,2009-02-11T00:58:12,2009-02-11T01:12:39,,,,,,,,,,,,,,,,,,,,,2010-12-23T07:32:00,ACTUAL,2,m3g_l1b_v04.exe,4,0.989253787414 <AU>,148.67,REVERSE,DESCENDING,"(0.166402361948,0.498433471804,180.864934343916)",2,53.84,M3G20090211T003032_V01_L0.IMG,M3G20090211T003032_V01_BDE.IMG,M3G20090211T011239_V01_FF.IMG,148.67,r,2011-08-31T08:37:51,ACTUAL,3,m3g_l1b_v04.exe,4,0.989253787414 <AU>,148.67,REVERSE,DESCENDING,"(0.166402361948,0.498433471804,180.864934343916)","(""N/A"",""N/A"",""N/A"")",N/A,"(""N/A"",""N/A"",""N/A"")",N/A,2,53.84,M3G20090211T003032_V01_L0.IMG,M3G20090211T003032_V01_BDE.IMG,M3G20090211T011239_V01_FF.IMG,148.67,u2
M3G20090211T011239,19bc,2009-06-18T04:12:56,1142,m3_igds_l0_v18.pl,18,148.54,GLOBAL,CH1-ORB-L-M3-2-L0-RAW-V1.0,2009-02-11T01:12:39,2009-02-11T01:45:21,,,,,,,,,,,,,,,,,,,,,2010-12-23T07:32:00,ACTUAL,2,m3g_l1b_v04.exe,4,0.989251130634 <AU>,148.54,REVERSE,DESCENDING,"(0.166402361948,0.498433471804,180.864934343916)",2,53.84,M3G20090211T003032_V01_L0.IMG,M3G20090211T003032_V01_BDE.IMG,M3G20090211T011239_V01_FF.IMG,148.48,r,2011-08-31T08:37:51,ACTUAL,3,m3g_l1b_v04.exe,4,0.989251130634 <AU>,148.48,REVERSE,DESCENDING,"(0.166402361948,0.498433471804,180.864934343916)","(""N/A"",""N/A"",""N/A"")",N/A,"(""N/A"",""N/A"",""N/A"")",N/A,2,53.84,M3G20090211T003032_V01_L0.IMG,M3G20090211T003032_V01_BDE.IMG,M3G20090211T011239_V01_FF.IMG,148.48,u2
M3G20090211T022832,19bc,2009-06-18T04:20:43,1142,m3_igds_l0_v18.pl,18,148.74,GLOBAL,CH1-ORB-L-M3-2-L0-RAW-V1.0,2009-02-11T02:28:32,2009-02-11T02:29:01,,,,,,,,,,,,,,,,,,,,,,,,,,,,,,,,,,,,,,,,,,,,,,,,,,,,,,,,,,
M3G20090211T030732,19bc,2009-06-18T04:20:50,1142,m3_igds_l0_v18.pl,18,148.54,GLOBAL,CH1-ORB-L-M3-2-L0-RAW-V1.0,2009-02-11T03:07:32,2009-02-11T03:09:46,,,,,,,,,,,,,,,,,,,,,2010-12-23T07:32:00,ACTUAL,2,m3g_l1b_v04.exe,4,0.989254006560 <AU>,148.54,REVERSE,DESCENDING,"(0.154758726786,0.489914116441,180.938112110922)",2,53.93,M3G20090211T022832_V01_L0.IMG,M3G20090211T022832_V01_BDE.IMG,M3G20090211T030946_V01_FF.IMG,148.54,r,2011-08-31T08:37:51,ACTUAL,3,m3g_l1b_v04.exe,4,0.989254006560 <AU>,148.54,REVERSE,DESCENDING,"(0.154758726786,0.489914116441,180.938112110922)","(""N/A"",""N/A"",""N/A"")",N/A,"(""N/A"",""N/A"",""N/A"")",N/A,2,53.93,M3G20090211T022832_V01_L0.IMG,M3G20090211T022832_V01_BDE.IMG,M3G20090211T030946_V01_FF.IMG,148.54,u2
M3G20090211T030946,19bc,2009-06-18T04:21:21,1142,m3_igds_l0_v18.pl,18,148.48,GLOBAL,CH1-ORB-L-M3-2-L0-RAW-V1.0,2009-02-11T03:09:46,2009-02-11T03:29:06,,,,,,,,,,,,,,,,,,,,,2010-12-23T07:32:00,ACTUAL,2,m3g_l1b_v04.exe,4,0.989252366090 <AU>,148.48,REVERSE,DESCENDING,"(0.154758726786,0.489914116441,180.938112110922)",2,53.93,M3G20090211T022832_V01_L0.IMG,M3G20090211T022832_V01_BDE.IMG,M3G20090211T030946_V01_FF.IMG,148.54,r,2011-08-31T08:37:51,ACTUAL,3,m3g_l1b_v04.exe,4,0.989252366090 <AU>,148.54,REVERSE,DESCENDING,"(0.154758726786,0.489914116441,180.938112110922)","(""N/A"",""N/A"",""N/A"")",N/A,"(""N/A"",""N/A"",""N/A"")",N/A,2,53.93,M3G20090211T022832_V01_L0.IMG,M3G20090211T022832_V01_BDE.IMG,M3G20090211T030946_V01_FF.IMG,148.54,u2
M3G20090211T032906,19bc,2009-06-18T04:25:55,1142,m3_igds_l0_v18.pl,18,148.48,GLOBAL,CH1-ORB-L-M3-2-L0-RAW-V1.0,2009-02-11T03:29:06,2009-02-11T03:42:15,,,,,,,,,,,,,,,,,,,,,2010-12-23T07:32:00,ACTUAL,2,m3g_l1b_v04.exe,4,0.989253040999 <AU>,148.48,REVERSE,DESCENDING,"(0.154758726786,0.489914116441,180.938112110922)",2,53.93,M3G20090211T042632_V01_L0.IMG,M3G20090211T042632_V01_BDE.IMG,M3G20090211T032906_V01_FF.IMG,148.48,r,2011-08-31T08:37:51,ACTUAL,3,m3g_l1b_v04.exe,4,0.989253040999 <AU>,148.48,REVERSE,DESCENDING,"(0.154758726786,0.489914116441,180.938112110922)","(""N/A"",""N/A"",""N/A"")",N/A,"(""N/A"",""N/A"",""N/A"")",N/A,2,53.93,M3G20090211T042632_V01_L0.IMG,M3G20090211T042632_V01_BDE.IMG,M3G20090211T032906_V01_FF.IMG,148.48,u2
M3G20090211T034215,19bc,2009-06-18T04:29:03,1142,m3_igds_l0_v18.pl,18,148.54,GLOBAL,CH1-ORB-L-M3-2-L0-RAW-V1.0,2009-02-11T03:42:15,2009-02-11T03:54:41,,,,,,,,,,,,,,,,,,,,,2010-12-23T07:32:00,ACTUAL,2,m3g_l1b_v04.exe,4,0.989256455635 <AU>,148.54,REVERSE,DESCENDING,"(0.154758726786,0.489914116441,180.938112110922)",2,53.93,M3G20090211T042632_V01_L0.IMG,M3G20090211T042632_V01_BDE.IMG,M3G20090211T032906_V01_FF.IMG,148.61,r,2011-08-31T08:37:51,ACTUAL,3,m3g_l1b_v04.exe,4,0.989256455635 <AU>,148.61,REVERSE,DESCENDING,"(0.154758726786,0.489914116441,180.938112110922)","(""N/A"",""N/A"",""N/A"")",N/A,"(""N/A"",""N/A"",""N/A"")",N/A,2,53.93,M3G20090211T042632_V01_L0.IMG,M3G20090211T042632_V01_BDE.IMG,M3G20090211T032906_V01_FF.IMG,148.61,u2
M3G20090211T042632,19bc,2009-06-18T04:31:58,1142,m3_igds_l0_v18.pl,18,148.74,GLOBAL,CH1-ORB-L-M3-2-L0-RAW-V1.0,2009-02-11T04:26:32,2009-02-11T04:27:01,,,,,,,,,,,,,,,,,,,,,,,,,,,,,,,,,,,,,,,,,,,,,,,,,,,,,,,,,,
M3G20090211T045412,19bc,2009-06-18T04:32:05,1142,m3_igds_l0_v18.pl,18,148.54,GLOBAL,CH1-ORB-L-M3-2-L0-RAW-V1.0,2009-02-11T04:54:12,2009-02-11T05:38:06,,,,,,,,,,,,,,,,,,,,,2010-12-23T07:32:00,ACTUAL,2,m3g_l1b_v04.exe,4,0.989254355512 <AU>,148.54,REVERSE,DESCENDING,"(0.173425301889,0.479939936487,180.894080098544)",2,53.98,M3G20090211T042632_V01_L0.IMG,M3G20090211T042632_V01_BDE.IMG,M3G20090211T045412_V01_FF.IMG,148.54,r,2011-08-31T08:37:51,ACTUAL,3,m3g_l1b_v04.exe,4,0.989254355512 <AU>,148.54,REVERSE,DESCENDING,"(0.173425301889,0.479939936487,180.894080098544)","(""N/A"",""N/A"",""N/A"")",N/A,"(""N/A"",""N/A"",""N/A"")",N/A,2,53.98,M3G20090211T042632_V01_L0.IMG,M3G20090211T042632_V01_BDE.IMG,M3G20090211T045412_V01_FF.IMG,148.54,u2
M3G20090211T053806,19bc,2009-06-18T04:42:29,1142,m3_igds_l0_v18.pl,18,148.54,GLOBAL,CH1-ORB-L-M3-2-L0-RAW-V1.0,2009-02-11T05:38:06,2009-02-11T05:41:40,,,,,,,,,,,,,,,,,,,,,2010-12-23T07:32:00,ACTUAL,2,m3g_l1b_v04.exe,4,0.989255089318 <AU>,148.54,REVERSE,DESCENDING,"(0.173425301889,0.479939936487,180.894080098544)",2,54.03,M3G20090211T062432_V01_L0.IMG,M3G20090211T062432_V01_BDE.IMG,M3G20090211T045412_V01_FF.IMG,148.54,r,2011-08-31T08:37:51,ACTUAL,3,m3g_l1b_v04.exe,4,0.989255089318 <AU>,148.54,REVERSE,DESCENDING,"(0.173425301889,0.479939936487,180.894080098544)","(""N/A"",""N/A"",""N/A"")",N/A,"(""N/A"",""N/A"",""N/A"")",N/A,2,54.03,M3G20090211T062432_V01_L0.IMG,M3G20090211T062432_V01_BDE.IMG,M3G20090211T045412_V01_FF.IMG,148.54,u2
M3G20090211T062432,19bc,2009-06-18T04:43:21,1142,m3_igds_l0_v18.pl,18,148.74,GLOBAL,CH1-ORB-L-M3-2-L0-RAW-V1.0,2009-02-11T06:24:32,2009-02-11T06:25:00,,,,,,,,,,,,,,,,,,,,,,,,,,,,,,,,,,,,,,,,,,,,,,,,,,,,,,,,,,
M3G20090211T070332,19bc,2009-06-18T04:43:27,1142,m3_igds_l0_v18.pl,18,148.54,GLOBAL,CH1-ORB-L-M3-2-L0-RAW-V1.0,2009-02-11T07:03:32,2009-02-11T07:50:41,,,,,,,,,,,,,,,,,,,,,2010-12-23T07:32:00,ACTUAL,2,m3g_l1b_v04.exe,4,0.989254525972 <AU>,148.54,REVERSE,DESCENDING,"(0.104897212327,0.495510063065,180.933677637882)",2,54.08,M3G20090211T062432_V01_L0.IMG,M3G20090211T062432_V01_BDE.IMG,M3G20090211T070332_V01_FF.IMG,148.48,r,2011-08-31T08:37:51,ACTUAL,3,m3g_l1b_v04.exe,4,0.989254525972 <AU>,148.48,REVERSE,DESCENDING,"(0.104897212327,0.495510063065,180.933677637882)","(""N/A"",""N/A"",""N/A"")",N/A,"(""N/A"",""N/A"",""N/A"")",N/A,2,54.08,M3G20090211T062432_V01_L0.IMG,M3G20090211T062432_V01_BDE.IMG,M3G20090211T070332_V01_FF.IMG,148.48,u2
M3G20090211T082232,19bc,2009-06-18T04:54:39,1142,m3_igds_l0_v18.pl,18,148.67,GLOBAL,CH1-ORB-L-M3-2-L0-RAW-V1.0,2009-02-11T08:22:32,2009-02-11T08:23:01,,,,,,,,,,,,,,,,,,,,,,,,,,,,,,,,,,,,,,,,,,,,,,,,,,,,,,,,,,
M3G20090211T085032,19bc,2009-06-18T12:38:34,1150,m3_igds_l0_v18.pl,18,148.48,GLOBAL,CH1-ORB-L-M3-2-L0-RAW-V1.0,2009-02-11T08:50:32,2009-02-11T08:58:04,,,,,,,,,,,,,,,,,,,,,2010-12-23T07:32:00,ACTUAL,2,m3g_l1b_v04.exe,4,0.989257178847 <AU>,148.48,REVERSE,DESCENDING,"(0.176364172487,0.444847162559,180.847969881128)",2,54.12,M3G20090211T082232_V01_L0.IMG,M3G20090211T082232_V01_BDE.IMG,M3G20090211T085804_V01_FF.IMG,148.48,r,2011-08-31T08:37:51,ACTUAL,3,m3g_l1b_v04.exe,4,0.989257178847 <AU>,148.48,REVERSE,DESCENDING,"(0.176364172487,0.444847162559,180.847969881128)","(""N/A"",""N/A"",""N/A"")",N/A,"(""N/A"",""N/A"",""N/A"")",N/A,2,54.12,M3G20090211T082232_V01_L0.IMG,M3G20090211T082232_V01_BDE.IMG,M3G20090211T085804_V01_FF.IMG,148.48,u2
M3G20090211T085804,19bc,2009-06-18T18:40:47,1150,m3_igds_l0_v18.pl,18,148.48,GLOBAL,CH1-ORB-L-M3-2-L0-RAW-V1.0,2009-02-11T08:58:04,2009-02-11T09:37:41,,,,,,,,,,,,,,,,,,,,,2010-12-23T07:32:00,ACTUAL,2,m3g_l1b_v04.exe,4,0.989253265422 <AU>,148.48,REVERSE,DESCENDING,"(0.176364172487,0.444847162559,180.847969881128)",2,54.12,M3G20090211T082232_V01_L0.IMG,M3G20090211T082232_V01_BDE.IMG,M3G20090211T085804_V01_FF.IMG,148.54,r,2011-08-31T08:37:51,ACTUAL,3,m3g_l1b_v04.exe,4,0.989253265422 <AU>,148.54,REVERSE,DESCENDING,"(0.176364172487,0.444847162559,180.847969881128)","(""N/A"",""N/A"",""N/A"")",N/A,"(""N/A"",""N/A"",""N/A"")",N/A,2,54.12,M3G20090211T082232_V01_L0.IMG,M3G20090211T082232_V01_BDE.IMG,M3G20090211T085804_V01_FF.IMG,148.54,u2
M3G20090211T102032,19bc,2009-06-18T18:50:20,1150,m3_igds_l0_v18.pl,18,148.67,GLOBAL,CH1-ORB-L-M3-2-L0-RAW-V1.0,2009-02-11T10:20:32,2009-02-11T10:21:01,,,,,,,,,,,,,,,,,,,,,,,,,,,,,,,,,,,,,,,,,,,,,,,,,,,,,,,,,,
M3G20090211T105952,19bc,2009-06-18T18:50:26,1150,m3_igds_l0_v18.pl,18,148.48,GLOBAL,CH1-ORB-L-M3-2-L0-RAW-V1.0,2009-02-11T10:59:52,2009-02-11T11:47:01,,,,,,,,,,,,,,,,,,,,,2010-12-23T07:32:00,ACTUAL,2,m3g_l1b_v04.exe,4,0.989252455689 <AU>,148.48,REVERSE,DESCENDING,"(0.127642610876,0.456312376768,180.846121503166)",2,54.22,M3G20090211T102032_V01_L0.IMG,M3G20090211T102032_V01_BDE.IMG,M3G20090211T105952_V01_FF.IMG,148.48,r,2011-08-31T08:37:51,ACTUAL,3,m3g_l1b_v04.exe,4,0.989252455689 <AU>,148.48,REVERSE,DESCENDING,"(0.127642610876,0.456312376768,180.846121503166)","(""N/A"",""N/A"",""N/A"")",N/A,"(""N/A"",""N/A"",""N/A"")",N/A,2,54.22,M3G20090211T102032_V01_L0.IMG,M3G20090211T102032_V01_BDE.IMG,M3G20090211T105952_V01_FF.IMG,148.48,u2
M3G20090211T121833,19bc,2009-06-18T19:01:50,1150,m3_igds_l0_v18.pl,18,148.61,GLOBAL,CH1-ORB-L-M3-2-L0-RAW-V1.0,2009-02-11T12:18:33,2009-02-11T12:19:01,,,,,,,,,,,,,,,,,,,,,,,,,,,,,,,,,,,,,,,,,,,,,,,,,,,,,,,,,,
M3G20090211T124632,19bc,2009-06-18T19:01:57,1150,m3_igds_l0_v18.pl,18,148.48,GLOBAL,CH1-ORB-L-M3-2-L0-RAW-V1.0,2009-02-11T12:46:32,2009-02-11T12:49:02,,,,,,,,,,,,,,,,,,,,,2010-12-23T07:32:00,ACTUAL,2,m3g_l1b_v04.exe,4,0.989254932930 <AU>,148.48,REVERSE,DESCENDING,"(0.255428266584,0.322440886594,180.459994005380)",2,54.27,M3G20090211T121833_V01_L0.IMG,M3G20090211T121833_V01_BDE.IMG,M3G20090211T105952_V01_FF.IMG,148.48,r,2011-08-31T08:37:51,ACTUAL,3,m3g_l1b_v04.exe,4,0.989254932930 <AU>,148.48,REVERSE,DESCENDING,"(0.255428266584,0.322440886594,180.459994005380)","(""N/A"",""N/A"",""N/A"")",N/A,"(""N/A"",""N/A"",""N/A"")",N/A,2,54.27,M3G20090211T121833_V01_L0.IMG,M3G20090211T121833_V01_BDE.IMG,M3G20090211T105952_V01_FF.IMG,148.48,u2
M3G20090211T171539,19bc,2009-06-18T12:40:20,1150,m3_igds_l0_v18.pl,18,148.35,GLOBAL,CH1-ORB-L-M3-2-L0-RAW-V1.0,2009-02-11T17:15:39,2009-02-11T17:30:01,,,,,,,,,,,,,,,,,,,,,2010-12-23T07:32:00,ACTUAL,2,m3g_l1b_v04.exe,4,0.989243276595 <AU>,148.35,REVERSE,DESCENDING,"(0.065655744171,0.333446366196,182.382131189279)",2,54.45,M3G20090211T181252_V01_L0.IMG,M3G20090211T181252_V01_BDE.IMG,M3G20090211T171539_V01_FF.IMG,148.35,r,2011-08-31T08:37:51,ACTUAL,3,m3g_l1b_v04.exe,4,0.989243276595 <AU>,148.35,REVERSE,DESCENDING,"(0.065655744171,0.333446366196,182.382131189279)","(""N/A"",""N/A"",""N/A"")",N/A,"(""N/A"",""N/A"",""N/A"")",N/A,2,54.45,M3G20090211T181252_V01_L0.IMG,M3G20090211T181252_V01_BDE.IMG,M3G20090211T171539_V01_FF.IMG,148.35,u2
M3G20090211T181252,19bc,2009-06-18T12:43:45,1150,m3_igds_l0_v18.pl,18,148.54,GLOBAL,CH1-ORB-L-M3-2-L0-RAW-V1.0,2009-02-11T18:12:52,2009-02-11T18:13:21,,,,,,,,,,,,,,,,,,,,,,,,,,,,,,,,,,,,,,,,,,,,,,,,,,,,,,,,,,
M3G20090211T185152,19bc,2009-06-18T12:43:52,1150,m3_igds_l0_v18.pl,18,148.35,GLOBAL,CH1-ORB-L-M3-2-L0-RAW-V1.0,2009-02-11T18:51:52,2009-02-11T19:32:45,,,,,,,,,,,,,,,,,,,,,2010-12-23T07:32:00,ACTUAL,2,m3g_l1b_v04.exe,4,0.989239395222 <AU>,148.35,REVERSE,DESCENDING,"(0.057365128287,0.216207745329,180.997138278104)",2,54.5,M3G20090211T181252_V01_L0.IMG,M3G20090211T181252_V01_BDE.IMG,M3G20090211T185152_V01_FF.IMG,148.35,r,2011-08-31T08:37:51,ACTUAL,3,m3g_l1b_v04.exe,4,0.989239395222 <AU>,148.35,REVERSE,DESCENDING,"(0.057365128287,0.216207745329,180.997138278104)","(""N/A"",""N/A"",""N/A"")",N/A,"(""N/A"",""N/A"",""N/A"")",N/A,2,54.5,M3G20090211T181252_V01_L0.IMG,M3G20090211T181252_V01_BDE.IMG,M3G20090211T185152_V01_FF.IMG,148.35,u2
M3G20090211T193245,19bc,2009-06-18T12:53:35,1150,m3_igds_l0_v18.pl,18,148.42,GLOBAL,CH1-ORB-L-M3-2-L0-RAW-V1.0,2009-02-11T19:32:45,2009-02-11T19:39:01,,,,,,,,,,,,,,,,,,,,,2010-12-23T07:32:00,ACTUAL,2,m3g_l1b_v04.exe,4,0.989242473045 <AU>,148.42,REVERSE,DESCENDING,"(0.057365128287,0.216207745329,180.997138278104)",2,54.55,M3G20090211T201052_V01_L0.IMG,M3G20090211T201052_V01_BDE.IMG,M3G20090211T185152_V01_FF.IMG,148.48,r,2011-08-31T08:37:51,ACTUAL,3,m3g_l1b_v04.exe,4,0.989242473045 <AU>,148.48,REVERSE,DESCENDING,"(0.057365128287,0.216207745329,180.997138278104)","(""N/A"",""N/A"",""N/A"")",N/A,"(""N/A"",""N/A"",""N/A"")",N/A,2,54.55,M3G20090211T201052_V01_L0.IMG,M3G20090211T201052_V01_BDE.IMG,M3G20090211T185152_V01_FF.IMG,148.48,u2
M3G20090211T201052,19bc,2009-06-18T12:55:03,1150,m3_igds_l0_v18.pl,18,148.61,GLOBAL,CH1-ORB-L-M3-2-L0-RAW-V1.0,2009-02-11T20:10:52,2009-02-11T20:11:21,,,,,,,,,,,,,,,,,,,,,,,,,,,,,,,,,,,,,,,,,,,,,,,,,,,,,,,,,,
M3G20090211T203852,19bc,2009-06-18T12:55:09,1150,m3_igds_l0_v18.pl,18,148.35,GLOBAL,CH1-ORB-L-M3-2-L0-RAW-V1.0,2009-02-11T20:38:52,2009-02-11T21:26:01,,,,,,,,,,,,,,,,,,,,,2010-12-23T07:32:00,ACTUAL,2,m3g_l1b_v04.exe,4,0.989235378079 <AU>,148.35,REVERSE,DESCENDING,"(0.155076265687,0.191246291756,180.904908513904)",2,54.6,M3G20090211T201052_V01_L0.IMG,M3G20090211T201052_V01_BDE.IMG,M3G20090211T203852_V01_FF.IMG,148.35,r,2011-08-31T08:37:51,ACTUAL,3,m3g_l1b_v04.exe,4,0.989235378079 <AU>,148.35,REVERSE,DESCENDING,"(0.155076265687,0.191246291756,180.904908513904)","(""N/A"",""N/A"",""N/A"")",N/A,"(""N/A"",""N/A"",""N/A"")",N/A,2,54.6,M3G20090211T201052_V01_L0.IMG,M3G20090211T201052_V01_BDE.IMG,M3G20090211T203852_V01_FF.IMG,148.35,u2
M3G20090211T220852,19bc,2009-06-18T13:06:19,1150,m3_igds_l0_v18.pl,18,148.54,GLOBAL,CH1-ORB-L-M3-2-L0-RAW-V1.0,2009-02-11T22:08:52,2009-02-11T22:09:21,,,,,,,,,,,,,,,,,,,,,,,,,,,,,,,,,,,,,,,,,,,,,,,,,,,,,,,,,,
M3G20090211T224812,19bc,2009-06-18T13:06:25,1150,m3_igds_l0_v18.pl,18,148.29,GLOBAL,CH1-ORB-L-M3-2-L0-RAW-V1.0,2009-02-11T22:48:12,2009-02-11T23:10:38,,,,,,,,,,,,,,,,,,,,,2010-12-23T07:32:00,ACTUAL,2,m3g_l1b_v04.exe,4,0.989228971303 <AU>,148.29,REVERSE,DESCENDING,"(0.114436955811,0.196872627763,180.924696078210)",2,54.69,M3G20090211T220852_V01_L0.IMG,M3G20090211T220852_V01_BDE.IMG,M3G20090211T224812_V01_FF.IMG,148.22,r,2011-08-31T08:37:51,ACTUAL,3,m3g_l1b_v04.exe,4,0.989228971303 <AU>,148.22,REVERSE,DESCENDING,"(0.114436955811,0.196872627763,180.924696078210)","(""N/A"",""N/A"",""N/A"")",N/A,"(""N/A"",""N/A"",""N/A"")",N/A,2,54.69,M3G20090211T220852_V01_L0.IMG,M3G20090211T220852_V01_BDE.IMG,M3G20090211T224812_V01_FF.IMG,148.22,u2
M3G20090211T231038,19bc,2009-06-18T13:11:45,1150,m3_igds_l0_v18.pl,18,148.22,GLOBAL,CH1-ORB-L-M3-2-L0-RAW-V1.0,2009-02-11T23:10:38,2009-02-11T23:35:21,,,,,,,,,,,,,,,,,,,,,2010-12-23T07:32:00,ACTUAL,2,m3g_l1b_v04.exe,4,0.989229789380 <AU>,148.22,REVERSE,DESCENDING,"(0.114436955811,0.196872627763,180.924696078210)",2,54.69,M3G20090211T220852_V01_L0.IMG,M3G20090211T220852_V01_BDE.IMG,M3G20090211T231038_V01_FF.IMG,148.16,r,2011-08-31T08:37:51,ACTUAL,3,m3g_l1b_v04.exe,4,0.989229789380 <AU>,148.16,REVERSE,DESCENDING,"(0.114436955811,0.196872627763,180.924696078210)","(""N/A"",""N/A"",""N/A"")",N/A,"(""N/A"",""N/A"",""N/A"")",N/A,2,54.69,M3G20090211T220852_V01_L0.IMG,M3G20090211T220852_V01_BDE.IMG,M3G20090211T231038_V01_FF.IMG,148.16,u2
M3G20090212T000652,19bc,2009-06-18T13:17:36,1150,m3_igds_l0_v18.pl,18,148.54,GLOBAL,CH1-ORB-L-M3-2-L0-RAW-V1.0,2009-02-12T00:06:52,2009-02-12T00:07:21,,,,,,,,,,,,,,,,,,,,,,,,,,,,,,,,,,,,,,,,,,,,,,,,,,,,,,,,,,
M3G20090212T003453,19bc,2009-06-18T13:17:43,1150,m3_igds_l0_v18.pl,18,148.35,GLOBAL,CH1-ORB-L-M3-2-L0-RAW-V1.0,2009-02-12T00:34:53,2009-02-12T01:17:37,,,,,,,,,,,,,,,,,,,,,2010-12-23T07:32:00,ACTUAL,2,m3g_l1b_v04.exe,4,0.989223864336 <AU>,148.35,REVERSE,DESCENDING,"(0.160676221042,0.141409888070,180.829351117565)",2,54.74,M3G20090212T000652_V01_L0.IMG,M3G20090212T000652_V01_BDE.IMG,M3G20090212T003453_V01_FF.IMG,148.22,r,2011-08-31T08:37:51,ACTUAL,3,m3g_l1b_v04.exe,4,0.989223864336 <AU>,148.22,REVERSE,DESCENDING,"(0.160676221042,0.141409888070,180.829351117565)","(""N/A"",""N/A"",""N/A"")",N/A,"(""N/A"",""N/A"",""N/A"")",N/A,2,54.74,M3G20090212T000652_V01_L0.IMG,M3G20090212T000652_V01_BDE.IMG,M3G20090212T003453_V01_FF.IMG,148.22,u2
M3G20090212T011737,19bc,2009-06-18T04:54:46,1155,m3_igds_l0_v18.pl,18,148.22,GLOBAL,CH1-ORB-L-M3-2-L0-RAW-V1.0,2009-02-12T01:17:37,2009-02-12T01:22:21,,,,,,,,,,,,,,,,,,,,,2010-12-23T07:32:00,ACTUAL,2,m3g_l1b_v04.exe,4,0.989223044455 <AU>,148.22,REVERSE,DESCENDING,"(0.160676221042,0.141409888070,180.829351117565)",2,54.79,M3G20090212T020452_V01_L0.IMG,M3G20090212T020452_V01_BDE.IMG,M3G20090212T003453_V01_FF.IMG,148.22,r,2011-08-31T08:37:51,ACTUAL,3,m3g_l1b_v04.exe,4,0.989223044455 <AU>,148.22,REVERSE,DESCENDING,"(0.160676221042,0.141409888070,180.829351117565)","(""N/A"",""N/A"",""N/A"")",N/A,"(""N/A"",""N/A"",""N/A"")",N/A,2,54.79,M3G20090212T020452_V01_L0.IMG,M3G20090212T020452_V01_BDE.IMG,M3G20090212T003453_V01_FF.IMG,148.22,u2
M3G20090212T020452,19bc,2009-06-18T04:55:54,1155,m3_igds_l0_v18.pl,18,148.35,GLOBAL,CH1-ORB-L-M3-2-L0-RAW-V1.0,2009-02-12T02:04:52,2009-02-12T02:05:21,,,,,,,,,,,,,,,,,,,,,,,,,,,,,,,,,,,,,,,,,,,,,,,,,,,,,,,,,,
M3G20090212T024412,19bc,2009-06-18T04:56:01,1155,m3_igds_l0_v18.pl,18,148.22,GLOBAL,CH1-ORB-L-M3-2-L0-RAW-V1.0,2009-02-12T02:44:12,2009-02-12T03:31:21,,,,,,,,,,,,,,,,,,,,,2010-12-23T07:32:00,ACTUAL,2,m3g_l1b_v04.exe,4,0.989216357208 <AU>,148.22,REVERSE,DESCENDING,"(0.121945518675,0.158065870211,181.129208774162)",2,54.84,M3G20090212T020452_V01_L0.IMG,M3G20090212T020452_V01_BDE.IMG,M3G20090212T024412_V01_FF.IMG,148.22,r,2011-08-31T08:37:51,ACTUAL,3,m3g_l1b_v04.exe,4,0.989216357208 <AU>,148.22,REVERSE,DESCENDING,"(0.121945518675,0.158065870211,181.129208774162)","(""N/A"",""N/A"",""N/A"")",N/A,"(""N/A"",""N/A"",""N/A"")",N/A,2,54.84,M3G20090212T020452_V01_L0.IMG,M3G20090212T020452_V01_BDE.IMG,M3G20090212T024412_V01_FF.IMG,148.22,u2
M3G20090212T040252,19bc,2009-06-18T05:07:16,1155,m3_igds_l0_v18.pl,18,148.16,GLOBAL,CH1-ORB-L-M3-2-L0-RAW-V1.0,2009-02-12T04:02:52,2009-02-12T04:03:21,,,,,,,,,,,,,,,,,,,,,,,,,,,,,,,,,,,,,,,,,,,,,,,,,,,,,,,,,,
M3G20090212T043052,19bc,2009-06-18T05:07:23,1155,m3_igds_l0_v18.pl,18,148.16,GLOBAL,CH1-ORB-L-M3-2-L0-RAW-V1.0,2009-02-12T04:30:52,2009-02-12T04:42:05,,,,,,,,,,,,,,,,,,,,,2010-12-23T07:32:00,ACTUAL,2,m3g_l1b_v04.exe,4,0.989213346065 <AU>,148.16,REVERSE,DESCENDING,"(0.180681922307,0.069703430613,180.968843201287)",2,54.93,M3G20090212T040252_V01_L0.IMG,M3G20090212T040252_V01_BDE.IMG,M3G20090212T044205_V01_FF.IMG,148.16,r,2011-08-31T08:37:51,ACTUAL,3,m3g_l1b_v04.exe,4,0.989213346065 <AU>,148.16,REVERSE,DESCENDING,"(0.180681922307,0.069703430613,180.968843201287)","(""N/A"",""N/A"",""N/A"")",N/A,"(""N/A"",""N/A"",""N/A"")",N/A,2,54.93,M3G20090212T040252_V01_L0.IMG,M3G20090212T040252_V01_BDE.IMG,M3G20090212T044205_V01_FF.IMG,148.16,u2
M3G20090212T044205,19bc,2009-06-18T05:10:01,1155,m3_igds_l0_v18.pl,18,148.16,GLOBAL,CH1-ORB-L-M3-2-L0-RAW-V1.0,2009-02-12T04:42:05,2009-02-12T05:18:21,,,,,,,,,,,,,,,,,,,,,2010-12-23T07:32:00,ACTUAL,2,m3g_l1b_v04.exe,4,0.989208439989 <AU>,148.16,REVERSE,DESCENDING,"(0.180681922307,0.069703430613,180.968843201287)",2,54.93,M3G20090212T040252_V01_L0.IMG,M3G20090212T040252_V01_BDE.IMG,M3G20090212T044205_V01_FF.IMG,148.16,r,2011-08-31T08:37:51,ACTUAL,3,m3g_l1b_v04.exe,4,0.989208439989 <AU>,148.16,REVERSE,DESCENDING,"(0.180681922307,0.069703430613,180.968843201287)","(""N/A"",""N/A"",""N/A"")",N/A,"(""N/A"",""N/A"",""N/A"")",N/A,2,54.93,M3G20090212T040252_V01_L0.IMG,M3G20090212T040252_V01_BDE.IMG,M3G20090212T044205_V01_FF.IMG,148.16,u2
M3G20090212T060052,19bc,2009-06-18T05:18:39,1155,m3_igds_l0_v18.pl,18,148.29,GLOBAL,CH1-ORB-L-M3-2-L0-RAW-V1.0,2009-02-12T06:00:52,2009-02-12T06:01:21,,,,,,,,,,,,,,,,,,,,,,,,,,,,,,,,,,,,,,,,,,,,,,,,,,,,,,,,,,
M3G20090212T064032,19bc,2009-06-18T05:18:46,1155,m3_igds_l0_v18.pl,18,148.29,GLOBAL,CH1-ORB-L-M3-2-L0-RAW-V1.0,2009-02-12T06:40:32,2009-02-12T07:21:41,,,,,,,,,,,,,,,,,,,,,2010-12-23T07:32:00,ACTUAL,2,m3g_l1b_v04.exe,4,0.989200472158 <AU>,148.29,REVERSE,DESCENDING,"(0.107118959789,0.164729613407,181.019515392454)",2,54.98,M3G20090212T060052_V01_L0.IMG,M3G20090212T060052_V01_BDE.IMG,M3G20090212T064032_V01_FF.IMG,148.29,r,2011-08-31T08:37:51,ACTUAL,3,m3g_l1b_v04.exe,4,0.989200472158 <AU>,148.29,REVERSE,DESCENDING,"(0.107118959789,0.164729613407,181.019515392454)","(""N/A"",""N/A"",""N/A"")",N/A,"(""N/A"",""N/A"",""N/A"")",N/A,2,54.98,M3G20090212T060052_V01_L0.IMG,M3G20090212T060052_V01_BDE.IMG,M3G20090212T064032_V01_FF.IMG,148.29,u2
M3G20090212T072141,19bc,2009-06-18T05:28:33,1155,m3_igds_l0_v18.pl,18,148.29,GLOBAL,CH1-ORB-L-M3-2-L0-RAW-V1.0,2009-02-12T07:21:41,2009-02-12T07:27:41,,,,,,,,,,,,,,,,,,,,,2010-12-23T07:32:00,ACTUAL,2,m3g_l1b_v04.exe,4,0.989202806859 <AU>,148.29,REVERSE,DESCENDING,"(0.107118959789,0.164729613407,181.019515392454)",2,55.03,M3G20090212T075913_V01_L0.IMG,M3G20090212T075913_V01_BDE.IMG,M3G20090212T064032_V01_FF.IMG,148.29,r,2011-08-31T08:37:51,ACTUAL,3,m3g_l1b_v04.exe,4,0.989202806859 <AU>,148.29,REVERSE,DESCENDING,"(0.107118959789,0.164729613407,181.019515392454)","(""N/A"",""N/A"",""N/A"")",N/A,"(""N/A"",""N/A"",""N/A"")",N/A,2,55.03,M3G20090212T075913_V01_L0.IMG,M3G20090212T075913_V01_BDE.IMG,M3G20090212T064032_V01_FF.IMG,148.29,u2
M3G20090212T075913,19bc,2009-06-18T05:29:57,1155,m3_igds_l0_v18.pl,18,148.22,GLOBAL,CH1-ORB-L-M3-2-L0-RAW-V1.0,2009-02-12T07:59:13,2009-02-12T07:59:41,,,,,,,,,,,,,,,,,,,,,,,,,,,,,,,,,,,,,,,,,,,,,,,,,,,,,,,,,,
M3G20090212T082712,19bc,2009-06-18T05:30:04,1155,m3_igds_l0_v18.pl,18,148.16,GLOBAL,CH1-ORB-L-M3-2-L0-RAW-V1.0,2009-02-12T08:27:12,2009-02-12T09:14:41,,,,,,,,,,,,,,,,,,,,,2010-12-23T07:32:00,ACTUAL,2,m3g_l1b_v04.exe,4,0.989192852690 <AU>,148.16,REVERSE,DESCENDING,"(0.143351350013,0.126454391322,180.698342436047)",2,55.08,M3G20090212T075913_V01_L0.IMG,M3G20090212T075913_V01_BDE.IMG,M3G20090212T082712_V01_FF.IMG,148.1,r,2011-08-31T08:37:51,ACTUAL,3,m3g_l1b_v04.exe,4,0.989192852690 <AU>,148.1,REVERSE,DESCENDING,"(0.143351350013,0.126454391322,180.698342436047)","(""N/A"",""N/A"",""N/A"")",N/A,"(""N/A"",""N/A"",""N/A"")",N/A,2,55.08,M3G20090212T075913_V01_L0.IMG,M3G20090212T075913_V01_BDE.IMG,M3G20090212T082712_V01_FF.IMG,148.1,u2
M3G20090212T095713,19bc,2009-06-18T05:41:20,1155,m3_igds_l0_v18.pl,18,148.16,GLOBAL,CH1-ORB-L-M3-2-L0-RAW-V1.0,2009-02-12T09:57:13,2009-02-12T09:57:41,,,,,,,,,,,,,,,,,,,,,,,,,,,,,,,,,,,,,,,,,,,,,,,,,,,,,,,,,,
M3G20090212T103632,19bc,2009-06-18T05:41:27,1155,m3_igds_l0_v18.pl,18,147.91,GLOBAL,CH1-ORB-L-M3-2-L0-RAW-V1.0,2009-02-12T10:36:32,2009-02-12T10:49:32,,,,,,,,,,,,,,,,,,,,,2010-12-23T07:32:00,ACTUAL,2,m3g_l1b_v04.exe,4,0.989183548695 <AU>,147.91,REVERSE,DESCENDING,"(0.129552651781,0.073157313662,180.821591128463)",2,55.17,M3G20090212T095713_V01_L0.IMG,M3G20090212T095713_V01_BDE.IMG,M3G20090212T103632_V01_FF.IMG,147.91,r,2011-08-31T08:37:51,ACTUAL,3,m3g_l1b_v04.exe,4,0.989183548695 <AU>,147.91,REVERSE,DESCENDING,"(0.129552651781,0.073157313662,180.821591128463)","(""N/A"",""N/A"",""N/A"")",N/A,"(""N/A"",""N/A"",""N/A"")",N/A,2,55.17,M3G20090212T095713_V01_L0.IMG,M3G20090212T095713_V01_BDE.IMG,M3G20090212T103632_V01_FF.IMG,147.91,u2
M3G20090212T104932,19bc,2009-06-18T05:44:32,1155,m3_igds_l0_v18.pl,18,147.91,GLOBAL,CH1-ORB-L-M3-2-L0-RAW-V1.0,2009-02-12T10:49:32,2009-02-12T11:23:41,,,,,,,,,,,,,,,,,,,,,2010-12-23T07:32:00,ACTUAL,2,m3g_l1b_v04.exe,4,0.989182390238 <AU>,147.91,REVERSE,DESCENDING,"(0.129552651781,0.073157313662,180.821591128463)",2,55.17,M3G20090212T095713_V01_L0.IMG,M3G20090212T095713_V01_BDE.IMG,M3G20090212T104932_V01_FF.IMG,147.91,r,2011-08-31T08:37:51,ACTUAL,3,m3g_l1b_v04.exe,4,0.989182390238 <AU>,147.91,REVERSE,DESCENDING,"(0.129552651781,0.073157313662,180.821591128463)","(""N/A"",""N/A"",""N/A"")",N/A,"(""N/A"",""N/A"",""N/A"")",N/A,2,55.17,M3G20090212T095713_V01_L0.IMG,M3G20090212T095713_V01_BDE.IMG,M3G20090212T104932_V01_FF.IMG,147.91,u2
M3G20090212T115512,19bc,2009-06-18T13:27:52,1162,m3_igds_l0_v18.pl,18,148.16,GLOBAL,CH1-ORB-L-M3-2-L0-RAW-V1.0,2009-02-12T11:55:12,2009-02-12T11:55:41,,,,,,,,,,,,,,,,,,,,,,,,,,,,,,,,,,,,,,,,,,,,,,,,,,,,,,,,,,
M3G20090212T122313,19bc,2009-06-18T13:27:59,1162,m3_igds_l0_v18.pl,18,147.91,GLOBAL,CH1-ORB-L-M3-2-L0-RAW-V1.0,2009-02-12T12:23:13,2009-02-12T13:10:41,,,,,,,,,,,,,,,,,,,,,2010-12-23T07:32:00,ACTUAL,2,m3g_l1b_v04.exe,4,0.989173722099 <AU>,147.91,REVERSE,DESCENDING,"(0.150059420227,0.029716606764,180.991302393363)",2,55.22,M3G20090212T115512_V01_L0.IMG,M3G20090212T115512_V01_BDE.IMG,M3G20090212T122313_V01_FF.IMG,148.04,r,2011-08-31T08:37:51,ACTUAL,3,m3g_l1b_v04.exe,4,0.989173722099 <AU>,148.04,REVERSE,DESCENDING,"(0.150059420227,0.029716606764,180.991302393363)","(""N/A"",""N/A"",""N/A"")",N/A,"(""N/A"",""N/A"",""N/A"")",N/A,2,55.22,M3G20090212T115512_V01_L0.IMG,M3G20090212T115512_V01_BDE.IMG,M3G20090212T122313_V01_FF.IMG,148.04,u2
M3G20090212T135312,19bc,2009-06-18T13:39:16,1162,m3_igds_l0_v18.pl,18,147.97,GLOBAL,CH1-ORB-L-M3-2-L0-RAW-V1.0,2009-02-12T13:53:12,2009-02-12T13:53:41,,,,,,,,,,,,,,,,,,,,,,,,,,,,,,,,,,,,,,,,,,,,,,,,,,,,,,,,,,
M3G20090212T143253,19bc,2009-06-18T13:39:23,1162,m3_igds_l0_v18.pl,18,148.04,GLOBAL,CH1-ORB-L-M3-2-L0-RAW-V1.0,2009-02-12T14:32:53,2009-02-12T15:20:01,,,,,,,,,,,,,,,,,,,,,2010-12-23T07:32:00,ACTUAL,2,m3g_l1b_v04.exe,4,0.989162263592 <AU>,148.04,REVERSE,DESCENDING,"(0.143762114465,0.017813427029,180.877629191617)",2,55.32,M3G20090212T135312_V01_L0.IMG,M3G20090212T135312_V01_BDE.IMG,M3G20090212T143253_V01_FF.IMG,148.04,r,2011-08-31T08:37:51,ACTUAL,3,m3g_l1b_v04.exe,4,0.989162263592 <AU>,148.04,REVERSE,DESCENDING,"(0.143762114465,0.017813427029,180.877629191617)","(""N/A"",""N/A"",""N/A"")",N/A,"(""N/A"",""N/A"",""N/A"")",N/A,2,55.32,M3G20090212T135312_V01_L0.IMG,M3G20090212T135312_V01_BDE.IMG,M3G20090212T143253_V01_FF.IMG,148.04,u2
M3G20090212T155112,19bc,2009-06-18T13:50:34,1162,m3_igds_l0_v18.pl,18,147.97,GLOBAL,CH1-ORB-L-M3-2-L0-RAW-V1.0,2009-02-12T15:51:12,2009-02-12T15:51:41,,,,,,,,,,,,,,,,,,,,,,,,,,,,,,,,,,,,,,,,,,,,,,,,,,,,,,,,,,
M3G20090212T161932,19bc,2009-06-18T13:50:41,1162,m3_igds_l0_v18.pl,18,147.91,GLOBAL,CH1-ORB-L-M3-2-L0-RAW-V1.0,2009-02-12T16:19:32,2009-02-12T16:21:41,,,,,,,,,,,,,,,,,,,,,2010-12-23T07:32:00,ACTUAL,2,m3g_l1b_v04.exe,4,0.989158213363 <AU>,147.91,REVERSE,DESCENDING,"(0.107556277998,0.917845362993,180.953857063923)",2,55.41,M3G20090212T155112_V01_L0.IMG,M3G20090212T155112_V01_BDE.IMG,M3G20090212T162141_V01_FF.IMG,147.97,r,2011-08-31T08:37:51,ACTUAL,3,m3g_l1b_v04.exe,4,0.989158213363 <AU>,147.97,REVERSE,DESCENDING,"(0.107556277998,0.917845362993,180.953857063923)","(""N/A"",""N/A"",""N/A"")",N/A,"(""N/A"",""N/A"",""N/A"")",N/A,2,55.41,M3G20090212T155112_V01_L0.IMG,M3G20090212T155112_V01_BDE.IMG,M3G20090212T162141_V01_FF.IMG,147.97,u2
M3G20090212T162141,19bc,2009-06-18T13:51:11,1162,m3_igds_l0_v18.pl,18,147.85,GLOBAL,CH1-ORB-L-M3-2-L0-RAW-V1.0,2009-02-12T16:21:41,2009-02-12T17:07:01,,,,,,,,,,,,,,,,,,,,,2010-12-23T07:32:00,ACTUAL,2,m3g_l1b_v04.exe,4,0.989151908233 <AU>,147.85,REVERSE,DESCENDING,"(0.107556277998,0.917845362993,180.953857063923)",2,55.41,M3G20090212T155112_V01_L0.IMG,M3G20090212T155112_V01_BDE.IMG,M3G20090212T162141_V01_FF.IMG,147.97,r,2011-08-31T08:37:51,ACTUAL,3,m3g_l1b_v04.exe,4,0.989151908233 <AU>,147.97,REVERSE,DESCENDING,"(0.107556277998,0.917845362993,180.953857063923)","(""N/A"",""N/A"",""N/A"")",N/A,"(""N/A"",""N/A"",""N/A"")",N/A,2,55.41,M3G20090212T155112_V01_L0.IMG,M3G20090212T155112_V01_BDE.IMG,M3G20090212T162141_V01_FF.IMG,147.97,u2
M3G20090212T174912,19bc,2009-06-18T14:01:56,1162,m3_igds_l0_v18.pl,18,148.04,GLOBAL,CH1-ORB-L-M3-2-L0-RAW-V1.0,2009-02-12T17:49:12,2009-02-12T17:49:41,,,,,,,,,,,,,,,,,,,,,,,,,,,,,,,,,,,,,,,,,,,,,,,,,,,,,,,,,,
M3G20090212T182852,19bc,2009-06-18T14:02:03,1162,m3_igds_l0_v18.pl,18,147.72,GLOBAL,CH1-ORB-L-M3-2-L0-RAW-V1.0,2009-02-12T18:28:52,2009-02-12T18:47:21,,,,,,,,,,,,,,,,,,,,,2010-12-23T07:32:00,ACTUAL,2,m3g_l1b_v04.exe,4,0.989140077813 <AU>,147.72,REVERSE,DESCENDING,"(0.137384087792,0.918136022180,180.716594095415)",2,55.46,M3G20090212T174912_V01_L0.IMG,M3G20090212T174912_V01_BDE.IMG,M3G20090212T182852_V01_FF.IMG,147.72,r,2011-08-31T08:37:51,ACTUAL,3,m3g_l1b_v04.exe,4,0.989140077813 <AU>,147.72,REVERSE,DESCENDING,"(0.137384087792,0.918136022180,180.716594095415)","(""N/A"",""N/A"",""N/A"")",N/A,"(""N/A"",""N/A"",""N/A"")",N/A,2,55.46,M3G20090212T174912_V01_L0.IMG,M3G20090212T174912_V01_BDE.IMG,M3G20090212T182852_V01_FF.IMG,147.72,u2
M3G20090212T184721,19bc,2009-06-18T14:06:27,1162,m3_igds_l0_v18.pl,18,147.66,GLOBAL,CH1-ORB-L-M3-2-L0-RAW-V1.0,2009-02-12T18:47:21,2009-02-12T19:16:01,,,,,,,,,,,,,,,,,,,,,2010-12-23T07:32:00,ACTUAL,2,m3g_l1b_v04.exe,4,0.989139159888 <AU>,147.66,REVERSE,DESCENDING,"(0.137384087792,0.918136022180,180.716594095415)",2,55.46,M3G20090212T174912_V01_L0.IMG,M3G20090212T174912_V01_BDE.IMG,M3G20090212T184721_V01_FF.IMG,147.66,r,2011-08-31T08:37:51,ACTUAL,3,m3g_l1b_v04.exe,4,0.989139159888 <AU>,147.66,REVERSE,DESCENDING,"(0.137384087792,0.918136022180,180.716594095415)","(""N/A"",""N/A"",""N/A"")",N/A,"(""N/A"",""N/A"",""N/A"")",N/A,2,55.46,M3G20090212T174912_V01_L0.IMG,M3G20090212T174912_V01_BDE.IMG,M3G20090212T184721_V01_FF.IMG,147.66,u2
M3G20090212T194713,19bc,2009-06-18T14:13:12,1162,m3_igds_l0_v18.pl,18,147.85,GLOBAL,CH1-ORB-L-M3-2-L0-RAW-V1.0,2009-02-12T19:47:13,2009-02-12T19:47:41,,,,,,,,,,,,,,,,,,,,,,,,,,,,,,,,,,,,,,,,,,,,,,,,,,,,,,,,,,
M3G20090212T201532,19bc,2009-06-18T14:13:19,1162,m3_igds_l0_v18.pl,18,147.79,GLOBAL,CH1-ORB-L-M3-2-L0-RAW-V1.0,2009-02-12T20:15:32,2009-02-12T20:37:19,,,,,,,,,,,,,,,,,,,,,2010-12-23T07:32:00,ACTUAL,2,m3g_l1b_v04.exe,4,0.989130937469 <AU>,147.79,REVERSE,DESCENDING,"(0.158740894284,0.867939260430,180.742329001105)",2,55.56,M3G20090212T194713_V01_L0.IMG,M3G20090212T194713_V01_BDE.IMG,M3G20090212T201532_V01_FF.IMG,147.79,r,2011-08-31T08:37:51,ACTUAL,3,m3g_l1b_v04.exe,4,0.989130937469 <AU>,147.79,REVERSE,DESCENDING,"(0.158740894284,0.867939260430,180.742329001105)","(""N/A"",""N/A"",""N/A"")",N/A,"(""N/A"",""N/A"",""N/A"")",N/A,2,55.56,M3G20090212T194713_V01_L0.IMG,M3G20090212T194713_V01_BDE.IMG,M3G20090212T201532_V01_FF.IMG,147.79,u2
M3G20090212T203719,19bc,2009-06-18T14:18:27,1162,m3_igds_l0_v18.pl,18,147.59,GLOBAL,CH1-ORB-L-M3-2-L0-RAW-V1.0,2009-02-12T20:37:19,2009-02-12T21:03:01,,,,,,,,,,,,,,,,,,,,,2010-12-23T07:32:00,ACTUAL,2,m3g_l1b_v04.exe,4,0.989126356117 <AU>,147.59,REVERSE,DESCENDING,"(0.158740894284,0.867939260430,180.742329001105)",2,55.56,M3G20090212T194713_V01_L0.IMG,M3G20090212T194713_V01_BDE.IMG,M3G20090212T203719_V01_FF.IMG,147.59,r,2011-08-31T08:37:51,ACTUAL,3,m3g_l1b_v04.exe,4,0.989126356117 <AU>,147.59,REVERSE,DESCENDING,"(0.158740894284,0.867939260430,180.742329001105)","(""N/A"",""N/A"",""N/A"")",N/A,"(""N/A"",""N/A"",""N/A"")",N/A,2,55.56,M3G20090212T194713_V01_L0.IMG,M3G20090212T194713_V01_BDE.IMG,M3G20090212T203719_V01_FF.IMG,147.59,u2
M3G20090212T214512,19bc,2009-06-18T14:24:34,1162,m3_igds_l0_v18.pl,18,147.79,GLOBAL,CH1-ORB-L-M3-2-L0-RAW-V1.0,2009-02-12T21:45:12,2009-02-12T21:45:41,,,,,,,,,,,,,,,,,,,,,,,,,,,,,,,,,,,,,,,,,,,,,,,,,,,,,,,,,,
M3G20090212T222453,19bc,2009-06-18T14:24:41,1162,m3_igds_l0_v18.pl,18,147.66,GLOBAL,CH1-ORB-L-M3-2-L0-RAW-V1.0,2009-02-12T22:24:53,2009-02-12T23:07:28,,,,,,,,,,,,,,,,,,,,,2010-12-23T07:32:00,ACTUAL,2,m3g_l1b_v04.exe,4,0.989114431502 <AU>,147.66,REVERSE,DESCENDING,"(0.160525067243,0.886603361645,180.761951078523)",2,55.65,M3G20090212T214512_V01_L0.IMG,M3G20090212T214512_V01_BDE.IMG,M3G20090212T222453_V01_FF.IMG,147.66,r,2011-08-31T08:37:51,ACTUAL,3,m3g_l1b_v04.exe,4,0.989114431502 <AU>,147.66,REVERSE,DESCENDING,"(0.160525067243,0.886603361645,180.761951078523)","(""N/A"",""N/A"",""N/A"")",N/A,"(""N/A"",""N/A"",""N/A"")",N/A,2,55.65,M3G20090212T214512_V01_L0.IMG,M3G20090212T214512_V01_BDE.IMG,M3G20090212T222453_V01_FF.IMG,147.66,u2
M3G20090212T230728,19bc,2009-06-18T14:34:47,1162,m3_igds_l0_v18.pl,18,147.72,GLOBAL,CH1-ORB-L-M3-2-L0-RAW-V1.0,2009-02-12T23:07:28,2009-02-12T23:12:21,,,,,,,,,,,,,,,,,,,,,2010-12-23T07:32:00,ACTUAL,2,m3g_l1b_v04.exe,4,0.989115881293 <AU>,147.72,REVERSE,DESCENDING,"(0.160525067243,0.886603361645,180.761951078523)",2,55.65,M3G20090212T234332_V01_L0.IMG,M3G20090212T234332_V01_BDE.IMG,M3G20090212T222453_V01_FF.IMG,147.72,r,2011-08-31T08:37:51,ACTUAL,3,m3g_l1b_v04.exe,4,0.989115881293 <AU>,147.72,REVERSE,DESCENDING,"(0.160525067243,0.886603361645,180.761951078523)","(""N/A"",""N/A"",""N/A"")",N/A,"(""N/A"",""N/A"",""N/A"")",N/A,2,55.65,M3G20090212T234332_V01_L0.IMG,M3G20090212T234332_V01_BDE.IMG,M3G20090212T222453_V01_FF.IMG,147.72,u2
M3G20090212T234332,19bc,2009-06-18T14:35:55,1162,m3_igds_l0_v18.pl,18,147.85,GLOBAL,CH1-ORB-L-M3-2-L0-RAW-V1.0,2009-02-12T23:43:32,2009-02-12T23:44:01,,,,,,,,,,,,,,,,,,,,,,,,,,,,,,,,,,,,,,,,,,,,,,,,,,,,,,,,,,
M3G20090213T001153,19bc,2009-06-18T14:36:01,1162,m3_igds_l0_v18.pl,18,147.66,GLOBAL,CH1-ORB-L-M3-2-L0-RAW-V1.0,2009-02-13T00:11:53,2009-02-13T00:59:21,,,,,,,,,,,,,,,,,,,,,2010-12-23T07:32:00,ACTUAL,2,m3g_l1b_v04.exe,4,0.989102492191 <AU>,147.66,REVERSE,DESCENDING,"(0.178232546705,0.857973331460,180.935965984746)",2,55.7,M3G20090213T014132_V01_L0.IMG,M3G20090213T014132_V01_BDE.IMG,M3G20090213T001153_V01_FF.IMG,147.66,r,2011-08-31T08:37:51,ACTUAL,3,m3g_l1b_v04.exe,4,0.989102492191 <AU>,147.66,REVERSE,DESCENDING,"(0.178232546705,0.857973331460,180.935965984746)","(""N/A"",""N/A"",""N/A"")",N/A,"(""N/A"",""N/A"",""N/A"")",N/A,2,55.7,M3G20090213T014132_V01_L0.IMG,M3G20090213T014132_V01_BDE.IMG,M3G20090213T001153_V01_FF.IMG,147.66,u2
M3G20090213T014132,19bc,2009-06-18T14:47:15,1162,m3_igds_l0_v18.pl,18,147.72,GLOBAL,CH1-ORB-L-M3-2-L0-RAW-V1.0,2009-02-13T01:41:32,2009-02-13T01:42:01,,,,,,,,,,,,,,,,,,,,,,,,,,,,,,,,,,,,,,,,,,,,,,,,,,,,,,,,,,
M3G20090213T022112,19bc,2009-06-18T05:52:38,1168,m3_igds_l0_v18.pl,18,147.59,GLOBAL,CH1-ORB-L-M3-2-L0-RAW-V1.0,2009-02-13T02:21:12,2009-02-13T03:08:01,,,,,,,,,,,,,,,,,,,,,2010-12-23T07:32:00,ACTUAL,2,m3g_l1b_v04.exe,4,0.989087471719 <AU>,147.59,REVERSE,DESCENDING,"(0.173556053222,0.874264887502,180.851685158694)",2,55.8,M3G20090213T014132_V01_L0.IMG,M3G20090213T014132_V01_BDE.IMG,M3G20090213T022112_V01_FF.IMG,147.53,r,2011-08-31T08:37:51,ACTUAL,3,m3g_l1b_v04.exe,4,0.989087471719 <AU>,147.53,REVERSE,DESCENDING,"(0.173556053222,0.874264887502,180.851685158694)","(""N/A"",""N/A"",""N/A"")",N/A,"(""N/A"",""N/A"",""N/A"")",N/A,2,55.8,M3G20090213T014132_V01_L0.IMG,M3G20090213T014132_V01_BDE.IMG,M3G20090213T022112_V01_FF.IMG,147.53,u2
M3G20090213T033912,19bc,2009-06-18T06:03:45,1168,m3_igds_l0_v18.pl,18,147.72,GLOBAL,CH1-ORB-L-M3-2-L0-RAW-V1.0,2009-02-13T03:39:12,2009-02-13T03:39:41,,,,,,,,,,,,,,,,,,,,,,,,,,,,,,,,,,,,,,,,,,,,,,,,,,,,,,,,,,
M3G20090213T040732,19bc,2009-06-18T06:03:51,1168,m3_igds_l0_v18.pl,18,147.72,GLOBAL,CH1-ORB-L-M3-2-L0-RAW-V1.0,2009-02-13T04:07:32,2009-02-13T04:55:01,,,,,,,,,,,,,,,,,,,,,2010-12-23T07:32:00,ACTUAL,2,m3g_l1b_v04.exe,4,0.989074568889 <AU>,147.72,REVERSE,DESCENDING,"(0.184175237867,0.843461476164,180.754922871875)",2,55.89,M3G20090213T033912_V01_L0.IMG,M3G20090213T033912_V01_BDE.IMG,M3G20090213T040732_V01_FF.IMG,147.79,r,2011-08-31T08:37:51,ACTUAL,3,m3g_l1b_v04.exe,4,0.989074568889 <AU>,147.79,REVERSE,DESCENDING,"(0.184175237867,0.843461476164,180.754922871875)","(""N/A"",""N/A"",""N/A"")",N/A,"(""N/A"",""N/A"",""N/A"")",N/A,2,55.89,M3G20090213T033912_V01_L0.IMG,M3G20090213T033912_V01_BDE.IMG,M3G20090213T040732_V01_FF.IMG,147.79,u2
M3G20090213T053713,19bc,2009-06-18T06:15:06,1168,m3_igds_l0_v18.pl,18,147.72,GLOBAL,CH1-ORB-L-M3-2-L0-RAW-V1.0,2009-02-13T05:37:13,2009-02-13T05:37:41,,,,,,,,,,,,,,,,,,,,,,,,,,,,,,,,,,,,,,,,,,,,,,,,,,,,,,,,,,
M3G20090213T061652,19bc,2009-06-18T06:15:13,1168,m3_igds_l0_v18.pl,18,147.47,GLOBAL,CH1-ORB-L-M3-2-L0-RAW-V1.0,2009-02-13T06:16:52,2009-02-13T07:04:21,,,,,,,,,,,,,,,,,,,,,2010-12-23T07:32:00,ACTUAL,2,m3g_l1b_v04.exe,4,0.989058404594 <AU>,147.47,REVERSE,DESCENDING,"(0.169027624360,0.857517727119,180.928771132560)",2,55.94,M3G20090213T053713_V01_L0.IMG,M3G20090213T053713_V01_BDE.IMG,M3G20090213T061652_V01_FF.IMG,147.47,r,2011-08-31T08:37:51,ACTUAL,3,m3g_l1b_v04.exe,4,0.989058404594 <AU>,147.47,REVERSE,DESCENDING,"(0.169027624360,0.857517727119,180.928771132560)","(""N/A"",""N/A"",""N/A"")",N/A,"(""N/A"",""N/A"",""N/A"")",N/A,2,55.94,M3G20090213T053713_V01_L0.IMG,M3G20090213T053713_V01_BDE.IMG,M3G20090213T061652_V01_FF.IMG,147.47,u2
M3G20090213T073533,19bc,2009-06-18T06:26:27,1168,m3_igds_l0_v18.pl,18,147.59,GLOBAL,CH1-ORB-L-M3-2-L0-RAW-V1.0,2009-02-13T07:35:33,2009-02-13T07:36:01,,,,,,,,,,,,,,,,,,,,,,,,,,,,,,,,,,,,,,,,,,,,,,,,,,,,,,,,,,
M3G20090213T080353,19bc,2009-06-18T06:26:34,1168,m3_igds_l0_v18.pl,18,147.53,GLOBAL,CH1-ORB-L-M3-2-L0-RAW-V1.0,2009-02-13T08:03:53,2009-02-13T08:51:21,,,,,,,,,,,,,,,,,,,,,2010-12-23T07:32:00,ACTUAL,2,m3g_l1b_v04.exe,4,0.989044530207 <AU>,147.53,REVERSE,DESCENDING,"(0.176025576702,0.834386129966,180.798872751371)",2,56.03,M3G20090213T073533_V01_L0.IMG,M3G20090213T073533_V01_BDE.IMG,M3G20090213T080353_V01_FF.IMG,147.47,r,2011-08-31T08:37:51,ACTUAL,3,m3g_l1b_v04.exe,4,0.989044530207 <AU>,147.47,REVERSE,DESCENDING,"(0.176025576702,0.834386129966,180.798872751371)","(""N/A"",""N/A"",""N/A"")",N/A,"(""N/A"",""N/A"",""N/A"")",N/A,2,56.03,M3G20090213T073533_V01_L0.IMG,M3G20090213T073533_V01_BDE.IMG,M3G20090213T080353_V01_FF.IMG,147.47,u2
M3G20090213T093333,19bc,2009-06-18T06:37:51,1168,m3_igds_l0_v18.pl,18,147.53,GLOBAL,CH1-ORB-L-M3-2-L0-RAW-V1.0,2009-02-13T09:33:33,2009-02-13T09:34:01,,,,,,,,,,,,,,,,,,,,,,,,,,,,,,,,,,,,,,,,,,,,,,,,,,,,,,,,,,
M3G20090213T101313,19bc,2009-06-18T06:37:57,1168,m3_igds_l0_v18.pl,18,147.41,GLOBAL,CH1-ORB-L-M3-2-L0-RAW-V1.0,2009-02-13T10:13:13,2009-02-13T11:00:21,,,,,,,,,,,,,,,,,,,,,2010-12-23T07:32:00,ACTUAL,2,m3g_l1b_v04.exe,4,0.989027336316 <AU>,147.41,REVERSE,DESCENDING,"(0.171848136096,0.865718317854,180.993525241348)",2,56.13,M3G20090213T093333_V01_L0.IMG,M3G20090213T093333_V01_BDE.IMG,M3G20090213T101313_V01_FF.IMG,147.41,r,2011-08-31T08:37:51,ACTUAL,3,m3g_l1b_v04.exe,4,0.989027336316 <AU>,147.41,REVERSE,DESCENDING,"(0.171848136096,0.865718317854,180.993525241348)","(""N/A"",""N/A"",""N/A"")",N/A,"(""N/A"",""N/A"",""N/A"")",N/A,2,56.13,M3G20090213T093333_V01_L0.IMG,M3G20090213T093333_V01_BDE.IMG,M3G20090213T101313_V01_FF.IMG,147.41,u2
M3G20090213T113133,19bc,2009-06-18T06:49:08,1168,m3_igds_l0_v18.pl,18,147.47,GLOBAL,CH1-ORB-L-M3-2-L0-RAW-V1.0,2009-02-13T11:31:33,2009-02-13T11:32:01,,,,,,,,,,,,,,,,,,,,,,,,,,,,,,,,,,,,,,,,,,,,,,,,,,,,,,,,,,
M3G20090213T115953,19bc,2009-06-18T14:47:22,1175,m3_igds_l0_v18.pl,18,147.41,GLOBAL,CH1-ORB-L-M3-2-L0-RAW-V1.0,2009-02-13T11:59:53,2009-02-13T12:47:21,,,,,,,,,,,,,,,,,,,,,2010-12-23T07:32:00,ACTUAL,2,m3g_l1b_v04.exe,4,0.989012658760 <AU>,147.41,REVERSE,DESCENDING,"(0.176818179284,0.870495153007,180.844344453010)",2,56.18,M3G20090213T113133_V01_L0.IMG,M3G20090213T113133_V01_BDE.IMG,M3G20090213T115953_V01_FF.IMG,147.47,r,2011-08-31T08:37:51,ACTUAL,3,m3g_l1b_v04.exe,4,0.989012658760 <AU>,147.47,REVERSE,DESCENDING,"(0.176818179284,0.870495153007,180.844344453010)","(""N/A"",""N/A"",""N/A"")",N/A,"(""N/A"",""N/A"",""N/A"")",N/A,2,56.18,M3G20090213T113133_V01_L0.IMG,M3G20090213T113133_V01_BDE.IMG,M3G20090213T115953_V01_FF.IMG,147.47,u2
M3G20090213T132932,19bc,2009-06-18T14:58:39,1175,m3_igds_l0_v18.pl,18,147.34,GLOBAL,CH1-ORB-L-M3-2-L0-RAW-V1.0,2009-02-13T13:29:32,2009-02-13T13:30:01,,,,,,,,,,,,,,,,,,,,,,,,,,,,,,,,,,,,,,,,,,,,,,,,,,,,,,,,,,
M3G20090213T140913,19bc,2009-06-18T14:58:45,1175,m3_igds_l0_v18.pl,18,147.34,GLOBAL,CH1-ORB-L-M3-2-L0-RAW-V1.0,2009-02-13T14:09:13,2009-02-13T14:56:41,,,,,,,,,,,,,,,,,,,,,2010-12-23T07:32:00,ACTUAL,2,m3g_l1b_v04.exe,4,0.988994456830 <AU>,147.34,REVERSE,DESCENDING,"(0.194710851618,0.835842160715,180.740756353974)",2,56.27,M3G20090213T132932_V01_L0.IMG,M3G20090213T132932_V01_BDE.IMG,M3G20090213T140913_V01_FF.IMG,147.34,r,2011-08-31T08:37:51,ACTUAL,3,m3g_l1b_v04.exe,4,0.988994456830 <AU>,147.34,REVERSE,DESCENDING,"(0.194710851618,0.835842160715,180.740756353974)","(""N/A"",""N/A"",""N/A"")",N/A,"(""N/A"",""N/A"",""N/A"")",N/A,2,56.27,M3G20090213T132932_V01_L0.IMG,M3G20090213T132932_V01_BDE.IMG,M3G20090213T140913_V01_FF.IMG,147.34,u2
M3G20090213T152733,19bc,2009-06-18T15:10:01,1175,m3_igds_l0_v18.pl,18,147.22,GLOBAL,CH1-ORB-L-M3-2-L0-RAW-V1.0,2009-02-13T15:27:33,2009-02-13T15:28:01,,,,,,,,,,,,,,,,,,,,,,,,,,,,,,,,,,,,,,,,,,,,,,,,,,,,,,,,,,
M3G20090213T155552,19bc,2009-06-18T15:10:08,1175,m3_igds_l0_v18.pl,18,147.22,GLOBAL,CH1-ORB-L-M3-2-L0-RAW-V1.0,2009-02-13T15:55:52,2009-02-13T16:31:39,,,,,,,,,,,,,,,,,,,,,2010-12-23T07:32:00,ACTUAL,2,m3g_l1b_v04.exe,4,0.988979951744 <AU>,147.22,REVERSE,DESCENDING,"(0.176209668382,0.792038492590,180.899135451619)",2,56.32,M3G20090213T152733_V01_L0.IMG,M3G20090213T152733_V01_BDE.IMG,M3G20090213T155552_V01_FF.IMG,147.22,r,2011-08-31T08:37:51,ACTUAL,3,m3g_l1b_v04.exe,4,0.988979951744 <AU>,147.22,REVERSE,DESCENDING,"(0.176209668382,0.792038492590,180.899135451619)","(""N/A"",""N/A"",""N/A"")",N/A,"(""N/A"",""N/A"",""N/A"")",N/A,2,56.32,M3G20090213T152733_V01_L0.IMG,M3G20090213T152733_V01_BDE.IMG,M3G20090213T155552_V01_FF.IMG,147.22,u2
M3G20090213T172533,19bc,2009-06-18T15:18:36,1175,m3_igds_l0_v18.pl,18,147.34,GLOBAL,CH1-ORB-L-M3-2-L0-RAW-V1.0,2009-02-13T17:25:33,2009-02-13T17:26:01,,,,,,,,,,,,,,,,,,,,,,,,,,,,,,,,,,,,,,,,,,,,,,,,,,,,,,,,,,
M3G20090213T180532,19bc,2009-06-18T15:18:43,1176,m3_igds_l0_v18.pl,18,147.16,GLOBAL,CH1-ORB-L-M3-2-L0-RAW-V1.0,2009-02-13T18:05:32,2009-02-13T18:52:41,,,,,,,,,,,,,,,,,,,,,2010-12-23T07:32:00,ACTUAL,2,m3g_l1b_v04.exe,4,0.988959787359 <AU>,147.16,REVERSE,DESCENDING,"(0.203143482547,0.956563563093,180.709198465127)",2,56.41,M3G20090213T172533_V01_L0.IMG,M3G20090213T172533_V01_BDE.IMG,M3G20090213T180532_V01_FF.IMG,147.1,r,2011-08-31T08:37:51,ACTUAL,3,m3g_l1b_v04.exe,4,0.988959787359 <AU>,147.1,REVERSE,DESCENDING,"(0.203143482547,0.956563563093,180.709198465127)","(""N/A"",""N/A"",""N/A"")",N/A,"(""N/A"",""N/A"",""N/A"")",N/A,2,56.41,M3G20090213T172533_V01_L0.IMG,M3G20090213T172533_V01_BDE.IMG,M3G20090213T180532_V01_FF.IMG,147.1,u2
M3G20090213T192333,19bc,2009-06-18T15:29:55,1176,m3_igds_l0_v18.pl,18,147.1,GLOBAL,CH1-ORB-L-M3-2-L0-RAW-V1.0,2009-02-13T19:23:33,2009-02-13T19:24:01,,,,,,,,,,,,,,,,,,,,,,,,,,,,,,,,,,,,,,,,,,,,,,,,,,,,,,,,,,
M3G20090213T195213,19bc,2009-06-18T15:30:02,1178,m3_igds_l0_v18.pl,18,147.16,GLOBAL,CH1-ORB-L-M3-2-L0-RAW-V1.0,2009-02-13T19:52:13,2009-02-13T20:39:41,,,,,,,,,,,,,,,,,,,,,2010-12-23T07:32:00,ACTUAL,2,m3g_l1b_v04.exe,4,0.988943525472 <AU>,147.16,REVERSE,DESCENDING,"(0.199573122292,0.927535058148,180.798436521040)",2,56.46,M3G20090213T192333_V01_L0.IMG,M3G20090213T192333_V01_BDE.IMG,M3G20090213T195213_V01_FF.IMG,147.16,r,2011-08-31T08:37:51,ACTUAL,3,m3g_l1b_v04.exe,4,0.988943525472 <AU>,147.16,REVERSE,DESCENDING,"(0.199573122292,0.927535058148,180.798436521040)","(""N/A"",""N/A"",""N/A"")",N/A,"(""N/A"",""N/A"",""N/A"")",N/A,2,56.46,M3G20090213T192333_V01_L0.IMG,M3G20090213T192333_V01_BDE.IMG,M3G20090213T195213_V01_FF.IMG,147.16,u2
M3G20090213T212133,19bc,2009-06-18T15:41:17,1178,m3_igds_l0_v18.pl,18,147.22,GLOBAL,CH1-ORB-L-M3-2-L0-RAW-V1.0,2009-02-13T21:21:33,2009-02-13T21:22:01,,,,,,,,,,,,,,,,,,,,,,,,,,,,,,,,,,,,,,,,,,,,,,,,,,,,,,,,,,
M3G20090213T220133,19bc,2009-06-18T15:41:23,1178,m3_igds_l0_v18.pl,18,147.03,GLOBAL,CH1-ORB-L-M3-2-L0-RAW-V1.0,2009-02-13T22:01:33,2009-02-13T22:18:52,,,,,,,,,,,,,,,,,,,,,2010-12-23T07:32:00,ACTUAL,2,m3g_l1b_v04.exe,4,0.988925057063 <AU>,147.03,REVERSE,DESCENDING,"(0.186105385302,0.927524513784,180.841509847850)",2,56.6,M3G20090213T212133_V01_L0.IMG,M3G20090213T212133_V01_BDE.IMG,M3G20090213T220133_V01_FF.IMG,146.97,r,2011-08-31T08:37:51,ACTUAL,3,m3g_l1b_v04.exe,4,0.988925057063 <AU>,146.97,REVERSE,DESCENDING,"(0.186105385302,0.927524513784,180.841509847850)","(""N/A"",""N/A"",""N/A"")",N/A,"(""N/A"",""N/A"",""N/A"")",N/A,2,56.6,M3G20090213T212133_V01_L0.IMG,M3G20090213T212133_V01_BDE.IMG,M3G20090213T220133_V01_FF.IMG,146.97,u2
M3G20090213T221852,19bc,2009-06-18T15:45:31,1179,m3_igds_l0_v18.pl,18,146.97,GLOBAL,CH1-ORB-L-M3-2-L0-RAW-V1.0,2009-02-13T22:18:52,2009-02-13T22:49:01,,,,,,,,,,,,,,,,,,,,,2010-12-23T07:32:00,ACTUAL,2,m3g_l1b_v04.exe,4,0.988922596563 <AU>,146.97,REVERSE,DESCENDING,"(0.186105385302,0.927524513784,180.841509847850)",2,56.6,M3G20090213T212133_V01_L0.IMG,M3G20090213T212133_V01_BDE.IMG,M3G20090213T221852_V01_FF.IMG,146.97,r,2011-08-31T08:37:51,ACTUAL,3,m3g_l1b_v04.exe,4,0.988922596563 <AU>,146.97,REVERSE,DESCENDING,"(0.186105385302,0.927524513784,180.841509847850)","(""N/A"",""N/A"",""N/A"")",N/A,"(""N/A"",""N/A"",""N/A"")",N/A,2,56.6,M3G20090213T212133_V01_L0.IMG,M3G20090213T212133_V01_BDE.IMG,M3G20090213T221852_V01_FF.IMG,146.97,u2
M3G20090213T231933,19bc,2009-06-18T15:52:37,1179,m3_igds_l0_v18.pl,18,147.16,GLOBAL,CH1-ORB-L-M3-2-L0-RAW-V1.0,2009-02-13T23:19:33,2009-02-13T23:20:01,,,,,,,,,,,,,,,,,,,,,,,,,,,,,,,,,,,,,,,,,,,,,,,,,,,,,,,,,,
M3G20090213T234813,19bc,2009-06-18T15:52:44,1179,m3_igds_l0_v18.pl,18,146.97,GLOBAL,CH1-ORB-L-M3-2-L0-RAW-V1.0,2009-02-13T23:48:13,2009-02-14T00:09:03,,,,,,,,,,,,,,,,,,,,,2010-12-23T07:32:00,ACTUAL,2,m3g_l1b_v04.exe,4,0.988909861158 <AU>,146.97,REVERSE,DESCENDING,"(0.181941818404,0.909397345221,180.659036611184)",2,56.6,M3G20090213T231933_V01_L0.IMG,M3G20090213T231933_V01_BDE.IMG,M3G20090213T234813_V01_FF.IMG,146.97,r,2011-08-31T08:37:51,ACTUAL,3,m3g_l1b_v04.exe,4,0.988909861158 <AU>,146.97,REVERSE,DESCENDING,"(0.181941818404,0.909397345221,180.659036611184)","(""N/A"",""N/A"",""N/A"")",N/A,"(""N/A"",""N/A"",""N/A"")",N/A,2,56.6,M3G20090213T231933_V01_L0.IMG,M3G20090213T231933_V01_BDE.IMG,M3G20090213T234813_V01_FF.IMG,146.97,u2
M3G20090214T000903,19bc,2009-08-10T18:38:43,1180,m3_igds_l0_v18.pl,18,146.91,GLOBAL,CH1-ORB-L-M3-2-L0-RAW-V1.0,2009-02-14T00:09:03,2009-02-14T00:35:41,,,,,,,,,,,,,,,,,,,,,2010-12-23T07:32:00,ACTUAL,2,m3g_l1b_v04.exe,4,0.988903909365 <AU>,146.91,REVERSE,DESCENDING,"(0.181941818404,0.909397345221,180.659036611184)",2,56.65,M3G20090214T011732_V01_L0.IMG,M3G20090214T011732_V01_BDE.IMG,M3G20090214T000903_V01_FF.IMG,146.91,r,2011-08-31T08:37:51,ACTUAL,3,m3g_l1b_v04.exe,4,0.988903909365 <AU>,146.91,REVERSE,DESCENDING,"(0.181941818404,0.909397345221,180.659036611184)","(""N/A"",""N/A"",""N/A"")",N/A,"(""N/A"",""N/A"",""N/A"")",N/A,2,56.65,M3G20090214T011732_V01_L0.IMG,M3G20090214T011732_V01_BDE.IMG,M3G20090214T000903_V01_FF.IMG,146.91,u2
M3G20090214T011732,19bc,2009-08-10T18:46:00,1180,m3_igds_l0_v18.pl,18,147.03,GLOBAL,CH1-ORB-L-M3-2-L0-RAW-V1.0,2009-02-14T01:17:32,2009-02-14T01:18:01,,,,,,,,,,,,,,,,,,,,,,,,,,,,,,,,,,,,,,,,,,,,,,,,,,,,,,,,,,
M3G20090214T013412,19bc,2009-08-10T18:46:07,1180,m3_igds_l0_v18.pl,18,147.1,GLOBAL,CH1-ORB-L-M3-2-L0-RAW-V1.0,2009-02-14T01:34:12,2009-02-14T02:08:00,,,,,,,,,,,,,,,,,,,,,2010-12-23T07:32:00,ACTUAL,2,m3g_l1b_v04.exe,4,0.988893326520 <AU>,147.1,REVERSE,DESCENDING,"(0.182022415558,0.885256751966,180.770111476329)",2,56.7,M3G20090214T011732_V01_L0.IMG,M3G20090214T011732_V01_BDE.IMG,M3G20090214T013412_V01_FF.IMG,147.1,r,2011-08-31T08:37:51,ACTUAL,3,m3g_l1b_v04.exe,4,0.988893326520 <AU>,147.1,REVERSE,DESCENDING,"(0.182022415558,0.885256751966,180.770111476329)","(""N/A"",""N/A"",""N/A"")",N/A,"(""N/A"",""N/A"",""N/A"")",N/A,2,56.7,M3G20090214T011732_V01_L0.IMG,M3G20090214T011732_V01_BDE.IMG,M3G20090214T020800_V01_FF.IMG,147.1,u2
M3G20090214T020800,19bc,2009-08-10T18:54:11,1180,m3_igds_l0_v18.pl,18,146.91,GLOBAL,CH1-ORB-L-M3-2-L0-RAW-V1.0,2009-02-14T02:08:01,2009-02-14T02:45:01,,,,,,,,,,,,,,,,,,,,,2010-12-23T07:32:00,ACTUAL,2,m3g_l1b_v04.exe,4,0.988884867741 <AU>,146.91,REVERSE,DESCENDING,"(0.182022415558,0.885256751966,180.770111476329)",2,56.74,M3G20090214T011732_V01_L0.IMG,M3G20090214T011732_V01_BDE.IMG,M3G20090214T020800_V01_FF.IMG,146.91,r,2011-08-31T08:37:51,ACTUAL,3,m3g_l1b_v04.exe,4,0.988884867741 <AU>,146.91,REVERSE,DESCENDING,"(0.182022415558,0.885256751966,180.770111476329)","(""N/A"",""N/A"",""N/A"")",N/A,"(""N/A"",""N/A"",""N/A"")",N/A,2,56.74,M3G20090214T011732_V01_L0.IMG,M3G20090214T011732_V01_BDE.IMG,M3G20090214T020800_V01_FF.IMG,146.91,u2
M3G20090214T031533,19bc,2009-08-10T19:03:10,1180,m3_igds_l0_v18.pl,18,147.03,GLOBAL,CH1-ORB-L-M3-2-L0-RAW-V1.0,2009-02-14T03:15:33,2009-02-14T03:16:01,,,,,,,,,,,,,,,,,,,,,,,,,,,,,,,,,,,,,,,,,,,,,,,,,,,,,,,,,,
M3G20090214T034413,19bc,2009-08-10T16:49:31,1181,m3_igds_l0_v18.pl,18,146.97,GLOBAL,CH1-ORB-L-M3-2-L0-RAW-V1.0,2009-02-14T03:44:13,2009-02-14T04:31:41,,,,,,,,,,,,,,,,,,,,,2010-12-23T07:32:00,ACTUAL,2,m3g_l1b_v04.exe,4,0.988867996282 <AU>,146.97,REVERSE,DESCENDING,"(0.167910513649,0.900309408161,180.898860432437)",2,56.79,M3G20090214T031533_V01_L0.IMG,M3G20090214T031533_V01_BDE.IMG,M3G20090214T034413_V01_FF.IMG,146.91,r,2011-08-31T08:37:51,ACTUAL,3,m3g_l1b_v04.exe,4,0.988867996282 <AU>,146.91,REVERSE,DESCENDING,"(0.167910513649,0.900309408161,180.898860432437)","(""N/A"",""N/A"",""N/A"")",N/A,"(""N/A"",""N/A"",""N/A"")",N/A,2,56.79,M3G20090214T031533_V01_L0.IMG,M3G20090214T031533_V01_BDE.IMG,M3G20090214T034413_V01_FF.IMG,146.91,u2
M3G20090214T051333,19bc,2009-08-10T17:01:01,1181,m3_igds_l0_v18.pl,18,147.03,GLOBAL,CH1-ORB-L-M3-2-L0-RAW-V1.0,2009-02-14T05:13:33,2009-02-14T05:14:01,,,,,,,,,,,,,,,,,,,,,,,,,,,,,,,,,,,,,,,,,,,,,,,,,,,,,,,,,,
M3G20090214T055332,19bc,2009-08-10T17:01:08,1181,m3_igds_l0_v18.pl,18,146.73,GLOBAL,CH1-ORB-L-M3-2-L0-RAW-V1.0,2009-02-14T05:53:32,2009-02-14T06:41:01,,,,,,,,,,,,,,,,,,,,,2010-12-23T07:32:00,ACTUAL,2,m3g_l1b_v04.exe,4,0.988846303704 <AU>,146.73,REVERSE,DESCENDING,"(0.175542383961,0.911599224534,180.774064571716)",2,56.89,M3G20090214T051333_V01_L0.IMG,M3G20090214T051333_V01_BDE.IMG,M3G20090214T055332_V01_FF.IMG,146.79,r,2011-08-31T08:37:51,ACTUAL,3,m3g_l1b_v04.exe,4,0.988846303704 <AU>,146.79,REVERSE,DESCENDING,"(0.175542383961,0.911599224534,180.774064571716)","(""N/A"",""N/A"",""N/A"")",N/A,"(""N/A"",""N/A"",""N/A"")",N/A,2,56.89,M3G20090214T051333_V01_L0.IMG,M3G20090214T051333_V01_BDE.IMG,M3G20090214T055332_V01_FF.IMG,146.79,u2
M3G20090214T071113,19bc,2009-08-10T17:13:14,1181,m3_igds_l0_v18.pl,18,146.85,GLOBAL,CH1-ORB-L-M3-2-L0-RAW-V1.0,2009-02-14T07:11:13,2009-02-14T07:11:41,,,,,,,,,,,,,,,,,,,,,,,,,,,,,,,,,,,,,,,,,,,,,,,,,,,,,,,,,,
M3G20090214T074013,19bc,2009-08-10T17:13:20,1181,m3_igds_l0_v18.pl,18,146.79,GLOBAL,CH1-ORB-L-M3-2-L0-RAW-V1.0,2009-02-14T07:40:13,2009-02-14T07:42:47,,,,,,,,,,,,,,,,,,,,,2010-12-23T07:32:00,ACTUAL,2,m3g_l1b_v04.exe,4,0.988835591954 <AU>,146.79,REVERSE,DESCENDING,"(0.191673175327,0.868857659482,180.895946360497)",2,56.93,M3G20090214T071113_V01_L0.IMG,M3G20090214T071113_V01_BDE.IMG,M3G20090214T074247_V01_FF.IMG,146.85,r,2011-08-31T08:37:51,ACTUAL,3,m3g_l1b_v04.exe,4,0.988835591954 <AU>,146.85,REVERSE,DESCENDING,"(0.191673175327,0.868857659482,180.895946360497)","(""N/A"",""N/A"",""N/A"")",N/A,"(""N/A"",""N/A"",""N/A"")",N/A,2,56.93,M3G20090214T071113_V01_L0.IMG,M3G20090214T071113_V01_BDE.IMG,M3G20090214T074247_V01_FF.IMG,146.85,u2
M3G20090214T074247,19bc,2009-08-10T17:13:57,1181,m3_igds_l0_v18.pl,18,146.79,GLOBAL,CH1-ORB-L-M3-2-L0-RAW-V1.0,2009-02-14T07:42:47,2009-02-14T08:28:01,,,,,,,,,,,,,,,,,,,,,2010-12-23T07:32:00,ACTUAL,2,m3g_l1b_v04.exe,4,0.988827603248 <AU>,146.79,REVERSE,DESCENDING,"(0.191673175327,0.868857659482,180.895946360497)",2,56.93,M3G20090214T071113_V01_L0.IMG,M3G20090214T071113_V01_BDE.IMG,M3G20090214T074247_V01_FF.IMG,146.79,r,2011-08-31T08:37:51,ACTUAL,3,m3g_l1b_v04.exe,4,0.988827603248 <AU>,146.79,REVERSE,DESCENDING,"(0.191673175327,0.868857659482,180.895946360497)","(""N/A"",""N/A"",""N/A"")",N/A,"(""N/A"",""N/A"",""N/A"")",N/A,2,56.93,M3G20090214T071113_V01_L0.IMG,M3G20090214T071113_V01_BDE.IMG,M3G20090214T074247_V01_FF.IMG,146.79,u2
M3G20090214T090913,19bc,2009-08-10T17:24:52,1181,m3_igds_l0_v18.pl,18,146.79,GLOBAL,CH1-ORB-L-M3-2-L0-RAW-V1.0,2009-02-14T09:09:13,2009-02-14T09:09:41,,,,,,,,,,,,,,,,,,,,,,,,,,,,,,,,,,,,,,,,,,,,,,,,,,,,,,,,,,
M3G20090214T094953,19bc,2009-08-10T17:24:58,1181,m3_igds_l0_v18.pl,18,146.61,GLOBAL,CH1-ORB-L-M3-2-L0-RAW-V1.0,2009-02-14T09:49:53,2009-02-14T10:13:10,,,,,,,,,,,,,,,,,,,,,2010-12-23T07:32:00,ACTUAL,2,m3g_l1b_v04.exe,4,0.988806694179 <AU>,146.61,REVERSE,DESCENDING,"(0.212016987427,0.911809252498,180.849472855913)",2,57.03,M3G20090214T090913_V01_L0.IMG,M3G20090214T090913_V01_BDE.IMG,M3G20090214T094953_V01_FF.IMG,146.67,r,2011-08-31T08:37:51,ACTUAL,3,m3g_l1b_v04.exe,4,0.988806694179 <AU>,146.67,REVERSE,DESCENDING,"(0.212016987427,0.911809252498,180.849472855913)","(""N/A"",""N/A"",""N/A"")",N/A,"(""N/A"",""N/A"",""N/A"")",N/A,2,57.03,M3G20090214T090913_V01_L0.IMG,M3G20090214T090913_V01_BDE.IMG,M3G20090214T094953_V01_FF.IMG,146.67,u2
M3G20090214T101310,19bc,2009-08-10T17:30:39,1184,m3_igds_l0_v18.pl,18,146.73,GLOBAL,CH1-ORB-L-M3-2-L0-RAW-V1.0,2009-02-14T10:13:15,2009-02-14T10:37:01,,,,,,,,,,,,,,,,,,,,,2010-12-23T07:32:00,ACTUAL,2,m3g_l1b_v04.exe,4,0.988804485082 <AU>,146.73,REVERSE,DESCENDING,"(0.212016987427,0.911809252498,180.849472855913)",2,57.08,M3G20090214T090913_V01_L0.IMG,M3G20090214T090913_V01_BDE.IMG,M3G20090214T101310_V01_FF.IMG,146.73,r,2011-08-31T08:37:51,ACTUAL,3,m3g_l1b_v04.exe,4,0.988804485082 <AU>,146.73,REVERSE,DESCENDING,"(0.212016987427,0.911809252498,180.849472855913)","(""N/A"",""N/A"",""N/A"")",N/A,"(""N/A"",""N/A"",""N/A"")",N/A,2,57.08,M3G20090214T090913_V01_L0.IMG,M3G20090214T090913_V01_BDE.IMG,M3G20090214T101310_V01_FF.IMG,146.73,u2
M3G20090415T201923,19bc,2009-05-01T05:26:20,1922,m3_igds_l0_v18.pl,18,145.88,GLOBAL,CH1-ORB-L-M3-2-L0-RAW-V1.0,2009-04-15T20:19:23,2009-04-15T20:19:46,,,,,,,,,,,,,,,,,,,,,,,,,,,,,,,,,,,,,,,,,,,,,,,,,,,,,,,,,,
M3G20090415T202222,19bc,2009-05-01T05:26:26,1922,m3_igds_l0_v18.pl,18,145.81,GLOBAL,CH1-ORB-L-M3-2-L0-RAW-V1.0,2009-04-15T20:22:22,2009-04-15T21:10:21,2009-05-10T18:01:10,PRELIMINARY,m3g_l1b_v04.exe,4,1.004322080839 <AU>,145.81,REVERSE,ASCENDING,"(0.260342787417,0.366499902896,180.963779333551)","(""N/A"",""N/A"",""N/A"")",N/A,"(""N/A"",""N/A"",""N/A"")",N/A,3,60.2,M3G20090415T201923_V01_L0.IMG,M3G20090415T201923_V01_BDE.IMG,M3G20090415T202222_V01_FF.IMG,145.81,r,,,,,,,,,,,,,,,,,,2011-09-01T02:15:01,ACTUAL,3,m3g_l1b_v04.exe,4,1.004322080839 <AU>,145.81,REVERSE,ASCENDING,"(0.260342787417,0.366499902896,180.963779333551)","(""N/A"",""N/A"",""N/A"")",N/A,"(""N/A"",""N/A"",""N/A"")",N/A,3,60.2,M3G20090415T201923_V01_L0.IMG,M3G20090415T201923_V01_BDE.IMG,M3G20090415T202222_V01_FF.IMG,145.81,u2
M3G20090415T221723,19bc,2009-05-01T05:37:38,1922,m3_igds_l0_v18.pl,18,145.94,GLOBAL,CH1-ORB-L-M3-2-L0-RAW-V1.0,2009-04-15T22:17:23,2009-04-15T22:17:46,,,,,,,,,,,,,,,,,,,,,,,,,,,,,,,,,,,,,,,,,,,,,,,,,,,,,,,,,,
M3G20090415T222023,19bc,2009-05-01T05:37:44,1922,m3_igds_l0_v18.pl,18,145.94,GLOBAL,CH1-ORB-L-M3-2-L0-RAW-V1.0,2009-04-15T22:20:23,2009-04-15T23:08:21,2009-05-10T18:01:10,PRELIMINARY,m3g_l1b_v04.exe,4,1.004305855747 <AU>,145.94,REVERSE,ASCENDING,"(0.219217380937,0.491776578023,180.874199348157)","(""N/A"",""N/A"",""N/A"")",N/A,"(""N/A"",""N/A"",""N/A"")",N/A,3,60.11,M3G20090415T221723_V01_L0.IMG,M3G20090415T221723_V01_BDE.IMG,M3G20090415T222023_V01_FF.IMG,145.94,r,,,,,,,,,,,,,,,,,,2011-09-01T02:15:01,ACTUAL,3,m3g_l1b_v04.exe,4,1.004305855747 <AU>,145.94,REVERSE,ASCENDING,"(0.219217380937,0.491776578023,180.874199348157)","(""N/A"",""N/A"",""N/A"")",N/A,"(""N/A"",""N/A"",""N/A"")",N/A,3,60.11,M3G20090415T221723_V01_L0.IMG,M3G20090415T221723_V01_BDE.IMG,M3G20090415T222023_V01_FF.IMG,145.94,u2
M3G20090416T060901,19bc,2009-04-30T22:31:17,1926,m3_igds_l0_v18.pl,18,146,GLOBAL,CH1-ORB-L-M3-2-L0-RAW-V1.0,2009-04-16T06:09:01,2009-04-16T06:09:24,,,,,,,,,,,,,,,,,,,,,,,,,,,,,,,,,,,,,,,,,,,,,,,,,,,,,,,,,,
M3G20090416T062321,19bc,2009-04-30T22:31:22,1926,m3_igds_l0_v18.pl,18,146,GLOBAL,CH1-ORB-L-M3-2-L0-RAW-V1.0,2009-04-16T06:23:21,2009-04-16T07:04:35,2009-05-10T18:01:10,PRELIMINARY,m3g_l1b_v04.exe,4,1.004237158401 <AU>,146,REVERSE,ASCENDING,"(0.190642794487,0.345919430173,181.051811724157)","(""N/A"",""N/A"",""N/A"")",N/A,"(""N/A"",""N/A"",""N/A"")",N/A,3,59.82,M3G20090416T060901_V01_L0.IMG,M3G20090416T060901_V01_BDE.IMG,M3G20090416T062321_V01_FF.IMG,146,r,,,,,,,,,,,,,,,,,,2011-09-01T02:15:01,ACTUAL,3,m3g_l1b_v04.exe,4,1.004237158401 <AU>,146,REVERSE,ASCENDING,"(0.190642794487,0.345919430173,181.051811724157)","(""N/A"",""N/A"",""N/A"")",N/A,"(""N/A"",""N/A"",""N/A"")",N/A,3,59.82,M3G20090416T060901_V01_L0.IMG,M3G20090416T060901_V01_BDE.IMG,M3G20090416T062321_V01_FF.IMG,146,u2
M3G20090416T070435,19bc,2009-04-30T22:41:03,1928,m3_igds_l0_v18.pl,18,146.18,GLOBAL,CH1-ORB-L-M3-2-L0-RAW-V1.0,2009-04-16T07:04:35,2009-04-16T07:10:39,2009-05-10T18:01:10,PRELIMINARY,m3g_l1b_v04.exe,4,1.004236960912 <AU>,146.18,REVERSE,ASCENDING,"(0.190642794487,0.345919430173,181.051811724157)","(""N/A"",""N/A"",""N/A"")",N/A,"(""N/A"",""N/A"",""N/A"")",N/A,3,59.78,M3G20090416T060901_V01_L0.IMG,M3G20090416T060901_V01_BDE.IMG,M3G20090416T062321_V01_FF.IMG,146.18,r,,,,,,,,,,,,,,,,,,2011-09-01T02:15:01,ACTUAL,3,m3g_l1b_v04.exe,4,1.004236960912 <AU>,146.18,REVERSE,ASCENDING,"(0.190642794487,0.345919430173,181.051811724157)","(""N/A"",""N/A"",""N/A"")",N/A,"(""N/A"",""N/A"",""N/A"")",N/A,3,59.78,M3G20090416T060901_V01_L0.IMG,M3G20090416T060901_V01_BDE.IMG,M3G20090416T062321_V01_FF.IMG,146.18,u2
M3G20090416T080701,19bc,2009-04-30T22:42:29,1928,m3_igds_l0_v18.pl,18,146.18,GLOBAL,CH1-ORB-L-M3-2-L0-RAW-V1.0,2009-04-16T08:07:01,2009-04-16T08:07:24,,,,,,,,,,,,,,,,,,,,,,,,,,,,,,,,,,,,,,,,,,,,,,,,,,,,,,,,,,
M3G20090416T081001,19bc,2009-04-30T22:42:34,1928,m3_igds_l0_v18.pl,18,146.12,GLOBAL,CH1-ORB-L-M3-2-L0-RAW-V1.0,2009-04-16T08:10:01,2009-04-16T08:41:25,2009-05-10T18:01:10,PRELIMINARY,m3g_l1b_v04.exe,4,1.004223536195 <AU>,146.12,REVERSE,ASCENDING,"(0.193751505867,0.354494169458,181.067897410358)","(""N/A"",""N/A"",""N/A"")",N/A,"(""N/A"",""N/A"",""N/A"")",N/A,3,59.73,M3G20090416T080701_V01_L0.IMG,M3G20090416T080701_V01_BDE.IMG,M3G20090416T081001_V01_FF.IMG,146.12,r,,,,,,,,,,,,,,,,,,2011-09-01T02:15:01,ACTUAL,3,m3g_l1b_v04.exe,4,1.004223536195 <AU>,146.12,REVERSE,ASCENDING,"(0.193751505867,0.354494169458,181.067897410358)","(""N/A"",""N/A"",""N/A"")",N/A,"(""N/A"",""N/A"",""N/A"")",N/A,3,59.73,M3G20090416T080701_V01_L0.IMG,M3G20090416T080701_V01_BDE.IMG,M3G20090416T081001_V01_FF.IMG,146.12,u2
M3G20090416T084125,19bc,2009-04-30T22:49:59,1928,m3_igds_l0_v18.pl,18,146.06,GLOBAL,CH1-ORB-L-M3-2-L0-RAW-V1.0,2009-04-16T08:41:25,2009-04-16T08:58:19,2009-05-10T18:01:10,PRELIMINARY,m3g_l1b_v04.exe,4,1.004218474847 <AU>,146.06,REVERSE,ASCENDING,"(0.193751505867,0.354494169458,181.067897410358)","(""N/A"",""N/A"",""N/A"")",N/A,"(""N/A"",""N/A"",""N/A"")",N/A,3,59.73,M3G20090416T080701_V01_L0.IMG,M3G20090416T080701_V01_BDE.IMG,M3G20090416T084125_V01_FF.IMG,146.06,r,,,,,,,,,,,,,,,,,,2011-09-01T02:15:01,ACTUAL,3,m3g_l1b_v04.exe,4,1.004218474847 <AU>,146.06,REVERSE,ASCENDING,"(0.193751505867,0.354494169458,181.067897410358)","(""N/A"",""N/A"",""N/A"")",N/A,"(""N/A"",""N/A"",""N/A"")",N/A,3,59.73,M3G20090416T080701_V01_L0.IMG,M3G20090416T080701_V01_BDE.IMG,M3G20090416T084125_V01_FF.IMG,146.06,u2
M3G20090416T100501,19bc,2009-04-30T22:53:58,1928,m3_igds_l0_v18.pl,18,146.3,GLOBAL,CH1-ORB-L-M3-2-L0-RAW-V1.0,2009-04-16T10:05:01,2009-04-16T10:05:24,,,,,,,,,,,,,,,,,,,,,,,,,,,,,,,,,,,,,,,,,,,,,,,,,,,,,,,,,,
M3G20090416T101921,19bc,2009-04-30T22:54:04,1928,m3_igds_l0_v18.pl,18,146.18,GLOBAL,CH1-ORB-L-M3-2-L0-RAW-V1.0,2009-04-16T10:19:21,2009-04-16T10:53:04,2009-05-10T18:01:10,PRELIMINARY,m3g_l1b_v04.exe,4,1.004202826619 <AU>,146.18,REVERSE,ASCENDING,"(0.216046534875,0.340023799370,181.090395328572)","(""N/A"",""N/A"",""N/A"")",N/A,"(""N/A"",""N/A"",""N/A"")",N/A,3,59.63,M3G20090416T100501_V01_L0.IMG,M3G20090416T100501_V01_BDE.IMG,M3G20090416T101921_V01_FF.IMG,146.18,r,,,,,,,,,,,,,,,,,,2011-09-01T02:15:01,ACTUAL,3,m3g_l1b_v04.exe,4,1.004202826619 <AU>,146.18,REVERSE,ASCENDING,"(0.216046534875,0.340023799370,181.090395328572)","(""N/A"",""N/A"",""N/A"")",N/A,"(""N/A"",""N/A"",""N/A"")",N/A,3,59.63,M3G20090416T100501_V01_L0.IMG,M3G20090416T100501_V01_BDE.IMG,M3G20090416T101921_V01_FF.IMG,146.18,u2
M3G20090416T122603,19bc,2009-05-01T19:17:42,1931,m3_igds_l0_v18.pl,18,146.18,GLOBAL,CH1-ORB-L-M3-2-L0-RAW-V1.0,2009-04-16T12:26:32,2009-04-16T12:27:18,2009-05-10T18:01:10,PRELIMINARY,m3g_l1b_v04.exe,4,1.004186418149 <AU>,146.18,REVERSE,ASCENDING,"(0.206418192061,0.360444210769,181.076583775429)","(""N/A"",""N/A"",""N/A"")",N/A,"(""N/A"",""N/A"",""N/A"")",N/A,3,59.58,M3G20090416T140101_V01_L0.IMG,M3G20090416T140101_V01_BDE.IMG,M3G20090416T122951_V01_FF.IMG,146.18,r,,,,,,,,,,,,,,,,,,2011-09-01T02:15:01,ACTUAL,3,m3g_l1b_v04.exe,4,1.004186418149 <AU>,146.18,REVERSE,ASCENDING,"(0.206418192061,0.360444210769,181.076583775429)","(""N/A"",""N/A"",""N/A"")",N/A,"(""N/A"",""N/A"",""N/A"")",N/A,3,59.58,M3G20090416T140101_V01_L0.IMG,M3G20090416T140101_V01_BDE.IMG,M3G20090416T122951_V01_FF.IMG,146.18,u2
M3G20090416T122951,19bc,2009-05-01T19:17:44,1931,m3_igds_l0_v18.pl,18,146.18,GLOBAL,CH1-ORB-L-M3-2-L0-RAW-V1.0,2009-04-16T12:29:51,2009-04-16T12:54:19,2009-05-10T18:01:10,PRELIMINARY,m3g_l1b_v04.exe,4,1.004183911270 <AU>,146.18,REVERSE,ASCENDING,"(0.206418192061,0.360444210769,181.076583775429)","(""N/A"",""N/A"",""N/A"")",N/A,"(""N/A"",""N/A"",""N/A"")",N/A,3,59.58,M3G20090416T140101_V01_L0.IMG,M3G20090416T140101_V01_BDE.IMG,M3G20090416T122951_V01_FF.IMG,146.18,r,,,,,,,,,,,,,,,,,,2011-09-01T02:15:01,ACTUAL,3,m3g_l1b_v04.exe,4,1.004183911270 <AU>,146.18,REVERSE,ASCENDING,"(0.206418192061,0.360444210769,181.076583775429)","(""N/A"",""N/A"",""N/A"")",N/A,"(""N/A"",""N/A"",""N/A"")",N/A,3,59.58,M3G20090416T140101_V01_L0.IMG,M3G20090416T140101_V01_BDE.IMG,M3G20090416T122951_V01_FF.IMG,146.18,u2
M3G20090416T140101,19bc,2009-05-01T19:23:26,1931,m3_igds_l0_v18.pl,18,146.36,GLOBAL,CH1-ORB-L-M3-2-L0-RAW-V1.0,2009-04-16T14:01:01,2009-04-16T14:01:24,,,,,,,,,,,,,,,,,,,,,,,,,,,,,,,,,,,,,,,,,,,,,,,,,,,,,,,,,,
M3G20090416T141521,19bc,2009-05-01T19:23:32,1931,m3_igds_l0_v18.pl,18,146.3,GLOBAL,CH1-ORB-L-M3-2-L0-RAW-V1.0,2009-04-16T14:15:21,2009-04-16T14:16:40,2009-05-10T18:01:10,PRELIMINARY,m3g_l1b_v04.exe,4,1.004172036320 <AU>,146.3,REVERSE,ASCENDING,"(0.230808023067,0.502596087705,181.075706448089)","(""N/A"",""N/A"",""N/A"")",N/A,"(""N/A"",""N/A"",""N/A"")",N/A,3,59.48,M3G20090416T140101_V01_L0.IMG,M3G20090416T140101_V01_BDE.IMG,M3G20090416T143454_V01_FF.IMG,146.36,r,,,,,,,,,,,,,,,,,,2011-09-01T02:15:01,ACTUAL,3,m3g_l1b_v04.exe,4,1.004172036320 <AU>,146.36,REVERSE,ASCENDING,"(0.230808023067,0.502596087705,181.075706448089)","(""N/A"",""N/A"",""N/A"")",N/A,"(""N/A"",""N/A"",""N/A"")",N/A,3,59.48,M3G20090416T140101_V01_L0.IMG,M3G20090416T140101_V01_BDE.IMG,M3G20090416T143454_V01_FF.IMG,146.36,u2
M3G20090416T143454,19bc,2009-05-01T06:21:54,1933,m3_igds_l0_v18.pl,18,146.24,GLOBAL,CH1-ORB-L-M3-2-L0-RAW-V1.0,2009-04-16T14:34:54,2009-04-16T15:02:39,2009-05-10T18:01:10,PRELIMINARY,m3g_l1b_v04.exe,4,1.004166242108 <AU>,146.24,REVERSE,ASCENDING,"(0.230808023067,0.502596087705,181.075706448089)","(""N/A"",""N/A"",""N/A"")",N/A,"(""N/A"",""N/A"",""N/A"")",N/A,3,59.48,M3G20090416T140101_V01_L0.IMG,M3G20090416T140101_V01_BDE.IMG,M3G20090416T143454_V01_FF.IMG,146.24,r,,,,,,,,,,,,,,,,,,2011-09-01T02:15:01,ACTUAL,3,m3g_l1b_v04.exe,4,1.004166242108 <AU>,146.24,REVERSE,ASCENDING,"(0.230808023067,0.502596087705,181.075706448089)","(""N/A"",""N/A"",""N/A"")",N/A,"(""N/A"",""N/A"",""N/A"")",N/A,3,59.48,M3G20090416T140101_V01_L0.IMG,M3G20090416T140101_V01_BDE.IMG,M3G20090416T143454_V01_FF.IMG,146.24,u2
M3G20090416T155900,19bc,2009-05-01T06:28:33,1933,m3_igds_l0_v18.pl,18,146.3,GLOBAL,CH1-ORB-L-M3-2-L0-RAW-V1.0,2009-04-16T15:59:00,2009-04-16T15:59:24,,,,,,,,,,,,,,,,,,,,,,,,,,,,,,,,,,,,,,,,,,,,,,,,,,,,,,,,,,
M3G20090416T160201,19bc,2009-05-01T06:28:38,1933,m3_igds_l0_v18.pl,18,146.3,GLOBAL,CH1-ORB-L-M3-2-L0-RAW-V1.0,2009-04-16T16:02:01,2009-04-16T16:46:31,2009-05-10T18:01:10,PRELIMINARY,m3g_l1b_v04.exe,4,1.004151691097 <AU>,146.3,REVERSE,ASCENDING,"(0.228255678526,0.481346553723,181.230366702917)","(""N/A"",""N/A"",""N/A"")",N/A,"(""N/A"",""N/A"",""N/A"")",N/A,3,59.39,M3G20090416T155900_V01_L0.IMG,M3G20090416T155900_V01_BDE.IMG,M3G20090416T160201_V01_FF.IMG,146.3,r,,,,,,,,,,,,,,,,,,2011-09-01T02:15:01,ACTUAL,3,m3g_l1b_v04.exe,4,1.004151691097 <AU>,146.3,REVERSE,ASCENDING,"(0.228255678526,0.481346553723,181.230366702917)","(""N/A"",""N/A"",""N/A"")",N/A,"(""N/A"",""N/A"",""N/A"")",N/A,3,59.39,M3G20090416T155900_V01_L0.IMG,M3G20090416T155900_V01_BDE.IMG,M3G20090416T160201_V01_FF.IMG,146.3,u2
M3G20090416T164631,19bc,2009-05-01T06:39:17,1935,m3_igds_l0_v18.pl,18,146.36,GLOBAL,CH1-ORB-L-M3-2-L0-RAW-V1.0,2009-04-16T16:46:31,2009-04-16T16:49:59,2009-05-10T18:01:10,PRELIMINARY,m3g_l1b_v04.exe,4,1.004148153413 <AU>,146.36,REVERSE,ASCENDING,"(0.228255678526,0.481346553723,181.230366702917)","(""N/A"",""N/A"",""N/A"")",N/A,"(""N/A"",""N/A"",""N/A"")",N/A,3,59.39,M3G20090416T155900_V01_L0.IMG,M3G20090416T155900_V01_BDE.IMG,M3G20090416T160201_V01_FF.IMG,146.42,r,,,,,,,,,,,,,,,,,,2011-09-01T02:15:01,ACTUAL,3,m3g_l1b_v04.exe,4,1.004148153413 <AU>,146.42,REVERSE,ASCENDING,"(0.228255678526,0.481346553723,181.230366702917)","(""N/A"",""N/A"",""N/A"")",N/A,"(""N/A"",""N/A"",""N/A"")",N/A,3,59.39,M3G20090416T155900_V01_L0.IMG,M3G20090416T155900_V01_BDE.IMG,M3G20090416T160201_V01_FF.IMG,146.42,u2
M3G20090416T175701,19bc,2009-05-01T06:40:07,1935,m3_igds_l0_v18.pl,18,146.61,GLOBAL,CH1-ORB-L-M3-2-L0-RAW-V1.0,2009-04-16T17:57:01,2009-04-16T17:57:24,,,,,,,,,,,,,,,,,,,,,,,,,,,,,,,,,,,,,,,,,,,,,,,,,,,,,,,,,,
M3G20090416T181121,19bc,2009-05-01T06:40:12,1935,m3_igds_l0_v18.pl,18,146.61,GLOBAL,CH1-ORB-L-M3-2-L0-RAW-V1.0,2009-04-16T18:11:21,2009-04-16T18:58:39,2009-05-10T18:01:10,PRELIMINARY,m3g_l1b_v04.exe,4,1.004131606281 <AU>,146.61,REVERSE,ASCENDING,"(0.243326717453,0.464917627001,181.059842808872)","(""N/A"",""N/A"",""N/A"")",N/A,"(""N/A"",""N/A"",""N/A"")",N/A,3,59.34,M3G20090416T175701_V01_L0.IMG,M3G20090416T175701_V01_BDE.IMG,M3G20090416T181121_V01_FF.IMG,146.61,r,,,,,,,,,,,,,,,,,,2011-09-01T02:15:01,ACTUAL,3,m3g_l1b_v04.exe,4,1.004131606281 <AU>,146.61,REVERSE,ASCENDING,"(0.243326717453,0.464917627001,181.059842808872)","(""N/A"",""N/A"",""N/A"")",N/A,"(""N/A"",""N/A"",""N/A"")",N/A,3,59.34,M3G20090416T175701_V01_L0.IMG,M3G20090416T175701_V01_BDE.IMG,M3G20090416T181121_V01_FF.IMG,146.61,u2
M3G20090416T195441,19bc,2009-05-01T06:51:32,1935,m3_igds_l0_v18.pl,18,146.49,GLOBAL,CH1-ORB-L-M3-2-L0-RAW-V1.0,2009-04-16T19:54:41,2009-04-16T19:55:04,,,,,,,,,,,,,,,,,,,,,,,,,,,,,,,,,,,,,,,,,,,,,,,,,,,,,,,,,,
M3G20090416T195741,19bc,2009-05-01T06:51:38,1935,m3_igds_l0_v18.pl,18,146.49,GLOBAL,CH1-ORB-L-M3-2-L0-RAW-V1.0,2009-04-16T19:57:41,2009-04-16T20:00:02,2009-05-10T18:01:10,PRELIMINARY,m3g_l1b_v04.exe,4,1.004123353837 <AU>,146.49,REVERSE,ASCENDING,"(0.225496894270,0.458135158163,181.079001216721)","(""N/A"",""N/A"",""N/A"")",N/A,"(""N/A"",""N/A"",""N/A"")",N/A,3,59.29,M3G20090416T195441_V01_L0.IMG,M3G20090416T195441_V01_BDE.IMG,M3G20090416T181121_V01_FF.IMG,146.61,r,,,,,,,,,,,,,,,,,,2011-09-01T02:15:01,ACTUAL,3,m3g_l1b_v04.exe,4,1.004123353837 <AU>,146.61,REVERSE,ASCENDING,"(0.225496894270,0.458135158163,181.079001216721)","(""N/A"",""N/A"",""N/A"")",N/A,"(""N/A"",""N/A"",""N/A"")",N/A,3,59.29,M3G20090416T195441_V01_L0.IMG,M3G20090416T195441_V01_BDE.IMG,M3G20090416T181121_V01_FF.IMG,146.61,u2
M3G20090416T200002,19bc,2009-05-01T06:52:11,1935,m3_igds_l0_v18.pl,18,146.49,GLOBAL,CH1-ORB-L-M3-2-L0-RAW-V1.0,2009-04-16T20:00:02,2009-04-16T20:05:10,2009-05-10T18:01:10,PRELIMINARY,m3g_l1b_v04.exe,4,1.004121602970 <AU>,146.49,REVERSE,ASCENDING,"(0.225496894270,0.458135158163,181.079001216721)","(""N/A"",""N/A"",""N/A"")",N/A,"(""N/A"",""N/A"",""N/A"")",N/A,3,59.24,M3G20090416T195441_V01_L0.IMG,M3G20090416T195441_V01_BDE.IMG,M3G20090416T181121_V01_FF.IMG,146.42,r,,,,,,,,,,,,,,,,,,2011-09-01T02:15:01,ACTUAL,3,m3g_l1b_v04.exe,4,1.004121602970 <AU>,146.42,REVERSE,ASCENDING,"(0.225496894270,0.458135158163,181.079001216721)","(""N/A"",""N/A"",""N/A"")",N/A,"(""N/A"",""N/A"",""N/A"")",N/A,3,59.24,M3G20090416T195441_V01_L0.IMG,M3G20090416T195441_V01_BDE.IMG,M3G20090416T181121_V01_FF.IMG,146.42,u2
M3G20090416T203919,19bc,2009-05-01T06:53:24,1935,m3_igds_l0_v18.pl,18,146.42,GLOBAL,CH1-ORB-L-M3-2-L0-RAW-V1.0,2009-04-16T20:39:19,2009-04-16T20:45:59,2009-05-10T18:01:10,PRELIMINARY,m3g_l1b_v04.exe,4,1.004112079558 <AU>,146.42,REVERSE,ASCENDING,"(0.225496894270,0.458135158163,181.079001216721)","(""N/A"",""N/A"",""N/A"")",N/A,"(""N/A"",""N/A"",""N/A"")",N/A,3,59.24,M3G20090416T195441_V01_L0.IMG,M3G20090416T195441_V01_BDE.IMG,M3G20090416T220701_V01_FF.IMG,146.42,r,,,,,,,,,,,,,,,,,,2011-09-01T02:15:01,ACTUAL,3,m3g_l1b_v04.exe,4,1.004112079558 <AU>,146.42,REVERSE,ASCENDING,"(0.225496894270,0.458135158163,181.079001216721)","(""N/A"",""N/A"",""N/A"")",N/A,"(""N/A"",""N/A"",""N/A"")",N/A,3,59.24,M3G20090416T195441_V01_L0.IMG,M3G20090416T195441_V01_BDE.IMG,M3G20090416T220701_V01_FF.IMG,146.42,u2
M3G20090416T215241,19bc,2009-05-01T06:54:59,1935,m3_igds_l0_v18.pl,18,146.61,GLOBAL,CH1-ORB-L-M3-2-L0-RAW-V1.0,2009-04-16T21:52:41,2009-04-16T21:53:04,,,,,,,,,,,,,,,,,,,,,,,,,,,,,,,,,,,,,,,,,,,,,,,,,,,,,,,,,,
M3G20090416T220701,19bc,2009-05-01T06:55:05,1935,m3_igds_l0_v18.pl,18,146.49,GLOBAL,CH1-ORB-L-M3-2-L0-RAW-V1.0,2009-04-16T22:07:01,2009-04-16T22:48:11,2009-05-10T18:01:10,PRELIMINARY,m3g_l1b_v04.exe,4,1.004095497694 <AU>,146.49,REVERSE,ASCENDING,"(0.234162842202,0.446046382710,181.217082744083)","(""N/A"",""N/A"",""N/A"")",N/A,"(""N/A"",""N/A"",""N/A"")",N/A,3,59.15,M3G20090416T215241_V01_L0.IMG,M3G20090416T215241_V01_BDE.IMG,M3G20090416T220701_V01_FF.IMG,146.42,r,,,,,,,,,,,,,,,,,,2011-09-01T02:15:01,ACTUAL,3,m3g_l1b_v04.exe,4,1.004095497694 <AU>,146.42,REVERSE,ASCENDING,"(0.234162842202,0.446046382710,181.217082744083)","(""N/A"",""N/A"",""N/A"")",N/A,"(""N/A"",""N/A"",""N/A"")",N/A,3,59.15,M3G20090416T215241_V01_L0.IMG,M3G20090416T215241_V01_BDE.IMG,M3G20090416T220701_V01_FF.IMG,146.42,u2
M3G20090416T224811,19bc,2009-05-01T07:04:54,1936,m3_igds_l0_v18.pl,18,146.55,GLOBAL,CH1-ORB-L-M3-2-L0-RAW-V1.0,2009-04-16T22:48:11,2009-04-16T22:54:39,2009-05-10T18:01:10,PRELIMINARY,m3g_l1b_v04.exe,4,1.004095165068 <AU>,146.55,REVERSE,ASCENDING,"(0.234162842202,0.446046382710,181.217082744083)","(""N/A"",""N/A"",""N/A"")",N/A,"(""N/A"",""N/A"",""N/A"")",N/A,3,59.15,M3G20090416T215241_V01_L0.IMG,M3G20090416T215241_V01_BDE.IMG,M3G20090416T220701_V01_FF.IMG,146.55,r,,,,,,,,,,,,,,,,,,2011-09-01T02:15:01,ACTUAL,3,m3g_l1b_v04.exe,4,1.004095165068 <AU>,146.55,REVERSE,ASCENDING,"(0.234162842202,0.446046382710,181.217082744083)","(""N/A"",""N/A"",""N/A"")",N/A,"(""N/A"",""N/A"",""N/A"")",N/A,3,59.15,M3G20090416T215241_V01_L0.IMG,M3G20090416T215241_V01_BDE.IMG,M3G20090416T220701_V01_FF.IMG,146.55,u2
M3G20090416T235041,19bc,2009-05-01T07:06:26,1936,m3_igds_l0_v18.pl,18,146.55,GLOBAL,CH1-ORB-L-M3-2-L0-RAW-V1.0,2009-04-16T23:50:41,2009-04-16T23:51:04,,,,,,,,,,,,,,,,,,,,,,,,,,,,,,,,,,,,,,,,,,,,,,,,,,,,,,,,,,
M3G20090416T235340,19bc,2009-05-01T07:06:32,1936,m3_igds_l0_v18.pl,18,146.49,GLOBAL,CH1-ORB-L-M3-2-L0-RAW-V1.0,2009-04-16T23:53:40,2009-04-17T00:22:52,2009-05-10T18:01:10,PRELIMINARY,m3g_l1b_v04.exe,4,1.004081348485 <AU>,146.49,REVERSE,ASCENDING,"(0.240462371524,0.429924867361,181.084662348190)","(""N/A"",""N/A"",""N/A"")",N/A,"(""N/A"",""N/A"",""N/A"")",N/A,3,59.15,M3G20090416T235041_V01_L0.IMG,M3G20090416T235041_V01_BDE.IMG,M3G20090416T220701_V01_FF.IMG,146.49,r,,,,,,,,,,,,,,,,,,2011-09-01T02:15:01,ACTUAL,3,m3g_l1b_v04.exe,4,1.004081348485 <AU>,146.49,REVERSE,ASCENDING,"(0.240462371524,0.429924867361,181.084662348190)","(""N/A"",""N/A"",""N/A"")",N/A,"(""N/A"",""N/A"",""N/A"")",N/A,3,59.15,M3G20090416T235041_V01_L0.IMG,M3G20090416T235041_V01_BDE.IMG,M3G20090416T220701_V01_FF.IMG,146.49,u2
M3G20090417T002252,19bc,2009-05-01T07:13:26,1937,m3_igds_l0_v18.pl,18,146.42,GLOBAL,CH1-ORB-L-M3-2-L0-RAW-V1.0,2009-04-17T00:22:52,2009-04-17T00:41:38,2009-05-10T18:01:10,PRELIMINARY,m3g_l1b_v04.exe,4,1.004075785929 <AU>,146.42,REVERSE,ASCENDING,"(0.240462371524,0.429924867361,181.084662348190)","(""N/A"",""N/A"",""N/A"")",N/A,"(""N/A"",""N/A"",""N/A"")",N/A,3,59.1,M3G20090417T054440_V01_L0.IMG,M3G20090417T054440_V01_BDE.IMG,M3G20090417T002252_V01_FF.IMG,146.36,r,,,,,,,,,,,,,,,,,,2011-09-01T02:15:01,ACTUAL,3,m3g_l1b_v04.exe,4,1.004075785929 <AU>,146.36,REVERSE,ASCENDING,"(0.240462371524,0.429924867361,181.084662348190)","(""N/A"",""N/A"",""N/A"")",N/A,"(""N/A"",""N/A"",""N/A"")",N/A,3,59.1,M3G20090417T054440_V01_L0.IMG,M3G20090417T054440_V01_BDE.IMG,M3G20090417T002252_V01_FF.IMG,146.36,u2
M3G20090417T054440,19bc,2009-04-30T23:16:56,1939,m3_igds_l0_v18.pl,18,146.61,GLOBAL,CH1-ORB-L-M3-2-L0-RAW-V1.0,2009-04-17T05:44:40,2009-04-17T05:45:04,,,,,,,,,,,,,,,,,,,,,,,,,,,,,,,,,,,,,,,,,,,,,,,,,,,,,,,,,,
M3G20090417T055901,19bc,2009-04-30T23:17:01,1939,m3_igds_l0_v18.pl,18,146.61,GLOBAL,CH1-ORB-L-M3-2-L0-RAW-V1.0,2009-04-17T05:59:01,2009-04-17T06:45:21,2009-05-10T18:01:10,PRELIMINARY,m3g_l1b_v04.exe,4,1.004022045549 <AU>,146.61,REVERSE,ASCENDING,"(0.270566340283,0.392096908560,181.073029287333)","(""N/A"",""N/A"",""N/A"")",N/A,"(""N/A"",""N/A"",""N/A"")",N/A,3,58.86,M3G20090417T054440_V01_L0.IMG,M3G20090417T054440_V01_BDE.IMG,M3G20090417T055901_V01_FF.IMG,146.61,r,,,,,,,,,,,,,,,,,,2011-09-01T02:15:01,ACTUAL,3,m3g_l1b_v04.exe,4,1.004022045549 <AU>,146.61,REVERSE,ASCENDING,"(0.270566340283,0.392096908560,181.073029287333)","(""N/A"",""N/A"",""N/A"")",N/A,"(""N/A"",""N/A"",""N/A"")",N/A,3,58.86,M3G20090417T054440_V01_L0.IMG,M3G20090417T054440_V01_BDE.IMG,M3G20090417T055901_V01_FF.IMG,146.61,u2
M3G20090417T064521,19bc,2009-04-30T23:27:54,1940,m3_igds_l0_v18.pl,18,146.97,GLOBAL,CH1-ORB-L-M3-2-L0-RAW-V1.0,2009-04-17T06:45:21,2009-04-17T06:46:19,2009-05-10T18:01:10,PRELIMINARY,m3g_l1b_v04.exe,4,1.004022180651 <AU>,146.97,REVERSE,ASCENDING,"(0.270566340283,0.392096908560,181.073029287333)","(""N/A"",""N/A"",""N/A"")",N/A,"(""N/A"",""N/A"",""N/A"")",N/A,3,58.86,M3G20090417T074241_V01_L0.IMG,M3G20090417T074241_V01_BDE.IMG,M3G20090417T055901_V01_FF.IMG,146.49,r,,,,,,,,,,,,,,,,,,2011-09-01T02:15:01,ACTUAL,3,m3g_l1b_v04.exe,4,1.004022180651 <AU>,146.49,REVERSE,ASCENDING,"(0.270566340283,0.392096908560,181.073029287333)","(""N/A"",""N/A"",""N/A"")",N/A,"(""N/A"",""N/A"",""N/A"")",N/A,3,58.86,M3G20090417T074241_V01_L0.IMG,M3G20090417T074241_V01_BDE.IMG,M3G20090417T055901_V01_FF.IMG,146.49,u2
M3G20090417T074241,19bc,2009-04-30T23:28:07,1940,m3_igds_l0_v18.pl,18,146.97,GLOBAL,CH1-ORB-L-M3-2-L0-RAW-V1.0,2009-04-17T07:42:41,2009-04-17T07:43:04,,,,,,,,,,,,,,,,,,,,,,,,,,,,,,,,,,,,,,,,,,,,,,,,,,,,,,,,,,
M3G20090417T074540,19bc,2009-04-30T23:28:13,1940,m3_igds_l0_v18.pl,18,146.97,GLOBAL,CH1-ORB-L-M3-2-L0-RAW-V1.0,2009-04-17T07:45:40,2009-04-17T08:33:39,2009-05-10T18:01:10,PRELIMINARY,m3g_l1b_v04.exe,4,1.004005494906 <AU>,146.97,REVERSE,ASCENDING,"(0.235227031635,0.368611950223,181.176383110981)","(""N/A"",""N/A"",""N/A"")",N/A,"(""N/A"",""N/A"",""N/A"")",N/A,3,58.81,M3G20090417T074241_V01_L0.IMG,M3G20090417T074241_V01_BDE.IMG,M3G20090417T074540_V01_FF.IMG,146.49,r,,,,,,,,,,,,,,,,,,2011-09-01T02:15:01,ACTUAL,3,m3g_l1b_v04.exe,4,1.004005494906 <AU>,146.49,REVERSE,ASCENDING,"(0.235227031635,0.368611950223,181.176383110981)","(""N/A"",""N/A"",""N/A"")",N/A,"(""N/A"",""N/A"",""N/A"")",N/A,3,58.81,M3G20090417T074241_V01_L0.IMG,M3G20090417T074241_V01_BDE.IMG,M3G20090417T074540_V01_FF.IMG,146.49,u2
M3G20090417T094021,19bc,2009-04-30T23:39:25,1940,m3_igds_l0_v18.pl,18,146.97,GLOBAL,CH1-ORB-L-M3-2-L0-RAW-V1.0,2009-04-17T09:40:21,2009-04-17T09:40:44,,,,,,,,,,,,,,,,,,,,,,,,,,,,,,,,,,,,,,,,,,,,,,,,,,,,,,,,,,
M3G20090417T095500,19bc,2009-04-30T23:39:31,1940,m3_igds_l0_v18.pl,18,146.97,GLOBAL,CH1-ORB-L-M3-2-L0-RAW-V1.0,2009-04-17T09:55:00,2009-04-17T10:42:19,2009-05-10T18:01:10,PRELIMINARY,m3g_l1b_v04.exe,4,1.003984998020 <AU>,146.97,REVERSE,ASCENDING,"(0.233613780215,0.346515233093,181.153044124415)","(""N/A"",""N/A"",""N/A"")",N/A,"(""N/A"",""N/A"",""N/A"")",N/A,3,58.71,M3G20090417T094021_V01_L0.IMG,M3G20090417T094021_V01_BDE.IMG,M3G20090417T095500_V01_FF.IMG,146.97,r,,,,,,,,,,,,,,,,,,2011-09-01T02:15:01,ACTUAL,3,m3g_l1b_v04.exe,4,1.003984998020 <AU>,146.97,REVERSE,ASCENDING,"(0.233613780215,0.346515233093,181.153044124415)","(""N/A"",""N/A"",""N/A"")",N/A,"(""N/A"",""N/A"",""N/A"")",N/A,3,58.71,M3G20090417T094021_V01_L0.IMG,M3G20090417T094021_V01_BDE.IMG,M3G20090417T095500_V01_FF.IMG,146.97,u2
M3G20090417T113820,19bc,2009-04-30T23:50:38,1940,m3_igds_l0_v18.pl,18,146.79,GLOBAL,CH1-ORB-L-M3-2-L0-RAW-V1.0,2009-04-17T11:38:20,2009-04-17T11:38:44,,,,,,,,,,,,,,,,,,,,,,,,,,,,,,,,,,,,,,,,,,,,,,,,,,,,,,,,,,
M3G20090417T114121,19bc,2009-04-30T23:50:43,1940,m3_igds_l0_v18.pl,18,146.79,GLOBAL,CH1-ORB-L-M3-2-L0-RAW-V1.0,2009-04-17T11:41:21,2009-04-17T12:29:39,2009-05-10T18:01:10,PRELIMINARY,m3g_l1b_v04.exe,4,1.003968422972 <AU>,146.79,REVERSE,ASCENDING,"(0.226837827458,0.363699514913,180.819887837507)","(""N/A"",""N/A"",""N/A"")",N/A,"(""N/A"",""N/A"",""N/A"")",N/A,3,58.61,M3G20090417T113820_V01_L0.IMG,M3G20090417T113820_V01_BDE.IMG,M3G20090417T114121_V01_FF.IMG,146.79,r,,,,,,,,,,,,,,,,,,2011-09-01T02:15:01,ACTUAL,3,m3g_l1b_v04.exe,4,1.003968422972 <AU>,146.79,REVERSE,ASCENDING,"(0.226837827458,0.363699514913,180.819887837507)","(""N/A"",""N/A"",""N/A"")",N/A,"(""N/A"",""N/A"",""N/A"")",N/A,3,58.61,M3G20090417T113820_V01_L0.IMG,M3G20090417T113820_V01_BDE.IMG,M3G20090417T114121_V01_FF.IMG,146.79,u2
M3G20090417T133620,19bc,2009-05-01T16:48:04,99999,m3_igds_l0_v18.pl,18,146.85,GLOBAL,CH1-ORB-L-M3-2-L0-RAW-V1.0,2009-04-17T13:36:20,2009-04-17T13:36:44,,,,,,,,,,,,,,,,,,,,,,,,,,,,,,,,,,,,,,,,,,,,,,,,,,,,,,,,,,
M3G20090417T135100,19bc,2009-05-01T16:48:10,99999,m3_igds_l0_v18.pl,18,146.85,GLOBAL,CH1-ORB-L-M3-2-L0-RAW-V1.0,2009-04-17T13:51:00,2009-04-17T14:07:51,2009-05-10T18:01:10,PRELIMINARY,m3g_l1b_v04.exe,4,1.003949790253 <AU>,146.85,REVERSE,ASCENDING,"(0.187738486121,0.501787686998,181.151317056566)","(""N/A"",""N/A"",""N/A"")",N/A,"(""N/A"",""N/A"",""N/A"")",N/A,3,58.57,M3G20090417T133620_V01_L0.IMG,M3G20090417T133620_V01_BDE.IMG,M3G20090417T135100_V01_FF.IMG,146.73,r,,,,,,,,,,,,,,,,,,2011-09-01T02:15:01,ACTUAL,3,m3g_l1b_v04.exe,4,1.003949790253 <AU>,146.73,REVERSE,ASCENDING,"(0.187738486121,0.501787686998,181.151317056566)","(""N/A"",""N/A"",""N/A"")",N/A,"(""N/A"",""N/A"",""N/A"")",N/A,3,58.57,M3G20090417T133620_V01_L0.IMG,M3G20090417T133620_V01_BDE.IMG,M3G20090417T135100_V01_FF.IMG,146.73,u2
M3G20090417T143428,19bc,2009-05-01T20:03:53,5868,m3_igds_l0_v18.pl,18,146.91,GLOBAL,CH1-ORB-L-M3-2-L0-RAW-V1.0,2009-04-17T14:34:28,2009-04-17T14:38:19,2009-05-10T18:01:10,PRELIMINARY,m3g_l1b_v04.exe,4,1.003947872494 <AU>,146.91,REVERSE,ASCENDING,"(0.187738486121,0.501787686998,181.151317056566)","(""N/A"",""N/A"",""N/A"")",N/A,"(""N/A"",""N/A"",""N/A"")",N/A,3,58.52,M3G20090417T133620_V01_L0.IMG,M3G20090417T133620_V01_BDE.IMG,M3G20090417T135100_V01_FF.IMG,146.91,r,,,,,,,,,,,,,,,,,,2011-09-01T02:15:01,ACTUAL,3,m3g_l1b_v04.exe,4,1.003947872494 <AU>,146.91,REVERSE,ASCENDING,"(0.187738486121,0.501787686998,181.151317056566)","(""N/A"",""N/A"",""N/A"")",N/A,"(""N/A"",""N/A"",""N/A"")",N/A,3,58.52,M3G20090417T133620_V01_L0.IMG,M3G20090417T133620_V01_BDE.IMG,M3G20090417T135100_V01_FF.IMG,146.91,u2
M3G20090417T153420,19bc,2009-05-01T20:04:18,5868,m3_igds_l0_v18.pl,18,147.03,GLOBAL,CH1-ORB-L-M3-2-L0-RAW-V1.0,2009-04-17T15:34:20,2009-04-17T15:34:44,,,,,,,,,,,,,,,,,,,,,,,,,,,,,,,,,,,,,,,,,,,,,,,,,,,,,,,,,,
M3G20090417T153721,19bc,2009-05-01T20:04:24,5868,m3_igds_l0_v18.pl,18,147.03,GLOBAL,CH1-ORB-L-M3-2-L0-RAW-V1.0,2009-04-17T15:37:21,2009-04-17T15:56:52,2009-05-10T18:01:10,PRELIMINARY,m3g_l1b_v04.exe,4,1.003935253156 <AU>,147.03,REVERSE,ASCENDING,"(0.234690265516,0.566310523323,181.438655102682)","(""N/A"",""N/A"",""N/A"")",N/A,"(""N/A"",""N/A"",""N/A"")",N/A,3,58.47,M3G20090417T153420_V01_L0.IMG,M3G20090417T153420_V01_BDE.IMG,M3G20090417T155652_V01_FF.IMG,147.03,r,,,,,,,,,,,,,,,,,,2011-09-01T02:15:01,ACTUAL,3,m3g_l1b_v04.exe,4,1.003935253156 <AU>,147.03,REVERSE,ASCENDING,"(0.234690265516,0.566310523323,181.438655102682)","(""N/A"",""N/A"",""N/A"")",N/A,"(""N/A"",""N/A"",""N/A"")",N/A,3,58.47,M3G20090417T153420_V01_L0.IMG,M3G20090417T153420_V01_BDE.IMG,M3G20090417T155652_V01_FF.IMG,147.03,u2
M3G20090417T155652,19bc,2009-05-01T07:30:20,1946,m3_igds_l0_v18.pl,18,147.03,GLOBAL,CH1-ORB-L-M3-2-L0-RAW-V1.0,2009-04-17T15:56:52,2009-04-17T16:25:39,2009-05-10T18:01:10,PRELIMINARY,m3g_l1b_v04.exe,4,1.003928469690 <AU>,147.03,REVERSE,ASCENDING,"(0.234690265516,0.566310523323,181.438655102682)","(""N/A"",""N/A"",""N/A"")",N/A,"(""N/A"",""N/A"",""N/A"")",N/A,3,58.47,M3G20090417T153420_V01_L0.IMG,M3G20090417T153420_V01_BDE.IMG,M3G20090417T155652_V01_FF.IMG,147.03,r,,,,,,,,,,,,,,,,,,2011-09-01T02:15:01,ACTUAL,3,m3g_l1b_v04.exe,4,1.003928469690 <AU>,147.03,REVERSE,ASCENDING,"(0.234690265516,0.566310523323,181.438655102682)","(""N/A"",""N/A"",""N/A"")",N/A,"(""N/A"",""N/A"",""N/A"")",N/A,3,58.47,M3G20090417T153420_V01_L0.IMG,M3G20090417T153420_V01_BDE.IMG,M3G20090417T155652_V01_FF.IMG,147.03,u2
M3G20090417T173220,19bc,2009-05-01T07:37:05,1946,m3_igds_l0_v18.pl,18,146.97,GLOBAL,CH1-ORB-L-M3-2-L0-RAW-V1.0,2009-04-17T17:32:20,2009-04-17T17:32:44,,,,,,,,,,,,,,,,,,,,,,,,,,,,,,,,,,,,,,,,,,,,,,,,,,,,,,,,,,
M3G20090417T174641,19bc,2009-05-01T07:37:11,1946,m3_igds_l0_v18.pl,18,146.85,GLOBAL,CH1-ORB-L-M3-2-L0-RAW-V1.0,2009-04-17T17:46:41,2009-04-17T17:51:47,2009-05-10T18:01:10,PRELIMINARY,m3g_l1b_v04.exe,4,1.003914738403 <AU>,146.85,REVERSE,ASCENDING,"(0.237329467385,0.526096870313,181.207455453907)","(""N/A"",""N/A"",""N/A"")",N/A,"(""N/A"",""N/A"",""N/A"")",N/A,3,58.37,M3G20090417T173220_V01_L0.IMG,M3G20090417T173220_V01_BDE.IMG,M3G20090417T175147_V01_FF.IMG,146.91,r,,,,,,,,,,,,,,,,,,2011-09-01T02:15:01,ACTUAL,3,m3g_l1b_v04.exe,4,1.003914738403 <AU>,146.91,REVERSE,ASCENDING,"(0.237329467385,0.526096870313,181.207455453907)","(""N/A"",""N/A"",""N/A"")",N/A,"(""N/A"",""N/A"",""N/A"")",N/A,3,58.37,M3G20090417T173220_V01_L0.IMG,M3G20090417T173220_V01_BDE.IMG,M3G20090417T175147_V01_FF.IMG,146.91,u2
M3G20090417T175147,19bc,2009-05-01T07:38:23,1946,m3_igds_l0_v18.pl,18,146.85,GLOBAL,CH1-ORB-L-M3-2-L0-RAW-V1.0,2009-04-17T17:51:47,2009-04-17T18:33:59,2009-05-10T18:01:10,PRELIMINARY,m3g_l1b_v04.exe,4,1.003910161409 <AU>,146.85,REVERSE,ASCENDING,"(0.237329467385,0.526096870313,181.207455453907)","(""N/A"",""N/A"",""N/A"")",N/A,"(""N/A"",""N/A"",""N/A"")",N/A,3,58.37,M3G20090417T173220_V01_L0.IMG,M3G20090417T173220_V01_BDE.IMG,M3G20090417T175147_V01_FF.IMG,146.85,r,,,,,,,,,,,,,,,,,,2011-09-01T02:15:01,ACTUAL,3,m3g_l1b_v04.exe,4,1.003910161409 <AU>,146.85,REVERSE,ASCENDING,"(0.237329467385,0.526096870313,181.207455453907)","(""N/A"",""N/A"",""N/A"")",N/A,"(""N/A"",""N/A"",""N/A"")",N/A,3,58.37,M3G20090417T173220_V01_L0.IMG,M3G20090417T173220_V01_BDE.IMG,M3G20090417T175147_V01_FF.IMG,146.85,u2
M3G20090417T193020,19bc,2009-05-01T07:48:19,1946,m3_igds_l0_v18.pl,18,147.1,GLOBAL,CH1-ORB-L-M3-2-L0-RAW-V1.0,2009-04-17T19:30:20,2009-04-17T19:30:44,,,,,,,,,,,,,,,,,,,,,,,,,,,,,,,,,,,,,,,,,,,,,,,,,,,,,,,,,,
M3G20090417T193320,19bc,2009-05-01T07:48:25,1946,m3_igds_l0_v18.pl,18,147.03,GLOBAL,CH1-ORB-L-M3-2-L0-RAW-V1.0,2009-04-17T19:33:20,2009-04-17T19:35:04,2009-05-10T18:01:10,PRELIMINARY,m3g_l1b_v04.exe,4,1.003902129943 <AU>,147.03,REVERSE,ASCENDING,"(0.259765190088,0.483514961858,181.045285853200)","(""N/A"",""N/A"",""N/A"")",N/A,"(""N/A"",""N/A"",""N/A"")",N/A,3,58.33,M3G20090417T193020_V01_L0.IMG,M3G20090417T193020_V01_BDE.IMG,M3G20090417T193504_V01_FF.IMG,146.91,r,,,,,,,,,,,,,,,,,,2011-09-01T02:15:01,ACTUAL,3,m3g_l1b_v04.exe,4,1.003902129943 <AU>,146.91,REVERSE,ASCENDING,"(0.259765190088,0.483514961858,181.045285853200)","(""N/A"",""N/A"",""N/A"")",N/A,"(""N/A"",""N/A"",""N/A"")",N/A,3,58.33,M3G20090417T193020_V01_L0.IMG,M3G20090417T193020_V01_BDE.IMG,M3G20090417T193504_V01_FF.IMG,146.91,u2
M3G20090417T193504,19bc,2009-05-01T07:48:49,1948,m3_igds_l0_v18.pl,18,146.91,GLOBAL,CH1-ORB-L-M3-2-L0-RAW-V1.0,2009-04-17T19:35:04,2009-04-17T20:20:08,2009-05-10T18:01:10,PRELIMINARY,m3g_l1b_v04.exe,4,1.003893799443 <AU>,146.91,REVERSE,ASCENDING,"(0.259765190088,0.483514961858,181.045285853200)","(""N/A"",""N/A"",""N/A"")",N/A,"(""N/A"",""N/A"",""N/A"")",N/A,3,58.33,M3G20090417T193020_V01_L0.IMG,M3G20090417T193020_V01_BDE.IMG,M3G20090417T193504_V01_FF.IMG,146.91,r,,,,,,,,,,,,,,,,,,2011-09-01T02:15:01,ACTUAL,3,m3g_l1b_v04.exe,4,1.003893799443 <AU>,146.91,REVERSE,ASCENDING,"(0.259765190088,0.483514961858,181.045285853200)","(""N/A"",""N/A"",""N/A"")",N/A,"(""N/A"",""N/A"",""N/A"")",N/A,3,58.33,M3G20090417T193020_V01_L0.IMG,M3G20090417T193020_V01_BDE.IMG,M3G20090417T193504_V01_FF.IMG,146.91,u2
M3G20090417T202009,19bc,2009-05-01T07:59:22,1948,m3_igds_l0_v18.pl,18,146.97,GLOBAL,CH1-ORB-L-M3-2-L0-RAW-V1.0,2009-04-17T20:20:09,2009-04-17T20:21:39,2009-05-10T18:01:10,PRELIMINARY,m3g_l1b_v04.exe,4,1.003890759245 <AU>,146.97,REVERSE,ASCENDING,"(0.259765190088,0.483514961858,181.045285853200)","(""N/A"",""N/A"",""N/A"")",N/A,"(""N/A"",""N/A"",""N/A"")",N/A,3,58.28,M3G20090417T193020_V01_L0.IMG,M3G20090417T193020_V01_BDE.IMG,M3G20090417T193504_V01_FF.IMG,147.03,r,,,,,,,,,,,,,,,,,,2011-09-01T02:15:01,ACTUAL,3,m3g_l1b_v04.exe,4,1.003890759245 <AU>,147.03,REVERSE,ASCENDING,"(0.259765190088,0.483514961858,181.045285853200)","(""N/A"",""N/A"",""N/A"")",N/A,"(""N/A"",""N/A"",""N/A"")",N/A,3,58.28,M3G20090417T193020_V01_L0.IMG,M3G20090417T193020_V01_BDE.IMG,M3G20090417T193504_V01_FF.IMG,147.03,u2
M3G20090418T131200,19bc,2009-05-01T00:46:07,1953,m3_igds_l0_v18.pl,18,147.34,GLOBAL,CH1-ORB-L-M3-2-L0-RAW-V1.0,2009-04-18T13:12:00,2009-04-18T13:12:24,,,,,,,,,,,,,,,,,,,,,,,,,,,,,,,,,,,,,,,,,,,,,,,,,,,,,,,,,,
M3G20090418T132620,19bc,2009-05-01T00:46:12,1953,m3_igds_l0_v18.pl,18,147.34,GLOBAL,CH1-ORB-L-M3-2-L0-RAW-V1.0,2009-04-18T13:26:20,2009-04-18T14:12:07,2009-05-10T18:01:10,PRELIMINARY,m3g_l1b_v04.exe,4,1.003727052258 <AU>,147.34,REVERSE,ASCENDING,"(0.108380208718,0.698769529144,181.319155746454)","(""N/A"",""N/A"",""N/A"")",N/A,"(""N/A"",""N/A"",""N/A"")",N/A,3,57.6,M3G20090418T131200_V01_L0.IMG,M3G20090418T131200_V01_BDE.IMG,M3G20090418T132620_V01_FF.IMG,147.34,r,,,,,,,,,,,,,,,,,,2011-09-01T02:15:01,ACTUAL,3,m3g_l1b_v04.exe,4,1.003727052258 <AU>,147.34,REVERSE,ASCENDING,"(0.108380208718,0.698769529144,181.319155746454)","(""N/A"",""N/A"",""N/A"")",N/A,"(""N/A"",""N/A"",""N/A"")",N/A,3,57.6,M3G20090418T131200_V01_L0.IMG,M3G20090418T131200_V01_BDE.IMG,M3G20090418T132620_V01_FF.IMG,147.34,u2
M3G20090418T151350,19bc,2009-05-01T08:26:18,1959,m3_igds_l0_v18.pl,18,147.41,GLOBAL,CH1-ORB-L-M3-2-L0-RAW-V1.0,2009-04-18T15:13:50,2009-04-18T16:01:19,2009-05-10T18:01:10,PRELIMINARY,m3g_l1b_v04.exe,4,1.003710871961 <AU>,147.41,REVERSE,ASCENDING,"(0.236317402132,0.562788124619,181.570926672267)","(""N/A"",""N/A"",""N/A"")",N/A,"(""N/A"",""N/A"",""N/A"")",N/A,3,57.51,M3G20090418T170800_V01_L0.IMG,M3G20090418T170800_V01_BDE.IMG,M3G20090418T151350_V01_FF.IMG,147.41,r,,,,,,,,,,,,,,,,,,2011-09-01T02:15:01,ACTUAL,3,m3g_l1b_v04.exe,4,1.003710871961 <AU>,147.41,REVERSE,ASCENDING,"(0.236317402132,0.562788124619,181.570926672267)","(""N/A"",""N/A"",""N/A"")",N/A,"(""N/A"",""N/A"",""N/A"")",N/A,3,57.51,M3G20090418T170800_V01_L0.IMG,M3G20090418T170800_V01_BDE.IMG,M3G20090418T151350_V01_FF.IMG,147.41,u2
M3G20090418T170800,19bc,2009-05-01T08:37:24,1959,m3_igds_l0_v18.pl,18,147.66,GLOBAL,CH1-ORB-L-M3-2-L0-RAW-V1.0,2009-04-18T17:08:00,2009-04-18T17:08:24,,,,,,,,,,,,,,,,,,,,,,,,,,,,,,,,,,,,,,,,,,,,,,,,,,,,,,,,,,
M3G20090418T172221,19bc,2009-05-01T08:37:29,1959,m3_igds_l0_v18.pl,18,147.66,GLOBAL,CH1-ORB-L-M3-2-L0-RAW-V1.0,2009-04-18T17:22:21,2009-04-18T17:45:54,2009-05-10T18:01:10,PRELIMINARY,m3g_l1b_v04.exe,4,1.003692372777 <AU>,147.66,REVERSE,ASCENDING,"(0.250969506662,0.526170876482,181.191880072029)","(""N/A"",""N/A"",""N/A"")",N/A,"(""N/A"",""N/A"",""N/A"")",N/A,3,57.46,M3G20090418T170800_V01_L0.IMG,M3G20090418T170800_V01_BDE.IMG,M3G20090418T172221_V01_FF.IMG,147.66,r,,,,,,,,,,,,,,,,,,2011-09-01T02:15:01,ACTUAL,3,m3g_l1b_v04.exe,4,1.003692372777 <AU>,147.66,REVERSE,ASCENDING,"(0.250969506662,0.526170876482,181.191880072029)","(""N/A"",""N/A"",""N/A"")",N/A,"(""N/A"",""N/A"",""N/A"")",N/A,3,57.46,M3G20090418T170800_V01_L0.IMG,M3G20090418T170800_V01_BDE.IMG,M3G20090418T172221_V01_FF.IMG,147.66,u2
M3G20090418T174554,19bc,2009-05-01T08:43:02,1960,m3_igds_l0_v18.pl,18,147.66,GLOBAL,CH1-ORB-L-M3-2-L0-RAW-V1.0,2009-04-18T17:45:54,2009-04-18T18:09:39,2009-05-10T18:01:10,PRELIMINARY,m3g_l1b_v04.exe,4,1.003690481096 <AU>,147.66,REVERSE,ASCENDING,"(0.250969506662,0.526170876482,181.191880072029)","(""N/A"",""N/A"",""N/A"")",N/A,"(""N/A"",""N/A"",""N/A"")",N/A,3,57.42,M3G20090418T170800_V01_L0.IMG,M3G20090418T170800_V01_BDE.IMG,M3G20090418T174554_V01_FF.IMG,147.66,r,,,,,,,,,,,,,,,,,,2011-09-01T02:15:01,ACTUAL,3,m3g_l1b_v04.exe,4,1.003690481096 <AU>,147.66,REVERSE,ASCENDING,"(0.250969506662,0.526170876482,181.191880072029)","(""N/A"",""N/A"",""N/A"")",N/A,"(""N/A"",""N/A"",""N/A"")",N/A,3,57.42,M3G20090418T170800_V01_L0.IMG,M3G20090418T170800_V01_BDE.IMG,M3G20090418T174554_V01_FF.IMG,147.66,u2
M3G20090418T190600,19bc,2009-05-01T08:48:35,1960,m3_igds_l0_v18.pl,18,147.59,GLOBAL,CH1-ORB-L-M3-2-L0-RAW-V1.0,2009-04-18T19:06:00,2009-04-18T19:06:24,,,,,,,,,,,,,,,,,,,,,,,,,,,,,,,,,,,,,,,,,,,,,,,,,,,,,,,,,,
M3G20090418T190900,19bc,2009-05-01T08:48:40,1960,m3_igds_l0_v18.pl,18,147.59,GLOBAL,CH1-ORB-L-M3-2-L0-RAW-V1.0,2009-04-18T19:09:00,2009-04-18T19:45:09,2009-05-10T18:01:10,PRELIMINARY,m3g_l1b_v04.exe,4,1.003676695542 <AU>,147.59,REVERSE,ASCENDING,"(0.278523899770,0.546914875163,181.042546459938)","(""N/A"",""N/A"",""N/A"")",N/A,"(""N/A"",""N/A"",""N/A"")",N/A,3,57.37,M3G20090418T190600_V01_L0.IMG,M3G20090418T190600_V01_BDE.IMG,M3G20090418T190900_V01_FF.IMG,147.47,r,,,,,,,,,,,,,,,,,,2011-09-01T02:15:01,ACTUAL,3,m3g_l1b_v04.exe,4,1.003676695542 <AU>,147.47,REVERSE,ASCENDING,"(0.278523899770,0.546914875163,181.042546459938)","(""N/A"",""N/A"",""N/A"")",N/A,"(""N/A"",""N/A"",""N/A"")",N/A,3,57.37,M3G20090418T190600_V01_L0.IMG,M3G20090418T190600_V01_BDE.IMG,M3G20090418T190900_V01_FF.IMG,147.47,u2
M3G20090419T005930,19bc,2009-05-01T08:57:07,1960,m3_igds_l0_v18.pl,18,147.66,GLOBAL,CH1-ORB-L-M3-2-L0-RAW-V1.0,2009-04-19T00:59:30,2009-04-19T00:59:54,,,,,,,,,,,,,,,,,,,,,,,,,,,,,,,,,,,,,,,,,,,,,,,,,,,,,,,,,,
M3G20090419T011345,19bc,2009-05-01T08:57:13,1960,m3_igds_l0_v18.pl,18,147.59,GLOBAL,CH1-ORB-L-M3-2-L0-RAW-V1.0,2009-04-19T01:13:45,2009-04-19T01:17:01,2009-05-10T18:01:10,PRELIMINARY,m3g_l1b_v04.exe,4,1.003626153353 <AU>,147.59,REVERSE,ASCENDING,"(0.202696655915,0.501846412575,180.915203599869)","(""N/A"",""N/A"",""N/A"")",N/A,"(""N/A"",""N/A"",""N/A"")",N/A,3,57.12,M3G20090419T005930_V01_L0.IMG,M3G20090419T005930_V01_BDE.IMG,M3G20090419T011701_V01_FF.IMG,147.59,r,,,,,,,,,,,,,,,,,,2011-09-01T02:15:01,ACTUAL,3,m3g_l1b_v04.exe,4,1.003626153353 <AU>,147.59,REVERSE,ASCENDING,"(0.202696655915,0.501846412575,180.915203599869)","(""N/A"",""N/A"",""N/A"")",N/A,"(""N/A"",""N/A"",""N/A"")",N/A,3,57.12,M3G20090419T005930_V01_L0.IMG,M3G20090419T005930_V01_BDE.IMG,M3G20090419T011701_V01_FF.IMG,147.59,u2
M3G20090419T011701,19bc,2009-05-01T08:57:59,1960,m3_igds_l0_v18.pl,18,147.53,GLOBAL,CH1-ORB-L-M3-2-L0-RAW-V1.0,2009-04-19T01:17:01,2009-04-19T01:32:21,2009-05-10T18:01:10,PRELIMINARY,m3g_l1b_v04.exe,4,1.003622920654 <AU>,147.53,REVERSE,ASCENDING,"(0.202696655915,0.501846412575,180.915203599869)","(""N/A"",""N/A"",""N/A"")",N/A,"(""N/A"",""N/A"",""N/A"")",N/A,3,57.12,M3G20090419T005930_V01_L0.IMG,M3G20090419T005930_V01_BDE.IMG,M3G20090419T011701_V01_FF.IMG,147.59,r,,,,,,,,,,,,,,,,,,2011-09-01T02:15:01,ACTUAL,3,m3g_l1b_v04.exe,4,1.003622920654 <AU>,147.59,REVERSE,ASCENDING,"(0.202696655915,0.501846412575,180.915203599869)","(""N/A"",""N/A"",""N/A"")",N/A,"(""N/A"",""N/A"",""N/A"")",N/A,3,57.12,M3G20090419T005930_V01_L0.IMG,M3G20090419T005930_V01_BDE.IMG,M3G20090419T011701_V01_FF.IMG,147.59,u2
M3G20090419T013221,19bc,2009-05-01T09:01:36,1961,m3_igds_l0_v18.pl,18,147.53,GLOBAL,CH1-ORB-L-M3-2-L0-RAW-V1.0,2009-04-19T01:32:21,2009-04-19T02:01:13,2009-05-10T18:01:10,PRELIMINARY,m3g_l1b_v04.exe,4,1.003620964704 <AU>,147.53,REVERSE,ASCENDING,"(0.202696655915,0.501846412575,180.915203599869)","(""N/A"",""N/A"",""N/A"")",N/A,"(""N/A"",""N/A"",""N/A"")",N/A,3,57.12,M3G20090419T005930_V01_L0.IMG,M3G20090419T005930_V01_BDE.IMG,M3G20090419T013221_V01_FF.IMG,147.53,r,,,,,,,,,,,,,,,,,,2011-09-01T02:15:01,ACTUAL,3,m3g_l1b_v04.exe,4,1.003620964704 <AU>,147.53,REVERSE,ASCENDING,"(0.202696655915,0.501846412575,180.915203599869)","(""N/A"",""N/A"",""N/A"")",N/A,"(""N/A"",""N/A"",""N/A"")",N/A,3,57.12,M3G20090419T005930_V01_L0.IMG,M3G20090419T005930_V01_BDE.IMG,M3G20090419T013221_V01_FF.IMG,147.53,u2
M3G20090419T025730,19bc,2009-05-01T09:08:20,1961,m3_igds_l0_v18.pl,18,147.66,GLOBAL,CH1-ORB-L-M3-2-L0-RAW-V1.0,2009-04-19T02:57:30,2009-04-19T02:57:54,,,,,,,,,,,,,,,,,,,,,,,,,,,,,,,,,,,,,,,,,,,,,,,,,,,,,,,,,,
M3G20090419T030030,19bc,2009-05-01T09:08:25,1961,m3_igds_l0_v18.pl,18,147.66,GLOBAL,CH1-ORB-L-M3-2-L0-RAW-V1.0,2009-04-19T03:00:30,2009-04-19T03:38:24,2009-05-10T18:01:10,PRELIMINARY,m3g_l1b_v04.exe,4,1.003607649498 <AU>,147.66,REVERSE,ASCENDING,"(0.255272309903,0.521225402322,180.895549714092)","(""N/A"",""N/A"",""N/A"")",N/A,"(""N/A"",""N/A"",""N/A"")",N/A,3,57.02,M3G20090419T025730_V01_L0.IMG,M3G20090419T025730_V01_BDE.IMG,M3G20090419T030030_V01_FF.IMG,147.66,r,,,,,,,,,,,,,,,,,,2011-09-01T02:15:01,ACTUAL,3,m3g_l1b_v04.exe,4,1.003607649498 <AU>,147.66,REVERSE,ASCENDING,"(0.255272309903,0.521225402322,180.895549714092)","(""N/A"",""N/A"",""N/A"")",N/A,"(""N/A"",""N/A"",""N/A"")",N/A,3,57.02,M3G20090419T025730_V01_L0.IMG,M3G20090419T025730_V01_BDE.IMG,M3G20090419T030030_V01_FF.IMG,147.66,u2
M3G20090419T033824,19bc,2009-05-01T09:17:17,1962,m3_igds_l0_v18.pl,18,147.59,GLOBAL,CH1-ORB-L-M3-2-L0-RAW-V1.0,2009-04-19T03:38:24,2009-04-19T03:48:28,2009-05-10T18:01:10,PRELIMINARY,m3g_l1b_v04.exe,4,1.003603542380 <AU>,147.59,REVERSE,ASCENDING,"(0.255272309903,0.521225402322,180.895549714092)","(""N/A"",""N/A"",""N/A"")",N/A,"(""N/A"",""N/A"",""N/A"")",N/A,3,57.02,M3G20090419T025730_V01_L0.IMG,M3G20090419T025730_V01_BDE.IMG,M3G20090419T030030_V01_FF.IMG,147.59,r,,,,,,,,,,,,,,,,,,2011-09-01T02:15:01,ACTUAL,3,m3g_l1b_v04.exe,4,1.003603542380 <AU>,147.59,REVERSE,ASCENDING,"(0.255272309903,0.521225402322,180.895549714092)","(""N/A"",""N/A"",""N/A"")",N/A,"(""N/A"",""N/A"",""N/A"")",N/A,3,57.02,M3G20090419T025730_V01_L0.IMG,M3G20090419T025730_V01_BDE.IMG,M3G20090419T030030_V01_FF.IMG,147.59,u2
M3G20090419T045530,19bc,2009-05-01T09:19:38,1962,m3_igds_l0_v18.pl,18,147.72,GLOBAL,CH1-ORB-L-M3-2-L0-RAW-V1.0,2009-04-19T04:55:30,2009-04-19T04:55:54,,,,,,,,,,,,,,,,,,,,,,,,,,,,,,,,,,,,,,,,,,,,,,,,,,,,,,,,,,
M3G20090419T050945,19bc,2009-05-01T09:19:44,1962,m3_igds_l0_v18.pl,18,147.72,GLOBAL,CH1-ORB-L-M3-2-L0-RAW-V1.0,2009-04-19T05:09:45,2009-04-19T05:56:59,2009-05-10T18:01:10,PRELIMINARY,m3g_l1b_v04.exe,4,1.003588241353 <AU>,147.72,REVERSE,ASCENDING,"(0.223256094051,0.532989323764,181.185795197375)","(""N/A"",""N/A"",""N/A"")",N/A,"(""N/A"",""N/A"",""N/A"")",N/A,3,56.98,M3G20090419T045530_V01_L0.IMG,M3G20090419T045530_V01_BDE.IMG,M3G20090419T050945_V01_FF.IMG,147.72,r,,,,,,,,,,,,,,,,,,2011-09-01T02:15:01,ACTUAL,3,m3g_l1b_v04.exe,4,1.003588241353 <AU>,147.72,REVERSE,ASCENDING,"(0.223256094051,0.532989323764,181.185795197375)","(""N/A"",""N/A"",""N/A"")",N/A,"(""N/A"",""N/A"",""N/A"")",N/A,3,56.98,M3G20090419T045530_V01_L0.IMG,M3G20090419T045530_V01_BDE.IMG,M3G20090419T050945_V01_FF.IMG,147.72,u2
M3G20090419T065330,19bc,2009-05-01T09:30:48,1963,m3_igds_l0_v18.pl,18,147.85,GLOBAL,CH1-ORB-L-M3-2-L0-RAW-V1.0,2009-04-19T06:53:30,2009-04-19T06:53:53,,,,,,,,,,,,,,,,,,,,,,,,,,,,,,,,,,,,,,,,,,,,,,,,,,,,,,,,,,
M3G20090419T065630,19bc,2009-05-01T09:30:54,1963,m3_igds_l0_v18.pl,18,147.79,GLOBAL,CH1-ORB-L-M3-2-L0-RAW-V1.0,2009-04-19T06:56:30,2009-04-19T07:44:29,2009-05-10T18:01:10,PRELIMINARY,m3g_l1b_v04.exe,4,1.003573431815 <AU>,147.79,REVERSE,ASCENDING,"(0.285989721392,0.508782143753,181.040380701680)","(""N/A"",""N/A"",""N/A"")",N/A,"(""N/A"",""N/A"",""N/A"")",N/A,3,56.88,M3G20090419T065330_V01_L0.IMG,M3G20090419T065330_V01_BDE.IMG,M3G20090419T065630_V01_FF.IMG,147.91,r,,,,,,,,,,,,,,,,,,2011-09-01T02:15:01,ACTUAL,3,m3g_l1b_v04.exe,4,1.003573431815 <AU>,147.91,REVERSE,ASCENDING,"(0.285989721392,0.508782143753,181.040380701680)","(""N/A"",""N/A"",""N/A"")",N/A,"(""N/A"",""N/A"",""N/A"")",N/A,3,56.88,M3G20090419T065330_V01_L0.IMG,M3G20090419T065330_V01_BDE.IMG,M3G20090419T065630_V01_FF.IMG,147.91,u2
M3G20090419T124730,19bc,2009-05-01T01:03:34,1964,m3_igds_l0_v18.pl,18,148.1,GLOBAL,CH1-ORB-L-M3-2-L0-RAW-V1.0,2009-04-19T12:47:30,2009-04-19T12:47:54,,,,,,,,,,,,,,,,,,,,,,,,,,,,,,,,,,,,,,,,,,,,,,,,,,,,,,,,,,
M3G20090419T130145,19bc,2009-05-01T01:03:39,1964,m3_igds_l0_v18.pl,18,147.91,GLOBAL,CH1-ORB-L-M3-2-L0-RAW-V1.0,2009-04-19T13:01:45,2009-04-19T13:48:59,2009-05-10T18:01:10,PRELIMINARY,m3g_l1b_v04.exe,4,1.003523372435 <AU>,147.91,REVERSE,ASCENDING,"(0.217171948716,0.481444850747,181.153716669184)","(""N/A"",""N/A"",""N/A"")",N/A,"(""N/A"",""N/A"",""N/A"")",N/A,3,56.64,M3G20090419T124730_V01_L0.IMG,M3G20090419T124730_V01_BDE.IMG,M3G20090419T130145_V01_FF.IMG,147.97,r,,,,,,,,,,,,,,,,,,2011-09-01T02:15:01,ACTUAL,3,m3g_l1b_v04.exe,4,1.003523372435 <AU>,147.97,REVERSE,ASCENDING,"(0.217171948716,0.481444850747,181.153716669184)","(""N/A"",""N/A"",""N/A"")",N/A,"(""N/A"",""N/A"",""N/A"")",N/A,3,56.64,M3G20090419T124730_V01_L0.IMG,M3G20090419T124730_V01_BDE.IMG,M3G20090419T130145_V01_FF.IMG,147.97,u2
M3G20090419T144530,19bc,2009-05-01T01:14:43,1964,m3_igds_l0_v18.pl,18,148.16,GLOBAL,CH1-ORB-L-M3-2-L0-RAW-V1.0,2009-04-19T14:45:30,2009-04-19T14:45:54,,,,,,,,,,,,,,,,,,,,,,,,,,,,,,,,,,,,,,,,,,,,,,,,,,,,,,,,,,
M3G20090419T144815,19bc,2009-05-01T01:14:48,1964,m3_igds_l0_v18.pl,18,148.04,GLOBAL,CH1-ORB-L-M3-2-L0-RAW-V1.0,2009-04-19T14:48:15,2009-04-19T15:36:28,2009-05-10T18:01:10,PRELIMINARY,m3g_l1b_v04.exe,4,1.003509425091 <AU>,148.04,REVERSE,ASCENDING,"(0.243791846136,0.602191793636,181.247925467483)","(""N/A"",""N/A"",""N/A"")",N/A,"(""N/A"",""N/A"",""N/A"")",N/A,3,56.6,M3G20090419T144530_V01_L0.IMG,M3G20090419T144530_V01_BDE.IMG,M3G20090419T144815_V01_FF.IMG,148.04,r,,,,,,,,,,,,,,,,,,2011-09-01T02:15:01,ACTUAL,3,m3g_l1b_v04.exe,4,1.003509425091 <AU>,148.04,REVERSE,ASCENDING,"(0.243791846136,0.602191793636,181.247925467483)","(""N/A"",""N/A"",""N/A"")",N/A,"(""N/A"",""N/A"",""N/A"")",N/A,3,56.6,M3G20090419T144530_V01_L0.IMG,M3G20090419T144530_V01_BDE.IMG,M3G20090419T144815_V01_FF.IMG,148.04,u2
M3G20090419T164315,19bc,2009-05-01T16:52:18,99999,m3_igds_l0_v18.pl,18,148.1,GLOBAL,CH1-ORB-L-M3-2-L0-RAW-V1.0,2009-04-19T16:43:15,2009-04-19T16:43:38,,,,,,,,,,,,,,,,,,,,,,,,,,,,,,,,,,,,,,,,,,,,,,,,,,,,,,,,,,
M3G20090419T165745,19bc,2009-05-01T16:52:23,99999,m3_igds_l0_v18.pl,18,148.04,GLOBAL,CH1-ORB-L-M3-2-L0-RAW-V1.0,2009-04-19T16:57:45,2009-04-19T17:16:12,2009-05-10T18:01:10,PRELIMINARY,m3g_l1b_v04.exe,4,1.003493638165 <AU>,148.04,REVERSE,ASCENDING,"(0.247711924596,0.584850024943,181.271812154607)","(""N/A"",""N/A"",""N/A"")",N/A,"(""N/A"",""N/A"",""N/A"")",N/A,3,56.5,M3G20090419T164315_V01_L0.IMG,M3G20090419T164315_V01_BDE.IMG,M3G20090419T165745_V01_FF.IMG,148.04,r,,,,,,,,,,,,,,,,,,2011-09-01T02:15:01,ACTUAL,3,m3g_l1b_v04.exe,4,1.003493638165 <AU>,148.04,REVERSE,ASCENDING,"(0.247711924596,0.584850024943,181.271812154607)","(""N/A"",""N/A"",""N/A"")",N/A,"(""N/A"",""N/A"",""N/A"")",N/A,3,56.5,M3G20090419T164315_V01_L0.IMG,M3G20090419T164315_V01_BDE.IMG,M3G20090419T165745_V01_FF.IMG,148.04,u2
M3G20090419T171612,19bc,2009-05-01T16:56:45,99999,m3_igds_l0_v18.pl,18,147.97,GLOBAL,CH1-ORB-L-M3-2-L0-RAW-V1.0,2009-04-19T17:16:12,2009-04-19T17:44:59,2009-05-10T18:01:10,PRELIMINARY,m3g_l1b_v04.exe,4,1.003491583468 <AU>,147.97,REVERSE,ASCENDING,"(0.247711924596,0.584850024943,181.271812154607)","(""N/A"",""N/A"",""N/A"")",N/A,"(""N/A"",""N/A"",""N/A"")",N/A,3,56.5,M3G20090419T164315_V01_L0.IMG,M3G20090419T164315_V01_BDE.IMG,M3G20090419T171612_V01_FF.IMG,147.97,r,,,,,,,,,,,,,,,,,,2011-09-01T02:15:01,ACTUAL,3,m3g_l1b_v04.exe,4,1.003491583468 <AU>,147.97,REVERSE,ASCENDING,"(0.247711924596,0.584850024943,181.271812154607)","(""N/A"",""N/A"",""N/A"")",N/A,"(""N/A"",""N/A"",""N/A"")",N/A,3,56.5,M3G20090419T164315_V01_L0.IMG,M3G20090419T164315_V01_BDE.IMG,M3G20090419T171612_V01_FF.IMG,147.97,u2
M3G20090419T184115,19bc,2009-05-01T17:03:28,99999,m3_igds_l0_v18.pl,18,147.97,GLOBAL,CH1-ORB-L-M3-2-L0-RAW-V1.0,2009-04-19T18:41:15,2009-04-19T18:41:39,,,,,,,,,,,,,,,,,,,,,,,,,,,,,,,,,,,,,,,,,,,,,,,,,,,,,,,,,,
M3G20090419T184415,19bc,2009-05-01T17:03:34,99999,m3_igds_l0_v18.pl,18,147.97,GLOBAL,CH1-ORB-L-M3-2-L0-RAW-V1.0,2009-04-19T18:44:15,2009-04-19T18:49:09,2009-05-10T18:01:10,PRELIMINARY,m3g_l1b_v04.exe,4,1.003485813671 <AU>,147.97,REVERSE,ASCENDING,"(0.170722102138,0.611923108189,181.104114946785)","(""N/A"",""N/A"",""N/A"")",N/A,"(""N/A"",""N/A"",""N/A"")",N/A,3,56.45,M3G20090419T184115_V01_L0.IMG,M3G20090419T184115_V01_BDE.IMG,M3G20090419T184909_V01_FF.IMG,147.97,r,,,,,,,,,,,,,,,,,,2011-09-01T02:15:01,ACTUAL,3,m3g_l1b_v04.exe,4,1.003485813671 <AU>,147.97,REVERSE,ASCENDING,"(0.170722102138,0.611923108189,181.104114946785)","(""N/A"",""N/A"",""N/A"")",N/A,"(""N/A"",""N/A"",""N/A"")",N/A,3,56.45,M3G20090419T184115_V01_L0.IMG,M3G20090419T184115_V01_BDE.IMG,M3G20090419T184909_V01_FF.IMG,147.97,u2
M3G20090419T184909,19bc,2009-05-01T17:04:41,99999,m3_igds_l0_v18.pl,18,147.97,GLOBAL,CH1-ORB-L-M3-2-L0-RAW-V1.0,2009-04-19T18:49:09,2009-04-19T19:23:27,2009-05-10T18:01:10,PRELIMINARY,m3g_l1b_v04.exe,4,1.003478676457 <AU>,147.97,REVERSE,ASCENDING,"(0.170722102138,0.611923108189,181.104114946785)","(""N/A"",""N/A"",""N/A"")",N/A,"(""N/A"",""N/A"",""N/A"")",N/A,3,56.45,M3G20090419T184115_V01_L0.IMG,M3G20090419T184115_V01_BDE.IMG,M3G20090419T184909_V01_FF.IMG,147.97,r,,,,,,,,,,,,,,,,,,2011-09-01T02:15:01,ACTUAL,3,m3g_l1b_v04.exe,4,1.003478676457 <AU>,147.97,REVERSE,ASCENDING,"(0.170722102138,0.611923108189,181.104114946785)","(""N/A"",""N/A"",""N/A"")",N/A,"(""N/A"",""N/A"",""N/A"")",N/A,3,56.45,M3G20090419T184115_V01_L0.IMG,M3G20090419T184115_V01_BDE.IMG,M3G20090419T184909_V01_FF.IMG,147.97,u2
M3G20090419T192327,19bc,2009-05-01T17:12:48,99999,m3_igds_l0_v18.pl,18,148.1,GLOBAL,CH1-ORB-L-M3-2-L0-RAW-V1.0,2009-04-19T19:23:27,2009-04-19T19:32:29,2009-05-10T18:01:10,PRELIMINARY,m3g_l1b_v04.exe,4,1.003476043536 <AU>,148.1,REVERSE,ASCENDING,"(0.170722102138,0.611923108189,181.104114946785)","(""N/A"",""N/A"",""N/A"")",N/A,"(""N/A"",""N/A"",""N/A"")",N/A,3,56.4,M3G20090419T184115_V01_L0.IMG,M3G20090419T184115_V01_BDE.IMG,M3G20090419T184909_V01_FF.IMG,148.1,r,,,,,,,,,,,,,,,,,,2011-09-01T02:15:01,ACTUAL,3,m3g_l1b_v04.exe,4,1.003476043536 <AU>,148.1,REVERSE,ASCENDING,"(0.170722102138,0.611923108189,181.104114946785)","(""N/A"",""N/A"",""N/A"")",N/A,"(""N/A"",""N/A"",""N/A"")",N/A,3,56.4,M3G20090419T184115_V01_L0.IMG,M3G20090419T184115_V01_BDE.IMG,M3G20090419T184909_V01_FF.IMG,148.1,u2
M3G20090419T203915,19bc,2009-05-01T09:42:08,1970,m3_igds_l0_v18.pl,18,148.1,GLOBAL,CH1-ORB-L-M3-2-L0-RAW-V1.0,2009-04-19T20:39:15,2009-04-19T20:39:39,,,,,,,,,,,,,,,,,,,,,,,,,,,,,,,,,,,,,,,,,,,,,,,,,,,,,,,,,,
M3G20090419T205345,19bc,2009-05-01T09:42:14,1970,m3_igds_l0_v18.pl,18,148.1,GLOBAL,CH1-ORB-L-M3-2-L0-RAW-V1.0,2009-04-19T20:53:45,2009-04-19T21:04:49,2009-05-10T18:01:10,PRELIMINARY,m3g_l1b_v04.exe,4,1.003464709168 <AU>,148.1,REVERSE,ASCENDING,"(0.276888267840,0.554363761708,181.093936347765)","(""N/A"",""N/A"",""N/A"")",N/A,"(""N/A"",""N/A"",""N/A"")",N/A,3,56.35,M3G20090419T203915_V01_L0.IMG,M3G20090419T203915_V01_BDE.IMG,M3G20090419T205345_V01_FF.IMG,148.1,r,,,,,,,,,,,,,,,,,,2011-09-01T02:15:01,ACTUAL,3,m3g_l1b_v04.exe,4,1.003464709168 <AU>,148.1,REVERSE,ASCENDING,"(0.276888267840,0.554363761708,181.093936347765)","(""N/A"",""N/A"",""N/A"")",N/A,"(""N/A"",""N/A"",""N/A"")",N/A,3,56.35,M3G20090419T203915_V01_L0.IMG,M3G20090419T203915_V01_BDE.IMG,M3G20090419T205345_V01_FF.IMG,148.1,u2
M3G20090419T210449,19bc,2009-05-01T09:44:51,1971,m3_igds_l0_v18.pl,18,148.1,GLOBAL,CH1-ORB-L-M3-2-L0-RAW-V1.0,2009-04-19T21:04:49,2009-04-19T21:40:58,2009-05-10T18:01:10,PRELIMINARY,m3g_l1b_v04.exe,4,1.003461799580 <AU>,148.1,REVERSE,ASCENDING,"(0.276888267840,0.554363761708,181.093936347765)","(""N/A"",""N/A"",""N/A"")",N/A,"(""N/A"",""N/A"",""N/A"")",N/A,3,56.3,M3G20090419T203915_V01_L0.IMG,M3G20090419T203915_V01_BDE.IMG,M3G20090419T210449_V01_FF.IMG,148.1,r,,,,,,,,,,,,,,,,,,2011-09-01T02:15:01,ACTUAL,3,m3g_l1b_v04.exe,4,1.003461799580 <AU>,148.1,REVERSE,ASCENDING,"(0.276888267840,0.554363761708,181.093936347765)","(""N/A"",""N/A"",""N/A"")",N/A,"(""N/A"",""N/A"",""N/A"")",N/A,3,56.3,M3G20090419T203915_V01_L0.IMG,M3G20090419T203915_V01_BDE.IMG,M3G20090419T210449_V01_FF.IMG,148.1,u2
M3G20090419T223715,19bc,2009-05-01T09:53:19,1971,m3_igds_l0_v18.pl,18,148.42,GLOBAL,CH1-ORB-L-M3-2-L0-RAW-V1.0,2009-04-19T22:37:15,2009-04-19T22:37:39,,,,,,,,,,,,,,,,,,,,,,,,,,,,,,,,,,,,,,,,,,,,,,,,,,,,,,,,,,
M3G20090419T224015,19bc,2009-05-01T09:53:25,1971,m3_igds_l0_v18.pl,18,148.29,GLOBAL,CH1-ORB-L-M3-2-L0-RAW-V1.0,2009-04-19T22:40:15,2009-04-19T23:24:19,2009-05-10T18:01:10,PRELIMINARY,m3g_l1b_v04.exe,4,1.003449751725 <AU>,148.29,REVERSE,ASCENDING,"(0.290439164428,0.542432265425,181.234616003729)","(""N/A"",""N/A"",""N/A"")",N/A,"(""N/A"",""N/A"",""N/A"")",N/A,3,56.25,M3G20090419T223715_V01_L0.IMG,M3G20090419T223715_V01_BDE.IMG,M3G20090419T224015_V01_FF.IMG,148.42,r,,,,,,,,,,,,,,,,,,2011-09-01T02:15:01,ACTUAL,3,m3g_l1b_v04.exe,4,1.003449751725 <AU>,148.42,REVERSE,ASCENDING,"(0.290439164428,0.542432265425,181.234616003729)","(""N/A"",""N/A"",""N/A"")",N/A,"(""N/A"",""N/A"",""N/A"")",N/A,3,56.25,M3G20090419T223715_V01_L0.IMG,M3G20090419T223715_V01_BDE.IMG,M3G20090419T224015_V01_FF.IMG,148.42,u2
M3G20090419T232419,19bc,2009-05-01T10:03:46,1974,m3_igds_l0_v18.pl,18,148.29,GLOBAL,CH1-ORB-L-M3-2-L0-RAW-V1.0,2009-04-19T23:24:19,2009-04-19T23:28:30,2009-05-10T18:01:10,PRELIMINARY,m3g_l1b_v04.exe,4,1.003447021614 <AU>,148.29,REVERSE,ASCENDING,"(0.290439164428,0.542432265425,181.234616003729)","(""N/A"",""N/A"",""N/A"")",N/A,"(""N/A"",""N/A"",""N/A"")",N/A,3,56.25,M3G20090419T223715_V01_L0.IMG,M3G20090419T223715_V01_BDE.IMG,M3G20090419T224015_V01_FF.IMG,148.29,r,,,,,,,,,,,,,,,,,,2011-09-01T02:15:01,ACTUAL,3,m3g_l1b_v04.exe,4,1.003447021614 <AU>,148.29,REVERSE,ASCENDING,"(0.290439164428,0.542432265425,181.234616003729)","(""N/A"",""N/A"",""N/A"")",N/A,"(""N/A"",""N/A"",""N/A"")",N/A,3,56.25,M3G20090419T223715_V01_L0.IMG,M3G20090419T223715_V01_BDE.IMG,M3G20090419T224015_V01_FF.IMG,148.29,u2
M3G20090420T122315,19bc,2009-05-01T02:03:41,1976,m3_igds_l0_v18.pl,18,148.74,GLOBAL,CH1-ORB-L-M3-2-L0-RAW-V1.0,2009-04-20T12:23:15,2009-04-20T12:23:39,,,,,,,,,,,,,,,,,,,,,,,,,,,,,,,,,,,,,,,,,,,,,,,,,,,,,,,,,,
M3G20090420T122615,19bc,2009-05-01T02:03:47,1976,m3_igds_l0_v18.pl,18,148.61,GLOBAL,CH1-ORB-L-M3-2-L0-RAW-V1.0,2009-04-20T12:26:15,2009-04-20T12:51:18,2009-05-10T18:01:10,PRELIMINARY,m3g_l1b_v04.exe,4,1.003359038737 <AU>,148.61,REVERSE,ASCENDING,"(0.196179325067,0.475912458703,181.159743547792)","(""N/A"",""N/A"",""N/A"")",N/A,"(""N/A"",""N/A"",""N/A"")",N/A,3,55.73,M3G20090420T122315_V01_L0.IMG,M3G20090420T122315_V01_BDE.IMG,M3G20090420T122615_V01_FF.IMG,148.54,r,,,,,,,,,,,,,,,,,,2011-09-01T02:15:01,ACTUAL,3,m3g_l1b_v04.exe,4,1.003359038737 <AU>,148.54,REVERSE,ASCENDING,"(0.196179325067,0.475912458703,181.159743547792)","(""N/A"",""N/A"",""N/A"")",N/A,"(""N/A"",""N/A"",""N/A"")",N/A,3,55.73,M3G20090420T122315_V01_L0.IMG,M3G20090420T122315_V01_BDE.IMG,M3G20090420T122615_V01_FF.IMG,148.54,u2
M3G20090420T125118,19bc,2009-05-01T02:09:39,1976,m3_igds_l0_v18.pl,18,148.48,GLOBAL,CH1-ORB-L-M3-2-L0-RAW-V1.0,2009-04-20T12:51:18,2009-04-20T13:14:13,2009-05-10T18:01:10,PRELIMINARY,m3g_l1b_v04.exe,4,1.003354234493 <AU>,148.48,REVERSE,ASCENDING,"(0.196179325067,0.475912458703,181.159743547792)","(""N/A"",""N/A"",""N/A"")",N/A,"(""N/A"",""N/A"",""N/A"")",N/A,3,55.73,M3G20090420T122315_V01_L0.IMG,M3G20090420T122315_V01_BDE.IMG,M3G20090420T125118_V01_FF.IMG,148.48,r,,,,,,,,,,,,,,,,,,2011-09-01T02:15:01,ACTUAL,3,m3g_l1b_v04.exe,4,1.003354234493 <AU>,148.48,REVERSE,ASCENDING,"(0.196179325067,0.475912458703,181.159743547792)","(""N/A"",""N/A"",""N/A"")",N/A,"(""N/A"",""N/A"",""N/A"")",N/A,3,55.73,M3G20090420T122315_V01_L0.IMG,M3G20090420T122315_V01_BDE.IMG,M3G20090420T125118_V01_FF.IMG,148.48,u2
M3G20090420T181715,19bc,2009-05-01T10:47:24,1983,m3_igds_l0_v18.pl,18,148.93,GLOBAL,CH1-ORB-L-M3-2-L0-RAW-V1.0,2009-04-20T18:17:15,2009-04-20T18:17:39,,,,,,,,,,,,,,,,,,,,,,,,,,,,,,,,,,,,,,,,,,,,,,,,,,,,,,,,,,
M3G20090420T183130,19bc,2009-05-01T10:47:29,1983,m3_igds_l0_v18.pl,18,148.93,GLOBAL,CH1-ORB-L-M3-2-L0-RAW-V1.0,2009-04-20T18:31:30,2009-04-20T18:53:24,2009-05-10T18:01:10,PRELIMINARY,m3g_l1b_v04.exe,4,1.003321588199 <AU>,148.93,REVERSE,ASCENDING,"(0.226604532696,0.736957124530,181.148137963208)","(""N/A"",""N/A"",""N/A"")",N/A,"(""N/A"",""N/A"",""N/A"")",N/A,3,55.48,M3G20090420T181715_V01_L0.IMG,M3G20090420T181715_V01_BDE.IMG,M3G20090420T183130_V01_FF.IMG,148.93,r,,,,,,,,,,,,,,,,,,2011-09-01T02:15:01,ACTUAL,3,m3g_l1b_v04.exe,4,1.003321588199 <AU>,148.93,REVERSE,ASCENDING,"(0.226604532696,0.736957124530,181.148137963208)","(""N/A"",""N/A"",""N/A"")",N/A,"(""N/A"",""N/A"",""N/A"")",N/A,3,55.48,M3G20090420T181715_V01_L0.IMG,M3G20090420T181715_V01_BDE.IMG,M3G20090420T183130_V01_FF.IMG,148.93,u2
M3G20090420T185324,19bc,2009-05-01T10:52:44,1983,m3_igds_l0_v18.pl,18,148.93,GLOBAL,CH1-ORB-L-M3-2-L0-RAW-V1.0,2009-04-20T18:53:24,2009-04-20T19:17:18,2009-05-10T18:01:10,PRELIMINARY,m3g_l1b_v04.exe,4,1.003320813111 <AU>,148.93,REVERSE,ASCENDING,"(0.226604532696,0.736957124530,181.148137963208)","(""N/A"",""N/A"",""N/A"")",N/A,"(""N/A"",""N/A"",""N/A"")",N/A,3,55.48,M3G20090420T181715_V01_L0.IMG,M3G20090420T181715_V01_BDE.IMG,M3G20090420T183130_V01_FF.IMG,148.93,r,,,,,,,,,,,,,,,,,,2011-09-01T02:15:01,ACTUAL,3,m3g_l1b_v04.exe,4,1.003320813111 <AU>,148.93,REVERSE,ASCENDING,"(0.226604532696,0.736957124530,181.148137963208)","(""N/A"",""N/A"",""N/A"")",N/A,"(""N/A"",""N/A"",""N/A"")",N/A,3,55.48,M3G20090420T181715_V01_L0.IMG,M3G20090420T181715_V01_BDE.IMG,M3G20090420T183130_V01_FF.IMG,148.93,u2
M3G20090420T191718,19bc,2009-07-13T03:10:18,1983,m3_igds_l0_v18.pl,18,148.93,GLOBAL,CH1-ORB-L-M3-2-L0-RAW-V1.0,2009-04-20T19:17:18,2009-04-20T19:18:44,2009-05-10T18:01:10,PRELIMINARY,m3g_l1b_v04.exe,4,1.003323337360 <AU>,148.93,REVERSE,ASCENDING,"(0.226604532696,0.736957124530,181.148137963208)","(""N/A"",""N/A"",""N/A"")",N/A,"(""N/A"",""N/A"",""N/A"")",N/A,3,55.44,M3G20090420T201515_V01_L0.IMG,M3G20090420T201515_V01_BDE.IMG,M3G20090420T183130_V01_FF.IMG,148.93,r,,,,,,,,,,,,,,,,,,2011-09-01T02:15:01,ACTUAL,3,m3g_l1b_v04.exe,4,1.003323337360 <AU>,148.93,REVERSE,ASCENDING,"(0.226604532696,0.736957124530,181.148137963208)","(""N/A"",""N/A"",""N/A"")",N/A,"(""N/A"",""N/A"",""N/A"")",N/A,3,55.44,M3G20090420T201515_V01_L0.IMG,M3G20090420T201515_V01_BDE.IMG,M3G20090420T183130_V01_FF.IMG,148.93,u2
M3G20090420T201515,19bc,2009-07-13T03:10:39,1983,m3_igds_l0_v18.pl,18,148.93,GLOBAL,CH1-ORB-L-M3-2-L0-RAW-V1.0,2009-04-20T20:15:15,2009-04-20T20:15:39,,,,,,,,,,,,,,,,,,,,,,,,,,,,,,,,,,,,,,,,,,,,,,,,,,,,,,,,,,
M3G20090420T201815,19bc,2009-07-13T03:10:44,1983,m3_igds_l0_v18.pl,18,148.93,GLOBAL,CH1-ORB-L-M3-2-L0-RAW-V1.0,2009-04-20T20:18:15,2009-04-20T20:54:30,2009-05-10T18:01:10,PRELIMINARY,m3g_l1b_v04.exe,4,1.003312521206 <AU>,148.93,REVERSE,ASCENDING,"(0.261472065923,0.715955487822,181.354818034998)","(""N/A"",""N/A"",""N/A"")",N/A,"(""N/A"",""N/A"",""N/A"")",N/A,3,55.39,M3G20090420T201515_V01_L0.IMG,M3G20090420T201515_V01_BDE.IMG,M3G20090420T201815_V01_FF.IMG,148.93,r,,,,,,,,,,,,,,,,,,2011-09-01T02:15:01,ACTUAL,3,m3g_l1b_v04.exe,4,1.003312521206 <AU>,148.93,REVERSE,ASCENDING,"(0.261472065923,0.715955487822,181.354818034998)","(""N/A"",""N/A"",""N/A"")",N/A,"(""N/A"",""N/A"",""N/A"")",N/A,3,55.39,M3G20090420T201515_V01_L0.IMG,M3G20090420T201515_V01_BDE.IMG,M3G20090420T201815_V01_FF.IMG,148.93,u2
M3G20090421T001100,19bc,2009-07-13T03:19:20,1983,m3_igds_l0_v18.pl,18,148.93,GLOBAL,CH1-ORB-L-M3-2-L0-RAW-V1.0,2009-04-21T00:11:00,2009-04-21T00:11:23,,,,,,,,,,,,,,,,,,,,,,,,,,,,,,,,,,,,,,,,,,,,,,,,,,,,,,,,,,
M3G20090421T001400,19bc,2009-07-13T03:19:25,1983,m3_igds_l0_v18.pl,18,148.93,GLOBAL,CH1-ORB-L-M3-2-L0-RAW-V1.0,2009-04-21T00:14:00,2009-04-21T01:01:59,2009-05-10T18:01:10,PRELIMINARY,m3g_l1b_v04.exe,4,1.003291872698 <AU>,148.93,REVERSE,ASCENDING,"(0.230674594287,0.680855111567,181.047707551165)","(""N/A"",""N/A"",""N/A"")",N/A,"(""N/A"",""N/A"",""N/A"")",N/A,3,55.24,M3G20090421T001100_V01_L0.IMG,M3G20090421T001100_V01_BDE.IMG,M3G20090421T001400_V01_FF.IMG,149.06,r,,,,,,,,,,,,,,,,,,2011-09-01T02:15:01,ACTUAL,3,m3g_l1b_v04.exe,4,1.003291872698 <AU>,149.06,REVERSE,ASCENDING,"(0.230674594287,0.680855111567,181.047707551165)","(""N/A"",""N/A"",""N/A"")",N/A,"(""N/A"",""N/A"",""N/A"")",N/A,3,55.24,M3G20090421T001100_V01_L0.IMG,M3G20090421T001100_V01_BDE.IMG,M3G20090421T001400_V01_FF.IMG,149.06,u2
M3G20090421T080300,19bc,2009-05-01T02:30:41,1988,m3_igds_l0_v18.pl,18,149.25,GLOBAL,CH1-ORB-L-M3-2-L0-RAW-V1.0,2009-04-21T08:03:00,2009-04-21T08:03:23,,,,,,,,,,,,,,,,,,,,,,,,,,,,,,,,,,,,,,,,,,,,,,,,,,,,,,,,,,
M3G20090421T080600,19bc,2009-05-01T02:30:46,1988,m3_igds_l0_v18.pl,18,149.38,GLOBAL,CH1-ORB-L-M3-2-L0-RAW-V1.0,2009-04-21T08:06:00,2009-04-21T08:20:45,2009-05-10T18:01:10,PRELIMINARY,m3g_l1b_v04.exe,4,1.003260974999 <AU>,149.38,REVERSE,ASCENDING,"(0.191516824789,0.547954771462,181.166406683248)","(""N/A"",""N/A"",""N/A"")",N/A,"(""N/A"",""N/A"",""N/A"")",N/A,3,54.91,M3G20090421T080300_V01_L0.IMG,M3G20090421T080300_V01_BDE.IMG,M3G20090421T082045_V01_FF.IMG,149.38,r,,,,,,,,,,,,,,,,,,2011-09-01T02:15:01,ACTUAL,3,m3g_l1b_v04.exe,4,1.003260974999 <AU>,149.38,REVERSE,ASCENDING,"(0.191516824789,0.547954771462,181.166406683248)","(""N/A"",""N/A"",""N/A"")",N/A,"(""N/A"",""N/A"",""N/A"")",N/A,3,54.91,M3G20090421T080300_V01_L0.IMG,M3G20090421T080300_V01_BDE.IMG,M3G20090421T082045_V01_FF.IMG,149.38,u2
M3G20090421T082045,19bc,2009-05-01T02:34:14,1988,m3_igds_l0_v18.pl,18,149.18,GLOBAL,CH1-ORB-L-M3-2-L0-RAW-V1.0,2009-04-21T08:20:45,2009-04-21T08:53:58,2009-05-10T18:01:10,PRELIMINARY,m3g_l1b_v04.exe,4,1.003255678346 <AU>,149.18,REVERSE,ASCENDING,"(0.191516824789,0.547954771462,181.166406683248)","(""N/A"",""N/A"",""N/A"")",N/A,"(""N/A"",""N/A"",""N/A"")",N/A,3,54.91,M3G20090421T080300_V01_L0.IMG,M3G20090421T080300_V01_BDE.IMG,M3G20090421T082045_V01_FF.IMG,149.18,r,,,,,,,,,,,,,,,,,,2011-09-01T02:15:01,ACTUAL,3,m3g_l1b_v04.exe,4,1.003255678346 <AU>,149.18,REVERSE,ASCENDING,"(0.191516824789,0.547954771462,181.166406683248)","(""N/A"",""N/A"",""N/A"")",N/A,"(""N/A"",""N/A"",""N/A"")",N/A,3,54.91,M3G20090421T080300_V01_L0.IMG,M3G20090421T080300_V01_BDE.IMG,M3G20090421T082045_V01_FF.IMG,149.18,u2
M3G20090421T234511,19bc,2009-05-01T11:46:05,1995,m3_igds_l0_v18.pl,18,150.16,GLOBAL,CH1-ORB-L-M3-2-L0-RAW-V1.0,2009-04-21T23:45:11,2009-04-21T23:45:40,,,,,,,,,,,,,,,,,,,,,,,,,,,,,,,,,,,,,,,,,,,,,,,,,,,,,,,,,,
M3G20090422T014445,19bc,2009-05-01T11:57:16,1995,m3_igds_l0_v18.pl,18,150.02,GLOBAL,CH1-ORB-L-M3-2-L0-RAW-V1.0,2009-04-22T01:44:45,2009-04-22T01:45:09,,,,,,,,,,,,,,,,,,,,,,,,,,,,,,,,,,,,,,,,,,,,,,,,,,,,,,,,,,
M3G20090422T093645,19bc,2009-05-01T03:36:29,2001,m3_igds_l0_v18.pl,18,150.29,GLOBAL,CH1-ORB-L-M3-2-L0-RAW-V1.0,2009-04-22T09:36:45,2009-04-22T09:37:09,,,,,,,,,,,,,,,,,,,,,,,,,,,,,,,,,,,,,,,,,,,,,,,,,,,,,,,,,,
M3G20090422T113445,19bc,2009-05-01T03:47:38,2001,m3_igds_l0_v18.pl,18,150.22,GLOBAL,CH1-ORB-L-M3-2-L0-RAW-V1.0,2009-04-22T11:34:45,2009-04-22T11:35:09,,,,,,,,,,,,,,,,,,,,,,,,,,,,,,,,,,,,,,,,,,,,,,,,,,,,,,,,,,
M3G20090422T113800,19bc,2009-05-01T03:47:44,2001,m3_igds_l0_v18.pl,18,150.22,GLOBAL,CH1-ORB-L-M3-2-L0-RAW-V1.0,2009-04-22T11:38:00,2009-04-22T12:25:14,2009-05-10T18:01:10,PRELIMINARY,m3g_l1b_v04.exe,4,1.003201644865 <AU>,150.22,REVERSE,ASCENDING,"(0.199928592508,0.180976313397,181.038613751837)","(""N/A"",""N/A"",""N/A"")",N/A,"(""N/A"",""N/A"",""N/A"")",N/A,3,53.8,M3G20090422T113445_V01_L0.IMG,M3G20090422T113445_V01_BDE.IMG,M3G20090422T113800_V01_FF.IMG,150.09,r,,,,,,,,,,,,,,,,,,2011-09-01T02:15:01,ACTUAL,3,m3g_l1b_v04.exe,4,1.003201644865 <AU>,150.09,REVERSE,ASCENDING,"(0.199928592508,0.180976313397,181.038613751837)","(""N/A"",""N/A"",""N/A"")",N/A,"(""N/A"",""N/A"",""N/A"")",N/A,3,53.8,M3G20090422T113445_V01_L0.IMG,M3G20090422T113445_V01_BDE.IMG,M3G20090422T113800_V01_FF.IMG,150.09,u2
M3G20090422T133245,19bc,2009-05-01T03:58:53,2001,m3_igds_l0_v18.pl,18,150.22,GLOBAL,CH1-ORB-L-M3-2-L0-RAW-V1.0,2009-04-22T13:32:45,2009-04-22T13:33:09,,,,,,,,,,,,,,,,,,,,,,,,,,,,,,,,,,,,,,,,,,,,,,,,,,,,,,,,,,
M3G20090422T134730,19bc,2009-05-01T03:58:58,2001,m3_igds_l0_v18.pl,18,150.22,GLOBAL,CH1-ORB-L-M3-2-L0-RAW-V1.0,2009-04-22T13:47:30,2009-04-22T14:34:29,2009-05-10T18:01:10,PRELIMINARY,m3g_l1b_v04.exe,4,1.003201844282 <AU>,150.22,REVERSE,ASCENDING,"(0.181984698959,0.172318817161,181.093166517647)","(""N/A"",""N/A"",""N/A"")",N/A,"(""N/A"",""N/A"",""N/A"")",N/A,3,53.75,M3G20090422T133245_V01_L0.IMG,M3G20090422T133245_V01_BDE.IMG,M3G20090422T134730_V01_FF.IMG,150.22,r,,,,,,,,,,,,,,,,,,2011-09-01T02:15:01,ACTUAL,3,m3g_l1b_v04.exe,4,1.003201844282 <AU>,150.22,REVERSE,ASCENDING,"(0.181984698959,0.172318817161,181.093166517647)","(""N/A"",""N/A"",""N/A"")",N/A,"(""N/A"",""N/A"",""N/A"")",N/A,3,53.75,M3G20090422T133245_V01_L0.IMG,M3G20090422T133245_V01_BDE.IMG,M3G20090422T134730_V01_FF.IMG,150.22,u2
M3G20090422T153045,19bc,2009-05-01T04:10:09,2001,m3_igds_l0_v18.pl,18,150.09,GLOBAL,CH1-ORB-L-M3-2-L0-RAW-V1.0,2009-04-22T15:30:45,2009-04-22T15:31:08,,,,,,,,,,,,,,,,,,,,,,,,,,,,,,,,,,,,,,,,,,,,,,,,,,,,,,,,,,
M3G20090422T153400,19bc,2009-05-01T04:10:14,2001,m3_igds_l0_v18.pl,18,150.16,GLOBAL,CH1-ORB-L-M3-2-L0-RAW-V1.0,2009-04-22T15:34:00,2009-04-22T16:21:13,2009-05-10T18:01:10,PRELIMINARY,m3g_l1b_v04.exe,4,1.003203053532 <AU>,150.16,REVERSE,ASCENDING,"(0.178647219351,0.173036247617,181.154443165200)","(""N/A"",""N/A"",""N/A"")",N/A,"(""N/A"",""N/A"",""N/A"")",N/A,3,53.65,M3G20090422T153045_V01_L0.IMG,M3G20090422T153045_V01_BDE.IMG,M3G20090422T153400_V01_FF.IMG,150.16,r,,,,,,,,,,,,,,,,,,2011-09-01T02:15:01,ACTUAL,3,m3g_l1b_v04.exe,4,1.003203053532 <AU>,150.16,REVERSE,ASCENDING,"(0.178647219351,0.173036247617,181.154443165200)","(""N/A"",""N/A"",""N/A"")",N/A,"(""N/A"",""N/A"",""N/A"")",N/A,3,53.65,M3G20090422T153045_V01_L0.IMG,M3G20090422T153045_V01_BDE.IMG,M3G20090422T153400_V01_FF.IMG,150.16,u2
M3G20090422T172845,19bc,2009-05-01T04:21:28,2001,m3_igds_l0_v18.pl,18,150.16,GLOBAL,CH1-ORB-L-M3-2-L0-RAW-V1.0,2009-04-22T17:28:45,2009-04-22T17:29:08,,,,,,,,,,,,,,,,,,,,,,,,,,,,,,,,,,,,,,,,,,,,,,,,,,,,,,,,,,
M3G20090422T174330,19bc,2009-05-01T04:21:34,2001,m3_igds_l0_v18.pl,18,150.02,GLOBAL,CH1-ORB-L-M3-2-L0-RAW-V1.0,2009-04-22T17:43:30,2009-04-22T18:30:13,2009-05-10T18:01:10,PRELIMINARY,m3g_l1b_v04.exe,4,1.003204598723 <AU>,150.02,REVERSE,ASCENDING,"(0.176757844140,0.143669824225,181.192808103272)","(""N/A"",""N/A"",""N/A"")",N/A,"(""N/A"",""N/A"",""N/A"")",N/A,3,53.55,M3G20090422T172845_V01_L0.IMG,M3G20090422T172845_V01_BDE.IMG,M3G20090422T174330_V01_FF.IMG,150.09,r,,,,,,,,,,,,,,,,,,2011-09-01T02:15:01,ACTUAL,3,m3g_l1b_v04.exe,4,1.003204598723 <AU>,150.09,REVERSE,ASCENDING,"(0.176757844140,0.143669824225,181.192808103272)","(""N/A"",""N/A"",""N/A"")",N/A,"(""N/A"",""N/A"",""N/A"")",N/A,3,53.55,M3G20090422T172845_V01_L0.IMG,M3G20090422T172845_V01_BDE.IMG,M3G20090422T174330_V01_FF.IMG,150.09,u2
M3G20090422T192645,19bc,2009-05-01T12:08:31,2008,m3_igds_l0_v18.pl,18,150.22,GLOBAL,CH1-ORB-L-M3-2-L0-RAW-V1.0,2009-04-22T19:26:45,2009-04-22T19:27:09,,,,,,,,,,,,,,,,,,,,,,,,,,,,,,,,,,,,,,,,,,,,,,,,,,,,,,,,,,
M3G20090422T193000,19bc,2009-05-01T12:08:37,2008,m3_igds_l0_v18.pl,18,150.22,GLOBAL,CH1-ORB-L-M3-2-L0-RAW-V1.0,2009-04-22T19:30:00,2009-04-22T20:04:11,2009-05-10T18:01:10,PRELIMINARY,m3g_l1b_v04.exe,4,1.003207279680 <AU>,150.22,REVERSE,ASCENDING,"(0.183383714470,0.118299916924,181.144014429145)","(""N/A"",""N/A"",""N/A"")",N/A,"(""N/A"",""N/A"",""N/A"")",N/A,3,53.51,M3G20090422T192645_V01_L0.IMG,M3G20090422T192645_V01_BDE.IMG,M3G20090422T193000_V01_FF.IMG,150.22,r,,,,,,,,,,,,,,,,,,2011-09-01T02:15:01,ACTUAL,3,m3g_l1b_v04.exe,4,1.003207279680 <AU>,150.22,REVERSE,ASCENDING,"(0.183383714470,0.118299916924,181.144014429145)","(""N/A"",""N/A"",""N/A"")",N/A,"(""N/A"",""N/A"",""N/A"")",N/A,3,53.51,M3G20090422T192645_V01_L0.IMG,M3G20090422T192645_V01_BDE.IMG,M3G20090422T193000_V01_FF.IMG,150.22,u2
M3G20090422T200411,19bc,2009-05-01T12:16:45,2008,m3_igds_l0_v18.pl,18,150.09,GLOBAL,CH1-ORB-L-M3-2-L0-RAW-V1.0,2009-04-22T20:04:11,2009-04-22T20:17:14,2009-05-10T18:01:10,PRELIMINARY,m3g_l1b_v04.exe,4,1.003206349985 <AU>,150.09,REVERSE,ASCENDING,"(0.183383714470,0.118299916924,181.144014429145)","(""N/A"",""N/A"",""N/A"")",N/A,"(""N/A"",""N/A"",""N/A"")",N/A,3,53.47,M3G20090422T192645_V01_L0.IMG,M3G20090422T192645_V01_BDE.IMG,M3G20090422T200411_V01_FF.IMG,150.09,r,,,,,,,,,,,,,,,,,,2011-09-01T02:15:01,ACTUAL,3,m3g_l1b_v04.exe,4,1.003206349985 <AU>,150.09,REVERSE,ASCENDING,"(0.183383714470,0.118299916924,181.144014429145)","(""N/A"",""N/A"",""N/A"")",N/A,"(""N/A"",""N/A"",""N/A"")",N/A,3,53.47,M3G20090422T192645_V01_L0.IMG,M3G20090422T192645_V01_BDE.IMG,M3G20090422T200411_V01_FF.IMG,150.09,u2
M3G20090422T212445,19bc,2009-05-01T12:19:51,2008,m3_igds_l0_v18.pl,18,150.09,GLOBAL,CH1-ORB-L-M3-2-L0-RAW-V1.0,2009-04-22T21:24:45,2009-04-22T21:25:09,,,,,,,,,,,,,,,,,,,,,,,,,,,,,,,,,,,,,,,,,,,,,,,,,,,,,,,,,,
M3G20090422T213930,19bc,2009-05-01T12:19:56,2008,m3_igds_l0_v18.pl,18,150.09,GLOBAL,CH1-ORB-L-M3-2-L0-RAW-V1.0,2009-04-22T21:39:30,2009-04-22T22:26:14,2009-05-10T18:01:10,PRELIMINARY,m3g_l1b_v04.exe,4,1.003209976032 <AU>,150.09,REVERSE,ASCENDING,"(0.193522992148,0.104089005544,181.168432560709)","(""N/A"",""N/A"",""N/A"")",N/A,"(""N/A"",""N/A"",""N/A"")",N/A,3,53.42,M3G20090422T212445_V01_L0.IMG,M3G20090422T212445_V01_BDE.IMG,M3G20090422T213930_V01_FF.IMG,150.09,r,,,,,,,,,,,,,,,,,,2011-09-01T02:15:01,ACTUAL,3,m3g_l1b_v04.exe,4,1.003209976032 <AU>,150.09,REVERSE,ASCENDING,"(0.193522992148,0.104089005544,181.168432560709)","(""N/A"",""N/A"",""N/A"")",N/A,"(""N/A"",""N/A"",""N/A"")",N/A,3,53.42,M3G20090422T212445_V01_L0.IMG,M3G20090422T212445_V01_BDE.IMG,M3G20090422T213930_V01_FF.IMG,150.09,u2
M3G20090422T232245,19bc,2009-05-01T12:31:02,2008,m3_igds_l0_v18.pl,18,150.35,GLOBAL,CH1-ORB-L-M3-2-L0-RAW-V1.0,2009-04-22T23:22:45,2009-04-22T23:23:09,,,,,,,,,,,,,,,,,,,,,,,,,,,,,,,,,,,,,,,,,,,,,,,,,,,,,,,,,,
M3G20090422T232600,19bc,2009-05-01T12:31:07,2008,m3_igds_l0_v18.pl,18,150.29,GLOBAL,CH1-ORB-L-M3-2-L0-RAW-V1.0,2009-04-22T23:26:00,2009-04-23T23:56:26,2009-05-10T18:01:10,PRELIMINARY,m3g_l1b_v04.exe,4,1.003214339693 <AU>,150.29,REVERSE,ASCENDING,"(0.206210753756,0.085745731368,181.207406908896)","(""N/A"",""N/A"",""N/A"")",N/A,"(""N/A"",""N/A"",""N/A"")",N/A,3,53.37,M3G20090422T232245_V01_L0.IMG,M3G20090422T232245_V01_BDE.IMG,M3G20090422T232600_V01_FF.IMG,150.35,r,,,,,,,,,,,,,,,,,,2011-09-01T02:15:01,ACTUAL,3,m3g_l1b_v04.exe,4,1.003214339693 <AU>,150.35,REVERSE,ASCENDING,"(0.206210753756,0.085745731368,181.207406908896)","(""N/A"",""N/A"",""N/A"")",N/A,"(""N/A"",""N/A"",""N/A"")",N/A,3,53.37,M3G20090422T232245_V01_L0.IMG,M3G20090422T232245_V01_BDE.IMG,M3G20090422T232600_V01_FF.IMG,150.35,u2
M3G20090422T235626,19bc,2009-05-01T12:31:07,2008,m3_igds_l0_v18.pl,18,150.29,GLOBAL,CH1-ORB-L-M3-2-L0-RAW-V1.0,2009-04-22T23:56:26,2009-04-23T00:23:40,2009-05-10T18:01:10,PRELIMINARY,m3g_l1b_v04.exe,4,1.003213996074 <AU>,150.29,REVERSE,ASCENDING,"(0.206210753756,0.085745731368,181.207406908896)","(""N/A"",""N/A"",""N/A"")",N/A,"(""N/A"",""N/A"",""N/A"")",N/A,3,53.37,M3G20090422T232245_V01_L0.IMG,M3G20090422T232245_V01_BDE.IMG,M3G20090422T232600_V01_FF.IMG,150.35,r,,,,,,,,,,,,,,,,,,2011-09-01T02:15:01,ACTUAL,3,m3g_l1b_v04.exe,4,1.003213996074 <AU>,150.35,REVERSE,ASCENDING,"(0.206210753756,0.085745731368,181.207406908896)","(""N/A"",""N/A"",""N/A"")",N/A,"(""N/A"",""N/A"",""N/A"")",N/A,3,53.37,M3G20090422T232245_V01_L0.IMG,M3G20090422T232245_V01_BDE.IMG,M3G20090422T232600_V01_FF.IMG,150.35,u2
M3G20090423T002341,19bc,2009-05-01T12:44:46,2008,m3_igds_l0_v18.pl,18,150.49,GLOBAL,CH1-ORB-L-M3-2-L0-RAW-V1.0,2009-04-23T00:23:41,2009-04-23T00:25:28,2009-05-10T18:01:10,PRELIMINARY,m3g_l1b_v04.exe,4,1.003218958334 <AU>,150.49,REVERSE,ASCENDING,"(0.206210753756,0.085745731368,181.207406908896)","(""N/A"",""N/A"",""N/A"")",N/A,"(""N/A"",""N/A"",""N/A"")",N/A,3,53.32,M3G20090423T012130_V01_L0.IMG,M3G20090423T012130_V01_BDE.IMG,M3G20090423T012445_V01_FF.IMG,150.49,r,,,,,,,,,,,,,,,,,,2011-09-01T02:15:01,ACTUAL,3,m3g_l1b_v04.exe,4,1.003218958334 <AU>,150.49,REVERSE,ASCENDING,"(0.206210753756,0.085745731368,181.207406908896)","(""N/A"",""N/A"",""N/A"")",N/A,"(""N/A"",""N/A"",""N/A"")",N/A,3,53.32,M3G20090423T012130_V01_L0.IMG,M3G20090423T012130_V01_BDE.IMG,M3G20090423T012445_V01_FF.IMG,150.49,u2
M3G20090423T012130,19bc,2009-05-01T12:45:11,2008,m3_igds_l0_v18.pl,18,150.35,GLOBAL,CH1-ORB-L-M3-2-L0-RAW-V1.0,2009-04-23T01:21:30,2009-04-23T01:21:53,,,,,,,,,,,,,,,,,,,,,,,,,,,,,,,,,,,,,,,,,,,,,,,,,,,,,,,,,,
M3G20090423T012445,19bc,2009-05-01T12:45:17,2008,m3_igds_l0_v18.pl,18,150.49,GLOBAL,CH1-ORB-L-M3-2-L0-RAW-V1.0,2009-04-23T01:24:45,2009-04-23T02:04:44,2009-05-10T18:01:10,PRELIMINARY,m3g_l1b_v04.exe,4,1.003217797659 <AU>,150.49,REVERSE,ASCENDING,"(0.193201008415,0.064715505433,181.146411855718)","(""N/A"",""N/A"",""N/A"")",N/A,"(""N/A"",""N/A"",""N/A"")",N/A,3,53.27,M3G20090423T012130_V01_L0.IMG,M3G20090423T012130_V01_BDE.IMG,M3G20090423T012445_V01_FF.IMG,150.49,r,,,,,,,,,,,,,,,,,,2011-09-01T02:15:01,ACTUAL,3,m3g_l1b_v04.exe,4,1.003217797659 <AU>,150.49,REVERSE,ASCENDING,"(0.193201008415,0.064715505433,181.146411855718)","(""N/A"",""N/A"",""N/A"")",N/A,"(""N/A"",""N/A"",""N/A"")",N/A,3,53.27,M3G20090423T012130_V01_L0.IMG,M3G20090423T012130_V01_BDE.IMG,M3G20090423T012445_V01_FF.IMG,150.49,u2
M3G20090423T020444,19bc,2009-05-01T13:15:34,2008,m3_igds_l0_v18.pl,18,150.29,GLOBAL,CH1-ORB-L-M3-2-L0-RAW-V1.0,2009-04-23T02:04:44,2009-04-23T02:12:29,2009-05-10T18:01:10,PRELIMINARY,m3g_l1b_v04.exe,4,1.003218393182 <AU>,150.29,REVERSE,ASCENDING,"(0.193201008415,0.064715505433,181.146411855718)","(""N/A"",""N/A"",""N/A"")",N/A,"(""N/A"",""N/A"",""N/A"")",N/A,3,53.22,M3G20090423T012130_V01_L0.IMG,M3G20090423T012130_V01_BDE.IMG,M3G20090423T012445_V01_FF.IMG,150.29,r,,,,,,,,,,,,,,,,,,2011-09-01T02:15:01,ACTUAL,3,m3g_l1b_v04.exe,4,1.003218393182 <AU>,150.29,REVERSE,ASCENDING,"(0.193201008415,0.064715505433,181.146411855718)","(""N/A"",""N/A"",""N/A"")",N/A,"(""N/A"",""N/A"",""N/A"")",N/A,3,53.22,M3G20090423T012130_V01_L0.IMG,M3G20090423T012130_V01_BDE.IMG,M3G20090423T012445_V01_FF.IMG,150.29,u2
M3G20090423T031930,19bc,2009-05-01T13:17:24,2008,m3_igds_l0_v18.pl,18,150.42,GLOBAL,CH1-ORB-L-M3-2-L0-RAW-V1.0,2009-04-23T03:19:30,2009-04-23T03:19:53,,,,,,,,,,,,,,,,,,,,,,,,,,,,,,,,,,,,,,,,,,,,,,,,,,,,,,,,,,
M3G20090423T033430,19bc,2009-05-01T13:17:30,2008,m3_igds_l0_v18.pl,18,150.35,GLOBAL,CH1-ORB-L-M3-2-L0-RAW-V1.0,2009-04-23T03:34:30,2009-04-23T04:21:43,2009-05-10T18:01:10,PRELIMINARY,m3g_l1b_v04.exe,4,1.003223231652 <AU>,150.35,REVERSE,ASCENDING,"(0.188127268298,0.032839367423,181.103955157844)","(""N/A"",""N/A"",""N/A"")",N/A,"(""N/A"",""N/A"",""N/A"")",N/A,3,53.17,M3G20090423T031930_V01_L0.IMG,M3G20090423T031930_V01_BDE.IMG,M3G20090423T033430_V01_FF.IMG,150.35,r,,,,,,,,,,,,,,,,,,2011-09-01T02:15:01,ACTUAL,3,m3g_l1b_v04.exe,4,1.003223231652 <AU>,150.35,REVERSE,ASCENDING,"(0.188127268298,0.032839367423,181.103955157844)","(""N/A"",""N/A"",""N/A"")",N/A,"(""N/A"",""N/A"",""N/A"")",N/A,3,53.17,M3G20090423T031930_V01_L0.IMG,M3G20090423T031930_V01_BDE.IMG,M3G20090423T033430_V01_FF.IMG,150.35,u2
M3G20090423T051745,19bc,2009-05-01T13:28:42,2008,m3_igds_l0_v18.pl,18,150.49,GLOBAL,CH1-ORB-L-M3-2-L0-RAW-V1.0,2009-04-23T05:17:45,2009-04-23T05:18:08,,,,,,,,,,,,,,,,,,,,,,,,,,,,,,,,,,,,,,,,,,,,,,,,,,,,,,,,,,
M3G20090423T052045,19bc,2009-05-01T13:28:48,2008,m3_igds_l0_v18.pl,18,150.49,GLOBAL,CH1-ORB-L-M3-2-L0-RAW-V1.0,2009-04-23T05:20:45,2009-04-23T05:52:20,2009-05-10T18:01:10,PRELIMINARY,m3g_l1b_v04.exe,4,1.003228705446 <AU>,150.49,REVERSE,ASCENDING,"(0.184392782753,-0.011142656664,181.251895367380)","(""N/A"",""N/A"",""N/A"")",N/A,"(""N/A"",""N/A"",""N/A"")",N/A,3,53.12,M3G20090423T051745_V01_L0.IMG,M3G20090423T051745_V01_BDE.IMG,M3G20090423T052045_V01_FF.IMG,150.49,r,,,,,,,,,,,,,,,,,,2011-09-01T02:15:01,ACTUAL,3,m3g_l1b_v04.exe,4,1.003228705446 <AU>,150.49,REVERSE,ASCENDING,"(0.184392782753,-0.011142656664,181.251895367380)","(""N/A"",""N/A"",""N/A"")",N/A,"(""N/A"",""N/A"",""N/A"")",N/A,3,53.12,M3G20090423T051745_V01_L0.IMG,M3G20090423T051745_V01_BDE.IMG,M3G20090423T052045_V01_FF.IMG,150.49,u2
M3G20090423T055220,19bc,2009-05-01T13:36:15,2008,m3_igds_l0_v18.pl,18,150.35,GLOBAL,CH1-ORB-L-M3-2-L0-RAW-V1.0,2009-04-23T05:52:20,2009-04-23T06:08:29,2009-05-10T18:01:10,PRELIMINARY,m3g_l1b_v04.exe,4,1.003228305388 <AU>,150.35,REVERSE,ASCENDING,"(0.184392782753,-0.011142656664,181.251895367380)","(""N/A"",""N/A"",""N/A"")",N/A,"(""N/A"",""N/A"",""N/A"")",N/A,3,53.07,M3G20090423T051745_V01_L0.IMG,M3G20090423T051745_V01_BDE.IMG,M3G20090423T055220_V01_FF.IMG,150.35,r,,,,,,,,,,,,,,,,,,2011-09-01T02:15:01,ACTUAL,3,m3g_l1b_v04.exe,4,1.003228305388 <AU>,150.35,REVERSE,ASCENDING,"(0.184392782753,-0.011142656664,181.251895367380)","(""N/A"",""N/A"",""N/A"")",N/A,"(""N/A"",""N/A"",""N/A"")",N/A,3,53.07,M3G20090423T051745_V01_L0.IMG,M3G20090423T051745_V01_BDE.IMG,M3G20090423T055220_V01_FF.IMG,150.35,u2
M3G20090423T071545,19bc,2009-05-01T13:40:08,2008,m3_igds_l0_v18.pl,18,150.55,GLOBAL,CH1-ORB-L-M3-2-L0-RAW-V1.0,2009-04-23T07:15:45,2009-04-23T07:16:08,,,,,,,,,,,,,,,,,,,,,,,,,,,,,,,,,,,,,,,,,,,,,,,,,,,,,,,,,,
M3G20090423T073030,19bc,2009-05-01T13:40:13,2008,m3_igds_l0_v18.pl,18,150.49,GLOBAL,CH1-ORB-L-M3-2-L0-RAW-V1.0,2009-04-23T07:30:30,2009-04-23T08:17:44,2009-05-10T18:01:10,PRELIMINARY,m3g_l1b_v04.exe,4,1.003235410172 <AU>,150.49,REVERSE,ASCENDING,"(0.181181477382,-0.055508315266,181.170334894178)","(""N/A"",""N/A"",""N/A"")",N/A,"(""N/A"",""N/A"",""N/A"")",N/A,3,53.03,M3G20090423T071545_V01_L0.IMG,M3G20090423T071545_V01_BDE.IMG,M3G20090423T073030_V01_FF.IMG,150.55,r,,,,,,,,,,,,,,,,,,2011-09-01T02:15:01,ACTUAL,3,m3g_l1b_v04.exe,4,1.003235410172 <AU>,150.55,REVERSE,ASCENDING,"(0.181181477382,-0.055508315266,181.170334894178)","(""N/A"",""N/A"",""N/A"")",N/A,"(""N/A"",""N/A"",""N/A"")",N/A,3,53.03,M3G20090423T071545_V01_L0.IMG,M3G20090423T071545_V01_BDE.IMG,M3G20090423T073030_V01_FF.IMG,150.55,u2
M3G20090423T091345,19bc,2009-05-01T13:51:29,2008,m3_igds_l0_v18.pl,18,150.62,GLOBAL,CH1-ORB-L-M3-2-L0-RAW-V1.0,2009-04-23T09:13:45,2009-04-23T09:14:09,,,,,,,,,,,,,,,,,,,,,,,,,,,,,,,,,,,,,,,,,,,,,,,,,,,,,,,,,,
M3G20090423T091700,19bc,2009-05-01T13:51:35,2008,m3_igds_l0_v18.pl,18,150.62,GLOBAL,CH1-ORB-L-M3-2-L0-RAW-V1.0,2009-04-23T09:17:00,2009-04-23T09:30:30,2009-05-10T18:01:10,PRELIMINARY,m3g_l1b_v04.exe,4,1.003243839312 <AU>,150.62,REVERSE,ASCENDING,"(0.178801446328,-0.093563545741,181.088069454354)","(""N/A"",""N/A"",""N/A"")",N/A,"(""N/A"",""N/A"",""N/A"")",N/A,3,52.93,M3G20090423T091345_V01_L0.IMG,M3G20090423T091345_V01_BDE.IMG,M3G20090423T093030_V01_FF.IMG,150.62,r,,,,,,,,,,,,,,,,,,2011-09-01T02:15:01,ACTUAL,3,m3g_l1b_v04.exe,4,1.003243839312 <AU>,150.62,REVERSE,ASCENDING,"(0.178801446328,-0.093563545741,181.088069454354)","(""N/A"",""N/A"",""N/A"")",N/A,"(""N/A"",""N/A"",""N/A"")",N/A,3,52.93,M3G20090423T091345_V01_L0.IMG,M3G20090423T091345_V01_BDE.IMG,M3G20090423T093030_V01_FF.IMG,150.62,u2
M3G20090423T093030,19bc,2009-05-01T04:32:38,2013,m3_igds_l0_v18.pl,18,150.55,GLOBAL,CH1-ORB-L-M3-2-L0-RAW-V1.0,2009-04-23T09:30:30,2009-04-23T10:04:28,2009-05-10T18:01:10,PRELIMINARY,m3g_l1b_v04.exe,4,1.003241289935 <AU>,150.55,REVERSE,ASCENDING,"(0.178801446328,-0.093563545741,181.088069454354)","(""N/A"",""N/A"",""N/A"")",N/A,"(""N/A"",""N/A"",""N/A"")",N/A,3,52.93,M3G20090423T091345_V01_L0.IMG,M3G20090423T091345_V01_BDE.IMG,M3G20090423T093030_V01_FF.IMG,150.55,r,,,,,,,,,,,,,,,,,,2011-09-01T02:15:01,ACTUAL,3,m3g_l1b_v04.exe,4,1.003241289935 <AU>,150.55,REVERSE,ASCENDING,"(0.178801446328,-0.093563545741,181.088069454354)","(""N/A"",""N/A"",""N/A"")",N/A,"(""N/A"",""N/A"",""N/A"")",N/A,3,52.93,M3G20090423T091345_V01_L0.IMG,M3G20090423T091345_V01_BDE.IMG,M3G20090423T093030_V01_FF.IMG,150.55,u2
M3G20090423T111145,19bc,2009-05-01T04:40:43,2013,m3_igds_l0_v18.pl,18,150.75,GLOBAL,CH1-ORB-L-M3-2-L0-RAW-V1.0,2009-04-23T11:11:45,2009-04-23T11:12:09,,,,,,,,,,,,,,,,,,,,,,,,,,,,,,,,,,,,,,,,,,,,,,,,,,,,,,,,,,
M3G20090423T112645,19bc,2009-05-01T04:40:48,2013,m3_igds_l0_v18.pl,18,151.21,GLOBAL,CH1-ORB-L-M3-2-L0-RAW-V1.0,2009-04-23T11:26:45,2009-04-23T12:13:43,2009-05-10T18:01:10,PRELIMINARY,m3g_l1b_v04.exe,4,1.003250412578 <AU>,151.21,REVERSE,ASCENDING,"(0.175459351601,-0.107344819371,181.101639121879)","(""N/A"",""N/A"",""N/A"")",N/A,"(""N/A"",""N/A"",""N/A"")",N/A,3,52.83,M3G20090423T111145_V01_L0.IMG,M3G20090423T111145_V01_BDE.IMG,M3G20090423T112645_V01_FF.IMG,150.82,r,,,,,,,,,,,,,,,,,,2011-09-01T02:15:01,ACTUAL,3,m3g_l1b_v04.exe,4,1.003250412578 <AU>,150.82,REVERSE,ASCENDING,"(0.175459351601,-0.107344819371,181.101639121879)","(""N/A"",""N/A"",""N/A"")",N/A,"(""N/A"",""N/A"",""N/A"")",N/A,3,52.83,M3G20090423T111145_V01_L0.IMG,M3G20090423T111145_V01_BDE.IMG,M3G20090423T112645_V01_FF.IMG,150.82,u2
M3G20090423T131000,19bc,2009-05-01T04:51:59,2013,m3_igds_l0_v18.pl,18,151.21,GLOBAL,CH1-ORB-L-M3-2-L0-RAW-V1.0,2009-04-23T13:10:00,2009-04-23T13:10:24,,,,,,,,,,,,,,,,,,,,,,,,,,,,,,,,,,,,,,,,,,,,,,,,,,,,,,,,,,
M3G20090423T131300,19bc,2009-05-01T04:52:05,2013,m3_igds_l0_v18.pl,18,151.21,GLOBAL,CH1-ORB-L-M3-2-L0-RAW-V1.0,2009-04-23T13:13:00,2009-04-23T13:30:28,2009-05-10T18:01:10,PRELIMINARY,m3g_l1b_v04.exe,4,1.003259497312 <AU>,151.21,REVERSE,ASCENDING,"(0.198801428298,0.658578526141,181.154050572356)","(""N/A"",""N/A"",""N/A"")",N/A,"(""N/A"",""N/A"",""N/A"")",N/A,3,52.78,M3G20090423T131000_V01_L0.IMG,M3G20090423T131000_V01_BDE.IMG,M3G20090423T131300_V01_FF.IMG,150.82,r,,,,,,,,,,,,,,,,,,2011-09-01T02:15:01,ACTUAL,3,m3g_l1b_v04.exe,4,1.003259497312 <AU>,150.82,REVERSE,ASCENDING,"(0.198801428298,0.658578526141,181.154050572356)","(""N/A"",""N/A"",""N/A"")",N/A,"(""N/A"",""N/A"",""N/A"")",N/A,3,52.78,M3G20090423T131000_V01_L0.IMG,M3G20090423T131000_V01_BDE.IMG,M3G20090423T133029_V01_FF.IMG,150.82,u2
M3G20090423T133029,19bc,2009-05-01T04:56:11,2013,m3_igds_l0_v18.pl,18,151.21,GLOBAL,CH1-ORB-L-M3-2-L0-RAW-V1.0,2009-04-23T13:30:29,2009-04-23T14:00:43,2009-05-10T18:01:10,PRELIMINARY,m3g_l1b_v04.exe,4,1.003257683081 <AU>,151.21,REVERSE,ASCENDING,"(0.198801428298,0.658578526141,181.154050572356)","(""N/A"",""N/A"",""N/A"")",N/A,"(""N/A"",""N/A"",""N/A"")",N/A,3,52.78,M3G20090423T131000_V01_L0.IMG,M3G20090423T131000_V01_BDE.IMG,M3G20090423T133029_V01_FF.IMG,150.82,r,,,,,,,,,,,,,,,,,,2011-09-01T02:15:01,ACTUAL,3,m3g_l1b_v04.exe,4,1.003257683081 <AU>,150.82,REVERSE,ASCENDING,"(0.198801428298,0.658578526141,181.154050572356)","(""N/A"",""N/A"",""N/A"")",N/A,"(""N/A"",""N/A"",""N/A"")",N/A,3,52.78,M3G20090423T131000_V01_L0.IMG,M3G20090423T131000_V01_BDE.IMG,M3G20090423T133029_V01_FF.IMG,150.82,u2
M3G20090423T150800,19bc,2009-05-01T05:03:24,2013,m3_igds_l0_v18.pl,18,151.21,GLOBAL,CH1-ORB-L-M3-2-L0-RAW-V1.0,2009-04-23T15:08:00,2009-04-23T15:08:24,,,,,,,,,,,,,,,,,,,,,,,,,,,,,,,,,,,,,,,,,,,,,,,,,,,,,,,,,,
M3G20090423T152245,19bc,2009-05-01T05:03:29,2013,m3_igds_l0_v18.pl,18,151.21,GLOBAL,CH1-ORB-L-M3-2-L0-RAW-V1.0,2009-04-23T15:22:45,2009-04-23T15:59:42,2009-05-10T18:01:10,PRELIMINARY,m3g_l1b_v04.exe,4,1.003267096629 <AU>,151.21,REVERSE,ASCENDING,"(0.203483227388,0.671779246740,181.048860210590)","(""N/A"",""N/A"",""N/A"")",N/A,"(""N/A"",""N/A"",""N/A"")",N/A,3,52.69,M3G20090423T150800_V01_L0.IMG,M3G20090423T150800_V01_BDE.IMG,M3G20090423T152245_V01_FF.IMG,150.82,r,,,,,,,,,,,,,,,,,,2011-09-01T02:15:01,ACTUAL,3,m3g_l1b_v04.exe,4,1.003267096629 <AU>,150.82,REVERSE,ASCENDING,"(0.203483227388,0.671779246740,181.048860210590)","(""N/A"",""N/A"",""N/A"")",N/A,"(""N/A"",""N/A"",""N/A"")",N/A,3,52.69,M3G20090423T150800_V01_L0.IMG,M3G20090423T150800_V01_BDE.IMG,M3G20090423T152245_V01_FF.IMG,150.82,u2
M3G20090423T155943,19bc,2009-05-01T05:12:19,2013,m3_igds_l0_v18.pl,18,151.21,GLOBAL,CH1-ORB-L-M3-2-L0-RAW-V1.0,2009-04-23T15:59:43,2009-04-23T16:09:58,2009-05-10T18:01:10,PRELIMINARY,m3g_l1b_v04.exe,4,1.003272783630 <AU>,151.21,REVERSE,ASCENDING,"(0.203483227388,0.671779246740,181.048860210590)","(""N/A"",""N/A"",""N/A"")",N/A,"(""N/A"",""N/A"",""N/A"")",N/A,3,52.69,M3G20090423T150800_V01_L0.IMG,M3G20090423T150800_V01_BDE.IMG,M3G20090423T152245_V01_FF.IMG,150.82,r,,,,,,,,,,,,,,,,,,2011-09-01T02:15:01,ACTUAL,3,m3g_l1b_v04.exe,4,1.003272783630 <AU>,150.82,REVERSE,ASCENDING,"(0.203483227388,0.671779246740,181.048860210590)","(""N/A"",""N/A"",""N/A"")",N/A,"(""N/A"",""N/A"",""N/A"")",N/A,3,52.69,M3G20090423T150800_V01_L0.IMG,M3G20090423T150800_V01_BDE.IMG,M3G20090423T152245_V01_FF.IMG,150.82,u2
M3G20090423T170600,19bc,2009-05-01T05:14:43,2013,m3_igds_l0_v18.pl,18,151.21,GLOBAL,CH1-ORB-L-M3-2-L0-RAW-V1.0,2009-04-23T17:06:00,2009-04-23T17:06:24,,,,,,,,,,,,,,,,,,,,,,,,,,,,,,,,,,,,,,,,,,,,,,,,,,,,,,,,,,
M3G20090423T170915,19bc,2009-05-01T05:14:48,2013,m3_igds_l0_v18.pl,18,151.21,GLOBAL,CH1-ORB-L-M3-2-L0-RAW-V1.0,2009-04-23T17:09:15,2009-04-23T17:56:44,2009-05-10T18:01:10,PRELIMINARY,m3g_l1b_v04.exe,4,1.003277554858 <AU>,151.21,REVERSE,ASCENDING,"(0.197136719106,0.675739258220,181.234145275948)","(""N/A"",""N/A"",""N/A"")",N/A,"(""N/A"",""N/A"",""N/A"")",N/A,3,52.65,M3G20090423T170600_V01_L0.IMG,M3G20090423T170600_V01_BDE.IMG,M3G20090423T170915_V01_FF.IMG,150.82,r,,,,,,,,,,,,,,,,,,2011-09-01T02:15:01,ACTUAL,3,m3g_l1b_v04.exe,4,1.003277554858 <AU>,150.82,REVERSE,ASCENDING,"(0.197136719106,0.675739258220,181.234145275948)","(""N/A"",""N/A"",""N/A"")",N/A,"(""N/A"",""N/A"",""N/A"")",N/A,3,52.65,M3G20090423T170600_V01_L0.IMG,M3G20090423T170600_V01_BDE.IMG,M3G20090423T170915_V01_FF.IMG,150.82,u2
M3G20090423T190400,19bc,2009-05-01T05:26:04,2013,m3_igds_l0_v18.pl,18,151.21,GLOBAL,CH1-ORB-L-M3-2-L0-RAW-V1.0,2009-04-23T19:04:00,2009-04-23T19:04:23,,,,,,,,,,,,,,,,,,,,,,,,,,,,,,,,,,,,,,,,,,,,,,,,,,,,,,,,,,
M3G20090423T191900,19bc,2009-05-01T05:26:10,2013,m3_igds_l0_v18.pl,18,151.21,GLOBAL,CH1-ORB-L-M3-2-L0-RAW-V1.0,2009-04-23T19:19:00,2009-04-23T19:19:43,2009-05-10T18:01:10,PRELIMINARY,m3g_l1b_v04.exe,4,1.003288249239 <AU>,151.21,REVERSE,ASCENDING,"(0.203593734991,0.687904954046,181.026875788702)","(""N/A"",""N/A"",""N/A"")",N/A,"(""N/A"",""N/A"",""N/A"")",N/A,3,52.55,M3G20090423T190400_V01_L0.IMG,M3G20090423T190400_V01_BDE.IMG,M3G20090423T191943_V01_FF.IMG,151.21,r,,,,,,,,,,,,,,,,,,2011-09-01T02:15:01,ACTUAL,3,m3g_l1b_v04.exe,4,1.003288249239 <AU>,151.21,REVERSE,ASCENDING,"(0.203593734991,0.687904954046,181.026875788702)","(""N/A"",""N/A"",""N/A"")",N/A,"(""N/A"",""N/A"",""N/A"")",N/A,3,52.55,M3G20090423T190400_V01_L0.IMG,M3G20090423T190400_V01_BDE.IMG,M3G20090423T191943_V01_FF.IMG,151.21,u2
M3G20090423T191943,19bc,2009-05-01T13:54:46,2020,m3_igds_l0_v18.pl,18,151.21,GLOBAL,CH1-ORB-L-M3-2-L0-RAW-V1.0,2009-04-23T19:19:43,2009-04-23T20:05:59,2009-05-10T18:01:10,PRELIMINARY,m3g_l1b_v04.exe,4,1.003289173207 <AU>,151.21,REVERSE,ASCENDING,"(0.203593734991,0.687904954046,181.026875788702)","(""N/A"",""N/A"",""N/A"")",N/A,"(""N/A"",""N/A"",""N/A"")",N/A,3,52.55,M3G20090423T190400_V01_L0.IMG,M3G20090423T190400_V01_BDE.IMG,M3G20090423T191943_V01_FF.IMG,151.21,r,,,,,,,,,,,,,,,,,,2011-09-01T02:15:01,ACTUAL,3,m3g_l1b_v04.exe,4,1.003289173207 <AU>,151.21,REVERSE,ASCENDING,"(0.203593734991,0.687904954046,181.026875788702)","(""N/A"",""N/A"",""N/A"")",N/A,"(""N/A"",""N/A"",""N/A"")",N/A,3,52.55,M3G20090423T190400_V01_L0.IMG,M3G20090423T190400_V01_BDE.IMG,M3G20090423T191943_V01_FF.IMG,151.21,u2
M3G20090423T210215,19bc,2009-05-01T14:05:48,2020,m3_igds_l0_v18.pl,18,151.21,GLOBAL,CH1-ORB-L-M3-2-L0-RAW-V1.0,2009-04-23T21:02:15,2009-04-23T21:02:38,,,,,,,,,,,,,,,,,,,,,,,,,,,,,,,,,,,,,,,,,,,,,,,,,,,,,,,,,,
M3G20090423T210515,19bc,2009-05-01T14:05:53,2020,m3_igds_l0_v18.pl,18,151.21,GLOBAL,CH1-ORB-L-M3-2-L0-RAW-V1.0,2009-04-23T21:05:15,2009-04-23T21:52:59,2009-05-10T18:01:10,PRELIMINARY,m3g_l1b_v04.exe,4,1.003299754454 <AU>,151.21,REVERSE,ASCENDING,"(0.204541183454,0.696121032074,181.194425172099)","(""N/A"",""N/A"",""N/A"")",N/A,"(""N/A"",""N/A"",""N/A"")",N/A,3,52.45,M3G20090423T210215_V01_L0.IMG,M3G20090423T210215_V01_BDE.IMG,M3G20090423T210515_V01_FF.IMG,151.21,r,,,,,,,,,,,,,,,,,,2011-09-01T02:15:01,ACTUAL,3,m3g_l1b_v04.exe,4,1.003299754454 <AU>,151.21,REVERSE,ASCENDING,"(0.204541183454,0.696121032074,181.194425172099)","(""N/A"",""N/A"",""N/A"")",N/A,"(""N/A"",""N/A"",""N/A"")",N/A,3,52.45,M3G20090423T210215_V01_L0.IMG,M3G20090423T210215_V01_BDE.IMG,M3G20090423T210515_V01_FF.IMG,151.21,u2
M3G20090423T230015,19bc,2009-05-01T14:17:15,2020,m3_igds_l0_v18.pl,18,151.21,GLOBAL,CH1-ORB-L-M3-2-L0-RAW-V1.0,2009-04-23T23:00:15,2009-04-23T23:00:38,,,,,,,,,,,,,,,,,,,,,,,,,,,,,,,,,,,,,,,,,,,,,,,,,,,,,,,,,,
M3G20090423T231500,19bc,2009-05-01T14:17:21,2020,m3_igds_l0_v18.pl,18,151.21,GLOBAL,CH1-ORB-L-M3-2-L0-RAW-V1.0,2009-04-23T23:15:00,2009-04-23T23:19:46,2009-05-10T18:01:10,PRELIMINARY,m3g_l1b_v04.exe,4,1.003311412721 <AU>,151.21,REVERSE,ASCENDING,"(0.195722403728,0.703237172027,181.217561552574)","(""N/A"",""N/A"",""N/A"")",N/A,"(""N/A"",""N/A"",""N/A"")",N/A,3,52.4,M3G20090423T230015_V01_L0.IMG,M3G20090423T230015_V01_BDE.IMG,M3G20090423T231946_V01_FF.IMG,151.21,r,,,,,,,,,,,,,,,,,,2011-09-01T02:15:01,ACTUAL,3,m3g_l1b_v04.exe,4,1.003311412721 <AU>,151.21,REVERSE,ASCENDING,"(0.195722403728,0.703237172027,181.217561552574)","(""N/A"",""N/A"",""N/A"")",N/A,"(""N/A"",""N/A"",""N/A"")",N/A,3,52.4,M3G20090423T230015_V01_L0.IMG,M3G20090423T230015_V01_BDE.IMG,M3G20090423T231946_V01_FF.IMG,151.21,u2
M3G20090423T231946,19bc,2009-05-01T14:18:29,2021,m3_igds_l0_v18.pl,18,151.21,GLOBAL,CH1-ORB-L-M3-2-L0-RAW-V1.0,2009-04-23T23:19:46,2009-04-23T23:51:55,2009-05-10T18:01:10,PRELIMINARY,m3g_l1b_v04.exe,4,1.003311658064 <AU>,151.21,REVERSE,ASCENDING,"(0.195722403728,0.703237172027,181.217561552574)","(""N/A"",""N/A"",""N/A"")",N/A,"(""N/A"",""N/A"",""N/A"")",N/A,3,52.4,M3G20090423T230015_V01_L0.IMG,M3G20090423T230015_V01_BDE.IMG,M3G20090423T231946_V01_FF.IMG,151.21,r,,,,,,,,,,,,,,,,,,2011-09-01T02:15:01,ACTUAL,3,m3g_l1b_v04.exe,4,1.003311658064 <AU>,151.21,REVERSE,ASCENDING,"(0.195722403728,0.703237172027,181.217561552574)","(""N/A"",""N/A"",""N/A"")",N/A,"(""N/A"",""N/A"",""N/A"")",N/A,3,52.4,M3G20090423T230015_V01_L0.IMG,M3G20090423T230015_V01_BDE.IMG,M3G20090423T231946_V01_FF.IMG,151.21,u2
M3G20090424T005800,19bc,2009-05-01T14:26:09,2021,m3_igds_l0_v18.pl,18,151.34,GLOBAL,CH1-ORB-L-M3-2-L0-RAW-V1.0,2009-04-24T00:58:00,2009-04-24T00:58:24,,,,,,,,,,,,,,,,,,,,,,,,,,,,,,,,,,,,,,,,,,,,,,,,,,,,,,,,,,
M3G20090424T010115,19bc,2009-05-01T14:26:15,2021,m3_igds_l0_v18.pl,18,151.15,GLOBAL,CH1-ORB-L-M3-2-L0-RAW-V1.0,2009-04-24T01:01:15,2009-04-24T01:45:47,2009-05-10T18:01:10,PRELIMINARY,m3g_l1b_v04.exe,4,1.003324749488 <AU>,151.15,REVERSE,ASCENDING,"(0.204228622516,0.725404369619,181.114289934979)","(""N/A"",""N/A"",""N/A"")",N/A,"(""N/A"",""N/A"",""N/A"")",N/A,3,52.3,M3G20090424T005800_V01_L0.IMG,M3G20090424T005800_V01_BDE.IMG,M3G20090424T010115_V01_FF.IMG,151.34,r,,,,,,,,,,,,,,,,,,2011-09-01T02:15:01,ACTUAL,3,m3g_l1b_v04.exe,4,1.003324749488 <AU>,151.34,REVERSE,ASCENDING,"(0.204228622516,0.725404369619,181.114289934979)","(""N/A"",""N/A"",""N/A"")",N/A,"(""N/A"",""N/A"",""N/A"")",N/A,3,52.3,M3G20090424T005800_V01_L0.IMG,M3G20090424T005800_V01_BDE.IMG,M3G20090424T010115_V01_FF.IMG,151.34,u2
M3G20090424T014547,19bc,2009-05-01T14:36:48,2022,m3_igds_l0_v18.pl,18,151.21,GLOBAL,CH1-ORB-L-M3-2-L0-RAW-V1.0,2009-04-24T01:45:47,2009-04-24T01:48:58,2009-05-10T18:01:10,PRELIMINARY,m3g_l1b_v04.exe,4,1.003327672845 <AU>,151.21,REVERSE,ASCENDING,"(0.204228622516,0.725404369619,181.114289934979)","(""N/A"",""N/A"",""N/A"")",N/A,"(""N/A"",""N/A"",""N/A"")",N/A,3,52.3,M3G20090424T005800_V01_L0.IMG,M3G20090424T005800_V01_BDE.IMG,M3G20090424T010115_V01_FF.IMG,151.21,r,,,,,,,,,,,,,,,,,,2011-09-01T02:15:01,ACTUAL,3,m3g_l1b_v04.exe,4,1.003327672845 <AU>,151.21,REVERSE,ASCENDING,"(0.204228622516,0.725404369619,181.114289934979)","(""N/A"",""N/A"",""N/A"")",N/A,"(""N/A"",""N/A"",""N/A"")",N/A,3,52.3,M3G20090424T005800_V01_L0.IMG,M3G20090424T005800_V01_BDE.IMG,M3G20090424T010115_V01_FF.IMG,151.21,u2
M3G20090424T025600,19bc,2009-05-01T14:37:34,2022,m3_igds_l0_v18.pl,18,151.41,GLOBAL,CH1-ORB-L-M3-2-L0-RAW-V1.0,2009-04-24T02:56:00,2009-04-24T02:56:24,,,,,,,,,,,,,,,,,,,,,,,,,,,,,,,,,,,,,,,,,,,,,,,,,,,,,,,,,,
M3G20090424T031100,19bc,2009-05-01T14:37:39,2022,m3_igds_l0_v18.pl,18,151.21,GLOBAL,CH1-ORB-L-M3-2-L0-RAW-V1.0,2009-04-24T03:11:00,2009-04-24T03:57:58,2009-05-10T18:01:10,PRELIMINARY,m3g_l1b_v04.exe,4,1.003339807337 <AU>,151.21,REVERSE,ASCENDING,"(0.214042834885,0.755749789968,181.104663646949)","(""N/A"",""N/A"",""N/A"")",N/A,"(""N/A"",""N/A"",""N/A"")",N/A,3,52.21,M3G20090424T025600_V01_L0.IMG,M3G20090424T025600_V01_BDE.IMG,M3G20090424T031100_V01_FF.IMG,151.21,r,,,,,,,,,,,,,,,,,,2011-09-01T02:15:01,ACTUAL,3,m3g_l1b_v04.exe,4,1.003339807337 <AU>,151.21,REVERSE,ASCENDING,"(0.214042834885,0.755749789968,181.104663646949)","(""N/A"",""N/A"",""N/A"")",N/A,"(""N/A"",""N/A"",""N/A"")",N/A,3,52.21,M3G20090424T025600_V01_L0.IMG,M3G20090424T025600_V01_BDE.IMG,M3G20090424T031100_V01_FF.IMG,151.21,u2
M3G20090424T045415,19bc,2009-05-01T14:48:47,2022,m3_igds_l0_v18.pl,18,151.28,GLOBAL,CH1-ORB-L-M3-2-L0-RAW-V1.0,2009-04-24T04:54:15,2009-04-24T04:54:39,,,,,,,,,,,,,,,,,,,,,,,,,,,,,,,,,,,,,,,,,,,,,,,,,,,,,,,,,,
M3G20090424T045715,19bc,2009-05-01T14:48:53,2022,m3_igds_l0_v18.pl,18,151.34,GLOBAL,CH1-ORB-L-M3-2-L0-RAW-V1.0,2009-04-24T04:57:15,2009-04-24T05:05:42,2009-05-10T18:01:10,PRELIMINARY,m3g_l1b_v04.exe,4,1.003354641200 <AU>,151.34,REVERSE,ASCENDING,"(0.224834421496,0.782945661410,181.060186261557)","(""N/A"",""N/A"",""N/A"")",N/A,"(""N/A"",""N/A"",""N/A"")",N/A,3,52.16,M3G20090424T045415_V01_L0.IMG,M3G20090424T045415_V01_BDE.IMG,M3G20090424T050542_V01_FF.IMG,151.34,r,,,,,,,,,,,,,,,,,,2011-09-01T02:15:01,ACTUAL,3,m3g_l1b_v04.exe,4,1.003354641200 <AU>,151.34,REVERSE,ASCENDING,"(0.224834421496,0.782945661410,181.060186261557)","(""N/A"",""N/A"",""N/A"")",N/A,"(""N/A"",""N/A"",""N/A"")",N/A,3,52.16,M3G20090424T045415_V01_L0.IMG,M3G20090424T045415_V01_BDE.IMG,M3G20090424T050542_V01_FF.IMG,151.34,u2
M3G20090424T050542,19bc,2009-05-01T14:50:51,2023,m3_igds_l0_v18.pl,18,151.28,GLOBAL,CH1-ORB-L-M3-2-L0-RAW-V1.0,2009-04-24T05:05:42,2009-04-24T05:44:58,2009-05-10T18:01:10,PRELIMINARY,m3g_l1b_v04.exe,4,1.003352876042 <AU>,151.28,REVERSE,ASCENDING,"(0.224834421496,0.782945661410,181.060186261557)","(""N/A"",""N/A"",""N/A"")",N/A,"(""N/A"",""N/A"",""N/A"")",N/A,3,52.16,M3G20090424T045415_V01_L0.IMG,M3G20090424T045415_V01_BDE.IMG,M3G20090424T050542_V01_FF.IMG,151.28,r,,,,,,,,,,,,,,,,,,2011-09-01T02:15:01,ACTUAL,3,m3g_l1b_v04.exe,4,1.003352876042 <AU>,151.28,REVERSE,ASCENDING,"(0.224834421496,0.782945661410,181.060186261557)","(""N/A"",""N/A"",""N/A"")",N/A,"(""N/A"",""N/A"",""N/A"")",N/A,3,52.16,M3G20090424T045415_V01_L0.IMG,M3G20090424T045415_V01_BDE.IMG,M3G20090424T050542_V01_FF.IMG,151.28,u2
M3G20090424T065215,19bc,2009-05-01T15:00:14,2023,m3_igds_l0_v18.pl,18,151.41,GLOBAL,CH1-ORB-L-M3-2-L0-RAW-V1.0,2009-04-24T06:52:15,2009-04-24T06:52:39,,,,,,,,,,,,,,,,,,,,,,,,,,,,,,,,,,,,,,,,,,,,,,,,,,,,,,,,,,
M3G20090424T070715,19bc,2009-05-01T15:00:20,2024,m3_igds_l0_v18.pl,18,151.28,GLOBAL,CH1-ORB-L-M3-2-L0-RAW-V1.0,2009-04-24T07:07:15,2009-04-24T07:54:13,2009-05-10T18:01:10,PRELIMINARY,m3g_l1b_v04.exe,4,1.003369773434 <AU>,151.28,REVERSE,ASCENDING,"(0.229638483068,0.808281930337,181.127855911203)","(""N/A"",""N/A"",""N/A"")",N/A,"(""N/A"",""N/A"",""N/A"")",N/A,3,52.06,M3G20090424T065215_V01_L0.IMG,M3G20090424T065215_V01_BDE.IMG,M3G20090424T070715_V01_FF.IMG,151.28,r,,,,,,,,,,,,,,,,,,2011-09-01T02:15:01,ACTUAL,3,m3g_l1b_v04.exe,4,1.003369773434 <AU>,151.28,REVERSE,ASCENDING,"(0.229638483068,0.808281930337,181.127855911203)","(""N/A"",""N/A"",""N/A"")",N/A,"(""N/A"",""N/A"",""N/A"")",N/A,3,52.06,M3G20090424T065215_V01_L0.IMG,M3G20090424T065215_V01_BDE.IMG,M3G20090424T070715_V01_FF.IMG,151.28,u2
M3G20090424T085015,19bc,2009-05-01T15:11:31,2025,m3_igds_l0_v18.pl,18,151.48,GLOBAL,CH1-ORB-L-M3-2-L0-RAW-V1.0,2009-04-24T08:50:15,2009-04-24T08:50:38,,,,,,,,,,,,,,,,,,,,,,,,,,,,,,,,,,,,,,,,,,,,,,,,,,,,,,,,,,
M3G20090424T085330,19bc,2009-05-01T15:11:37,2025,m3_igds_l0_v18.pl,18,151.34,GLOBAL,CH1-ORB-L-M3-2-L0-RAW-V1.0,2009-04-24T08:53:30,2009-04-24T09:40:59,2009-05-10T18:01:10,PRELIMINARY,m3g_l1b_v04.exe,4,1.003384512255 <AU>,151.34,REVERSE,ASCENDING,"(0.245248537134,0.811619792336,181.119266443850)","(""N/A"",""N/A"",""N/A"")",N/A,"(""N/A"",""N/A"",""N/A"")",N/A,3,52.01,M3G20090424T085015_V01_L0.IMG,M3G20090424T085015_V01_BDE.IMG,M3G20090424T085330_V01_FF.IMG,151.48,r,,,,,,,,,,,,,,,,,,2011-09-01T02:15:01,ACTUAL,3,m3g_l1b_v04.exe,4,1.003384512255 <AU>,151.48,REVERSE,ASCENDING,"(0.245248537134,0.811619792336,181.119266443850)","(""N/A"",""N/A"",""N/A"")",N/A,"(""N/A"",""N/A"",""N/A"")",N/A,3,52.01,M3G20090424T085015_V01_L0.IMG,M3G20090424T085015_V01_BDE.IMG,M3G20090424T085330_V01_FF.IMG,151.48,u2
M3G20090424T104815,19bc,2009-05-01T15:22:51,2025,m3_igds_l0_v18.pl,18,151.61,GLOBAL,CH1-ORB-L-M3-2-L0-RAW-V1.0,2009-04-24T10:48:15,2009-04-24T10:48:38,,,,,,,,,,,,,,,,,,,,,,,,,,,,,,,,,,,,,,,,,,,,,,,,,,,,,,,,,,
M3G20090424T191252,19bc,2009-05-01T15:22:57,2033,m3_igds_l0_v18.pl,18,151.75,GLOBAL,CH1-ORB-L-M3-2-L0-RAW-V1.0,2009-04-24T19:12:52,2009-04-24T19:41:08,2009-05-10T18:01:10,PRELIMINARY,m3g_l1b_v04.exe,4,1.003479980753 <AU>,151.75,REVERSE,ASCENDING,"(0.189328785004,0.754916755275,181.115401524415)","(""N/A"",""N/A"",""N/A"")",N/A,"(""N/A"",""N/A"",""N/A"")",N/A,3,51.58,M3G20090424T203830_V01_L0.IMG,M3G20090424T203830_V01_BDE.IMG,M3G20090424T191252_V01_FF.IMG,151.75,r,,,,,,,,,,,,,,,,,,2011-09-01T02:15:01,ACTUAL,3,m3g_l1b_v04.exe,4,1.003479980753 <AU>,151.75,REVERSE,ASCENDING,"(0.189328785004,0.754916755275,181.115401524415)","(""N/A"",""N/A"",""N/A"")",N/A,"(""N/A"",""N/A"",""N/A"")",N/A,3,51.58,M3G20090424T203830_V01_L0.IMG,M3G20090424T203830_V01_BDE.IMG,M3G20090424T191252_V01_FF.IMG,151.75,u2
M3G20090424T194108,19bc,2009-05-01T15:29:40,2033,m3_igds_l0_v18.pl,18,151.75,GLOBAL,CH1-ORB-L-M3-2-L0-RAW-V1.0,2009-04-24T19:41:08,2009-04-24T19:42:28,2009-05-10T18:01:10,PRELIMINARY,m3g_l1b_v04.exe,4,1.003486949961 <AU>,151.75,REVERSE,ASCENDING,"(0.189328785004,0.754916755275,181.115401524415)","(""N/A"",""N/A"",""N/A"")",N/A,"(""N/A"",""N/A"",""N/A"")",N/A,3,51.58,M3G20090424T203830_V01_L0.IMG,M3G20090424T203830_V01_BDE.IMG,M3G20090424T191252_V01_FF.IMG,151.75,r,,,,,,,,,,,,,,,,,,2011-09-01T02:15:01,ACTUAL,3,m3g_l1b_v04.exe,4,1.003486949961 <AU>,151.75,REVERSE,ASCENDING,"(0.189328785004,0.754916755275,181.115401524415)","(""N/A"",""N/A"",""N/A"")",N/A,"(""N/A"",""N/A"",""N/A"")",N/A,3,51.58,M3G20090424T203830_V01_L0.IMG,M3G20090424T203830_V01_BDE.IMG,M3G20090424T191252_V01_FF.IMG,151.75,u2
M3G20090424T203830,19bc,2009-05-01T15:29:59,2033,m3_igds_l0_v18.pl,18,151.75,GLOBAL,CH1-ORB-L-M3-2-L0-RAW-V1.0,2009-04-24T20:38:30,2009-04-24T20:38:54,,,,,,,,,,,,,,,,,,,,,,,,,,,,,,,,,,,,,,,,,,,,,,,,,,,,,,,,,,
M3G20090424T204145,19bc,2009-05-01T15:30:04,2033,m3_igds_l0_v18.pl,18,151.75,GLOBAL,CH1-ORB-L-M3-2-L0-RAW-V1.0,2009-04-24T20:41:45,2009-04-24T20:58:37,2009-05-10T18:01:10,PRELIMINARY,m3g_l1b_v04.exe,4,1.003497152493 <AU>,151.75,REVERSE,ASCENDING,"(0.175849653394,0.731074168909,181.223460152292)","(""N/A"",""N/A"",""N/A"")",N/A,"(""N/A"",""N/A"",""N/A"")",N/A,3,51.53,M3G20090424T203830_V01_L0.IMG,M3G20090424T203830_V01_BDE.IMG,M3G20090424T205837_V01_FF.IMG,151.75,r,,,,,,,,,,,,,,,,,,2011-09-01T02:15:01,ACTUAL,3,m3g_l1b_v04.exe,4,1.003497152493 <AU>,151.75,REVERSE,ASCENDING,"(0.175849653394,0.731074168909,181.223460152292)","(""N/A"",""N/A"",""N/A"")",N/A,"(""N/A"",""N/A"",""N/A"")",N/A,3,51.53,M3G20090424T203830_V01_L0.IMG,M3G20090424T203830_V01_BDE.IMG,M3G20090424T205837_V01_FF.IMG,151.75,u2
M3G20090424T205837,19bc,2009-05-01T15:34:01,2034,m3_igds_l0_v18.pl,18,151.75,GLOBAL,CH1-ORB-L-M3-2-L0-RAW-V1.0,2009-04-24T20:58:37,2009-04-24T21:29:14,2009-05-10T18:01:10,PRELIMINARY,m3g_l1b_v04.exe,4,1.003497595396 <AU>,151.75,REVERSE,ASCENDING,"(0.175849653394,0.731074168909,181.223460152292)","(""N/A"",""N/A"",""N/A"")",N/A,"(""N/A"",""N/A"",""N/A"")",N/A,3,51.53,M3G20090424T203830_V01_L0.IMG,M3G20090424T203830_V01_BDE.IMG,M3G20090424T205837_V01_FF.IMG,151.75,r,,,,,,,,,,,,,,,,,,2011-09-01T02:15:01,ACTUAL,3,m3g_l1b_v04.exe,4,1.003497595396 <AU>,151.75,REVERSE,ASCENDING,"(0.175849653394,0.731074168909,181.223460152292)","(""N/A"",""N/A"",""N/A"")",N/A,"(""N/A"",""N/A"",""N/A"")",N/A,3,51.53,M3G20090424T203830_V01_L0.IMG,M3G20090424T203830_V01_BDE.IMG,M3G20090424T205837_V01_FF.IMG,151.75,u2
M3G20090424T223630,19bc,2009-05-01T15:41:21,2034,m3_igds_l0_v18.pl,18,151.75,GLOBAL,CH1-ORB-L-M3-2-L0-RAW-V1.0,2009-04-24T22:36:30,2009-04-24T22:36:53,,,,,,,,,,,,,,,,,,,,,,,,,,,,,,,,,,,,,,,,,,,,,,,,,,,,,,,,,,
M3G20090424T225130,19bc,2009-05-01T15:41:26,2034,m3_igds_l0_v18.pl,18,151.75,GLOBAL,CH1-ORB-L-M3-2-L0-RAW-V1.0,2009-04-24T22:51:30,2009-04-24T23:23:08,2009-05-10T18:01:10,PRELIMINARY,m3g_l1b_v04.exe,4,1.003518516709 <AU>,151.75,REVERSE,ASCENDING,"(0.188695693301,0.723363534531,181.077638531647)","(""N/A"",""N/A"",""N/A"")",N/A,"(""N/A"",""N/A"",""N/A"")",N/A,3,51.44,M3G20090424T223630_V01_L0.IMG,M3G20090424T223630_V01_BDE.IMG,M3G20090424T225130_V01_FF.IMG,151.75,r,,,,,,,,,,,,,,,,,,2011-09-01T02:15:01,ACTUAL,3,m3g_l1b_v04.exe,4,1.003518516709 <AU>,151.75,REVERSE,ASCENDING,"(0.188695693301,0.723363534531,181.077638531647)","(""N/A"",""N/A"",""N/A"")",N/A,"(""N/A"",""N/A"",""N/A"")",N/A,3,51.44,M3G20090424T223630_V01_L0.IMG,M3G20090424T223630_V01_BDE.IMG,M3G20090424T225130_V01_FF.IMG,151.75,u2
M3G20090424T232308,19bc,2009-05-01T15:49:01,2035,m3_igds_l0_v18.pl,18,151.75,GLOBAL,CH1-ORB-L-M3-2-L0-RAW-V1.0,2009-04-24T23:23:08,2009-04-24T23:38:28,2009-05-10T18:01:10,PRELIMINARY,m3g_l1b_v04.exe,4,1.003525990382 <AU>,151.75,REVERSE,ASCENDING,"(0.188695693301,0.723363534531,181.077638531647)","(""N/A"",""N/A"",""N/A"")",N/A,"(""N/A"",""N/A"",""N/A"")",N/A,3,51.44,M3G20090424T223630_V01_L0.IMG,M3G20090424T223630_V01_BDE.IMG,M3G20090424T225130_V01_FF.IMG,151.75,r,,,,,,,,,,,,,,,,,,2011-09-01T02:15:01,ACTUAL,3,m3g_l1b_v04.exe,4,1.003525990382 <AU>,151.75,REVERSE,ASCENDING,"(0.188695693301,0.723363534531,181.077638531647)","(""N/A"",""N/A"",""N/A"")",N/A,"(""N/A"",""N/A"",""N/A"")",N/A,3,51.44,M3G20090424T223630_V01_L0.IMG,M3G20090424T223630_V01_BDE.IMG,M3G20090424T225130_V01_FF.IMG,151.75,u2
M3G20090425T003445,19bc,2009-05-01T15:52:39,2035,m3_igds_l0_v18.pl,18,151.68,GLOBAL,CH1-ORB-L-M3-2-L0-RAW-V1.0,2009-04-25T00:34:45,2009-04-25T00:35:08,,,,,,,,,,,,,,,,,,,,,,,,,,,,,,,,,,,,,,,,,,,,,,,,,,,,,,,,,,
M3G20090425T003800,19bc,2009-05-01T15:52:44,2035,m3_igds_l0_v18.pl,18,151.68,GLOBAL,CH1-ORB-L-M3-2-L0-RAW-V1.0,2009-04-25T00:38:00,2009-04-25T00:44:30,2009-05-10T18:01:10,PRELIMINARY,m3g_l1b_v04.exe,4,1.003541815280 <AU>,151.68,REVERSE,ASCENDING,"(0.290802990294,0.707334601124,181.044709734883)","(""N/A"",""N/A"",""N/A"")",N/A,"(""N/A"",""N/A"",""N/A"")",N/A,3,51.39,M3G20090425T003445_V01_L0.IMG,M3G20090425T003445_V01_BDE.IMG,M3G20090425T024715_V01_FF.IMG,151.68,r,,,,,,,,,,,,,,,,,,2011-09-01T02:15:01,ACTUAL,3,m3g_l1b_v04.exe,4,1.003541815280 <AU>,151.68,REVERSE,ASCENDING,"(0.290802990294,0.707334601124,181.044709734883)","(""N/A"",""N/A"",""N/A"")",N/A,"(""N/A"",""N/A"",""N/A"")",N/A,3,51.39,M3G20090425T003445_V01_L0.IMG,M3G20090425T003445_V01_BDE.IMG,M3G20090425T024715_V01_FF.IMG,151.68,u2
M3G20090425T023245,19bc,2009-05-01T15:54:16,2035,m3_igds_l0_v18.pl,18,151.82,GLOBAL,CH1-ORB-L-M3-2-L0-RAW-V1.0,2009-04-25T02:32:45,2009-04-25T02:33:08,,,,,,,,,,,,,,,,,,,,,,,,,,,,,,,,,,,,,,,,,,,,,,,,,,,,,,,,,,
M3G20090425T024715,19bc,2009-05-01T15:54:21,2035,m3_igds_l0_v18.pl,18,151.68,GLOBAL,CH1-ORB-L-M3-2-L0-RAW-V1.0,2009-04-25T02:47:15,2009-04-25T03:08:40,2009-05-10T18:01:10,PRELIMINARY,m3g_l1b_v04.exe,4,1.003563302678 <AU>,151.68,REVERSE,ASCENDING,"(0.186785433121,0.715857640053,181.065444744491)","(""N/A"",""N/A"",""N/A"")",N/A,"(""N/A"",""N/A"",""N/A"")",N/A,3,51.29,M3G20090425T023245_V01_L0.IMG,M3G20090425T023245_V01_BDE.IMG,M3G20090425T024715_V01_FF.IMG,151.68,r,,,,,,,,,,,,,,,,,,2011-09-01T02:15:01,ACTUAL,3,m3g_l1b_v04.exe,4,1.003563302678 <AU>,151.68,REVERSE,ASCENDING,"(0.186785433121,0.715857640053,181.065444744491)","(""N/A"",""N/A"",""N/A"")",N/A,"(""N/A"",""N/A"",""N/A"")",N/A,3,51.29,M3G20090425T023245_V01_L0.IMG,M3G20090425T023245_V01_BDE.IMG,M3G20090425T024715_V01_FF.IMG,151.68,u2
M3G20090425T030840,19bc,2009-05-01T15:59:33,2036,m3_igds_l0_v18.pl,18,151.75,GLOBAL,CH1-ORB-L-M3-2-L0-RAW-V1.0,2009-04-25T03:08:40,2009-04-25T03:33:43,2009-05-10T18:01:10,PRELIMINARY,m3g_l1b_v04.exe,4,1.003569362581 <AU>,151.75,REVERSE,ASCENDING,"(0.186785433121,0.715857640053,181.065444744491)","(""N/A"",""N/A"",""N/A"")",N/A,"(""N/A"",""N/A"",""N/A"")",N/A,3,51.24,M3G20090425T023245_V01_L0.IMG,M3G20090425T023245_V01_BDE.IMG,M3G20090425T030840_V01_FF.IMG,151.75,r,,,,,,,,,,,,,,,,,,2011-09-01T02:15:01,ACTUAL,3,m3g_l1b_v04.exe,4,1.003569362581 <AU>,151.75,REVERSE,ASCENDING,"(0.186785433121,0.715857640053,181.065444744491)","(""N/A"",""N/A"",""N/A"")",N/A,"(""N/A"",""N/A"",""N/A"")",N/A,3,51.24,M3G20090425T023245_V01_L0.IMG,M3G20090425T023245_V01_BDE.IMG,M3G20090425T030840_V01_FF.IMG,151.75,u2
M3G20090425T043045,19bc,2009-05-01T16:05:30,2036,m3_igds_l0_v18.pl,18,151.68,GLOBAL,CH1-ORB-L-M3-2-L0-RAW-V1.0,2009-04-25T04:30:45,2009-04-25T04:31:08,,,,,,,,,,,,,,,,,,,,,,,,,,,,,,,,,,,,,,,,,,,,,,,,,,,,,,,,,,
M3G20090425T043400,19bc,2009-05-01T16:05:36,2036,m3_igds_l0_v18.pl,18,151.82,GLOBAL,CH1-ORB-L-M3-2-L0-RAW-V1.0,2009-04-25T04:34:00,2009-04-25T04:53:49,2009-05-10T18:01:10,PRELIMINARY,m3g_l1b_v04.exe,4,1.003587899846 <AU>,151.82,REVERSE,ASCENDING,"(0.207250165108,0.730678714555,181.152611220625)","(""N/A"",""N/A"",""N/A"")",N/A,"(""N/A"",""N/A"",""N/A"")",N/A,3,51.19,M3G20090425T043045_V01_L0.IMG,M3G20090425T043045_V01_BDE.IMG,M3G20090425T043400_V01_FF.IMG,151.68,r,,,,,,,,,,,,,,,,,,2011-09-01T02:15:01,ACTUAL,3,m3g_l1b_v04.exe,4,1.003587899846 <AU>,151.68,REVERSE,ASCENDING,"(0.207250165108,0.730678714555,181.152611220625)","(""N/A"",""N/A"",""N/A"")",N/A,"(""N/A"",""N/A"",""N/A"")",N/A,3,51.19,M3G20090425T043045_V01_L0.IMG,M3G20090425T043045_V01_BDE.IMG,M3G20090425T045349_V01_FF.IMG,151.68,u2
M3G20090425T045349,19bc,2009-05-01T16:10:15,2037,m3_igds_l0_v18.pl,18,151.61,GLOBAL,CH1-ORB-L-M3-2-L0-RAW-V1.0,2009-04-25T04:53:49,2009-04-25T05:22:13,2009-05-10T18:01:10,PRELIMINARY,m3g_l1b_v04.exe,4,1.003589499898 <AU>,151.61,REVERSE,ASCENDING,"(0.207250165108,0.730678714555,181.152611220625)","(""N/A"",""N/A"",""N/A"")",N/A,"(""N/A"",""N/A"",""N/A"")",N/A,3,51.19,M3G20090425T043045_V01_L0.IMG,M3G20090425T043045_V01_BDE.IMG,M3G20090425T045349_V01_FF.IMG,151.61,r,,,,,,,,,,,,,,,,,,2011-09-01T02:15:01,ACTUAL,3,m3g_l1b_v04.exe,4,1.003589499898 <AU>,151.61,REVERSE,ASCENDING,"(0.207250165108,0.730678714555,181.152611220625)","(""N/A"",""N/A"",""N/A"")",N/A,"(""N/A"",""N/A"",""N/A"")",N/A,3,51.19,M3G20090425T043045_V01_L0.IMG,M3G20090425T043045_V01_BDE.IMG,M3G20090425T045349_V01_FF.IMG,151.61,u2
M3G20090425T062900,19bc,2009-05-01T16:17:09,2037,m3_igds_l0_v18.pl,18,151.82,GLOBAL,CH1-ORB-L-M3-2-L0-RAW-V1.0,2009-04-25T06:29:00,2009-04-25T06:29:23,,,,,,,,,,,,,,,,,,,,,,,,,,,,,,,,,,,,,,,,,,,,,,,,,,,,,,,,,,
M3G20090425T064315,19bc,2009-05-01T16:17:14,2037,m3_igds_l0_v18.pl,18,151.61,GLOBAL,CH1-ORB-L-M3-2-L0-RAW-V1.0,2009-04-25T06:43:15,2009-04-25T07:13:16,2009-05-10T18:01:10,PRELIMINARY,m3g_l1b_v04.exe,4,1.003612896250 <AU>,151.61,REVERSE,ASCENDING,"(0.215394476555,0.731217533038,181.127146137177)","(""N/A"",""N/A"",""N/A"")",N/A,"(""N/A"",""N/A"",""N/A"")",N/A,3,51.14,M3G20090425T062900_V01_L0.IMG,M3G20090425T062900_V01_BDE.IMG,M3G20090425T064315_V01_FF.IMG,151.61,r,,,,,,,,,,,,,,,,,,2011-09-01T02:15:01,ACTUAL,3,m3g_l1b_v04.exe,4,1.003612896250 <AU>,151.61,REVERSE,ASCENDING,"(0.215394476555,0.731217533038,181.127146137177)","(""N/A"",""N/A"",""N/A"")",N/A,"(""N/A"",""N/A"",""N/A"")",N/A,3,51.14,M3G20090425T062900_V01_L0.IMG,M3G20090425T062900_V01_BDE.IMG,M3G20090425T064315_V01_FF.IMG,151.61,u2
M3G20090425T071316,19bc,2009-05-01T16:24:35,2038,m3_igds_l0_v18.pl,18,151.75,GLOBAL,CH1-ORB-L-M3-2-L0-RAW-V1.0,2009-04-25T07:13:16,2009-04-25T07:30:44,2009-05-10T18:01:10,PRELIMINARY,m3g_l1b_v04.exe,4,1.003620756965 <AU>,151.75,REVERSE,ASCENDING,"(0.215394476555,0.731217533038,181.127146137177)","(""N/A"",""N/A"",""N/A"")",N/A,"(""N/A"",""N/A"",""N/A"")",N/A,3,51.1,M3G20090425T062900_V01_L0.IMG,M3G20090425T062900_V01_BDE.IMG,M3G20090425T071316_V01_FF.IMG,151.75,r,,,,,,,,,,,,,,,,,,2011-09-01T02:15:01,ACTUAL,3,m3g_l1b_v04.exe,4,1.003620756965 <AU>,151.75,REVERSE,ASCENDING,"(0.215394476555,0.731217533038,181.127146137177)","(""N/A"",""N/A"",""N/A"")",N/A,"(""N/A"",""N/A"",""N/A"")",N/A,3,51.1,M3G20090425T062900_V01_L0.IMG,M3G20090425T062900_V01_BDE.IMG,M3G20090425T071316_V01_FF.IMG,151.75,u2
M3G20090425T082700,19bc,2009-05-01T16:28:49,2038,m3_igds_l0_v18.pl,18,151.89,GLOBAL,CH1-ORB-L-M3-2-L0-RAW-V1.0,2009-04-25T08:27:00,2009-04-25T08:27:23,,,,,,,,,,,,,,,,,,,,,,,,,,,,,,,,,,,,,,,,,,,,,,,,,,,,,,,,,,
M3G20090425T083000,19bc,2009-05-01T16:28:54,2038,m3_igds_l0_v18.pl,18,151.68,GLOBAL,CH1-ORB-L-M3-2-L0-RAW-V1.0,2009-04-25T08:30:00,2009-04-25T08:55:54,2009-05-10T18:01:10,PRELIMINARY,m3g_l1b_v04.exe,4,1.003638079050 <AU>,151.68,REVERSE,ASCENDING,"(0.245458401860,0.737330383532,181.050970777156)","(""N/A"",""N/A"",""N/A"")",N/A,"(""N/A"",""N/A"",""N/A"")",N/A,3,51.06,M3G20090425T082700_V01_L0.IMG,M3G20090425T082700_V01_BDE.IMG,M3G20090425T083000_V01_FF.IMG,151.68,r,,,,,,,,,,,,,,,,,,2011-09-01T02:15:01,ACTUAL,3,m3g_l1b_v04.exe,4,1.003638079050 <AU>,151.68,REVERSE,ASCENDING,"(0.245458401860,0.737330383532,181.050970777156)","(""N/A"",""N/A"",""N/A"")",N/A,"(""N/A"",""N/A"",""N/A"")",N/A,3,51.06,M3G20090425T082700_V01_L0.IMG,M3G20090425T082700_V01_BDE.IMG,M3G20090425T083000_V01_FF.IMG,151.68,u2
M3G20090425T202308,19bc,2009-04-30T18:01:10,2046,m3_igds_l0_v18.pl,18,152.02,GLOBAL,CH1-ORB-L-M3-2-L0-RAW-V1.0,2009-04-25T20:23:08,2009-04-25T21:06:28,2009-05-10T18:01:10,PRELIMINARY,m3g_l1b_v04.exe,4,1.003810518074 <AU>,152.02,REVERSE,ASCENDING,"(0.202444026542,0.425937189222,181.035650178693)","(""N/A"",""N/A"",""N/A"")",N/A,"(""N/A"",""N/A"",""N/A"")",N/A,3,50.57,M3G20090425T221315_V01_L0.IMG,M3G20090425T221315_V01_BDE.IMG,M3G20090425T202308_V01_FF.IMG,152.02,r,,,,,,,,,,,,,,,,,,2011-09-01T02:15:01,ACTUAL,3,m3g_l1b_v04.exe,4,1.003810518074 <AU>,152.02,REVERSE,ASCENDING,"(0.202444026542,0.425937189222,181.035650178693)","(""N/A"",""N/A"",""N/A"")",N/A,"(""N/A"",""N/A"",""N/A"")",N/A,3,50.57,M3G20090425T221315_V01_L0.IMG,M3G20090425T221315_V01_BDE.IMG,M3G20090425T202308_V01_FF.IMG,152.02,u2
M3G20090425T221315,19bc,2009-04-30T18:11:31,2046,m3_igds_l0_v18.pl,18,152.09,GLOBAL,CH1-ORB-L-M3-2-L0-RAW-V1.0,2009-04-25T22:13:15,2009-04-25T22:13:38,,,,,,,,,,,,,,,,,,,,,,,,,,,,,,,,,,,,,,,,,,,,,,,,,,,,,,,,,,
M3G20090425T222745,19bc,2009-04-30T18:11:37,2046,m3_igds_l0_v18.pl,18,152.36,GLOBAL,CH1-ORB-L-M3-2-L0-RAW-V1.0,2009-04-25T22:27:45,2009-04-25T23:13:49,2009-05-10T18:01:10,PRELIMINARY,m3g_l1b_v04.exe,4,1.003844173000 <AU>,152.36,REVERSE,ASCENDING,"(0.209335512412,0.414221121861,181.193257326443)","(""N/A"",""N/A"",""N/A"")",N/A,"(""N/A"",""N/A"",""N/A"")",N/A,3,50.47,M3G20090425T221315_V01_L0.IMG,M3G20090425T221315_V01_BDE.IMG,M3G20090425T222745_V01_FF.IMG,152.02,r,,,,,,,,,,,,,,,,,,2011-09-01T02:15:01,ACTUAL,3,m3g_l1b_v04.exe,4,1.003844173000 <AU>,152.02,REVERSE,ASCENDING,"(0.209335512412,0.414221121861,181.193257326443)","(""N/A"",""N/A"",""N/A"")",N/A,"(""N/A"",""N/A"",""N/A"")",N/A,3,50.47,M3G20090425T221315_V01_L0.IMG,M3G20090425T221315_V01_BDE.IMG,M3G20090425T222745_V01_FF.IMG,152.02,u2
M3G20090426T001115,19bc,2009-04-30T18:22:37,2046,m3_igds_l0_v18.pl,18,152.36,GLOBAL,CH1-ORB-L-M3-2-L0-RAW-V1.0,2009-04-26T00:11:15,2009-04-26T00:11:38,,,,,,,,,,,,,,,,,,,,,,,,,,,,,,,,,,,,,,,,,,,,,,,,,,,,,,,,,,
M3G20090426T001430,19bc,2009-04-30T18:22:42,2046,m3_igds_l0_v18.pl,18,152.36,GLOBAL,CH1-ORB-L-M3-2-L0-RAW-V1.0,2009-04-26T00:14:30,2009-04-26T00:56:01,2009-05-10T18:01:10,PRELIMINARY,m3g_l1b_v04.exe,4,1.003873045996 <AU>,152.36,REVERSE,ASCENDING,"(0.228365698425,0.386467162030,181.161560711365)","(""N/A"",""N/A"",""N/A"")",N/A,"(""N/A"",""N/A"",""N/A"")",N/A,3,50.42,M3G20090426T001115_V01_L0.IMG,M3G20090426T001115_V01_BDE.IMG,M3G20090426T001430_V01_FF.IMG,152.36,r,,,,,,,,,,,,,,,,,,2011-09-01T02:15:01,ACTUAL,3,m3g_l1b_v04.exe,4,1.003873045996 <AU>,152.36,REVERSE,ASCENDING,"(0.228365698425,0.386467162030,181.161560711365)","(""N/A"",""N/A"",""N/A"")",N/A,"(""N/A"",""N/A"",""N/A"")",N/A,3,50.42,M3G20090426T001115_V01_L0.IMG,M3G20090426T001115_V01_BDE.IMG,M3G20090426T001430_V01_FF.IMG,152.36,u2
M3G20090426T040730,19bc,2009-04-30T18:32:34,2051,m3_igds_l0_v18.pl,18,152.09,GLOBAL,CH1-ORB-L-M3-2-L0-RAW-V1.0,2009-04-26T04:07:30,2009-04-26T04:07:54,,,,,,,,,,,,,,,,,,,,,,,,,,,,,,,,,,,,,,,,,,,,,,,,,,,,,,,,,,
M3G20090426T041030,19bc,2009-04-30T18:32:40,2051,m3_igds_l0_v18.pl,18,152.02,GLOBAL,CH1-ORB-L-M3-2-L0-RAW-V1.0,2009-04-26T04:10:30,2009-04-26T04:58:44,2009-05-10T18:01:10,PRELIMINARY,m3g_l1b_v04.exe,4,1.003940669958 <AU>,152.02,REVERSE,ASCENDING,"(""N/A"",""N/A"",""N/A"")","(00.463495996743,00.372551877926,180.571633977280)",293989336.125,"(""N/A"",""N/A"",""N/A"")",N/A,3,50.23,M3G20090426T040730_V01_L0.IMG,M3G20090426T040730_V01_BDE.IMG,M3G20090426T041030_V01_FF.IMG,152.16,r,,,,,,,,,,,,,,,,,,2011-09-01T02:15:01,ACTUAL,3,m3g_l1b_v04.exe,4,1.003940669958 <AU>,152.16,REVERSE,ASCENDING,"(""N/A"",""N/A"",""N/A"")","(00.463495996743,00.372551877926,180.571633977280)",293989336.125,"(""N/A"",""N/A"",""N/A"")",N/A,3,50.23,M3G20090426T040730_V01_L0.IMG,M3G20090426T040730_V01_BDE.IMG,M3G20090426T041030_V01_FF.IMG,152.16,u2
M3G20090426T060530,19bc,2009-04-30T18:44:05,2051,m3_igds_l0_v18.pl,18,152.09,GLOBAL,CH1-ORB-L-M3-2-L0-RAW-V1.0,2009-04-26T06:05:30,2009-04-26T06:05:54,,,,,,,,,,,,,,,,,,,,,,,,,,,,,,,,,,,,,,,,,,,,,,,,,,,,,,,,,,
M3G20090426T061945,19bc,2009-04-30T18:44:10,2051,m3_igds_l0_v18.pl,18,152.16,GLOBAL,CH1-ORB-L-M3-2-L0-RAW-V1.0,2009-04-26T06:19:45,2009-04-26T07:07:28,2009-05-10T18:01:10,PRELIMINARY,m3g_l1b_v04.exe,4,1.003978265825 <AU>,152.16,REVERSE,ASCENDING,"(""N/A"",""N/A"",""N/A"")","(00.550838787854,-00.180861345687,182.952513428533)",293996417.85,"(""N/A"",""N/A"",""N/A"")",N/A,3,50.19,M3G20090426T060530_V01_L0.IMG,M3G20090426T060530_V01_BDE.IMG,M3G20090426T061945_V01_FF.IMG,152.02,r,,,,,,,,,,,,,,,,,,2011-09-01T02:15:01,ACTUAL,3,m3g_l1b_v04.exe,4,1.003978265825 <AU>,152.02,REVERSE,ASCENDING,"(""N/A"",""N/A"",""N/A"")","(00.550838787854,-00.180861345687,182.952513428533)",293996417.85,"(""N/A"",""N/A"",""N/A"")",N/A,3,50.19,M3G20090426T060530_V01_L0.IMG,M3G20090426T060530_V01_BDE.IMG,M3G20090426T061945_V01_FF.IMG,152.02,u2
M3G20090426T080330,19bc,2009-04-30T18:55:31,2051,m3_igds_l0_v18.pl,18,152.09,GLOBAL,CH1-ORB-L-M3-2-L0-RAW-V1.0,2009-04-26T08:03:30,2009-04-26T08:03:53,,,,,,,,,,,,,,,,,,,,,,,,,,,,,,,,,,,,,,,,,,,,,,,,,,,,,,,,,,
M3G20090426T080645,19bc,2009-04-30T18:55:37,2051,m3_igds_l0_v18.pl,18,152.02,GLOBAL,CH1-ORB-L-M3-2-L0-RAW-V1.0,2009-04-26T08:06:45,2009-04-26T08:41:18,2009-05-10T18:01:10,PRELIMINARY,m3g_l1b_v04.exe,4,1.004008904764 <AU>,152.02,REVERSE,ASCENDING,"(""N/A"",""N/A"",""N/A"")","(01.310783557662,-00.598762820524,181.796134410820)",294003499.498,"(""N/A"",""N/A"",""N/A"")",N/A,3,50.09,M3G20090426T080330_V01_L0.IMG,M3G20090426T080330_V01_BDE.IMG,M3G20090426T080645_V01_FF.IMG,152.02,r,,,,,,,,,,,,,,,,,,2011-09-01T02:15:01,ACTUAL,3,m3g_l1b_v04.exe,4,1.004008904764 <AU>,152.02,REVERSE,ASCENDING,"(""N/A"",""N/A"",""N/A"")","(01.310783557662,-00.598762820524,181.796134410820)",294003499.498,"(""N/A"",""N/A"",""N/A"")",N/A,3,50.09,M3G20090426T080330_V01_L0.IMG,M3G20090426T080330_V01_BDE.IMG,M3G20090426T080645_V01_FF.IMG,152.02,u2
M3G20090426T115930,19bc,2009-04-30T17:25:49,2051,m3_igds_l0_v18.pl,18,152.02,GLOBAL,CH1-ORB-L-M3-2-L0-RAW-V1.0,2009-04-26T11:59:30,2009-04-26T11:59:53,,,,,,,,,,,,,,,,,,,,,,,,,,,,,,,,,,,,,,,,,,,,,,,,,,,,,,,,,,
M3G20090426T120245,19bc,2009-04-30T17:25:55,2051,m3_igds_l0_v18.pl,18,151.95,GLOBAL,CH1-ORB-L-M3-2-L0-RAW-V1.0,2009-04-26T12:02:45,2009-04-26T12:38:28,2009-05-10T18:01:10,PRELIMINARY,m3g_l1b_v04.exe,4,1.004082027062 <AU>,151.95,REVERSE,ASCENDING,"(""N/A"",""N/A"",""N/A"")","(01.659421066233,-01.317463672115,182.733966815760)",294017662.531,"(""N/A"",""N/A"",""N/A"")",N/A,3,49.94,M3G20090426T115930_V01_L0.IMG,M3G20090426T115930_V01_BDE.IMG,M3G20090426T120245_V01_FF.IMG,152.16,r,,,,,,,,,,,,,,,,,,2011-09-01T02:15:01,ACTUAL,3,m3g_l1b_v04.exe,4,1.004082027062 <AU>,152.16,REVERSE,ASCENDING,"(""N/A"",""N/A"",""N/A"")","(01.659421066233,-01.317463672115,182.733966815760)",294017662.531,"(""N/A"",""N/A"",""N/A"")",N/A,3,49.94,M3G20090426T115930_V01_L0.IMG,M3G20090426T115930_V01_BDE.IMG,M3G20090426T120245_V01_FF.IMG,152.16,u2
M3G20090426T123829,19bc,2009-04-30T17:34:28,2051,m3_igds_l0_v18.pl,18,152.16,GLOBAL,CH1-ORB-L-M3-2-L0-RAW-V1.0,2009-04-26T12:38:29,2009-04-26T12:50:43,2009-05-10T18:01:10,PRELIMINARY,m3g_l1b_v04.exe,4,1.004088547077 <AU>,152.16,REVERSE,ASCENDING,"(""N/A"",""N/A"",""N/A"")","(01.659421066233,-01.317463672115,182.733966815760)",294017662.531,"(""N/A"",""N/A"",""N/A"")",N/A,3,49.94,M3G20090426T115930_V01_L0.IMG,M3G20090426T115930_V01_BDE.IMG,M3G20090426T123829_V01_FF.IMG,152.09,r,,,,,,,,,,,,,,,,,,2011-09-01T02:15:01,ACTUAL,3,m3g_l1b_v04.exe,4,1.004088547077 <AU>,152.09,REVERSE,ASCENDING,"(""N/A"",""N/A"",""N/A"")","(01.659421066233,-01.317463672115,182.733966815760)",294017662.531,"(""N/A"",""N/A"",""N/A"")",N/A,3,49.94,M3G20090426T115930_V01_L0.IMG,M3G20090426T115930_V01_BDE.IMG,M3G20090426T123829_V01_FF.IMG,152.09,u2
M3G20090426T135730,19bc,2009-04-30T17:37:25,2051,m3_igds_l0_v18.pl,18,152.16,GLOBAL,CH1-ORB-L-M3-2-L0-RAW-V1.0,2009-04-26T13:57:30,2009-04-26T13:57:53,,,,,,,,,,,,,,,,,,,,,,,,,,,,,,,,,,,,,,,,,,,,,,,,,,,,,,,,,,
M3G20090426T141200,19bc,2009-04-30T17:37:31,2051,m3_igds_l0_v18.pl,18,151.95,GLOBAL,CH1-ORB-L-M3-2-L0-RAW-V1.0,2009-04-26T14:12:00,2009-04-26T14:23:19,2009-05-10T18:01:10,PRELIMINARY,m3g_l1b_v04.exe,4,1.004118915583 <AU>,151.95,REVERSE,ASCENDING,"(""N/A"",""N/A"",""N/A"")","(01.551660696558,-01.608273381939,183.425176295425)",294024743.994,"(""N/A"",""N/A"",""N/A"")",N/A,3,49.85,M3G20090426T135730_V01_L0.IMG,M3G20090426T135730_V01_BDE.IMG,M3G20090426T141200_V01_FF.IMG,152.02,r,,,,,,,,,,,,,,,,,,2011-09-01T02:15:01,ACTUAL,3,m3g_l1b_v04.exe,4,1.004118915583 <AU>,152.02,REVERSE,ASCENDING,"(""N/A"",""N/A"",""N/A"")","(01.551660696558,-01.608273381939,183.425176295425)",294024743.994,"(""N/A"",""N/A"",""N/A"")",N/A,3,49.85,M3G20090426T135730_V01_L0.IMG,M3G20090426T135730_V01_BDE.IMG,M3G20090426T141200_V01_FF.IMG,152.02,u2
M3G20090426T142319,19bc,2009-04-30T17:40:13,2056,m3_igds_l0_v18.pl,18,151.95,GLOBAL,CH1-ORB-L-M3-2-L0-RAW-V1.0,2009-04-26T14:23:19,2009-04-26T14:59:28,2009-05-10T18:01:10,PRELIMINARY,m3g_l1b_v04.exe,4,1.004126581015 <AU>,151.95,REVERSE,ASCENDING,"(""N/A"",""N/A"",""N/A"")","(01.551660696558,-01.608273381939,183.425176295425)",294024743.994,"(""N/A"",""N/A"",""N/A"")",N/A,3,49.85,M3G20090426T135730_V01_L0.IMG,M3G20090426T135730_V01_BDE.IMG,M3G20090426T142319_V01_FF.IMG,152.02,r,,,,,,,,,,,,,,,,,,2011-09-01T02:15:01,ACTUAL,3,m3g_l1b_v04.exe,4,1.004126581015 <AU>,152.02,REVERSE,ASCENDING,"(""N/A"",""N/A"",""N/A"")","(01.551660696558,-01.608273381939,183.425176295425)",294024743.994,"(""N/A"",""N/A"",""N/A"")",N/A,3,49.85,M3G20090426T135730_V01_L0.IMG,M3G20090426T135730_V01_BDE.IMG,M3G20090426T142319_V01_FF.IMG,152.02,u2
M3G20090426T155530,19bc,2009-04-30T17:49:13,2056,m3_igds_l0_v18.pl,18,152.16,GLOBAL,CH1-ORB-L-M3-2-L0-RAW-V1.0,2009-04-26T15:55:30,2009-04-26T15:55:54,,,,,,,,,,,,,,,,,,,,,,,,,,,,,,,,,,,,,,,,,,,,,,,,,,,,,,,,,,
M3G20090426T155845,19bc,2009-04-30T17:49:19,2056,m3_igds_l0_v18.pl,18,152.02,GLOBAL,CH1-ORB-L-M3-2-L0-RAW-V1.0,2009-04-26T15:58:45,2009-04-26T16:05:58,2009-05-10T18:01:10,PRELIMINARY,m3g_l1b_v04.exe,4,1.004157510747 <AU>,152.02,REVERSE,ASCENDING,"(""N/A"",""N/A"",""N/A"")","(02.412223098870,-01.980250730504,181.771044082402)",294031825.516,"(""N/A"",""N/A"",""N/A"")",N/A,3,49.8,M3G20090426T155530_V01_L0.IMG,M3G20090426T155530_V01_BDE.IMG,M3G20090426T160558_V01_FF.IMG,152.16,r,,,,,,,,,,,,,,,,,,2011-09-01T02:15:01,ACTUAL,3,m3g_l1b_v04.exe,4,1.004157510747 <AU>,152.16,REVERSE,ASCENDING,"(""N/A"",""N/A"",""N/A"")","(02.412223098870,-01.980250730504,181.771044082402)",294031825.516,"(""N/A"",""N/A"",""N/A"")",N/A,3,49.8,M3G20090426T155530_V01_L0.IMG,M3G20090426T155530_V01_BDE.IMG,M3G20090426T160558_V01_FF.IMG,152.16,u2
M3G20090426T160558,19bc,2009-04-30T17:51:03,2069,m3_igds_l0_v18.pl,18,152.02,GLOBAL,CH1-ORB-L-M3-2-L0-RAW-V1.0,2009-04-26T16:05:58,2009-04-26T16:33:48,2009-05-10T18:01:10,PRELIMINARY,m3g_l1b_v04.exe,4,1.004158282935 <AU>,152.02,REVERSE,ASCENDING,"(""N/A"",""N/A"",""N/A"")","(02.412223098870,-01.980250730504,181.771044082402)",294031825.516,"(""N/A"",""N/A"",""N/A"")",N/A,3,49.75,M3G20090426T155530_V01_L0.IMG,M3G20090426T155530_V01_BDE.IMG,M3G20090426T160558_V01_FF.IMG,151.95,r,,,,,,,,,,,,,,,,,,2011-09-01T02:15:01,ACTUAL,3,m3g_l1b_v04.exe,4,1.004158282935 <AU>,151.95,REVERSE,ASCENDING,"(""N/A"",""N/A"",""N/A"")","(02.412223098870,-01.980250730504,181.771044082402)",294031825.516,"(""N/A"",""N/A"",""N/A"")",N/A,3,49.75,M3G20090426T155530_V01_L0.IMG,M3G20090426T155530_V01_BDE.IMG,M3G20090426T160558_V01_FF.IMG,151.95,u2
M3G20090426T175330,19bc,2009-04-30T17:57:45,2069,m3_igds_l0_v18.pl,18,152.02,GLOBAL,CH1-ORB-L-M3-2-L0-RAW-V1.0,2009-04-26T17:53:30,2009-04-26T17:53:53,,,,,,,,,,,,,,,,,,,,,,,,,,,,,,,,,,,,,,,,,,,,,,,,,,,,,,,,,,
M3G20090426T180800,19bc,2009-04-30T17:57:50,2069,m3_igds_l0_v18.pl,18,152.16,GLOBAL,CH1-ORB-L-M3-2-L0-RAW-V1.0,2009-04-26T18:08:00,2009-04-26T18:22:05,2009-05-10T18:01:10,PRELIMINARY,m3g_l1b_v04.exe,4,1.004196782997 <AU>,152.16,REVERSE,ASCENDING,"(""N/A"",""N/A"",""N/A"")","(02.271513679923,-02.361599271246,183.260673053829)",294038907.037,"(""N/A"",""N/A"",""N/A"")",N/A,3,49.7,M3G20090426T175330_V01_L0.IMG,M3G20090426T175330_V01_BDE.IMG,M3G20090426T180800_V01_FF.IMG,152.02,r,,,,,,,,,,,,,,,,,,2011-09-01T02:15:01,ACTUAL,3,m3g_l1b_v04.exe,4,1.004196782997 <AU>,152.02,REVERSE,ASCENDING,"(""N/A"",""N/A"",""N/A"")","(02.271513679923,-02.361599271246,183.260673053829)",294038907.037,"(""N/A"",""N/A"",""N/A"")",N/A,3,49.7,M3G20090426T175330_V01_L0.IMG,M3G20090426T175330_V01_BDE.IMG,M3G20090426T180800_V01_FF.IMG,152.02,u2
M3G20090426T182205,19bc,2009-04-30T19:03:47,2074,m3_igds_l0_v18.pl,18,152.16,GLOBAL,CH1-ORB-L-M3-2-L0-RAW-V1.0,2009-04-26T18:22:05,2009-04-26T18:43:47,2009-05-10T18:01:10,PRELIMINARY,m3g_l1b_v04.exe,4,1.004201794914 <AU>,152.16,REVERSE,ASCENDING,"(""N/A"",""N/A"",""N/A"")","(02.271513679923,-02.361599271246,183.260673053829)",294038907.037,"(""N/A"",""N/A"",""N/A"")",N/A,3,49.7,M3G20090426T175330_V01_L0.IMG,M3G20090426T175330_V01_BDE.IMG,M3G20090426T182205_V01_FF.IMG,152.02,r,,,,,,,,,,,,,,,,,,2011-09-01T02:15:01,ACTUAL,3,m3g_l1b_v04.exe,4,1.004201794914 <AU>,152.02,REVERSE,ASCENDING,"(""N/A"",""N/A"",""N/A"")","(02.271513679923,-02.361599271246,183.260673053829)",294038907.037,"(""N/A"",""N/A"",""N/A"")",N/A,3,49.7,M3G20090426T175330_V01_L0.IMG,M3G20090426T175330_V01_BDE.IMG,M3G20090426T182205_V01_FF.IMG,152.02,u2
M3G20090426T195445,19bc,2009-04-30T19:08:59,2074,m3_igds_l0_v18.pl,18,152.16,GLOBAL,CH1-ORB-L-M3-2-L0-RAW-V1.0,2009-04-26T19:54:45,2009-04-26T20:18:43,2009-05-10T18:01:10,PRELIMINARY,m3g_l1b_v04.exe,4,1.004236628427 <AU>,152.16,REVERSE,ASCENDING,"(""N/A"",""N/A"",""N/A"")","(03.031691044599,-02.752351149043,176.763206608800)",294045988.658,"(""N/A"",""N/A"",""N/A"")",N/A,3,49.65,M3G20090426T175330_V01_L0.IMG,M3G20090426T175330_V01_BDE.IMG,M3G20090426T195445_V01_FF.IMG,152.02,r,,,,,,,,,,,,,,,,,,2011-09-01T02:15:01,ACTUAL,3,m3g_l1b_v04.exe,4,1.004236628427 <AU>,152.02,REVERSE,ASCENDING,"(""N/A"",""N/A"",""N/A"")","(03.031691044599,-02.752351149043,176.763206608800)",294045988.658,"(""N/A"",""N/A"",""N/A"")",N/A,3,49.65,M3G20090426T175330_V01_L0.IMG,M3G20090426T175330_V01_BDE.IMG,M3G20090426T195445_V01_FF.IMG,152.02,u2
M3G20090426T234745,19bc,2009-04-30T19:14:39,2074,m3_igds_l0_v18.pl,18,152.29,GLOBAL,CH1-ORB-L-M3-2-L0-RAW-V1.0,2009-04-26T23:47:45,2009-04-26T23:48:08,,,,,,,,,,,,,,,,,,,,,,,,,,,,,,,,,,,,,,,,,,,,,,,,,,,,,,,,,,
M3G20090426T235045,19bc,2009-04-30T19:14:45,2074,m3_igds_l0_v18.pl,18,152.16,GLOBAL,CH1-ORB-L-M3-2-L0-RAW-V1.0,2009-04-26T23:50:45,2009-04-27T00:11:51,2009-05-10T18:01:10,PRELIMINARY,m3g_l1b_v04.exe,4,1.004318791155 <AU>,152.16,REVERSE,ASCENDING,"(""N/A"",""N/A"",""N/A"")","(03.409714458934,-03.309794916181,180.736396063854)",294060152.023,"(""N/A"",""N/A"",""N/A"")",N/A,3,49.5,M3G20090426T234745_V01_L0.IMG,M3G20090426T234745_V01_BDE.IMG,M3G20090426T235045_V01_FF.IMG,152.16,r,,,,,,,,,,,,,,,,,,2011-09-01T02:15:01,ACTUAL,3,m3g_l1b_v04.exe,4,1.004318791155 <AU>,152.16,REVERSE,ASCENDING,"(""N/A"",""N/A"",""N/A"")","(03.409714458934,-03.309794916181,180.736396063854)",294060152.023,"(""N/A"",""N/A"",""N/A"")",N/A,3,49.5,M3G20090426T234745_V01_L0.IMG,M3G20090426T234745_V01_BDE.IMG,M3G20090426T235045_V01_FF.IMG,152.16,u2
M3G20090427T001151,19bc,2009-04-30T19:19:45,2074,m3_igds_l0_v18.pl,18,152.29,GLOBAL,CH1-ORB-L-M3-2-L0-RAW-V1.0,2009-04-27T00:11:51,2009-04-27T00:34:06,2009-05-10T18:01:10,PRELIMINARY,m3g_l1b_v04.exe,4,1.004322815363 <AU>,152.29,REVERSE,ASCENDING,"(""N/A"",""N/A"",""N/A"")","(03.409714458934,-03.309794916181,180.736396063854)",294060152.023,"(""N/A"",""N/A"",""N/A"")",N/A,3,49.46,M3G20090426T234745_V01_L0.IMG,M3G20090426T234745_V01_BDE.IMG,M3G20090427T001151_V01_FF.IMG,152.29,r,,,,,,,,,,,,,,,,,,2011-09-01T02:15:01,ACTUAL,3,m3g_l1b_v04.exe,4,1.004322815363 <AU>,152.29,REVERSE,ASCENDING,"(""N/A"",""N/A"",""N/A"")","(03.409714458934,-03.309794916181,180.736396063854)",294060152.023,"(""N/A"",""N/A"",""N/A"")",N/A,3,49.46,M3G20090426T234745_V01_L0.IMG,M3G20090426T234745_V01_BDE.IMG,M3G20090427T001151_V01_FF.IMG,152.29,u2
M3G20090513T150408,19bc,2009-05-15T16:45:38,2261,m3_igds_l0_v18.pl,18,159.62,GLOBAL,CH1-ORB-L-M3-2-L0-RAW-V1.0,2009-05-13T15:04:09,2009-05-13T15:04:35,,,,,,,,,,,,,,,,,,,,,,,,,,,,,,,,,,,,,,,,,,,,,,,,,,,,,,,,,,
M3G20090513T150646,19bc,2009-05-15T16:45:44,2261,m3_igds_l0_v18.pl,18,159.62,GLOBAL,CH1-ORB-L-M3-2-L0-RAW-V1.0,2009-05-13T15:06:46,2009-05-13T15:36:44,2009-05-10T18:01:10,PRELIMINARY,m3g_l1b_v04.exe,4,1.012274056945 <AU>,159.62,REVERSE,ASCENDING,"(""N/A"",""N/A"",""N/A"")","(-01.052162536382,12.782810114276,203.341318578894)",295497587.485,"(""N/A"",""N/A"",""N/A"")",N/A,3,33.41,M3G20090513T150408_V01_L0.IMG,M3G20090513T150408_V01_BDE.IMG,M3G20090513T150646_V01_FF.IMG,159.62,r,,,,,,,,,,,,,,,,,,2011-09-01T02:15:01,ACTUAL,3,m3g_l1b_v04.exe,4,1.012274056945 <AU>,159.62,REVERSE,ASCENDING,"(""N/A"",""N/A"",""N/A"")","(-01.052162536382,12.782810114276,203.341318578894)",295497587.485,"(""N/A"",""N/A"",""N/A"")",N/A,3,33.41,M3G20090513T150408_V01_L0.IMG,M3G20090513T150408_V01_BDE.IMG,M3G20090513T150646_V01_FF.IMG,159.62,u2
M3G20090513T153644,19bc,2009-05-15T16:52:56,2261,m3_igds_l0_v18.pl,18,159.62,GLOBAL,CH1-ORB-L-M3-2-L0-RAW-V1.0,2009-05-13T15:36:44,2009-05-13T15:43:03,2009-05-10T18:01:10,PRELIMINARY,m3g_l1b_v04.exe,4,1.012267735071 <AU>,159.62,REVERSE,ASCENDING,"(""N/A"",""N/A"",""N/A"")","(-01.052162536382,12.782810114276,203.341318578894)",295497587.485,"(""N/A"",""N/A"",""N/A"")",N/A,3,33.41,M3G20090513T150408_V01_L0.IMG,M3G20090513T150408_V01_BDE.IMG,M3G20090513T154403_V01_FF.IMG,159.62,r,,,,,,,,,,,,,,,,,,2011-09-01T02:15:01,ACTUAL,3,m3g_l1b_v04.exe,4,1.012267735071 <AU>,159.62,REVERSE,ASCENDING,"(""N/A"",""N/A"",""N/A"")","(-01.052162536382,12.782810114276,203.341318578894)",295497587.485,"(""N/A"",""N/A"",""N/A"")",N/A,3,33.41,M3G20090513T150408_V01_L0.IMG,M3G20090513T150408_V01_BDE.IMG,M3G20090513T154403_V01_FF.IMG,159.62,u2
M3G20090513T154403,19bc,2009-05-15T16:54:28,2261,m3_igds_l0_v18.pl,18,159.62,GLOBAL,CH1-ORB-L-M3-2-L0-RAW-V1.0,2009-05-13T15:44:03,2009-05-13T15:55:00,2009-05-10T18:01:10,PRELIMINARY,m3g_l1b_v04.exe,4,1.012268298424 <AU>,159.62,REVERSE,ASCENDING,"(""N/A"",""N/A"",""N/A"")","(-01.052162536382,12.782810114276,203.341318578894)",295497587.485,"(""N/A"",""N/A"",""N/A"")",N/A,3,33.41,M3G20090513T150408_V01_L0.IMG,M3G20090513T150408_V01_BDE.IMG,M3G20090513T154403_V01_FF.IMG,159.62,r,,,,,,,,,,,,,,,,,,2011-09-01T02:15:01,ACTUAL,3,m3g_l1b_v04.exe,4,1.012268298424 <AU>,159.62,REVERSE,ASCENDING,"(""N/A"",""N/A"",""N/A"")","(-01.052162536382,12.782810114276,203.341318578894)",295497587.485,"(""N/A"",""N/A"",""N/A"")",N/A,3,33.41,M3G20090513T150408_V01_L0.IMG,M3G20090513T150408_V01_BDE.IMG,M3G20090513T154403_V01_FF.IMG,159.62,u2
M3G20090513T190008,19bc,2009-05-15T16:57:05,2263,m3_igds_l0_v18.pl,18,159.54,GLOBAL,CH1-ORB-L-M3-2-L0-RAW-V1.0,2009-05-13T19:00:08,2009-05-13T19:00:30,,,,,,,,,,,,,,,,,,,,,,,,,,,,,,,,,,,,,,,,,,,,,,,,,,,,,,,,,,
M3G20090513T191408,19bc,2009-05-15T16:57:10,2263,m3_igds_l0_v18.pl,18,159.16,GLOBAL,CH1-ORB-L-M3-2-L0-RAW-V1.0,2009-05-13T19:14:08,2009-05-13T20:02:00,2009-05-10T18:01:10,PRELIMINARY,m3g_l1b_v04.exe,4,1.012242127304 <AU>,159.16,REVERSE,ASCENDING,"(""N/A"",""N/A"",""N/A"")","(-18.241561924642,14.712618054784,139.014371945304)",295511750.308,"(""N/A"",""N/A"",""N/A"")",N/A,3,33.27,M3G20090513T190008_V01_L0.IMG,M3G20090513T190008_V01_BDE.IMG,M3G20090513T191408_V01_FF.IMG,159.23,r,,,,,,,,,,,,,,,,,,2011-09-01T02:15:01,ACTUAL,3,m3g_l1b_v04.exe,4,1.012242127304 <AU>,159.23,REVERSE,ASCENDING,"(""N/A"",""N/A"",""N/A"")","(-18.241561924642,14.712618054784,139.014371945304)",295511750.308,"(""N/A"",""N/A"",""N/A"")",N/A,3,33.27,M3G20090513T190008_V01_L0.IMG,M3G20090513T190008_V01_BDE.IMG,M3G20090513T191408_V01_FF.IMG,159.23,u2
M3G20090513T225558,19bc,2009-05-16T21:39:43,2265,m3_igds_l0_v18.pl,18,159.47,GLOBAL,CH1-ORB-L-M3-2-L0-RAW-V1.0,2009-05-13T22:55:58,2009-05-13T22:56:20,,,,,,,,,,,,,,,,,,,,,,,,,,,,,,,,,,,,,,,,,,,,,,,,,,,,,,,,,,
M3G20090513T231028,19bc,2009-05-16T21:39:49,2265,m3_igds_l0_v18.pl,18,159.23,GLOBAL,CH1-ORB-L-M3-2-L0-RAW-V1.0,2009-05-13T23:10:28,2009-05-13T23:58:28,2009-05-10T18:01:10,PRELIMINARY,m3g_l1b_v04.exe,4,1.012212446645 <AU>,159.23,REVERSE,ASCENDING,"(""N/A"",""N/A"",""N/A"")","(-13.684138993704,14.132252914901,158.433317722733)",295525913.042,"(""N/A"",""N/A"",""N/A"")",N/A,3,33.12,M3G20090513T225558_V01_L0.IMG,M3G20090513T225558_V01_BDE.IMG,M3G20090513T231028_V01_FF.IMG,159.23,r,,,,,,,,,,,,,,,,,,2011-09-01T02:15:01,ACTUAL,3,m3g_l1b_v04.exe,4,1.012212446645 <AU>,159.23,REVERSE,ASCENDING,"(""N/A"",""N/A"",""N/A"")","(-13.684138993704,14.132252914901,158.433317722733)",295525913.042,"(""N/A"",""N/A"",""N/A"")",N/A,3,33.12,M3G20090513T225558_V01_L0.IMG,M3G20090513T225558_V01_BDE.IMG,M3G20090513T231028_V01_FF.IMG,159.23,u2
M3G20090514T025158,19bc,2009-05-16T21:35:19,2267,m3_igds_l0_v18.pl,18,159.93,GLOBAL,CH1-ORB-L-M3-2-L0-RAW-V1.0,2009-05-14T02:51:58,2009-05-14T02:52:20,,,,,,,,,,,,,,,,,,,,,,,,,,,,,,,,,,,,,,,,,,,,,,,,,,,,,,,,,,
M3G20090514T030608,19bc,2009-05-16T21:35:25,2267,m3_igds_l0_v18.pl,18,159.54,GLOBAL,CH1-ORB-L-M3-2-L0-RAW-V1.0,2009-05-14T03:06:08,2009-05-14T03:23:57,2009-05-10T18:01:10,PRELIMINARY,m3g_l1b_v04.exe,4,1.012182718562 <AU>,159.54,REVERSE,ASCENDING,"(""N/A"",""N/A"",""N/A"")","(-12.506870426603,15.218262144103,185.084547260949)",295540075.772,"(""N/A"",""N/A"",""N/A"")",N/A,3,32.93,M3G20090514T025158_V01_L0.IMG,M3G20090514T025158_V01_BDE.IMG,M3G20090514T030608_V01_FF.IMG,159.54,r,,,,,,,,,,,,,,,,,,2011-09-01T02:15:01,ACTUAL,3,m3g_l1b_v04.exe,4,1.012182718562 <AU>,159.54,REVERSE,ASCENDING,"(""N/A"",""N/A"",""N/A"")","(-12.506870426603,15.218262144103,185.084547260949)",295540075.772,"(""N/A"",""N/A"",""N/A"")",N/A,3,32.93,M3G20090514T025158_V01_L0.IMG,M3G20090514T025158_V01_BDE.IMG,M3G20090514T030608_V01_FF.IMG,159.54,u2
M3G20090514T032803,19bc,2009-05-18T20:26:34,2280,m3_igds_l0_v18.pl,18,159.78,GLOBAL,CH1-ORB-L-M3-2-L0-RAW-V1.0,2009-05-14T03:28:03,2009-05-14T03:28:06,2009-05-10T18:01:10,PRELIMINARY,m3g_l1b_v04.exe,4,1.012178791384 <AU>,159.78,REVERSE,ASCENDING,"(""N/A"",""N/A"",""N/A"")","(-12.506870426603,15.218262144103,185.084547260949)",295540075.772,"(""N/A"",""N/A"",""N/A"")",N/A,3,32.93,M3G20090514T025158_V01_L0.IMG,M3G20090514T025158_V01_BDE.IMG,M3G20090514T033047_V01_FF.IMG,159.78,r,,,,,,,,,,,,,,,,,,2011-09-01T02:15:01,ACTUAL,3,m3g_l1b_v04.exe,4,1.012178791384 <AU>,159.78,REVERSE,ASCENDING,"(""N/A"",""N/A"",""N/A"")","(-12.506870426603,15.218262144103,185.084547260949)",295540075.772,"(""N/A"",""N/A"",""N/A"")",N/A,3,32.93,M3G20090514T025158_V01_L0.IMG,M3G20090514T025158_V01_BDE.IMG,M3G20090514T033047_V01_FF.IMG,159.78,u2
M3G20090514T033047,19bc,2009-05-18T20:26:40,2280,m3_igds_l0_v18.pl,18,159.85,GLOBAL,CH1-ORB-L-M3-2-L0-RAW-V1.0,2009-05-14T03:30:47,2009-05-14T03:54:30,2009-05-10T18:01:10,PRELIMINARY,m3g_l1b_v04.exe,4,1.012180506728 <AU>,159.85,REVERSE,ASCENDING,"(""N/A"",""N/A"",""N/A"")","(-12.506870426603,15.218262144103,185.084547260949)",295540075.772,"(""N/A"",""N/A"",""N/A"")",N/A,3,32.93,M3G20090514T025158_V01_L0.IMG,M3G20090514T025158_V01_BDE.IMG,M3G20090514T033047_V01_FF.IMG,159.93,r,,,,,,,,,,,,,,,,,,2011-09-01T02:15:01,ACTUAL,3,m3g_l1b_v04.exe,4,1.012180506728 <AU>,159.93,REVERSE,ASCENDING,"(""N/A"",""N/A"",""N/A"")","(-12.506870426603,15.218262144103,185.084547260949)",295540075.772,"(""N/A"",""N/A"",""N/A"")",N/A,3,32.93,M3G20090514T025158_V01_L0.IMG,M3G20090514T025158_V01_BDE.IMG,M3G20090514T033047_V01_FF.IMG,159.93,u2
M3G20090515T042729,19bc,2009-05-18T20:32:23,2280,m3_igds_l0_v18.pl,18,160.39,GLOBAL,CH1-ORB-L-M3-2-L0-RAW-V1.0,2009-05-15T04:27:29,2009-05-15T04:28:00,,,,,,,,,,,,,,,,,,,,,,,,,,,,,,,,,,,,,,,,,,,,,,,,,,,,,,,,,,
M3G20090515T043023,19bc,2009-05-18T20:32:32,2280,m3_igds_l0_v18.pl,18,160.39,GLOBAL,CH1-ORB-L-M3-2-L0-RAW-V1.0,2009-05-15T04:30:23,2009-05-15T04:31:07,2009-05-10T18:01:10,PRELIMINARY,m3g_l1b_v04.exe,4,1.011953884310 <AU>,160.39,REVERSE,ASCENDING,"(""N/A"",""N/A"",""N/A"")","(03.264317461929,13.593753653374,191.539013243765)",295632137.4,"(""N/A"",""N/A"",""N/A"")",N/A,3,31.92,M3G20090515T043023_V01_L0.IMG,M3G20090515T043023_V01_BDE.IMG,M3G20090515T043645_V01_FF.IMG,160.31,r,,,,,,,,,,,,,,,,,,2011-09-01T02:15:01,ACTUAL,3,m3g_l1b_v04.exe,4,1.011953884310 <AU>,160.31,REVERSE,ASCENDING,"(""N/A"",""N/A"",""N/A"")","(03.264317461929,13.593753653374,191.539013243765)",295632137.4,"(""N/A"",""N/A"",""N/A"")",N/A,3,31.92,M3G20090515T043023_V01_L0.IMG,M3G20090515T043023_V01_BDE.IMG,M3G20090515T043645_V01_FF.IMG,160.31,u2
M3G20090515T043107,19bc,2009-05-18T20:32:44,2280,m3_igds_l0_v18.pl,18,160.31,GLOBAL,CH1-ORB-L-M3-2-L0-RAW-V1.0,2009-05-15T04:31:07,2009-05-15T04:35:18,2009-05-10T18:01:10,PRELIMINARY,m3g_l1b_v04.exe,4,1.011952163941 <AU>,160.31,REVERSE,ASCENDING,"(""N/A"",""N/A"",""N/A"")","(03.264317461929,13.593753653374,191.539013243765)",295632137.4,"(""N/A"",""N/A"",""N/A"")",N/A,3,31.92,M3G20090515T043023_V01_L0.IMG,M3G20090515T043023_V01_BDE.IMG,M3G20090515T043645_V01_FF.IMG,160.31,r,,,,,,,,,,,,,,,,,,2011-09-01T02:15:01,ACTUAL,3,m3g_l1b_v04.exe,4,1.011952163941 <AU>,160.31,REVERSE,ASCENDING,"(""N/A"",""N/A"",""N/A"")","(03.264317461929,13.593753653374,191.539013243765)",295632137.4,"(""N/A"",""N/A"",""N/A"")",N/A,3,31.92,M3G20090515T043023_V01_L0.IMG,M3G20090515T043023_V01_BDE.IMG,M3G20090515T043645_V01_FF.IMG,160.31,u2
M3G20090515T043554,19bc,2009-05-18T20:33:50,2280,m3_igds_l0_v18.pl,18,160.24,GLOBAL,CH1-ORB-L-M3-2-L0-RAW-V1.0,2009-05-15T04:35:54,2009-05-15T04:36:45,2009-05-10T18:01:10,PRELIMINARY,m3g_l1b_v04.exe,4,1.011949878874 <AU>,160.24,REVERSE,ASCENDING,"(""N/A"",""N/A"",""N/A"")","(03.264317461929,13.593753653374,191.539013243765)",295632137.4,"(""N/A"",""N/A"",""N/A"")",N/A,3,31.92,M3G20090515T043023_V01_L0.IMG,M3G20090515T043023_V01_BDE.IMG,M3G20090515T043645_V01_FF.IMG,160.24,r,,,,,,,,,,,,,,,,,,2011-09-01T02:15:01,ACTUAL,3,m3g_l1b_v04.exe,4,1.011949878874 <AU>,160.24,REVERSE,ASCENDING,"(""N/A"",""N/A"",""N/A"")","(03.264317461929,13.593753653374,191.539013243765)",295632137.4,"(""N/A"",""N/A"",""N/A"")",N/A,3,31.92,M3G20090515T043023_V01_L0.IMG,M3G20090515T043023_V01_BDE.IMG,M3G20090515T043645_V01_FF.IMG,160.24,u2
M3G20090515T043645,19bc,2009-05-18T20:33:59,2280,m3_igds_l0_v18.pl,18,160.24,GLOBAL,CH1-ORB-L-M3-2-L0-RAW-V1.0,2009-05-15T04:36:45,2009-05-15T05:18:15,2009-05-10T18:01:10,PRELIMINARY,m3g_l1b_v04.exe,4,1.011940824994 <AU>,160.24,REVERSE,ASCENDING,"(""N/A"",""N/A"",""N/A"")","(03.264317461929,13.593753653374,191.539013243765)",295632137.4,"(""N/A"",""N/A"",""N/A"")",N/A,3,31.92,M3G20090515T043023_V01_L0.IMG,M3G20090515T043023_V01_BDE.IMG,M3G20090515T043645_V01_FF.IMG,160.24,r,,,,,,,,,,,,,,,,,,2011-09-01T02:15:01,ACTUAL,3,m3g_l1b_v04.exe,4,1.011940824994 <AU>,160.24,REVERSE,ASCENDING,"(""N/A"",""N/A"",""N/A"")","(03.264317461929,13.593753653374,191.539013243765)",295632137.4,"(""N/A"",""N/A"",""N/A"")",N/A,3,31.92,M3G20090515T043023_V01_L0.IMG,M3G20090515T043023_V01_BDE.IMG,M3G20090515T043645_V01_FF.IMG,160.24,u2
M3G20090516T040358,19bc,2009-05-18T21:31:39,2291,m3_igds_l0_v18.pl,18,164.12,GLOBAL,CH1-ORB-L-M3-2-L0-RAW-V1.0,2009-05-16T04:03:58,2009-05-16T04:04:20,,,,,,,,,,,,,,,,,,,,,,,,,,,,,,,,,,,,,,,,,,,,,,,,,,,,,,,,,,
M3G20090516T040653,19bc,2009-05-18T21:31:44,2291,m3_igds_l0_v18.pl,18,164.04,GLOBAL,CH1-ORB-L-M3-2-L0-RAW-V1.0,2009-05-16T04:06:53,2009-05-16T04:54:45,2009-05-10T18:01:10,PRELIMINARY,m3g_l1b_v04.exe,4,1.011675737663 <AU>,164.04,REVERSE,ASCENDING,"(""N/A"",""N/A"",""N/A"")","(01.429908827871,14.883509897760,170.909626065485)",295717125.381,"(""N/A"",""N/A"",""N/A"")",N/A,3,30.95,M3G20090516T040358_V01_L0.IMG,M3G20090516T040358_V01_BDE.IMG,M3G20090516T040653_V01_FF.IMG,164.2,r,,,,,,,,,,,,,,,,,,2011-09-01T02:15:01,ACTUAL,3,m3g_l1b_v04.exe,4,1.011675737663 <AU>,164.2,REVERSE,ASCENDING,"(""N/A"",""N/A"",""N/A"")","(01.429908827871,14.883509897760,170.909626065485)",295717125.381,"(""N/A"",""N/A"",""N/A"")",N/A,3,30.95,M3G20090516T040358_V01_L0.IMG,M3G20090516T040358_V01_BDE.IMG,M3G20090516T040653_V01_FF.IMG,164.2,u2
M3G20090520T064753,19bc,2009-05-25T19:24:23,2336,m3_igds_l0_v18.pl,18,156.9,GLOBAL,CH1-ORB-L-M3-2-L0-RAW-V1.0,2009-05-20T06:47:53,2009-05-20T06:48:19,,,,,,,,,,,,,,,,,,,,,,,,,,,,,,,,,,,,,,,,,,,,,,,,,,,,,,,,,,
M3G20090520T065048,19bc,2009-05-25T19:24:29,2336,m3_igds_l0_v18.pl,18,156.9,GLOBAL,CH1-ORB-L-M3-2-L0-RAW-V1.0,2009-05-20T06:50:48,2009-05-20T07:42:59,2009-05-10T18:01:10,PRELIMINARY,m3g_l1b_v04.exe,4,1.010505181475 <AU>,156.9,REVERSE,ASCENDING,"(""N/A"",""N/A"",""N/A"")","(11.763573091402,-17.254292650989,159.834456719682)",296072414.414,"(0.014404766688,-0.999279920484,0.035101897586)",0.046043787865,3,27.06,M3G20090520T064753_V01_L0.IMG,M3G20090520T064753_V01_BDE.IMG,M3G20090520T065048_V01_FF.IMG,156.9,r,,,,,,,,,,,,,,,,,,2011-09-01T02:15:01,ACTUAL,3,m3g_l1b_v04.exe,4,1.010505181475 <AU>,156.9,REVERSE,ASCENDING,"(""N/A"",""N/A"",""N/A"")","(11.763573091402,-17.254292650989,159.834456719682)",296072414.414,"(0.014404766688,-0.999279920484,0.035101897586)",0.046043787865,3,27.06,M3G20090520T064753_V01_L0.IMG,M3G20090520T064753_V01_BDE.IMG,M3G20090520T065048_V01_FF.IMG,156.9,u2
M3G20090520T110308,19bc,2009-05-27T15:20:17,2373,m3_igds_l0_v18.pl,18,158.09,GLOBAL,CH1-ORB-L-M3-2-L0-RAW-V1.0,2009-05-20T11:03:08,2009-05-20T11:03:30,,,,,,,,,,,,,,,,,,,,,,,,,,,,,,,,,,,,,,,,,,,,,,,,,,,,,,,,,,
M3G20090520T111838,19bc,2009-05-27T15:20:23,2373,m3_igds_l0_v18.pl,18,157.72,GLOBAL,CH1-ORB-L-M3-2-L0-RAW-V1.0,2009-05-20T11:18:38,2009-05-20T12:11:00,2009-05-10T18:01:10,PRELIMINARY,m3g_l1b_v04.exe,4,1.010465165783 <AU>,157.72,REVERSE,ASCENDING,"(""N/A"",""N/A"",""N/A"")","(05.585927895949,-9.056202664237,156.275991296767)",296087745.703,"(0.080385433687,-0.996757509371,0.003556622549)",0.044063207892,3,26.86,M3G20090520T110308_V01_L0.IMG,M3G20090520T110308_V01_BDE.IMG,M3G20090520T111838_V01_FF.IMG,157.64,r,,,,,,,,,,,,,,,,,,2011-09-01T02:15:01,ACTUAL,3,m3g_l1b_v04.exe,4,1.010465165783 <AU>,157.64,REVERSE,ASCENDING,"(""N/A"",""N/A"",""N/A"")","(05.585927895949,-9.056202664237,156.275991296767)",296087745.703,"(0.080385433687,-0.996757509371,0.003556622549)",0.044063207892,3,26.86,M3G20090520T110308_V01_L0.IMG,M3G20090520T110308_V01_BDE.IMG,M3G20090520T111838_V01_FF.IMG,157.64,u2
M3G20090528T083019,19bc,2009-06-10T19:43:25,2432,m3_igds_l0_v18.pl,18,169.07,GLOBAL,CH1-ORB-L-M3-2-L0-RAW-V1.0,2009-05-28T08:30:19,2009-05-28T08:30:30,,,,,,,,,,,,,,,,,,,,,,,,,,,,,,,,,,,,,,,,,,,,,,,,,,,,,,,,,,
M3G20090528T083319,19bc,2009-06-10T19:43:28,2432,m3_igds_l0_v18.pl,18,168.89,GLOBAL,CH1-ORB-L-M3-2-L0-RAW-V1.0,2009-05-28T08:33:19,2009-05-28T09:25:45,2009-05-10T18:01:10,PRELIMINARY,m3g_l1b_v04.exe,4,1.011999272992 <AU>,168.89,REVERSE,ASCENDING,"(""N/A"",""N/A"",""N/A"")","(-00.870069581217,1.859826998642,181.979192537397)",296769851.261,"(0.048063147435,-0.996908859804,0.062150294471)",0.047094826934,3,19.24,M3G20090528T083019_V01_L0.IMG,M3G20090528T083019_V01_BDE.IMG,M3G20090528T083319_V01_FF.IMG,168.8,r,,,,,,,,,,,,,,,,,,2011-09-01T02:15:01,ACTUAL,3,m3g_l1b_v04.exe,4,1.011999272992 <AU>,168.8,REVERSE,ASCENDING,"(""N/A"",""N/A"",""N/A"")","(-00.870069581217,1.859826998642,181.979192537397)",296769851.261,"(0.048063147435,-0.996908859804,0.062150294471)",0.047094826934,3,19.24,M3G20090528T083019_V01_L0.IMG,M3G20090528T083019_V01_BDE.IMG,M3G20090528T083319_V01_FF.IMG,168.8,u2
M3G20090528T124548,19bc,2009-06-10T19:56:34,2434,m3_igds_l0_v18.pl,18,161.99,GLOBAL,CH1-ORB-L-M3-2-L0-RAW-V1.0,2009-05-28T12:45:48,2009-05-28T12:46:10,,,,,,,,,,,,,,,,,,,,,,,,,,,,,,,,,,,,,,,,,,,,,,,,,,,,,,,,,,
M3G20090528T130108,19bc,2009-06-10T19:56:39,2434,m3_igds_l0_v18.pl,18,161.34,GLOBAL,CH1-ORB-L-M3-2-L0-RAW-V1.0,2009-05-28T13:01:08,2009-05-28T13:52:45,2009-05-10T18:01:10,PRELIMINARY,m3g_l1b_v04.exe,4,1.012114514724 <AU>,161.34,REVERSE,ASCENDING,"(""N/A"",""N/A"",""N/A"")","(01.046671263638,4.757516975894,183.691041035338)",296785170.658,"(0.031781941426,-0.996462117338,0.077802036673)",0.046661652852,3,19.05,M3G20090528T124548_V01_L0.IMG,M3G20090528T124548_V01_BDE.IMG,M3G20090528T130108_V01_FF.IMG,161.66,r,,,,,,,,,,,,,,,,,,2011-09-01T02:15:01,ACTUAL,3,m3g_l1b_v04.exe,4,1.012114514724 <AU>,161.66,REVERSE,ASCENDING,"(""N/A"",""N/A"",""N/A"")","(01.046671263638,4.757516975894,183.691041035338)",296785170.658,"(0.031781941426,-0.996462117338,0.077802036673)",0.046661652852,3,19.05,M3G20090528T124548_V01_L0.IMG,M3G20090528T124548_V01_BDE.IMG,M3G20090528T130108_V01_FF.IMG,161.66,u2
M3G20090528T211637,19bc,2009-06-10T16:24:42,2435,m3_igds_l0_v18.pl,18,159.23,GLOBAL,CH1-ORB-L-M3-2-L0-RAW-V1.0,2009-05-28T21:16:37,2009-05-28T21:16:59,,,,,,,,,,,,,,,,,,,,,,,,,,,,,,,,,,,,,,,,,,,,,,,,,,,,,,,,,,
M3G20090528T213152,19bc,2009-06-10T16:24:47,2435,m3_igds_l0_v18.pl,18,159.16,GLOBAL,CH1-ORB-L-M3-2-L0-RAW-V1.0,2009-05-28T21:31:52,2009-05-28T22:24:44,2009-05-10T18:01:10,PRELIMINARY,m3g_l1b_v04.exe,4,1.012342092374 <AU>,159.16,REVERSE,ASCENDING,"(""N/A"",""N/A"",""N/A"")","(00.511195998304,3.372573141607,182.109012864436)",296815809.007,"(0.037329411143,-0.995819134197,0.083371260219)",0.046997241667,3,18.72,M3G20090528T211637_V01_L0.IMG,M3G20090528T211637_V01_BDE.IMG,M3G20090528T213152_V01_FF.IMG,159.16,r,,,,,,,,,,,,,,,,,,2011-09-01T02:15:01,ACTUAL,3,m3g_l1b_v04.exe,4,1.012342092374 <AU>,159.16,REVERSE,ASCENDING,"(""N/A"",""N/A"",""N/A"")","(00.511195998304,3.372573141607,182.109012864436)",296815809.007,"(0.037329411143,-0.995819134197,0.083371260219)",0.046997241667,3,18.72,M3G20090528T211637_V01_L0.IMG,M3G20090528T211637_V01_BDE.IMG,M3G20090528T213152_V01_FF.IMG,159.16,u2
M3G20090529T013152,19bc,2009-06-10T16:37:40,2440,m3_igds_l0_v18.pl,18,159.01,GLOBAL,CH1-ORB-L-M3-2-L0-RAW-V1.0,2009-05-29T01:31:52,2009-05-29T01:32:19,,,,,,,,,,,,,,,,,,,,,,,,,,,,,,,,,,,,,,,,,,,,,,,,,,,,,,,,,,
M3G20090529T013507,19bc,2009-06-10T16:37:46,2440,m3_igds_l0_v18.pl,18,158.93,GLOBAL,CH1-ORB-L-M3-2-L0-RAW-V1.0,2009-05-29T01:35:07,2009-05-29T01:50:04,2009-05-10T18:01:10,PRELIMINARY,m3g_l1b_v04.exe,4,1.012448792692 <AU>,158.93,REVERSE,ASCENDING,"(""N/A"",""N/A"",""N/A"")","(-00.082403898806,3.351207529341,183.056657718715)",296831128.102,"(0.043943374296,-0.995357214473,0.085632911036)",0.047050550364,3,18.57,M3G20090529T013152_V01_L0.IMG,M3G20090529T013152_V01_BDE.IMG,M3G20090529T015004_V01_FF.IMG,159.08,r,,,,,,,,,,,,,,,,,,2011-09-01T02:15:01,ACTUAL,3,m3g_l1b_v04.exe,4,1.012448792692 <AU>,159.08,REVERSE,ASCENDING,"(""N/A"",""N/A"",""N/A"")","(-00.082403898806,3.351207529341,183.056657718715)",296831128.102,"(0.043943374296,-0.995357214473,0.085632911036)",0.047050550364,3,18.57,M3G20090529T013152_V01_L0.IMG,M3G20090529T013152_V01_BDE.IMG,M3G20090529T015004_V01_FF.IMG,159.08,u2
M3G20090529T015004,19bc,2009-06-10T20:09:12,2442,m3_igds_l0_v18.pl,18,158.85,GLOBAL,CH1-ORB-L-M3-2-L0-RAW-V1.0,2009-05-29T01:50:04,2009-05-29T02:27:13,2009-05-10T18:01:10,PRELIMINARY,m3g_l1b_v04.exe,4,1.012454468902 <AU>,158.85,REVERSE,ASCENDING,"(""N/A"",""N/A"",""N/A"")","(-00.082403898806,3.351207529341,183.056657718715)",296831128.102,"(0.043943374296,-0.995357214473,0.085632911036)",0.047050550364,3,18.57,M3G20090529T013152_V01_L0.IMG,M3G20090529T013152_V01_BDE.IMG,M3G20090529T015004_V01_FF.IMG,158.78,r,,,,,,,,,,,,,,,,,,2011-09-01T02:15:01,ACTUAL,3,m3g_l1b_v04.exe,4,1.012454468902 <AU>,158.78,REVERSE,ASCENDING,"(""N/A"",""N/A"",""N/A"")","(-00.082403898806,3.351207529341,183.056657718715)",296831128.102,"(0.043943374296,-0.995357214473,0.085632911036)",0.047050550364,3,18.57,M3G20090529T013152_V01_L0.IMG,M3G20090529T013152_V01_BDE.IMG,M3G20090529T015004_V01_FF.IMG,158.78,u2
M3G20090529T054847,19bc,2009-06-10T20:18:10,2442,m3_igds_l0_v18.pl,18,159.01,GLOBAL,CH1-ORB-L-M3-2-L0-RAW-V1.0,2009-05-29T05:48:47,2009-05-29T05:49:09,,,,,,,,,,,,,,,,,,,,,,,,,,,,,,,,,,,,,,,,,,,,,,,,,,,,,,,,,,
M3G20090529T060422,19bc,2009-06-10T20:18:16,2442,m3_igds_l0_v18.pl,18,158.78,GLOBAL,CH1-ORB-L-M3-2-L0-RAW-V1.0,2009-05-29T06:04:22,2009-05-29T06:10:13,2009-05-10T18:01:10,PRELIMINARY,m3g_l1b_v04.exe,4,1.012566504861 <AU>,158.78,REVERSE,ASCENDING,"(""N/A"",""N/A"",""N/A"")","(00.626062829253,3.189510187768,183.434465832549)",296846447.037,"(0.037868965612,-0.995858664130,0.082652661910)",0.047055130365,3,18.38,M3G20090529T054847_V01_L0.IMG,M3G20090529T054847_V01_BDE.IMG,M3G20090529T061013_V01_FF.IMG,158.7,r,,,,,,,,,,,,,,,,,,2011-09-01T02:15:01,ACTUAL,3,m3g_l1b_v04.exe,4,1.012566504861 <AU>,158.7,REVERSE,ASCENDING,"(""N/A"",""N/A"",""N/A"")","(00.626062829253,3.189510187768,183.434465832549)",296846447.037,"(0.037868965612,-0.995858664130,0.082652661910)",0.047055130365,3,18.38,M3G20090529T054847_V01_L0.IMG,M3G20090529T054847_V01_BDE.IMG,M3G20090529T061013_V01_FF.IMG,158.7,u2
M3G20090529T061013,19bc,2009-06-10T20:19:40,2443,m3_igds_l0_v18.pl,18,158.85,GLOBAL,CH1-ORB-L-M3-2-L0-RAW-V1.0,2009-05-29T06:10:13,2009-05-29T06:56:59,2009-05-10T18:01:10,PRELIMINARY,m3g_l1b_v04.exe,4,1.012578694792 <AU>,158.85,REVERSE,ASCENDING,"(""N/A"",""N/A"",""N/A"")","(00.626062829253,3.189510187768,183.434465832549)",296846447.037,"(0.037868965612,-0.995858664130,0.082652661910)",0.047055130365,3,18.38,M3G20090529T054847_V01_L0.IMG,M3G20090529T054847_V01_BDE.IMG,M3G20090529T061013_V01_FF.IMG,158.7,r,,,,,,,,,,,,,,,,,,2011-09-01T02:15:01,ACTUAL,3,m3g_l1b_v04.exe,4,1.012578694792 <AU>,158.7,REVERSE,ASCENDING,"(""N/A"",""N/A"",""N/A"")","(00.626062829253,3.189510187768,183.434465832549)",296846447.037,"(0.037868965612,-0.995858664130,0.082652661910)",0.047055130365,3,18.38,M3G20090529T054847_V01_L0.IMG,M3G20090529T054847_V01_BDE.IMG,M3G20090529T061013_V01_FF.IMG,158.7,u2
M3G20090529T100749,19bc,2009-06-10T20:30:56,2444,m3_igds_l0_v18.pl,18,158.93,GLOBAL,CH1-ORB-L-M3-2-L0-RAW-V1.0,2009-05-29T10:07:49,2009-05-29T10:59:15,2009-05-10T18:01:10,PRELIMINARY,m3g_l1b_v04.exe,4,1.012690609347 <AU>,158.93,REVERSE,ASCENDING,"(""N/A"",""N/A"",""N/A"")","(-00.189628822173,3.704915602011,182.371502776260)",296861765.859,"(0.045573392465,-0.995330107767,0.085094315153)",0.046939312365,3,18.18,M3G20090529T141938_V01_L0.IMG,M3G20090529T141938_V01_BDE.IMG,M3G20090529T100749_V01_FF.IMG,158.93,r,,,,,,,,,,,,,,,,,,2011-09-01T02:15:01,ACTUAL,3,m3g_l1b_v04.exe,4,1.012690609347 <AU>,158.93,REVERSE,ASCENDING,"(""N/A"",""N/A"",""N/A"")","(-00.189628822173,3.704915602011,182.371502776260)",296861765.859,"(0.045573392465,-0.995330107767,0.085094315153)",0.046939312365,3,18.18,M3G20090529T141938_V01_L0.IMG,M3G20090529T141938_V01_BDE.IMG,M3G20090529T100749_V01_FF.IMG,158.93,u2
M3G20090529T141938,19bc,2009-06-10T20:43:21,2446,m3_igds_l0_v18.pl,18,158.93,GLOBAL,CH1-ORB-L-M3-2-L0-RAW-V1.0,2009-05-29T14:19:38,2009-05-29T14:20:00,,,,,,,,,,,,,,,,,,,,,,,,,,,,,,,,,,,,,,,,,,,,,,,,,,,,,,,,,,
M3G20090529T143509,19bc,2009-06-10T20:43:26,2446,m3_igds_l0_v18.pl,18,158.85,GLOBAL,CH1-ORB-L-M3-2-L0-RAW-V1.0,2009-05-29T14:35:09,2009-05-29T15:27:45,2009-05-10T18:01:10,PRELIMINARY,m3g_l1b_v04.exe,4,1.012817650603 <AU>,158.85,REVERSE,ASCENDING,"(""N/A"",""N/A"",""N/A"")","(00.231261670317,-0.366994236333,183.349025564672)",296877084.884,"(0.041465549635,-0.995522257907,0.084947290746)",0.0469292535,3,18.05,M3G20090529T141938_V01_L0.IMG,M3G20090529T141938_V01_BDE.IMG,M3G20090529T143509_V01_FF.IMG,158.85,r,,,,,,,,,,,,,,,,,,2011-09-01T02:15:01,ACTUAL,3,m3g_l1b_v04.exe,4,1.012817650603 <AU>,158.85,REVERSE,ASCENDING,"(""N/A"",""N/A"",""N/A"")","(00.231261670317,-0.366994236333,183.349025564672)",296877084.884,"(0.041465549635,-0.995522257907,0.084947290746)",0.0469292535,3,18.05,M3G20090529T141938_V01_L0.IMG,M3G20090529T141938_V01_BDE.IMG,M3G20090529T143509_V01_FF.IMG,158.85,u2
M3G20090529T183508,19bc,2009-06-10T16:41:23,2447,m3_igds_l0_v18.pl,18,159.16,GLOBAL,CH1-ORB-L-M3-2-L0-RAW-V1.0,2009-05-29T18:35:08,2009-05-29T18:35:30,,,,,,,,,,,,,,,,,,,,,,,,,,,,,,,,,,,,,,,,,,,,,,,,,,,,,,,,,,
M3G20090529T183825,19bc,2009-06-10T16:41:28,2447,m3_igds_l0_v18.pl,18,159.08,GLOBAL,CH1-ORB-L-M3-2-L0-RAW-V1.0,2009-05-29T18:38:25,2009-05-29T19:30:45,2009-05-10T18:01:10,PRELIMINARY,m3g_l1b_v04.exe,4,1.012933415603 <AU>,159.08,REVERSE,ASCENDING,"(""N/A"",""N/A"",""N/A"")","(-00.568182375449,-0.545910638534,183.178951186435)",296892404.332,"(0.049515396883,-0.994862862718,0.088295582313)",0.046923879277,3,17.9,M3G20090529T183508_V01_L0.IMG,M3G20090529T183508_V01_BDE.IMG,M3G20090529T183825_V01_FF.IMG,159.08,r,,,,,,,,,,,,,,,,,,2011-09-01T02:15:01,ACTUAL,3,m3g_l1b_v04.exe,4,1.012933415603 <AU>,159.08,REVERSE,ASCENDING,"(""N/A"",""N/A"",""N/A"")","(-00.568182375449,-0.545910638534,183.178951186435)",296892404.332,"(0.049515396883,-0.994862862718,0.088295582313)",0.046923879277,3,17.9,M3G20090529T183508_V01_L0.IMG,M3G20090529T183508_V01_BDE.IMG,M3G20090529T183825_V01_FF.IMG,159.08,u2
M3G20090529T225048,19bc,2009-06-10T16:54:13,2447,m3_igds_l0_v18.pl,18,159.01,GLOBAL,CH1-ORB-L-M3-2-L0-RAW-V1.0,2009-05-29T22:50:48,2009-05-29T22:51:10,,,,,,,,,,,,,,,,,,,,,,,,,,,,,,,,,,,,,,,,,,,,,,,,,,,,,,,,,,
M3G20090529T230608,19bc,2009-06-10T16:54:18,2447,m3_igds_l0_v18.pl,18,158.93,GLOBAL,CH1-ORB-L-M3-2-L0-RAW-V1.0,2009-05-29T23:06:08,2009-05-29T23:58:45,2009-05-10T18:01:10,PRELIMINARY,m3g_l1b_v04.exe,4,1.013062740758 <AU>,158.93,REVERSE,ASCENDING,"(""N/A"",""N/A"",""N/A"")","(-00.633726887393,-0.238574509446,183.496929679424)",296907724.29,"(0.049886986970,-0.994793583919,0.088865144599)",0.04680139967,3,17.7,M3G20090529T225048_V01_L0.IMG,M3G20090529T225048_V01_BDE.IMG,M3G20090529T230608_V01_FF.IMG,158.93,r,,,,,,,,,,,,,,,,,,2011-09-01T02:15:01,ACTUAL,3,m3g_l1b_v04.exe,4,1.013062740758 <AU>,158.93,REVERSE,ASCENDING,"(""N/A"",""N/A"",""N/A"")","(-00.633726887393,-0.238574509446,183.496929679424)",296907724.29,"(0.049886986970,-0.994793583919,0.088865144599)",0.04680139967,3,17.7,M3G20090529T225048_V01_L0.IMG,M3G20090529T225048_V01_BDE.IMG,M3G20090529T230608_V01_FF.IMG,158.93,u2
M3G20090530T030609,19bc,2009-06-10T20:56:06,2454,m3_igds_l0_v18.pl,18,159.08,GLOBAL,CH1-ORB-L-M3-2-L0-RAW-V1.0,2009-05-30T03:06:09,2009-05-30T03:06:30,,,,,,,,,,,,,,,,,,,,,,,,,,,,,,,,,,,,,,,,,,,,,,,,,,,,,,,,,,
M3G20090530T030925,19bc,2009-06-10T20:56:11,2454,m3_igds_l0_v18.pl,18,159.08,GLOBAL,CH1-ORB-L-M3-2-L0-RAW-V1.0,2009-05-30T03:09:25,2009-05-30T04:01:45,2009-05-10T18:01:10,PRELIMINARY,m3g_l1b_v04.exe,4,1.013180202423 <AU>,159.08,REVERSE,ASCENDING,"(""N/A"",""N/A"",""N/A"")","(-00.465054096473,-1.112343961370,183.240770605733)",296923044.741,"(0.050320573748,-0.995057317740,0.085608260528)",0.04693561,3,17.51,M3G20090530T030609_V01_L0.IMG,M3G20090530T030609_V01_BDE.IMG,M3G20090530T030925_V01_FF.IMG,159.08,r,,,,,,,,,,,,,,,,,,2011-09-01T02:15:01,ACTUAL,3,m3g_l1b_v04.exe,4,1.013180202423 <AU>,159.08,REVERSE,ASCENDING,"(""N/A"",""N/A"",""N/A"")","(-00.465054096473,-1.112343961370,183.240770605733)",296923044.741,"(0.050320573748,-0.995057317740,0.085608260528)",0.04693561,3,17.51,M3G20090530T030609_V01_L0.IMG,M3G20090530T030609_V01_BDE.IMG,M3G20090530T030925_V01_FF.IMG,159.08,u2
M3G20090530T072138,19bc,2009-06-10T21:08:48,2454,m3_igds_l0_v18.pl,18,159.16,GLOBAL,CH1-ORB-L-M3-2-L0-RAW-V1.0,2009-05-30T07:21:38,2009-05-30T07:22:00,,,,,,,,,,,,,,,,,,,,,,,,,,,,,,,,,,,,,,,,,,,,,,,,,,,,,,,,,,
M3G20090530T073724,19bc,2009-06-10T21:08:53,2454,m3_igds_l0_v18.pl,18,159.01,GLOBAL,CH1-ORB-L-M3-2-L0-RAW-V1.0,2009-05-30T07:37:24,2009-05-30T08:30:00,2009-05-10T18:01:10,PRELIMINARY,m3g_l1b_v04.exe,4,1.013311390611 <AU>,159.01,REVERSE,ASCENDING,"(""N/A"",""N/A"",""N/A"")","(-01.005368521710,-0.561731246424,183.610103722774)",296938365.647,"(0.053795053738,-0.994546467392,0.089349965813)",0.046774682792,3,17.36,M3G20090530T072138_V01_L0.IMG,M3G20090530T072138_V01_BDE.IMG,M3G20090530T073724_V01_FF.IMG,159.01,r,,,,,,,,,,,,,,,,,,2011-09-01T02:15:01,ACTUAL,3,m3g_l1b_v04.exe,4,1.013311390611 <AU>,159.01,REVERSE,ASCENDING,"(""N/A"",""N/A"",""N/A"")","(-01.005368521710,-0.561731246424,183.610103722774)",296938365.647,"(0.053795053738,-0.994546467392,0.089349965813)",0.046774682792,3,17.36,M3G20090530T072138_V01_L0.IMG,M3G20090530T072138_V01_BDE.IMG,M3G20090530T073724_V01_FF.IMG,159.01,u2
M3G20090530T155248,19bc,2009-06-10T21:21:35,2455,m3_igds_l0_v18.pl,18,159.39,GLOBAL,CH1-ORB-L-M3-2-L0-RAW-V1.0,2009-05-30T15:52:48,2009-05-30T15:53:10,,,,,,,,,,,,,,,,,,,,,,,,,,,,,,,,,,,,,,,,,,,,,,,,,,,,,,,,,,
M3G20090530T160828,19bc,2009-06-10T21:21:40,2455,m3_igds_l0_v18.pl,18,159.23,GLOBAL,CH1-ORB-L-M3-2-L0-RAW-V1.0,2009-05-30T16:08:28,2009-05-30T17:01:00,2009-05-10T18:01:10,PRELIMINARY,m3g_l1b_v04.exe,4,1.013562037727 <AU>,159.23,REVERSE,ASCENDING,"(""N/A"",""N/A"",""N/A"")","(00.422435084055,0.394064036701,182.433804662460)",296969008.235,"(0.058672718116,-0.995978167180,0.067712647631)",0.046572466334,3,16.98,M3G20090530T155248_V01_L0.IMG,M3G20090530T155248_V01_BDE.IMG,M3G20090530T160828_V01_FF.IMG,159.23,r,,,,,,,,,,,,,,,,,,2011-09-01T02:15:01,ACTUAL,3,m3g_l1b_v04.exe,4,1.013562037727 <AU>,159.23,REVERSE,ASCENDING,"(""N/A"",""N/A"",""N/A"")","(00.422435084055,0.394064036701,182.433804662460)",296969008.235,"(0.058672718116,-0.995978167180,0.067712647631)",0.046572466334,3,16.98,M3G20090530T155248_V01_L0.IMG,M3G20090530T155248_V01_BDE.IMG,M3G20090530T160828_V01_FF.IMG,159.23,u2
M3G20090530T200818,19bc,2009-06-10T17:06:33,2458,m3_igds_l0_v18.pl,18,159.47,GLOBAL,CH1-ORB-L-M3-2-L0-RAW-V1.0,2009-05-30T20:08:18,2009-05-30T20:08:40,,,,,,,,,,,,,,,,,,,,,,,,,,,,,,,,,,,,,,,,,,,,,,,,,,,,,,,,,,
M3G20090530T201123,19bc,2009-06-10T17:06:38,2458,m3_igds_l0_v18.pl,18,159.54,GLOBAL,CH1-ORB-L-M3-2-L0-RAW-V1.0,2009-05-30T20:11:23,2009-05-30T21:03:45,2009-05-10T18:01:10,PRELIMINARY,m3g_l1b_v04.exe,4,1.013680906548 <AU>,159.54,REVERSE,ASCENDING,"(""N/A"",""N/A"",""N/A"")","(-01.541520908383,-1.835075290525,183.522529282398)",296984329.83,"(0.066049398700,-0.994179672533,0.085113193177)",0.046974733921,3,16.84,M3G20090530T200818_V01_L0.IMG,M3G20090530T200818_V01_BDE.IMG,M3G20090530T201123_V01_FF.IMG,159.47,r,,,,,,,,,,,,,,,,,,2011-09-01T02:15:01,ACTUAL,3,m3g_l1b_v04.exe,4,1.013680906548 <AU>,159.47,REVERSE,ASCENDING,"(""N/A"",""N/A"",""N/A"")","(-01.541520908383,-1.835075290525,183.522529282398)",296984329.83,"(0.066049398700,-0.994179672533,0.085113193177)",0.046974733921,3,16.84,M3G20090530T200818_V01_L0.IMG,M3G20090530T200818_V01_BDE.IMG,M3G20090530T201123_V01_FF.IMG,159.47,u2
M3G20090531T130802,19bc,2009-06-10T21:34:21,2465,m3_igds_l0_v18.pl,18,164.87,GLOBAL,CH1-ORB-L-M3-2-L0-RAW-V1.0,2009-05-31T13:08:02,2009-05-31T13:08:25,,,,,,,,,,,,,,,,,,,,,,,,,,,,,,,,,,,,,,,,,,,,,,,,,,,,,,,,,,
M3G20090531T132341,19bc,2009-06-10T21:34:27,2465,m3_igds_l0_v18.pl,18,164.28,GLOBAL,CH1-ORB-L-M3-2-L0-RAW-V1.0,2009-05-31T13:23:41,2009-05-31T13:30:50,2009-05-10T18:01:10,PRELIMINARY,m3g_l1b_v04.exe,4,1.014176957591 <AU>,164.28,REVERSE,ASCENDING,"(""N/A"",""N/A"",""N/A"")","(01.830291132745,-7.785980599349,184.346106968407)",297045611.123,"(0.030580901870,-0.998370528994,0.048177746691)",0.047731589939,3,16.16,M3G20090531T130802_V01_L0.IMG,M3G20090531T130802_V01_BDE.IMG,M3G20090531T133050_V01_FF.IMG,164.37,r,,,,,,,,,,,,,,,,,,2011-09-01T02:15:01,ACTUAL,3,m3g_l1b_v04.exe,4,1.014176957591 <AU>,164.37,REVERSE,ASCENDING,"(""N/A"",""N/A"",""N/A"")","(01.830291132745,-7.785980599349,184.346106968407)",297045611.123,"(0.030580901870,-0.998370528994,0.048177746691)",0.047731589939,3,16.16,M3G20090531T130802_V01_L0.IMG,M3G20090531T130802_V01_BDE.IMG,M3G20090531T133050_V01_FF.IMG,164.37,u2
M3G20090531T133050,19bc,2009-06-10T21:36:12,2465,m3_igds_l0_v18.pl,18,164.12,GLOBAL,CH1-ORB-L-M3-2-L0-RAW-V1.0,2009-05-31T13:30:50,2009-05-31T13:42:07,2009-05-10T18:01:10,PRELIMINARY,m3g_l1b_v04.exe,4,1.014179023274 <AU>,164.12,REVERSE,ASCENDING,"(""N/A"",""N/A"",""N/A"")","(01.830291132745,-7.785980599349,184.346106968407)",297045611.123,"(0.030580901870,-0.998370528994,0.048177746691)",0.047731589939,3,16.16,M3G20090531T130802_V01_L0.IMG,M3G20090531T130802_V01_BDE.IMG,M3G20090531T133050_V01_FF.IMG,164.04,r,,,,,,,,,,,,,,,,,,2011-09-01T02:15:01,ACTUAL,3,m3g_l1b_v04.exe,4,1.014179023274 <AU>,164.04,REVERSE,ASCENDING,"(""N/A"",""N/A"",""N/A"")","(01.830291132745,-7.785980599349,184.346106968407)",297045611.123,"(0.030580901870,-0.998370528994,0.048177746691)",0.047731589939,3,16.16,M3G20090531T130802_V01_L0.IMG,M3G20090531T130802_V01_BDE.IMG,M3G20090531T133050_V01_FF.IMG,164.04,u2
M3G20090531T134207,19bc,2009-06-10T21:39:00,2465,m3_igds_l0_v18.pl,18,163.78,GLOBAL,CH1-ORB-L-M3-2-L0-RAW-V1.0,2009-05-31T13:42:07,2009-05-31T14:15:15,2009-05-10T18:01:10,PRELIMINARY,m3g_l1b_v04.exe,4,1.014193366669 <AU>,163.78,REVERSE,ASCENDING,"(""N/A"",""N/A"",""N/A"")","(01.830291132745,-7.785980599349,184.346106968407)",297045611.123,"(0.030580901870,-0.998370528994,0.048177746691)",0.047731589939,3,16.16,M3G20090531T130802_V01_L0.IMG,M3G20090531T130802_V01_BDE.IMG,M3G20090531T134207_V01_FF.IMG,163.78,r,,,,,,,,,,,,,,,,,,2011-09-01T02:15:01,ACTUAL,3,m3g_l1b_v04.exe,4,1.014193366669 <AU>,163.78,REVERSE,ASCENDING,"(""N/A"",""N/A"",""N/A"")","(01.830291132745,-7.785980599349,184.346106968407)",297045611.123,"(0.030580901870,-0.998370528994,0.048177746691)",0.047731589939,3,16.16,M3G20090531T130802_V01_L0.IMG,M3G20090531T130802_V01_BDE.IMG,M3G20090531T134207_V01_FF.IMG,163.78,u2
M3G20090531T172331,19bc,2009-06-10T17:19:46,2470,m3_igds_l0_v18.pl,18,161.66,GLOBAL,CH1-ORB-L-M3-2-L0-RAW-V1.0,2009-05-31T17:23:31,2009-05-31T17:23:55,,,,,,,,,,,,,,,,,,,,,,,,,,,,,,,,,,,,,,,,,,,,,,,,,,,,,,,,,,
M3G20090531T172712,19bc,2009-06-10T17:19:52,2470,m3_igds_l0_v18.pl,18,161.66,GLOBAL,CH1-ORB-L-M3-2-L0-RAW-V1.0,2009-05-31T17:27:12,2009-05-31T18:19:00,2009-05-10T18:01:10,PRELIMINARY,m3g_l1b_v04.exe,4,1.014306541979 <AU>,161.66,REVERSE,ASCENDING,"(""N/A"",""N/A"",""N/A"")","(-01.019016807124,-3.271745703154,183.493808335557)",297060927.582,"(0.051639259634,-0.996185532513,0.070340398612)",0.046787367627,3,15.97,M3G20090531T172331_V01_L0.IMG,M3G20090531T172331_V01_BDE.IMG,M3G20090531T172712_V01_FF.IMG,161.66,r,,,,,,,,,,,,,,,,,,2011-09-01T02:15:01,ACTUAL,3,m3g_l1b_v04.exe,4,1.014306541979 <AU>,161.66,REVERSE,ASCENDING,"(""N/A"",""N/A"",""N/A"")","(-01.019016807124,-3.271745703154,183.493808335557)",297060927.582,"(0.051639259634,-0.996185532513,0.070340398612)",0.046787367627,3,15.97,M3G20090531T172331_V01_L0.IMG,M3G20090531T172331_V01_BDE.IMG,M3G20090531T172712_V01_FF.IMG,161.66,u2
M3G20090531T213901,19bc,2009-06-10T17:32:32,2470,m3_igds_l0_v18.pl,18,160.55,GLOBAL,CH1-ORB-L-M3-2-L0-RAW-V1.0,2009-05-31T21:39:01,2009-05-31T21:39:25,,,,,,,,,,,,,,,,,,,,,,,,,,,,,,,,,,,,,,,,,,,,,,,,,,,,,,,,,,
M3G20090531T215442,19bc,2009-06-10T17:32:38,2470,m3_igds_l0_v18.pl,18,160.39,GLOBAL,CH1-ORB-L-M3-2-L0-RAW-V1.0,2009-05-31T21:54:42,2009-05-31T22:46:15,2009-05-10T18:01:10,PRELIMINARY,m3g_l1b_v04.exe,4,1.014436463214 <AU>,160.39,REVERSE,ASCENDING,"(""N/A"",""N/A"",""N/A"")","(00.585899859561,-3.107172704129,180.929983162670)",297076243.889,"(0.043681715501,-0.997155136133,0.061429164203)",0.046710172372,3,15.82,M3G20090531T213901_V01_L0.IMG,M3G20090531T213901_V01_BDE.IMG,M3G20090531T215442_V01_FF.IMG,160.39,r,,,,,,,,,,,,,,,,,,2011-09-01T02:15:01,ACTUAL,3,m3g_l1b_v04.exe,4,1.014436463214 <AU>,160.39,REVERSE,ASCENDING,"(""N/A"",""N/A"",""N/A"")","(00.585899859561,-3.107172704129,180.929983162670)",297076243.889,"(0.043681715501,-0.997155136133,0.061429164203)",0.046710172372,3,15.82,M3G20090531T213901_V01_L0.IMG,M3G20090531T213901_V01_BDE.IMG,M3G20090531T215442_V01_FF.IMG,160.39,u2
M3G20090601T015551,19bc,2009-06-10T17:45:20,2470,m3_igds_l0_v18.pl,18,160.24,GLOBAL,CH1-ORB-L-M3-2-L0-RAW-V1.0,2009-06-01T01:55:51,2009-06-01T01:56:15,,,,,,,,,,,,,,,,,,,,,,,,,,,,,,,,,,,,,,,,,,,,,,,,,,,,,,,,,,
M3G20090601T021112,19bc,2009-06-10T17:45:26,2470,m3_igds_l0_v18.pl,18,159.93,GLOBAL,CH1-ORB-L-M3-2-L0-RAW-V1.0,2009-06-01T02:11:12,2009-06-01T03:03:00,2009-05-10T18:01:10,PRELIMINARY,m3g_l1b_v04.exe,4,1.014560318578 <AU>,159.93,REVERSE,ASCENDING,"(""N/A"",""N/A"",""N/A"")","(-00.136533189565,-3.158667146575,182.196631562492)",297091560.212,"(0.050578881016,-0.996831905371,0.061383460550)",0.046681813632,3,15.63,M3G20090603T174201_V01_L0.IMG,M3G20090601T015551_V01_BDE.IMG,M3G20090601T021112_V01_FF.IMG,159.93,r,,,,,,,,,,,,,,,,,,2011-09-01T02:15:01,ACTUAL,3,m3g_l1b_v04.exe,4,1.014560318578 <AU>,159.93,REVERSE,ASCENDING,"(""N/A"",""N/A"",""N/A"")","(-00.136533189565,-3.158667146575,182.196631562492)",297091560.212,"(0.050578881016,-0.996831905371,0.061383460550)",0.046681813632,3,15.63,M3G20090603T174201_V01_L0.IMG,M3G20090601T015551_V01_BDE.IMG,M3G20090601T062753_V01_FF.IMG,159.93,u2
M3G20090601T061122,19bc,2009-06-10T21:47:09,2477,m3_igds_l0_v18.pl,18,160.16,GLOBAL,CH1-ORB-L-M3-2-L0-RAW-V1.0,2009-06-01T06:11:22,2009-06-01T06:11:45,,,,,,,,,,,,,,,,,,,,,,,,,,,,,,,,,,,,,,,,,,,,,,,,,,,,,,,,,,
M3G20090601T061442,19bc,2009-06-10T21:47:15,2477,m3_igds_l0_v18.pl,18,160.16,GLOBAL,CH1-ORB-L-M3-2-L0-RAW-V1.0,2009-06-01T06:14:42,2009-06-01T06:27:53,2009-05-10T18:01:10,PRELIMINARY,m3g_l1b_v04.exe,4,1.014670249068 <AU>,160.16,REVERSE,ASCENDING,"(""N/A"",""N/A"",""N/A"")","(-00.730397889775,-3.186063920823,181.580839918992)",297106876.536,"(0.058963765352,-0.996395519222,0.060985601995)",0.04661857448,3,15.49,M3G20090603T174201_V01_L0.IMG,M3G20090601T061122_V01_BDE.IMG,M3G20090601T062753_V01_FF.IMG,159.93,r,,,,,,,,,,,,,,,,,,2011-09-01T02:15:01,ACTUAL,3,m3g_l1b_v04.exe,4,1.014670249068 <AU>,159.93,REVERSE,ASCENDING,"(""N/A"",""N/A"",""N/A"")","(-00.730397889775,-3.186063920823,181.580839918992)",297106876.536,"(0.058963765352,-0.996395519222,0.060985601995)",0.04661857448,3,15.49,M3G20090603T174201_V01_L0.IMG,M3G20090601T061122_V01_BDE.IMG,M3G20090601T062753_V01_FF.IMG,159.93,u2
M3G20090601T062753,19bc,2009-06-10T21:50:24,2477,m3_igds_l0_v18.pl,18,160.16,GLOBAL,CH1-ORB-L-M3-2-L0-RAW-V1.0,2009-06-01T06:27:53,2009-06-01T06:40:32,2009-05-10T18:01:10,PRELIMINARY,m3g_l1b_v04.exe,4,1.014671491253 <AU>,160.16,REVERSE,ASCENDING,"(""N/A"",""N/A"",""N/A"")","(-00.730397889775,-3.186063920823,181.580839918992)",297106876.536,"(0.058963765352,-0.996395519222,0.060985601995)",0.04661857448,3,15.49,M3G20090603T174201_V01_L0.IMG,M3G20090601T061122_V01_BDE.IMG,M3G20090601T062753_V01_FF.IMG,159.93,r,,,,,,,,,,,,,,,,,,2011-09-01T02:15:01,ACTUAL,3,m3g_l1b_v04.exe,4,1.014671491253 <AU>,159.93,REVERSE,ASCENDING,"(""N/A"",""N/A"",""N/A"")","(-00.730397889775,-3.186063920823,181.580839918992)",297106876.536,"(0.058963765352,-0.996395519222,0.060985601995)",0.04661857448,3,15.49,M3G20090603T174201_V01_L0.IMG,M3G20090601T061122_V01_BDE.IMG,M3G20090601T062753_V01_FF.IMG,159.93,u2
M3G20090601T064032,19bc,2009-06-10T21:53:28,2477,m3_igds_l0_v18.pl,18,160.16,GLOBAL,CH1-ORB-L-M3-2-L0-RAW-V1.0,2009-06-01T06:40:32,2009-06-01T07:06:40,2009-05-10T18:01:10,PRELIMINARY,m3g_l1b_v04.exe,4,1.014681380719 <AU>,160.16,REVERSE,ASCENDING,"(""N/A"",""N/A"",""N/A"")","(-00.730397889775,-3.186063920823,181.580839918992)",297106876.536,"(0.058963765352,-0.996395519222,0.060985601995)",0.04661857448,3,15.49,M3G20090603T174201_V01_L0.IMG,M3G20090601T061122_V01_BDE.IMG,M3G20090601T064032_V01_FF.IMG,160.16,r,,,,,,,,,,,,,,,,,,2011-09-01T02:15:01,ACTUAL,3,m3g_l1b_v04.exe,4,1.014681380719 <AU>,160.16,REVERSE,ASCENDING,"(""N/A"",""N/A"",""N/A"")","(-00.730397889775,-3.186063920823,181.580839918992)",297106876.536,"(0.058963765352,-0.996395519222,0.060985601995)",0.04661857448,3,15.49,M3G20090603T174201_V01_L0.IMG,M3G20090601T061122_V01_BDE.IMG,M3G20090601T062753_V01_FF.IMG,160.16,u2
M3G20090601T102652,19bc,2009-06-10T21:59:47,2477,m3_igds_l0_v18.pl,18,159.85,GLOBAL,CH1-ORB-L-M3-2-L0-RAW-V1.0,2009-06-01T10:26:52,2009-06-01T10:27:15,,,,,,,,,,,,,,,,,,,,,,,,,,,,,,,,,,,,,,,,,,,,,,,,,,,,,,,,,,
M3G20090601T104211,19bc,2009-06-10T21:59:52,2477,m3_igds_l0_v18.pl,18,159.7,GLOBAL,CH1-ORB-L-M3-2-L0-RAW-V1.0,2009-06-01T10:42:11,2009-06-01T11:34:00,2009-05-10T18:01:10,PRELIMINARY,m3g_l1b_v04.exe,4,1.014803593308 <AU>,159.7,REVERSE,ASCENDING,"(""N/A"",""N/A"",""N/A"")","(-00.113285227019,-2.536946331656,179.880269432532)",297122192.899,"(0.057991362544,-0.996861915420,0.053882496753)",0.046437191598,3,15.29,M3G20090603T174201_V01_L0.IMG,M3G20090601T102652_V01_BDE.IMG,M3G20090601T104211_V01_FF.IMG,159.7,r,,,,,,,,,,,,,,,,,,2011-09-01T02:15:01,ACTUAL,3,m3g_l1b_v04.exe,4,1.014803593308 <AU>,159.7,REVERSE,ASCENDING,"(""N/A"",""N/A"",""N/A"")","(-00.113285227019,-2.536946331656,179.880269432532)",297122192.899,"(0.057991362544,-0.996861915420,0.053882496753)",0.046437191598,3,15.29,M3G20090603T174201_V01_L0.IMG,M3G20090601T102652_V01_BDE.IMG,M3G20090601T145212_V01_FF.IMG,159.7,u2
M3G20090601T145212,19bc,2009-06-10T22:12:21,2477,m3_igds_l0_v18.pl,18,159.93,GLOBAL,CH1-ORB-L-M3-2-L0-RAW-V1.0,2009-06-01T14:52:12,2009-06-01T15:37:40,2009-05-10T18:01:10,PRELIMINARY,m3g_l1b_v04.exe,4,1.014917983890 <AU>,159.93,REVERSE,ASCENDING,"(""N/A"",""N/A"",""N/A"")","(-00.193758641459,-3.104330425989,180.918728850688)",297137509.203,"(0.062718102731,-0.996726184855,0.051023053743)",0.046308599697,3,15.15,M3G20090603T174201_V01_L0.IMG,M3G20090601T102652_V01_BDE.IMG,M3G20090601T145212_V01_FF.IMG,159.93,r,,,,,,,,,,,,,,,,,,2011-09-01T02:15:01,ACTUAL,3,m3g_l1b_v04.exe,4,1.014917983890 <AU>,159.93,REVERSE,ASCENDING,"(""N/A"",""N/A"",""N/A"")","(-00.193758641459,-3.104330425989,180.918728850688)",297137509.203,"(0.062718102731,-0.996726184855,0.051023053743)",0.046308599697,3,15.15,M3G20090603T174201_V01_L0.IMG,M3G20090601T102652_V01_BDE.IMG,M3G20090601T145212_V01_FF.IMG,159.93,u2
M3G20090601T193005,19bc,2009-06-10T17:58:00,2482,m3_igds_l0_v18.pl,18,159.85,GLOBAL,CH1-ORB-L-M3-2-L0-RAW-V1.0,2009-06-01T19:30:05,2009-06-01T20:04:50,2009-05-10T18:01:10,PRELIMINARY,m3g_l1b_v04.exe,4,1.015047164021 <AU>,159.85,REVERSE,ASCENDING,"(""N/A"",""N/A"",""N/A"")","(02.275609717828,-3.275254166878,176.985931489186)",297152825.307,"(0.058868838416,-0.998240514225,0.007094760220)",0.046237543278,3,14.95,M3G20090603T174201_V01_L0.IMG,M3G20090601T102652_V01_BDE.IMG,M3G20090601T193005_V01_FF.IMG,159.85,r,,,,,,,,,,,,,,,,,,2011-09-01T02:15:01,ACTUAL,3,m3g_l1b_v04.exe,4,1.015047164021 <AU>,159.85,REVERSE,ASCENDING,"(""N/A"",""N/A"",""N/A"")","(02.275609717828,-3.275254166878,176.985931489186)",297152825.307,"(0.058868838416,-0.998240514225,0.007094760220)",0.046237543278,3,14.95,M3G20090603T174201_V01_L0.IMG,M3G20090601T102652_V01_BDE.IMG,M3G20090601T235923_V01_FF.IMG,159.85,u2
M3G20090601T235923,19bc,2009-06-10T22:23:23,2489,m3_igds_l0_v18.pl,18,160.47,GLOBAL,CH1-ORB-L-M3-2-L0-RAW-V1.0,2009-06-01T23:59:23,2009-06-02T00:08:40,2009-05-10T18:01:10,PRELIMINARY,m3g_l1b_v04.exe,4,1.015164497427 <AU>,160.47,REVERSE,ASCENDING,"(""N/A"",""N/A"",""N/A"")","(00.924432042781,-5.059865273476,181.723505973833)",297168141.104,"(0.054662052059,-0.997540015993,0.043885949430)",0.046533795754,3,14.81,M3G20090603T174201_V01_L0.IMG,M3G20090601T102652_V01_BDE.IMG,M3G20090601T235923_V01_FF.IMG,160.47,r,,,,,,,,,,,,,,,,,,2011-09-01T02:15:01,ACTUAL,3,m3g_l1b_v04.exe,4,1.015164497427 <AU>,160.47,REVERSE,ASCENDING,"(""N/A"",""N/A"",""N/A"")","(00.924432042781,-5.059865273476,181.723505973833)",297168141.104,"(0.054662052059,-0.997540015993,0.043885949430)",0.046533795754,3,14.81,M3G20090603T174201_V01_L0.IMG,M3G20090601T102652_V01_BDE.IMG,M3G20090601T235923_V01_FF.IMG,160.47,u2
M3G20090602T074711,19bc,2009-06-10T22:25:46,2489,m3_igds_l0_v18.pl,18,160.79,GLOBAL,CH1-ORB-L-M3-2-L0-RAW-V1.0,2009-06-02T07:47:11,2009-06-02T08:29:36,2009-05-10T18:01:10,PRELIMINARY,m3g_l1b_v04.exe,4,1.015379508078 <AU>,160.79,REVERSE,ASCENDING,"(""N/A"",""N/A"",""N/A"")","(02.097751277451,-9.387043562757,179.235818801101)",297198772.32,"(0.035168724642,-0.998055031665,0.051471492834)",0.046735875722,3,14.48,M3G20090603T174201_V01_L0.IMG,M3G20090601T102652_V01_BDE.IMG,M3G20090602T074711_V01_FF.IMG,160.87,r,,,,,,,,,,,,,,,,,,2011-09-01T02:15:01,ACTUAL,3,m3g_l1b_v04.exe,4,1.015379508078 <AU>,160.87,REVERSE,ASCENDING,"(""N/A"",""N/A"",""N/A"")","(02.097751277451,-9.387043562757,179.235818801101)",297198772.32,"(0.035168724642,-0.998055031665,0.051471492834)",0.046735875722,3,14.48,M3G20090603T174201_V01_L0.IMG,M3G20090601T102652_V01_BDE.IMG,M3G20090602T074711_V01_FF.IMG,160.87,u2
M3G20090602T082937,19bc,2009-06-10T22:36:07,2489,m3_igds_l0_v18.pl,18,160.79,GLOBAL,CH1-ORB-L-M3-2-L0-RAW-V1.0,2009-06-02T08:29:37,2009-06-02T08:39:10,2009-05-10T18:01:10,PRELIMINARY,m3g_l1b_v04.exe,4,1.015393339543 <AU>,160.79,REVERSE,ASCENDING,"(""N/A"",""N/A"",""N/A"")","(02.097751277451,-9.387043562757,179.235818801101)",297198772.32,"(0.035168724642,-0.998055031665,0.051471492834)",0.046735875722,3,14.43,M3G20090603T174201_V01_L0.IMG,M3G20090601T102652_V01_BDE.IMG,M3G20090602T074711_V01_FF.IMG,160.87,r,,,,,,,,,,,,,,,,,,2011-09-01T02:15:01,ACTUAL,3,m3g_l1b_v04.exe,4,1.015393339543 <AU>,160.87,REVERSE,ASCENDING,"(""N/A"",""N/A"",""N/A"")","(02.097751277451,-9.387043562757,179.235818801101)",297198772.32,"(0.035168724642,-0.998055031665,0.051471492834)",0.046735875722,3,14.43,M3G20090603T174201_V01_L0.IMG,M3G20090601T102652_V01_BDE.IMG,M3G20090602T074711_V01_FF.IMG,160.87,u2
M3G20090602T115921,19bc,2009-06-10T22:38:26,2489,m3_igds_l0_v18.pl,18,160.63,GLOBAL,CH1-ORB-L-M3-2-L0-RAW-V1.0,2009-06-02T11:59:21,2009-06-02T11:59:45,,,,,,,,,,,,,,,,,,,,,,,,,,,,,,,,,,,,,,,,,,,,,,,,,,,,,,,,,,
M3G20090602T121452,19bc,2009-06-10T22:38:32,2489,m3_igds_l0_v18.pl,18,160.39,GLOBAL,CH1-ORB-L-M3-2-L0-RAW-V1.0,2009-06-02T12:14:52,2009-06-02T12:41:00,2009-05-10T18:01:10,PRELIMINARY,m3g_l1b_v04.exe,4,1.015491767336 <AU>,160.39,REVERSE,ASCENDING,"(""N/A"",""N/A"",""N/A"")","(-00.911198259149,-6.323338347522,180.387543248575)",297214088.004,"(0.062896529480,-0.996369850290,0.057368528059)",0.046074813221,3,14.28,M3G20090603T174201_V01_L0.IMG,M3G20090601T102652_V01_BDE.IMG,M3G20090602T121452_V01_FF.IMG,160.47,r,,,,,,,,,,,,,,,,,,2011-09-01T02:15:01,ACTUAL,3,m3g_l1b_v04.exe,4,1.015491767336 <AU>,160.47,REVERSE,ASCENDING,"(""N/A"",""N/A"",""N/A"")","(-00.911198259149,-6.323338347522,180.387543248575)",297214088.004,"(0.062896529480,-0.996369850290,0.057368528059)",0.046074813221,3,14.28,M3G20090603T174201_V01_L0.IMG,M3G20090601T102652_V01_BDE.IMG,M3G20090602T124100_V01_FF.IMG,160.47,u2
M3G20090602T124100,19bc,2009-06-10T22:44:53,2489,m3_igds_l0_v18.pl,18,160.39,GLOBAL,CH1-ORB-L-M3-2-L0-RAW-V1.0,2009-06-02T12:41:00,2009-06-02T13:07:10,2009-05-10T18:01:10,PRELIMINARY,m3g_l1b_v04.exe,4,1.015509627354 <AU>,160.39,REVERSE,ASCENDING,"(""N/A"",""N/A"",""N/A"")","(-00.911198259149,-6.323338347522,180.387543248575)",297214088.004,"(0.062896529480,-0.996369850290,0.057368528059)",0.046074813221,3,14.28,M3G20090603T174201_V01_L0.IMG,M3G20090601T102652_V01_BDE.IMG,M3G20090602T124100_V01_FF.IMG,160.39,r,,,,,,,,,,,,,,,,,,2011-09-01T02:15:01,ACTUAL,3,m3g_l1b_v04.exe,4,1.015509627354 <AU>,160.39,REVERSE,ASCENDING,"(""N/A"",""N/A"",""N/A"")","(-00.911198259149,-6.323338347522,180.387543248575)",297214088.004,"(0.062896529480,-0.996369850290,0.057368528059)",0.046074813221,3,14.28,M3G20090603T174201_V01_L0.IMG,M3G20090601T102652_V01_BDE.IMG,M3G20090602T124100_V01_FF.IMG,160.39,u2
M3G20090602T161451,19bc,2009-06-10T22:51:07,2489,m3_igds_l0_v18.pl,18,160.79,GLOBAL,CH1-ORB-L-M3-2-L0-RAW-V1.0,2009-06-02T16:14:51,2009-06-02T16:15:15,,,,,,,,,,,,,,,,,,,,,,,,,,,,,,,,,,,,,,,,,,,,,,,,,,,,,,,,,,
M3G20090602T163012,19bc,2009-06-10T22:51:12,2489,m3_igds_l0_v18.pl,18,160.63,GLOBAL,CH1-ORB-L-M3-2-L0-RAW-V1.0,2009-06-02T16:30:12,2009-06-02T16:48:51,2009-05-10T18:01:10,PRELIMINARY,m3g_l1b_v04.exe,4,1.015600312599 <AU>,160.63,REVERSE,ASCENDING,"(""N/A"",""N/A"",""N/A"")","(-00.386162551437,-8.332951809865,184.462017833466)",297229403.713,"(0.056664061759,-0.997312831266,0.046435984941)",0.046404536775,3,14.09,M3G20090603T174201_V01_L0.IMG,M3G20090603T174201_V01_BDE.IMG,M3G20090602T163012_V01_FF.IMG,160.63,r,,,,,,,,,,,,,,,,,,2011-09-01T02:15:01,ACTUAL,3,m3g_l1b_v04.exe,4,1.015600312599 <AU>,160.63,REVERSE,ASCENDING,"(""N/A"",""N/A"",""N/A"")","(-00.386162551437,-8.332951809865,184.462017833466)",297229403.713,"(0.056664061759,-0.997312831266,0.046435984941)",0.046404536775,3,14.09,M3G20090603T174201_V01_L0.IMG,M3G20090603T174201_V01_BDE.IMG,M3G20090602T163012_V01_FF.IMG,160.63,u2
M3G20090602T164851,19bc,2009-06-10T18:06:21,2494,m3_igds_l0_v18.pl,18,160.55,GLOBAL,CH1-ORB-L-M3-2-L0-RAW-V1.0,2009-06-02T16:48:51,2009-06-02T17:21:50,2009-05-10T18:01:10,PRELIMINARY,m3g_l1b_v04.exe,4,1.015616063074 <AU>,160.55,REVERSE,ASCENDING,"(""N/A"",""N/A"",""N/A"")","(-00.386162551437,-8.332951809865,184.462017833466)",297229403.713,"(0.056664061759,-0.997312831266,0.046435984941)",0.046404536775,3,14.09,M3G20090603T174201_V01_L0.IMG,M3G20090603T174201_V01_BDE.IMG,M3G20090602T164851_V01_FF.IMG,160.55,r,,,,,,,,,,,,,,,,,,2011-09-01T02:15:01,ACTUAL,3,m3g_l1b_v04.exe,4,1.015616063074 <AU>,160.55,REVERSE,ASCENDING,"(""N/A"",""N/A"",""N/A"")","(-00.386162551437,-8.332951809865,184.462017833466)",297229403.713,"(0.056664061759,-0.997312831266,0.046435984941)",0.046404536775,3,14.09,M3G20090603T174201_V01_L0.IMG,M3G20090603T174201_V01_BDE.IMG,M3G20090602T164851_V01_FF.IMG,160.55,u2
M3G20090602T203022,19bc,2009-06-10T18:14:20,2494,m3_igds_l0_v18.pl,18,160.71,GLOBAL,CH1-ORB-L-M3-2-L0-RAW-V1.0,2009-06-02T20:30:22,2009-06-02T20:30:45,,,,,,,,,,,,,,,,,,,,,,,,,,,,,,,,,,,,,,,,,,,,,,,,,,,,,,,,,,
M3G20090602T203342,19bc,2009-06-10T18:14:26,2494,m3_igds_l0_v18.pl,18,160.71,GLOBAL,CH1-ORB-L-M3-2-L0-RAW-V1.0,2009-06-02T20:33:42,2009-06-02T21:25:40,2009-05-10T18:01:10,PRELIMINARY,m3g_l1b_v04.exe,4,1.015712455505 <AU>,160.71,REVERSE,ASCENDING,"(""N/A"",""N/A"",""N/A"")","(00.146702702575,-12.047357631382,183.616698215155)",297244719.333,"(0.052824335165,-0.997656958728,0.043476227027)",0.047030329869,3,13.94,M3G20090603T174201_V01_L0.IMG,M3G20090603T174201_V01_BDE.IMG,M3G20090602T203342_V01_FF.IMG,160.79,r,,,,,,,,,,,,,,,,,,2011-09-01T02:15:01,ACTUAL,3,m3g_l1b_v04.exe,4,1.015712455505 <AU>,160.79,REVERSE,ASCENDING,"(""N/A"",""N/A"",""N/A"")","(00.146702702575,-12.047357631382,183.616698215155)",297244719.333,"(0.052824335165,-0.997656958728,0.043476227027)",0.047030329869,3,13.94,M3G20090603T174201_V01_L0.IMG,M3G20090603T174201_V01_BDE.IMG,M3G20090602T203342_V01_FF.IMG,160.79,u2
M3G20090603T004552,19bc,2009-06-10T18:27:05,2494,m3_igds_l0_v18.pl,18,161.26,GLOBAL,CH1-ORB-L-M3-2-L0-RAW-V1.0,2009-06-03T00:45:52,2009-06-03T00:46:15,,,,,,,,,,,,,,,,,,,,,,,,,,,,,,,,,,,,,,,,,,,,,,,,,,,,,,,,,,
M3G20090603T010112,19bc,2009-06-10T18:27:11,2494,m3_igds_l0_v18.pl,18,161.03,GLOBAL,CH1-ORB-L-M3-2-L0-RAW-V1.0,2009-06-03T01:01:12,2009-06-03T01:47:11,2009-05-10T18:01:10,PRELIMINARY,m3g_l1b_v04.exe,4,1.015822319328 <AU>,161.03,REVERSE,ASCENDING,"(""N/A"",""N/A"",""N/A"")","(-01.514612418868,-11.810598491507,181.839838129134)",297260034.803,"(0.073881171193,-0.996175003429,0.046657636967)",0.046876405092,3,13.75,M3G20090603T174201_V01_L0.IMG,M3G20090603T174201_V01_BDE.IMG,M3G20090603T010112_V01_FF.IMG,161.03,r,,,,,,,,,,,,,,,,,,2011-09-01T02:15:01,ACTUAL,3,m3g_l1b_v04.exe,4,1.015822319328 <AU>,161.03,REVERSE,ASCENDING,"(""N/A"",""N/A"",""N/A"")","(-01.514612418868,-11.810598491507,181.839838129134)",297260034.803,"(0.073881171193,-0.996175003429,0.046657636967)",0.046876405092,3,13.75,M3G20090603T174201_V01_L0.IMG,M3G20090603T174201_V01_BDE.IMG,M3G20090603T010112_V01_FF.IMG,161.03,u2
M3G20090603T050121,19bc,2009-06-10T22:55:44,2501,m3_igds_l0_v18.pl,18,161.42,GLOBAL,CH1-ORB-L-M3-2-L0-RAW-V1.0,2009-06-03T05:01:21,2009-06-03T05:01:45,,,,,,,,,,,,,,,,,,,,,,,,,,,,,,,,,,,,,,,,,,,,,,,,,,,,,,,,,,
M3G20090603T050442,19bc,2009-06-10T22:55:50,2501,m3_igds_l0_v18.pl,18,161.34,GLOBAL,CH1-ORB-L-M3-2-L0-RAW-V1.0,2009-06-03T05:04:42,2009-06-03T05:56:30,2009-05-10T18:01:10,PRELIMINARY,m3g_l1b_v04.exe,4,1.015922297535 <AU>,161.34,REVERSE,ASCENDING,"(""N/A"",""N/A"",""N/A"")","(-00.706338070578,-13.719529968749,180.645651034737)",297275350.232,"(0.073271278410,-0.996619564192,0.037158633327)",0.047153926998,3,13.61,M3G20090603T174201_V01_L0.IMG,M3G20090603T174201_V01_BDE.IMG,M3G20090603T050442_V01_FF.IMG,161.42,r,,,,,,,,,,,,,,,,,,2011-09-01T02:15:01,ACTUAL,3,m3g_l1b_v04.exe,4,1.015922297535 <AU>,161.42,REVERSE,ASCENDING,"(""N/A"",""N/A"",""N/A"")","(-00.706338070578,-13.719529968749,180.645651034737)",297275350.232,"(0.073271278410,-0.996619564192,0.037158633327)",0.047153926998,3,13.61,M3G20090603T174201_V01_L0.IMG,M3G20090603T174201_V01_BDE.IMG,M3G20090603T050442_V01_FF.IMG,161.42,u2
M3G20090603T134223,19bc,2009-06-10T23:08:28,2504,m3_igds_l0_v18.pl,18,162.23,GLOBAL,CH1-ORB-L-M3-2-L0-RAW-V1.0,2009-06-03T13:42:23,2009-06-03T14:31:44,2009-05-10T18:01:10,PRELIMINARY,m3g_l1b_v04.exe,4,1.016125026262 <AU>,162.23,REVERSE,ASCENDING,"(""N/A"",""N/A"",""N/A"")","(-01.153589750953,3.961796272653,177.743488381399)",297305981.182,"(0.100666233674,-0.994919031527,-0.001558878907)",0.047214097075,3,13.27,M3G20090603T174201_V01_L0.IMG,M3G20090603T174201_V01_BDE.IMG,M3G20090603T134223_V01_FF.IMG,161.91,r,,,,,,,,,,,,,,,,,,2011-09-01T02:15:01,ACTUAL,3,m3g_l1b_v04.exe,4,1.016125026262 <AU>,161.91,REVERSE,ASCENDING,"(""N/A"",""N/A"",""N/A"")","(-01.153589750953,3.961796272653,177.743488381399)",297305981.182,"(0.100666233674,-0.994919031527,-0.001558878907)",0.047214097075,3,13.27,M3G20090603T174201_V01_L0.IMG,M3G20090603T174201_V01_BDE.IMG,M3G20090603T134223_V01_FF.IMG,161.91,u2
M3G20090603T143144,19bc,2009-06-10T23:20:29,2504,m3_igds_l0_v18.pl,18,162.23,GLOBAL,CH1-ORB-L-M3-2-L0-RAW-V1.0,2009-06-03T14:31:44,2009-06-03T14:33:10,2009-05-10T18:01:10,PRELIMINARY,m3g_l1b_v04.exe,4,1.016142092968 <AU>,162.23,REVERSE,ASCENDING,"(""N/A"",""N/A"",""N/A"")","(-01.153589750953,3.961796272653,177.743488381399)",297305981.182,"(0.100666233674,-0.994919031527,-0.001558878907)",0.047214097075,3,13.22,M3G20090603T174201_V01_L0.IMG,M3G20090603T174201_V01_BDE.IMG,M3G20090603T134223_V01_FF.IMG,161.91,r,,,,,,,,,,,,,,,,,,2011-09-01T02:15:01,ACTUAL,3,m3g_l1b_v04.exe,4,1.016142092968 <AU>,161.91,REVERSE,ASCENDING,"(""N/A"",""N/A"",""N/A"")","(-01.153589750953,3.961796272653,177.743488381399)",297305981.182,"(0.100666233674,-0.994919031527,-0.001558878907)",0.047214097075,3,13.22,M3G20090603T174201_V01_L0.IMG,M3G20090603T174201_V01_BDE.IMG,M3G20090603T134223_V01_FF.IMG,161.91,u2
M3G20090603T174201,19bc,2009-06-10T23:20:50,2504,m3_igds_l0_v18.pl,18,162.23,GLOBAL,CH1-ORB-L-M3-2-L0-RAW-V1.0,2009-06-03T17:42:01,2009-06-03T17:42:25,,,,,,,,,,,,,,,,,,,,,,,,,,,,,,,,,,,,,,,,,,,,,,,,,,,,,,,,,,
M3G20090603T174502,19bc,2009-06-10T23:20:56,2504,m3_igds_l0_v18.pl,18,162.23,GLOBAL,CH1-ORB-L-M3-2-L0-RAW-V1.0,2009-06-03T17:45:02,2009-06-03T18:37:00,2009-05-10T18:01:10,PRELIMINARY,m3g_l1b_v04.exe,4,1.016217865767 <AU>,162.23,REVERSE,ASCENDING,"(""N/A"",""N/A"",""N/A"")","(-01.494532239232,3.968460945809,176.643383388142)",297321296.258,"(0.106352744922,-0.994321151527,-0.003813302068)",0.047312843601,3,13.07,M3G20090603T174201_V01_L0.IMG,M3G20090603T174201_V01_BDE.IMG,M3G20090603T174502_V01_FF.IMG,162.15,r,,,,,,,,,,,,,,,,,,2011-09-01T02:15:01,ACTUAL,3,m3g_l1b_v04.exe,4,1.016217865767 <AU>,162.15,REVERSE,ASCENDING,"(""N/A"",""N/A"",""N/A"")","(-01.494532239232,3.968460945809,176.643383388142)",297321296.258,"(0.106352744922,-0.994321151527,-0.003813302068)",0.047312843601,3,13.07,M3G20090603T174201_V01_L0.IMG,M3G20090603T174201_V01_BDE.IMG,M3G20090603T174502_V01_FF.IMG,162.15,u2
M3G20090603T215712,19bc,2009-06-10T18:38:23,2507,m3_igds_l0_v18.pl,18,162.15,GLOBAL,CH1-ORB-L-M3-2-L0-RAW-V1.0,2009-06-03T21:57:12,2009-06-03T21:57:35,,,,,,,,,,,,,,,,,,,,,,,,,,,,,,,,,,,,,,,,,,,,,,,,,,,,,,,,,,
M3G20090603T221232,19bc,2009-06-10T18:38:29,2507,m3_igds_l0_v18.pl,18,161.91,GLOBAL,CH1-ORB-L-M3-2-L0-RAW-V1.0,2009-06-03T22:12:32,2009-06-03T22:46:37,2009-05-10T18:01:10,PRELIMINARY,m3g_l1b_v04.exe,4,1.016311217276 <AU>,161.91,REVERSE,ASCENDING,"(""N/A"",""N/A"",""N/A"")","(-01.162076032560,5.768036018183,173.926749690266)",297336611.009,"(0.102652158520,-0.994504022067,-0.020598166028)",0.046830075099,3,12.89,M3G20090603T215712_V01_L0.IMG,M3G20090603T215712_V01_BDE.IMG,M3G20090603T221232_V01_FF.IMG,161.91,r,,,,,,,,,,,,,,,,,,2011-09-01T02:15:01,ACTUAL,3,m3g_l1b_v04.exe,4,1.016311217276 <AU>,161.91,REVERSE,ASCENDING,"(""N/A"",""N/A"",""N/A"")","(-01.162076032560,5.768036018183,173.926749690266)",297336611.009,"(0.102652158520,-0.994504022067,-0.020598166028)",0.046830075099,3,12.89,M3G20090603T215712_V01_L0.IMG,M3G20090603T215712_V01_BDE.IMG,M3G20090603T221232_V01_FF.IMG,161.91,u2
M3G20090604T023806,19bc,2009-06-10T18:46:48,2507,m3_igds_l0_v18.pl,18,161.91,GLOBAL,CH1-ORB-L-M3-2-L0-RAW-V1.0,2009-06-04T02:38:06,2009-06-04T03:07:30,2009-05-10T18:01:10,PRELIMINARY,m3g_l1b_v04.exe,4,1.016405265372 <AU>,161.91,REVERSE,ASCENDING,"(""N/A"",""N/A"",""N/A"")","(04.580938677805,4.761740154728,176.846498803731)",297351925.441,"(0.059261141202,-0.997115531338,-0.047420821454)",0.047207708568,3,12.74,M3G20090604T062742_V01_L0.IMG,M3G20090604T062742_V01_BDE.IMG,M3G20090604T023806_V01_FF.IMG,161.91,r,,,,,,,,,,,,,,,,,,2011-09-01T02:15:01,ACTUAL,3,m3g_l1b_v04.exe,4,1.016405265372 <AU>,161.91,REVERSE,ASCENDING,"(""N/A"",""N/A"",""N/A"")","(04.580938677805,4.761740154728,176.846498803731)",297351925.441,"(0.059261141202,-0.997115531338,-0.047420821454)",0.047207708568,3,12.74,M3G20090604T062742_V01_L0.IMG,M3G20090604T062742_V01_BDE.IMG,M3G20090604T023806_V01_FF.IMG,161.91,u2
M3G20090604T062742,19bc,2009-06-10T23:33:35,2513,m3_igds_l0_v18.pl,18,162.23,GLOBAL,CH1-ORB-L-M3-2-L0-RAW-V1.0,2009-06-04T06:27:42,2009-06-04T06:28:05,,,,,,,,,,,,,,,,,,,,,,,,,,,,,,,,,,,,,,,,,,,,,,,,,,,,,,,,,,
M3G20090604T064302,19bc,2009-06-10T23:33:41,2513,m3_igds_l0_v18.pl,18,162.15,GLOBAL,CH1-ORB-L-M3-2-L0-RAW-V1.0,2009-06-04T06:43:02,2009-06-04T07:34:10,2009-05-10T18:01:10,PRELIMINARY,m3g_l1b_v04.exe,4,1.016495908516 <AU>,162.15,REVERSE,ASCENDING,"(""N/A"",""N/A"",""N/A"")","(00.897178200380,-0.328887637448,177.296639168797)",297367239.576,"(0.084961703931,-0.996148537653,-0.021670251447)",0.047163419936,3,12.6,M3G20090604T062742_V01_L0.IMG,M3G20090604T062742_V01_BDE.IMG,M3G20090604T064302_V01_FF.IMG,162.15,r,,,,,,,,,,,,,,,,,,2011-09-01T02:15:01,ACTUAL,3,m3g_l1b_v04.exe,4,1.016495908516 <AU>,162.15,REVERSE,ASCENDING,"(""N/A"",""N/A"",""N/A"")","(00.897178200380,-0.328887637448,177.296639168797)",297367239.576,"(0.084961703931,-0.996148537653,-0.021670251447)",0.047163419936,3,12.6,M3G20090604T062742_V01_L0.IMG,M3G20090604T062742_V01_BDE.IMG,M3G20090604T064302_V01_FF.IMG,162.15,u2
M3G20090604T104302,19bc,2009-06-10T23:46:07,2513,m3_igds_l0_v18.pl,18,162.55,GLOBAL,CH1-ORB-L-M3-2-L0-RAW-V1.0,2009-06-04T10:43:02,2009-06-04T10:43:25,,,,,,,,,,,,,,,,,,,,,,,,,,,,,,,,,,,,,,,,,,,,,,,,,,,,,,,,,,
M3G20090604T104552,19bc,2009-06-10T23:46:12,2513,m3_igds_l0_v18.pl,18,162.39,GLOBAL,CH1-ORB-L-M3-2-L0-RAW-V1.0,2009-06-04T10:45:52,2009-06-04T11:38:00,2009-05-10T18:01:10,PRELIMINARY,m3g_l1b_v04.exe,4,1.016578077269 <AU>,162.39,REVERSE,ASCENDING,"(""N/A"",""N/A"",""N/A"")","(-00.787437122831,-0.646534202552,177.709178319212)",297382553.454,"(0.104394821191,-0.994518740330,-0.005847772310)",0.0472409316,3,12.4,M3G20090604T104302_V01_L0.IMG,M3G20090604T104302_V01_BDE.IMG,M3G20090604T104552_V01_FF.IMG,162.39,r,,,,,,,,,,,,,,,,,,2011-09-01T02:15:01,ACTUAL,3,m3g_l1b_v04.exe,4,1.016578077269 <AU>,162.39,REVERSE,ASCENDING,"(""N/A"",""N/A"",""N/A"")","(-00.787437122831,-0.646534202552,177.709178319212)",297382553.454,"(0.104394821191,-0.994518740330,-0.005847772310)",0.0472409316,3,12.4,M3G20090604T104302_V01_L0.IMG,M3G20090604T104302_V01_BDE.IMG,M3G20090604T104552_V01_FF.IMG,162.39,u2
M3G20090604T145812,19bc,2009-06-10T23:58:53,2516,m3_igds_l0_v18.pl,18,162.55,GLOBAL,CH1-ORB-L-M3-2-L0-RAW-V1.0,2009-06-04T14:58:12,2009-06-04T14:58:35,,,,,,,,,,,,,,,,,,,,,,,,,,,,,,,,,,,,,,,,,,,,,,,,,,,,,,,,,,
M3G20090604T151322,19bc,2009-06-10T23:58:58,2516,m3_igds_l0_v18.pl,18,162.39,GLOBAL,CH1-ORB-L-M3-2-L0-RAW-V1.0,2009-06-04T15:13:22,2009-06-04T16:03:20,2009-05-10T18:01:10,PRELIMINARY,m3g_l1b_v04.exe,4,1.016664322917 <AU>,162.39,REVERSE,ASCENDING,"(""N/A"",""N/A"",""N/A"")","(-02.611763868249,-2.097707536286,177.270076830290)",297397867.051,"(0.123052270205,-0.992400106047,-0.000410262318)",0.047237177436,3,12.21,M3G20090604T145812_V01_L0.IMG,M3G20090604T145812_V01_BDE.IMG,M3G20090604T151322_V01_FF.IMG,162.31,r,,,,,,,,,,,,,,,,,,2011-09-01T02:15:01,ACTUAL,3,m3g_l1b_v04.exe,4,1.016664322917 <AU>,162.31,REVERSE,ASCENDING,"(""N/A"",""N/A"",""N/A"")","(-02.611763868249,-2.097707536286,177.270076830290)",297397867.051,"(0.123052270205,-0.992400106047,-0.000410262318)",0.047237177436,3,12.21,M3G20090604T145812_V01_L0.IMG,M3G20090604T145812_V01_BDE.IMG,M3G20090604T151322_V01_FF.IMG,162.31,u2
M3G20090604T160320,19bc,2009-06-10T18:53:59,2518,m3_igds_l0_v18.pl,18,162.55,GLOBAL,CH1-ORB-L-M3-2-L0-RAW-V1.0,2009-06-04T16:03:20,2009-06-04T16:04:40,2009-05-10T18:01:10,PRELIMINARY,m3g_l1b_v04.exe,4,1.016680043592 <AU>,162.55,REVERSE,ASCENDING,"(""N/A"",""N/A"",""N/A"")","(-02.611763868249,-2.097707536286,177.270076830290)",297397867.051,"(0.123052270205,-0.992400106047,-0.000410262318)",0.047237177436,3,12.17,M3G20090604T145812_V01_L0.IMG,M3G20090604T145812_V01_BDE.IMG,M3G20090604T151322_V01_FF.IMG,162.63,r,,,,,,,,,,,,,,,,,,2011-09-01T02:15:01,ACTUAL,3,m3g_l1b_v04.exe,4,1.016680043592 <AU>,162.63,REVERSE,ASCENDING,"(""N/A"",""N/A"",""N/A"")","(-02.611763868249,-2.097707536286,177.270076830290)",297397867.051,"(0.123052270205,-0.992400106047,-0.000410262318)",0.047237177436,3,12.17,M3G20090604T145812_V01_L0.IMG,M3G20090604T145812_V01_BDE.IMG,M3G20090604T151322_V01_FF.IMG,162.63,u2
M3G20090604T191332,19bc,2009-06-10T18:54:19,2518,m3_igds_l0_v18.pl,18,162.72,GLOBAL,CH1-ORB-L-M3-2-L0-RAW-V1.0,2009-06-04T19:13:32,2009-06-04T19:13:55,,,,,,,,,,,,,,,,,,,,,,,,,,,,,,,,,,,,,,,,,,,,,,,,,,,,,,,,,,
M3G20090604T191631,19bc,2009-06-10T18:54:25,2518,m3_igds_l0_v18.pl,18,162.72,GLOBAL,CH1-ORB-L-M3-2-L0-RAW-V1.0,2009-06-04T19:16:31,2009-06-04T19:57:58,2009-05-10T18:01:10,PRELIMINARY,m3g_l1b_v04.exe,4,1.016739915258 <AU>,162.72,REVERSE,ASCENDING,"(""N/A"",""N/A"",""N/A"")","(-01.361246609684,-1.838843978279,176.956975757142)",297413180.692,"(0.112220613906,-0.993657921089,-0.007104200967)",0.047252739284,3,12.07,M3G20090604T191332_V01_L0.IMG,M3G20090604T191332_V01_BDE.IMG,M3G20090604T191631_V01_FF.IMG,162.55,r,,,,,,,,,,,,,,,,,,2011-09-01T02:15:01,ACTUAL,3,m3g_l1b_v04.exe,4,1.016739915258 <AU>,162.55,REVERSE,ASCENDING,"(""N/A"",""N/A"",""N/A"")","(-01.361246609684,-1.838843978279,176.956975757142)",297413180.692,"(0.112220613906,-0.993657921089,-0.007104200967)",0.047252739284,3,12.07,M3G20090604T191332_V01_L0.IMG,M3G20090604T191332_V01_BDE.IMG,M3G20090604T191631_V01_FF.IMG,162.55,u2
M3G20090604T195758,19bc,2009-06-10T19:04:29,2518,m3_igds_l0_v18.pl,18,162.39,GLOBAL,CH1-ORB-L-M3-2-L0-RAW-V1.0,2009-06-04T19:57:58,2009-06-04T20:08:30,2009-05-10T18:01:10,PRELIMINARY,m3g_l1b_v04.exe,4,1.016747327983 <AU>,162.39,REVERSE,ASCENDING,"(""N/A"",""N/A"",""N/A"")","(-01.361246609684,-1.838843978279,176.956975757142)",297413180.692,"(0.112220613906,-0.993657921089,-0.007104200967)",0.047252739284,3,12.07,M3G20090604T191332_V01_L0.IMG,M3G20090604T191332_V01_BDE.IMG,M3G20090604T195758_V01_FF.IMG,162.39,r,,,,,,,,,,,,,,,,,,2011-09-01T02:15:01,ACTUAL,3,m3g_l1b_v04.exe,4,1.016747327983 <AU>,162.39,REVERSE,ASCENDING,"(""N/A"",""N/A"",""N/A"")","(-01.361246609684,-1.838843978279,176.956975757142)",297413180.692,"(0.112220613906,-0.993657921089,-0.007104200967)",0.047252739284,3,12.07,M3G20090604T191332_V01_L0.IMG,M3G20090604T191332_V01_BDE.IMG,M3G20090604T195758_V01_FF.IMG,162.39,u2
M3G20090604T232842,19bc,2009-06-10T19:07:04,2518,m3_igds_l0_v18.pl,18,162.72,GLOBAL,CH1-ORB-L-M3-2-L0-RAW-V1.0,2009-06-04T23:28:42,2009-06-04T23:29:05,,,,,,,,,,,,,,,,,,,,,,,,,,,,,,,,,,,,,,,,,,,,,,,,,,,,,,,,,,
M3G20090604T234352,19bc,2009-06-10T19:07:10,2518,m3_igds_l0_v18.pl,18,162.55,GLOBAL,CH1-ORB-L-M3-2-L0-RAW-V1.0,2009-06-04T23:43:52,2009-06-05T00:35:10,2009-05-10T18:01:10,PRELIMINARY,m3g_l1b_v04.exe,4,1.016821940914 <AU>,162.55,REVERSE,ASCENDING,"(""N/A"",""N/A"",""N/A"")","(-01.947430718017,-1.459161866635,176.807716626157)",297428494.334,"(0.118629024129,-0.992919742965,-0.006126880551)",0.047249649373,3,11.92,M3G20090604T232842_V01_L0.IMG,M3G20090604T232842_V01_BDE.IMG,M3G20090604T234352_V01_FF.IMG,162.55,r,,,,,,,,,,,,,,,,,,2011-09-01T02:15:01,ACTUAL,3,m3g_l1b_v04.exe,4,1.016821940914 <AU>,162.55,REVERSE,ASCENDING,"(""N/A"",""N/A"",""N/A"")","(-01.947430718017,-1.459161866635,176.807716626157)",297428494.334,"(0.118629024129,-0.992919742965,-0.006126880551)",0.047249649373,3,11.92,M3G20090604T232842_V01_L0.IMG,M3G20090604T232842_V01_BDE.IMG,M3G20090604T234352_V01_FF.IMG,162.55,u2
M3G20090605T034402,19bc,2009-06-10T19:19:41,2518,m3_igds_l0_v18.pl,18,162.88,GLOBAL,CH1-ORB-L-M3-2-L0-RAW-V1.0,2009-06-05T03:44:02,2009-06-05T03:44:25,,,,,,,,,,,,,,,,,,,,,,,,,,,,,,,,,,,,,,,,,,,,,,,,,,,,,,,,,,
M3G20090605T034701,19bc,2009-06-10T19:19:47,2518,m3_igds_l0_v18.pl,18,162.8,GLOBAL,CH1-ORB-L-M3-2-L0-RAW-V1.0,2009-06-05T03:47:01,2009-06-05T04:02:50,2009-05-10T18:01:10,PRELIMINARY,m3g_l1b_v04.exe,4,1.016891975344 <AU>,162.8,REVERSE,ASCENDING,"(""N/A"",""N/A"",""N/A"")","(-01.432397585806,-1.147048083829,176.324539366681)",297443808.231,"(0.115364864422,-0.993250993015,-0.011975513863)",0.047241711154,3,11.73,M3G20090605T034402_V01_L0.IMG,M3G20090605T034402_V01_BDE.IMG,M3G20090605T034701_V01_FF.IMG,162.8,r,,,,,,,,,,,,,,,,,,2011-09-01T02:15:01,ACTUAL,3,m3g_l1b_v04.exe,4,1.016891975344 <AU>,162.8,REVERSE,ASCENDING,"(""N/A"",""N/A"",""N/A"")","(-01.432397585806,-1.147048083829,176.324539366681)",297443808.231,"(0.115364864422,-0.993250993015,-0.011975513863)",0.047241711154,3,11.73,M3G20090605T034402_V01_L0.IMG,M3G20090605T034402_V01_BDE.IMG,M3G20090605T034701_V01_FF.IMG,162.8,u2
M3G20090605T040250,19bc,2009-06-11T00:11:09,2525,m3_igds_l0_v18.pl,18,162.55,GLOBAL,CH1-ORB-L-M3-2-L0-RAW-V1.0,2009-06-05T04:02:50,2009-06-05T04:39:00,2009-05-10T18:01:10,PRELIMINARY,m3g_l1b_v04.exe,4,1.016893342910 <AU>,162.55,REVERSE,ASCENDING,"(""N/A"",""N/A"",""N/A"")","(-01.432397585806,-1.147048083829,176.324539366681)",297443808.231,"(0.115364864422,-0.993250993015,-0.011975513863)",0.047241711154,3,11.68,M3G20090605T034402_V01_L0.IMG,M3G20090605T034402_V01_BDE.IMG,M3G20090605T040250_V01_FF.IMG,162.63,r,,,,,,,,,,,,,,,,,,2011-09-01T02:15:01,ACTUAL,3,m3g_l1b_v04.exe,4,1.016893342910 <AU>,162.63,REVERSE,ASCENDING,"(""N/A"",""N/A"",""N/A"")","(-01.432397585806,-1.147048083829,176.324539366681)",297443808.231,"(0.115364864422,-0.993250993015,-0.011975513863)",0.047241711154,3,11.68,M3G20090605T034402_V01_L0.IMG,M3G20090605T034402_V01_BDE.IMG,M3G20090605T040250_V01_FF.IMG,162.63,u2
M3G20090605T075911,19bc,2009-06-11T00:19:58,2525,m3_igds_l0_v18.pl,18,162.88,GLOBAL,CH1-ORB-L-M3-2-L0-RAW-V1.0,2009-06-05T07:59:11,2009-06-05T07:59:35,,,,,,,,,,,,,,,,,,,,,,,,,,,,,,,,,,,,,,,,,,,,,,,,,,,,,,,,,,
M3G20090605T081431,19bc,2009-06-11T00:20:04,2525,m3_igds_l0_v18.pl,18,162.8,GLOBAL,CH1-ORB-L-M3-2-L0-RAW-V1.0,2009-06-05T08:14:31,2009-06-05T08:55:58,2009-05-10T18:01:10,PRELIMINARY,m3g_l1b_v04.exe,4,1.016964584452 <AU>,162.8,REVERSE,ASCENDING,"(""N/A"",""N/A"",""N/A"")","(-01.353771952349,-0.641772029707,175.574729973863)",297459121.922,"(0.115233180139,-0.993256915361,-0.012728483119)",0.047244118882,3,11.53,M3G20090605T075911_V01_L0.IMG,M3G20090605T075911_V01_BDE.IMG,M3G20090605T081431_V01_FF.IMG,162.8,r,,,,,,,,,,,,,,,,,,2011-09-01T02:15:01,ACTUAL,3,m3g_l1b_v04.exe,4,1.016964584452 <AU>,162.8,REVERSE,ASCENDING,"(""N/A"",""N/A"",""N/A"")","(-01.353771952349,-0.641772029707,175.574729973863)",297459121.922,"(0.115233180139,-0.993256915361,-0.012728483119)",0.047244118882,3,11.53,M3G20090605T075911_V01_L0.IMG,M3G20090605T075911_V01_BDE.IMG,M3G20090605T081431_V01_FF.IMG,162.8,u2
M3G20090605T085558,19bc,2009-06-11T00:30:10,2526,m3_igds_l0_v18.pl,18,162.88,GLOBAL,CH1-ORB-L-M3-2-L0-RAW-V1.0,2009-06-05T08:55:58,2009-06-05T09:05:40,2009-05-10T18:01:10,PRELIMINARY,m3g_l1b_v04.exe,4,1.016977861693 <AU>,162.88,REVERSE,ASCENDING,"(""N/A"",""N/A"",""N/A"")","(-01.353771952349,-0.641772029707,175.574729973863)",297459121.922,"(0.115233180139,-0.993256915361,-0.012728483119)",0.047244118882,3,11.53,M3G20090605T075911_V01_L0.IMG,M3G20090605T075911_V01_BDE.IMG,M3G20090605T081431_V01_FF.IMG,162.88,r,,,,,,,,,,,,,,,,,,2011-09-01T02:15:01,ACTUAL,3,m3g_l1b_v04.exe,4,1.016977861693 <AU>,162.88,REVERSE,ASCENDING,"(""N/A"",""N/A"",""N/A"")","(-01.353771952349,-0.641772029707,175.574729973863)",297459121.922,"(0.115233180139,-0.993256915361,-0.012728483119)",0.047244118882,3,11.53,M3G20090605T075911_V01_L0.IMG,M3G20090605T075911_V01_BDE.IMG,M3G20090605T081431_V01_FF.IMG,162.88,u2
M3G20090605T162932,19bc,2009-06-11T00:32:33,2526,m3_igds_l0_v18.pl,18,168.17,GLOBAL,CH1-ORB-L-M3-2-L0-RAW-V1.0,2009-06-05T16:29:32,2009-06-05T16:29:55,,,,,,,,,,,,,,,,,,,,,,,,,,,,,,,,,,,,,,,,,,,,,,,,,,,,,,,,,,
M3G20090605T163232,19bc,2009-06-11T00:32:39,2526,m3_igds_l0_v18.pl,18,167.99,GLOBAL,CH1-ORB-L-M3-2-L0-RAW-V1.0,2009-06-05T16:32:32,2009-06-05T16:36:36,2009-05-10T18:01:10,PRELIMINARY,m3g_l1b_v04.exe,4,1.017098528271 <AU>,167.99,REVERSE,ASCENDING,"(""N/A"",""N/A"",""N/A"")","(01.456695305160,0.475222168602,183.940027644881)",297489746.953,"(0.017716258816,-0.995522342637,0.092851491559)",0.047283743064,3,11.2,M3G20090605T162932_V01_L0.IMG,M3G20090605T162932_V01_BDE.IMG,M3G20090605T163636_V01_FF.IMG,167.99,r,,,,,,,,,,,,,,,,,,2011-09-01T02:15:01,ACTUAL,3,m3g_l1b_v04.exe,4,1.017098528271 <AU>,167.99,REVERSE,ASCENDING,"(""N/A"",""N/A"",""N/A"")","(01.456695305160,0.475222168602,183.940027644881)",297489746.953,"(0.017716258816,-0.995522342637,0.092851491559)",0.047283743064,3,11.2,M3G20090605T162932_V01_L0.IMG,M3G20090605T162932_V01_BDE.IMG,M3G20090605T163636_V01_FF.IMG,167.99,u2
M3G20090605T163636,19bc,2009-06-11T00:33:40,2527,m3_igds_l0_v18.pl,18,167.73,GLOBAL,CH1-ORB-L-M3-2-L0-RAW-V1.0,2009-06-05T16:36:36,2009-06-05T17:00:54,2009-05-10T18:01:10,PRELIMINARY,m3g_l1b_v04.exe,4,1.017095268993 <AU>,167.73,REVERSE,ASCENDING,"(""N/A"",""N/A"",""N/A"")","(01.456695305160,0.475222168602,183.940027644881)",297489746.953,"(0.017716258816,-0.995522342637,0.092851491559)",0.047283743064,3,11.2,M3G20090605T162932_V01_L0.IMG,M3G20090605T162932_V01_BDE.IMG,M3G20090605T163636_V01_FF.IMG,167.81,r,,,,,,,,,,,,,,,,,,2011-09-01T02:15:01,ACTUAL,3,m3g_l1b_v04.exe,4,1.017095268993 <AU>,167.81,REVERSE,ASCENDING,"(""N/A"",""N/A"",""N/A"")","(01.456695305160,0.475222168602,183.940027644881)",297489746.953,"(0.017716258816,-0.995522342637,0.092851491559)",0.047283743064,3,11.2,M3G20090605T162932_V01_L0.IMG,M3G20090605T162932_V01_BDE.IMG,M3G20090605T163636_V01_FF.IMG,167.81,u2
M3G20090605T170055,19bc,2009-06-11T00:39:45,2528,m3_igds_l0_v18.pl,18,163.54,GLOBAL,CH1-ORB-L-M3-2-L0-RAW-V1.0,2009-06-05T17:00:55,2009-06-05T17:24:30,2009-05-10T18:01:10,PRELIMINARY,m3g_l1b_v04.exe,4,1.017098624229 <AU>,163.54,REVERSE,ASCENDING,"(""N/A"",""N/A"",""N/A"")","(01.456695305160,0.475222168602,183.940027644881)",297489746.953,"(0.017716258816,-0.995522342637,0.092851491559)",0.047283743064,3,11.2,M3G20090605T162932_V01_L0.IMG,M3G20090605T162932_V01_BDE.IMG,M3G20090605T170055_V01_FF.IMG,166.93,r,,,,,,,,,,,,,,,,,,2011-09-01T02:15:01,ACTUAL,3,m3g_l1b_v04.exe,4,1.017098624229 <AU>,166.93,REVERSE,ASCENDING,"(""N/A"",""N/A"",""N/A"")","(01.456695305160,0.475222168602,183.940027644881)",297489746.953,"(0.017716258816,-0.995522342637,0.092851491559)",0.047283743064,3,11.2,M3G20090605T162932_V01_L0.IMG,M3G20090605T162932_V01_BDE.IMG,M3G20090605T170055_V01_FF.IMG,166.93,u2
M3G20090605T204442,19bc,2009-06-11T00:45:37,2528,m3_igds_l0_v18.pl,18,163.54,GLOBAL,CH1-ORB-L-M3-2-L0-RAW-V1.0,2009-06-05T20:44:42,2009-06-05T20:45:05,,,,,,,,,,,,,,,,,,,,,,,,,,,,,,,,,,,,,,,,,,,,,,,,,,,,,,,,,,
M3G20090605T210002,19bc,2009-06-11T00:45:43,2528,m3_igds_l0_v18.pl,18,163.54,GLOBAL,CH1-ORB-L-M3-2-L0-RAW-V1.0,2009-06-05T21:00:02,2009-06-05T21:22:53,2009-05-10T18:01:10,PRELIMINARY,m3g_l1b_v04.exe,4,1.017156486279 <AU>,163.54,REVERSE,ASCENDING,"(""N/A"",""N/A"",""N/A"")","(01.023090464318,0.987626869781,184.003255266574)",297505057.539,"(0.023268830119,-0.995285081485,0.094160331980)",0.047219925404,3,11.01,M3G20090605T204442_V01_L0.IMG,M3G20090605T204442_V01_BDE.IMG,M3G20090605T210002_V01_FF.IMG,163.54,r,,,,,,,,,,,,,,,,,,2011-09-01T02:15:01,ACTUAL,3,m3g_l1b_v04.exe,4,1.017156486279 <AU>,163.54,REVERSE,ASCENDING,"(""N/A"",""N/A"",""N/A"")","(01.023090464318,0.987626869781,184.003255266574)",297505057.539,"(0.023268830119,-0.995285081485,0.094160331980)",0.047219925404,3,11.01,M3G20090605T204442_V01_L0.IMG,M3G20090605T204442_V01_BDE.IMG,M3G20090605T210002_V01_FF.IMG,163.54,u2
M3G20090605T212253,19bc,2009-06-10T19:23:38,2530,m3_igds_l0_v18.pl,18,163.54,GLOBAL,CH1-ORB-L-M3-2-L0-RAW-V1.0,2009-06-05T21:22:53,2009-06-05T21:51:20,2009-05-10T18:01:10,PRELIMINARY,m3g_l1b_v04.exe,4,1.017165272963 <AU>,163.54,REVERSE,ASCENDING,"(""N/A"",""N/A"",""N/A"")","(01.023090464318,0.987626869781,184.003255266574)",297505057.539,"(0.023268830119,-0.995285081485,0.094160331980)",0.047219925404,3,11.01,M3G20090605T204442_V01_L0.IMG,M3G20090605T204442_V01_BDE.IMG,M3G20090605T212253_V01_FF.IMG,163.54,r,,,,,,,,,,,,,,,,,,2011-09-01T02:15:01,ACTUAL,3,m3g_l1b_v04.exe,4,1.017165272963 <AU>,163.54,REVERSE,ASCENDING,"(""N/A"",""N/A"",""N/A"")","(01.023090464318,0.987626869781,184.003255266574)",297505057.539,"(0.023268830119,-0.995285081485,0.094160331980)",0.047219925404,3,11.01,M3G20090605T204442_V01_L0.IMG,M3G20090605T204442_V01_BDE.IMG,M3G20090605T212253_V01_FF.IMG,163.54,u2
M3G20090606T010002,19bc,2009-06-10T19:30:36,2530,m3_igds_l0_v18.pl,18,163.21,GLOBAL,CH1-ORB-L-M3-2-L0-RAW-V1.0,2009-06-06T01:00:02,2009-06-06T01:00:25,,,,,,,,,,,,,,,,,,,,,,,,,,,,,,,,,,,,,,,,,,,,,,,,,,,,,,,,,,
M3G20090606T010302,19bc,2009-06-10T19:30:42,2530,m3_igds_l0_v18.pl,18,163.21,GLOBAL,CH1-ORB-L-M3-2-L0-RAW-V1.0,2009-06-06T01:03:02,2009-06-06T01:55:00,2009-05-10T18:01:10,PRELIMINARY,m3g_l1b_v04.exe,4,1.017217264980 <AU>,163.21,REVERSE,ASCENDING,"(""N/A"",""N/A"",""N/A"")","(01.158490174386,1.207405397371,183.754776628294)",297520367.431,"(0.022637125163,-0.995441884324,0.092644565395)",0.04721870433,3,10.86,M3G20090606T010002_V01_L0.IMG,M3G20090606T010002_V01_BDE.IMG,M3G20090606T010302_V01_FF.IMG,163.21,r,,,,,,,,,,,,,,,,,,2011-09-01T02:15:01,ACTUAL,3,m3g_l1b_v04.exe,4,1.017217264980 <AU>,163.21,REVERSE,ASCENDING,"(""N/A"",""N/A"",""N/A"")","(01.158490174386,1.207405397371,183.754776628294)",297520367.431,"(0.022637125163,-0.995441884324,0.092644565395)",0.04721870433,3,10.86,M3G20090606T010002_V01_L0.IMG,M3G20090606T010002_V01_BDE.IMG,M3G20090606T010302_V01_FF.IMG,163.21,u2
M3G20090606T051512,19bc,2009-06-11T00:51:19,2537,m3_igds_l0_v18.pl,18,162.96,GLOBAL,CH1-ORB-L-M3-2-L0-RAW-V1.0,2009-06-06T05:15:12,2009-06-06T05:15:35,,,,,,,,,,,,,,,,,,,,,,,,,,,,,,,,,,,,,,,,,,,,,,,,,,,,,,,,,,
M3G20090606T053022,19bc,2009-06-11T00:51:24,2537,m3_igds_l0_v18.pl,18,162.8,GLOBAL,CH1-ORB-L-M3-2-L0-RAW-V1.0,2009-06-06T05:30:22,2009-06-06T06:21:40,2009-05-10T18:01:10,PRELIMINARY,m3g_l1b_v04.exe,4,1.017274768341 <AU>,162.8,REVERSE,ASCENDING,"(""N/A"",""N/A"",""N/A"")","(00.969035184390,1.859226660512,183.283176125780)",297535676.772,"(0.025399326135,-0.995376908793,0.092626581894)",0.04715424694,3,10.66,M3G20090606T051512_V01_L0.IMG,M3G20090606T051512_V01_BDE.IMG,M3G20090606T053022_V01_FF.IMG,162.8,r,,,,,,,,,,,,,,,,,,2011-09-01T02:15:01,ACTUAL,3,m3g_l1b_v04.exe,4,1.017274768341 <AU>,162.8,REVERSE,ASCENDING,"(""N/A"",""N/A"",""N/A"")","(00.969035184390,1.859226660512,183.283176125780)",297535676.772,"(0.025399326135,-0.995376908793,0.092626581894)",0.04715424694,3,10.66,M3G20090606T051512_V01_L0.IMG,M3G20090606T051512_V01_BDE.IMG,M3G20090606T053022_V01_FF.IMG,162.8,u2
M3G20090606T093022,19bc,2009-06-11T01:03:54,2537,m3_igds_l0_v18.pl,18,162.88,GLOBAL,CH1-ORB-L-M3-2-L0-RAW-V1.0,2009-06-06T09:30:22,2009-06-06T09:30:45,,,,,,,,,,,,,,,,,,,,,,,,,,,,,,,,,,,,,,,,,,,,,,,,,,,,,,,,,,
M3G20090606T093322,19bc,2009-06-11T01:04:00,2537,m3_igds_l0_v18.pl,18,162.88,GLOBAL,CH1-ORB-L-M3-2-L0-RAW-V1.0,2009-06-06T09:33:22,2009-06-06T09:57:12,2009-05-10T18:01:10,PRELIMINARY,m3g_l1b_v04.exe,4,1.017324076508 <AU>,162.88,REVERSE,ASCENDING,"(""N/A"",""N/A"",""N/A"")","(02.920833192027,0.481809546500,184.349069195677)",297550985.483,"(0.006302840690,-0.994644893901,0.103159145187)",0.04773792581,3,10.53,M3G20090606T093022_V01_L0.IMG,M3G20090606T093022_V01_BDE.IMG,M3G20090606T093322_V01_FF.IMG,162.96,r,,,,,,,,,,,,,,,,,,2011-09-01T02:15:01,ACTUAL,3,m3g_l1b_v04.exe,4,1.017324076508 <AU>,162.96,REVERSE,ASCENDING,"(""N/A"",""N/A"",""N/A"")","(02.920833192027,0.481809546500,184.349069195677)",297550985.483,"(0.006302840690,-0.994644893901,0.103159145187)",0.04773792581,3,10.53,M3G20090606T093022_V01_L0.IMG,M3G20090606T093022_V01_BDE.IMG,M3G20090606T093322_V01_FF.IMG,162.96,u2
M3G20090607T025544,19bc,2009-06-11T01:09:48,2547,m3_igds_l0_v18.pl,18,162.8,GLOBAL,CH1-ORB-L-M3-2-L0-RAW-V1.0,2009-06-07T02:55:44,2009-06-07T03:26:02,2009-05-10T18:01:10,PRELIMINARY,m3g_l1b_v04.exe,4,1.017498552871 <AU>,162.8,REVERSE,ASCENDING,"(""N/A"",""N/A"",""N/A"")","(02.202034152151,4.308958898556,184.768139237847)",297612214.978,"(0.016485691259,-0.996240813510,0.085043891491)",0.046976640823,3,9.84,M3G20090607T064604_V01_L0.IMG,M3G20090607T064604_V01_BDE.IMG,M3G20090607T025544_V01_FF.IMG,162.8,r,,,,,,,,,,,,,,,,,,2011-09-01T02:15:01,ACTUAL,3,m3g_l1b_v04.exe,4,1.017498552871 <AU>,162.8,REVERSE,ASCENDING,"(""N/A"",""N/A"",""N/A"")","(02.202034152151,4.308958898556,184.768139237847)",297612214.978,"(0.016485691259,-0.996240813510,0.085043891491)",0.046976640823,3,9.84,M3G20090607T064604_V01_L0.IMG,M3G20090607T064604_V01_BDE.IMG,M3G20090607T025544_V01_FF.IMG,162.8,u2
M3G20090607T064604,19bc,2009-06-11T01:17:10,2547,m3_igds_l0_v18.pl,18,163.29,GLOBAL,CH1-ORB-L-M3-2-L0-RAW-V1.0,2009-06-07T06:46:04,2009-06-07T06:46:27,,,,,,,,,,,,,,,,,,,,,,,,,,,,,,,,,,,,,,,,,,,,,,,,,,,,,,,,,,
M3G20090607T070124,19bc,2009-06-11T01:17:16,2547,m3_igds_l0_v18.pl,18,163.04,GLOBAL,CH1-ORB-L-M3-2-L0-RAW-V1.0,2009-06-07T07:01:24,2009-06-07T07:35:05,2009-05-10T18:01:10,PRELIMINARY,m3g_l1b_v04.exe,4,1.017532770038 <AU>,163.04,REVERSE,ASCENDING,"(""N/A"",""N/A"",""N/A"")","(01.515301406243,3.738632280071,183.800431761324)",297627521.633,"(0.022087901311,-0.995890860030,0.087826644724)",0.047103285139,3,9.66,M3G20090607T064604_V01_L0.IMG,M3G20090607T064604_V01_BDE.IMG,M3G20090607T070124_V01_FF.IMG,163.04,r,,,,,,,,,,,,,,,,,,2011-09-01T02:15:01,ACTUAL,3,m3g_l1b_v04.exe,4,1.017532770038 <AU>,163.04,REVERSE,ASCENDING,"(""N/A"",""N/A"",""N/A"")","(01.515301406243,3.738632280071,183.800431761324)",297627521.633,"(0.022087901311,-0.995890860030,0.087826644724)",0.047103285139,3,9.66,M3G20090607T064604_V01_L0.IMG,M3G20090607T064604_V01_BDE.IMG,M3G20090607T070124_V01_FF.IMG,163.04,u2
M3G20090607T073505,19bc,2009-06-11T01:25:29,2548,m3_igds_l0_v18.pl,18,163.13,GLOBAL,CH1-ORB-L-M3-2-L0-RAW-V1.0,2009-06-07T07:35:05,2009-06-07T07:50:43,2009-05-10T18:01:10,PRELIMINARY,m3g_l1b_v04.exe,4,1.017540494739 <AU>,163.13,REVERSE,ASCENDING,"(""N/A"",""N/A"",""N/A"")","(01.515301406243,3.738632280071,183.800431761324)",297627521.633,"(0.022087901311,-0.995890860030,0.087826644724)",0.047103285139,3,9.66,M3G20090607T064604_V01_L0.IMG,M3G20090607T064604_V01_BDE.IMG,M3G20090607T073505_V01_FF.IMG,163.13,r,,,,,,,,,,,,,,,,,,2011-09-01T02:15:01,ACTUAL,3,m3g_l1b_v04.exe,4,1.017540494739 <AU>,163.13,REVERSE,ASCENDING,"(""N/A"",""N/A"",""N/A"")","(01.515301406243,3.738632280071,183.800431761324)",297627521.633,"(0.022087901311,-0.995890860030,0.087826644724)",0.047103285139,3,9.66,M3G20090607T064604_V01_L0.IMG,M3G20090607T064604_V01_BDE.IMG,M3G20090607T073505_V01_FF.IMG,163.13,u2
M3G20090607T075043,19bc,2009-06-11T01:29:17,2549,m3_igds_l0_v18.pl,18,163.37,GLOBAL,CH1-ORB-L-M3-2-L0-RAW-V1.0,2009-06-07T07:50:43,2009-06-07T07:52:42,2009-05-10T18:01:10,PRELIMINARY,m3g_l1b_v04.exe,4,1.017546161678 <AU>,163.37,REVERSE,ASCENDING,"(""N/A"",""N/A"",""N/A"")","(01.515301406243,3.738632280071,183.800431761324)",297627521.633,"(0.022087901311,-0.995890860030,0.087826644724)",0.047103285139,3,9.66,M3G20090607T064604_V01_L0.IMG,M3G20090607T064604_V01_BDE.IMG,M3G20090607T073505_V01_FF.IMG,163.37,r,,,,,,,,,,,,,,,,,,2011-09-01T02:15:01,ACTUAL,3,m3g_l1b_v04.exe,4,1.017546161678 <AU>,163.37,REVERSE,ASCENDING,"(""N/A"",""N/A"",""N/A"")","(01.515301406243,3.738632280071,183.800431761324)",297627521.633,"(0.022087901311,-0.995890860030,0.087826644724)",0.047103285139,3,9.66,M3G20090607T064604_V01_L0.IMG,M3G20090607T064604_V01_BDE.IMG,M3G20090607T073505_V01_FF.IMG,163.37,u2
M3G20090607T110113,19bc,2009-06-11T01:29:46,2549,m3_igds_l0_v18.pl,18,163.37,GLOBAL,CH1-ORB-L-M3-2-L0-RAW-V1.0,2009-06-07T11:01:13,2009-06-07T11:01:37,,,,,,,,,,,,,,,,,,,,,,,,,,,,,,,,,,,,,,,,,,,,,,,,,,,,,,,,,,
M3G20090607T110414,19bc,2009-06-11T01:29:52,2549,m3_igds_l0_v18.pl,18,163.29,GLOBAL,CH1-ORB-L-M3-2-L0-RAW-V1.0,2009-06-07T11:04:14,2009-06-07T11:51:43,2009-05-10T18:01:10,PRELIMINARY,m3g_l1b_v04.exe,4,1.017565855177 <AU>,163.29,REVERSE,ASCENDING,"(""N/A"",""N/A"",""N/A"")","(01.307537580776,3.683970542697,183.470556838931)",297642828.355,"(0.022850263237,-0.995625997031,0.090591056437)",0.047113883753,3,9.51,M3G20090607T110113_V01_L0.IMG,M3G20090607T110113_V01_BDE.IMG,M3G20090607T110414_V01_FF.IMG,163.37,r,,,,,,,,,,,,,,,,,,2011-09-01T02:15:01,ACTUAL,3,m3g_l1b_v04.exe,4,1.017565855177 <AU>,163.37,REVERSE,ASCENDING,"(""N/A"",""N/A"",""N/A"")","(01.307537580776,3.683970542697,183.470556838931)",297642828.355,"(0.022850263237,-0.995625997031,0.090591056437)",0.047113883753,3,9.51,M3G20090607T110113_V01_L0.IMG,M3G20090607T110113_V01_BDE.IMG,M3G20090607T110414_V01_FF.IMG,163.37,u2
M3G20090607T115143,19bc,2009-06-11T01:41:28,2549,m3_igds_l0_v18.pl,18,163.21,GLOBAL,CH1-ORB-L-M3-2-L0-RAW-V1.0,2009-06-07T11:51:43,2009-06-07T11:53:33,2009-05-10T18:01:10,PRELIMINARY,m3g_l1b_v04.exe,4,1.017568866132 <AU>,163.21,REVERSE,ASCENDING,"(""N/A"",""N/A"",""N/A"")","(01.307537580776,3.683970542697,183.470556838931)",297642828.355,"(0.022850263237,-0.995625997031,0.090591056437)",0.047113883753,3,9.46,M3G20090607T110113_V01_L0.IMG,M3G20090607T110113_V01_BDE.IMG,M3G20090607T110414_V01_FF.IMG,163.13,r,,,,,,,,,,,,,,,,,,2011-09-01T02:15:01,ACTUAL,3,m3g_l1b_v04.exe,4,1.017568866132 <AU>,163.13,REVERSE,ASCENDING,"(""N/A"",""N/A"",""N/A"")","(01.307537580776,3.683970542697,183.470556838931)",297642828.355,"(0.022850263237,-0.995625997031,0.090591056437)",0.047113883753,3,9.46,M3G20090607T110113_V01_L0.IMG,M3G20090607T110113_V01_BDE.IMG,M3G20090607T110414_V01_FF.IMG,163.13,u2
M3G20090607T151624,19bc,2009-06-11T01:41:56,2549,m3_igds_l0_v18.pl,18,163.37,GLOBAL,CH1-ORB-L-M3-2-L0-RAW-V1.0,2009-06-07T15:16:24,2009-06-07T15:16:47,,,,,,,,,,,,,,,,,,,,,,,,,,,,,,,,,,,,,,,,,,,,,,,,,,,,,,,,,,
M3G20090607T153144,19bc,2009-06-11T01:42:01,2549,m3_igds_l0_v18.pl,18,163.13,GLOBAL,CH1-ORB-L-M3-2-L0-RAW-V1.0,2009-06-07T15:31:44,2009-06-07T16:23:02,2009-05-10T18:01:10,PRELIMINARY,m3g_l1b_v04.exe,4,1.017595769234 <AU>,163.13,REVERSE,ASCENDING,"(""N/A"",""N/A"",""N/A"")","(01.594418462558,5.093605193083,183.962805585957)",297658135.268,"(0.016649941684,-0.995141697203,0.097034952107)",0.047165996351,3,9.32,M3G20090607T151624_V01_L0.IMG,M3G20090607T151624_V01_BDE.IMG,M3G20090607T153144_V01_FF.IMG,163.13,r,,,,,,,,,,,,,,,,,,2011-09-01T02:15:01,ACTUAL,3,m3g_l1b_v04.exe,4,1.017595769234 <AU>,163.13,REVERSE,ASCENDING,"(""N/A"",""N/A"",""N/A"")","(01.594418462558,5.093605193083,183.962805585957)",297658135.268,"(0.016649941684,-0.995141697203,0.097034952107)",0.047165996351,3,9.32,M3G20090607T151624_V01_L0.IMG,M3G20090607T151624_V01_BDE.IMG,M3G20090607T153144_V01_FF.IMG,163.13,u2
M3G20090607T193134,19bc,2009-06-11T01:54:34,2550,m3_igds_l0_v18.pl,18,163.54,GLOBAL,CH1-ORB-L-M3-2-L0-RAW-V1.0,2009-06-07T19:31:34,2009-06-07T19:31:57,,,,,,,,,,,,,,,,,,,,,,,,,,,,,,,,,,,,,,,,,,,,,,,,,,,,,,,,,,
M3G20090607T193433,19bc,2009-06-11T01:54:40,2550,m3_igds_l0_v18.pl,18,163.45,GLOBAL,CH1-ORB-L-M3-2-L0-RAW-V1.0,2009-06-07T19:34:33,2009-06-07T20:10:38,2009-05-10T18:01:10,PRELIMINARY,m3g_l1b_v04.exe,4,1.017619717001 <AU>,163.45,REVERSE,ASCENDING,"(""N/A"",""N/A"",""N/A"")","(00.824090161038,5.280568849883,184.075608891728)",297673442.618,"(0.023058648536,-0.994445189470,0.102698899057)",0.047175864628,3,9.17,M3G20090607T193134_V01_L0.IMG,M3G20090607T193134_V01_BDE.IMG,M3G20090607T193433_V01_FF.IMG,163.37,r,,,,,,,,,,,,,,,,,,2011-09-01T02:15:01,ACTUAL,3,m3g_l1b_v04.exe,4,1.017619717001 <AU>,163.37,REVERSE,ASCENDING,"(""N/A"",""N/A"",""N/A"")","(00.824090161038,5.280568849883,184.075608891728)",297673442.618,"(0.023058648536,-0.994445189470,0.102698899057)",0.047175864628,3,9.17,M3G20090607T193134_V01_L0.IMG,M3G20090607T193134_V01_BDE.IMG,M3G20090607T193433_V01_FF.IMG,163.37,u2
M3G20090607T201038,19bc,2009-06-12T22:16:18,2552,m3_igds_l0_v18.pl,18,163.13,GLOBAL,CH1-ORB-L-M3-2-L0-RAW-V1.0,2009-06-07T20:10:38,2009-06-07T20:26:52,2009-05-10T18:01:10,PRELIMINARY,m3g_l1b_v04.exe,4,1.017620353528 <AU>,163.13,REVERSE,ASCENDING,"(""N/A"",""N/A"",""N/A"")","(00.824090161038,5.280568849883,184.075608891728)",297673442.618,"(0.023058648536,-0.994445189470,0.102698899057)",0.047175864628,3,9.12,M3G20090607T193134_V01_L0.IMG,M3G20090607T193134_V01_BDE.IMG,M3G20090607T201038_V01_FF.IMG,163.13,r,,,,,,,,,,,,,,,,,,2011-09-01T02:15:01,ACTUAL,3,m3g_l1b_v04.exe,4,1.017620353528 <AU>,163.13,REVERSE,ASCENDING,"(""N/A"",""N/A"",""N/A"")","(00.824090161038,5.280568849883,184.075608891728)",297673442.618,"(0.023058648536,-0.994445189470,0.102698899057)",0.047175864628,3,9.12,M3G20090607T193134_V01_L0.IMG,M3G20090607T193134_V01_BDE.IMG,M3G20090607T201038_V01_FF.IMG,163.13,u2
M3G20090607T234644,19bc,2009-06-12T22:20:16,2552,m3_igds_l0_v18.pl,18,163.54,GLOBAL,CH1-ORB-L-M3-2-L0-RAW-V1.0,2009-06-07T23:46:44,2009-06-07T23:46:48,,,,,,,,,,,,,,,,,,,,,,,,,,,,,,,,,,,,,,,,,,,,,,,,,,,,,,,,,,
M3G20090607T234648,19bc,2009-06-12T21:50:54,2553,m3_igds_l0_v18.pl,18,163.54,GLOBAL,CH1-ORB-L-M3-2-L0-RAW-V1.0,2009-06-07T23:46:48,2009-06-07T23:47:07,,,,,,,,,,,,,,,,,,,,,,,,,,,,,,,,,,,,,,,,,,,,,,,,,,,,,,,,,,
M3G20090608T000122,19bc,2009-06-12T21:50:58,2553,m3_igds_l0_v18.pl,18,163.37,GLOBAL,CH1-ORB-L-M3-2-L0-RAW-V1.0,2009-06-08T00:01:22,2009-06-08T00:52:50,2009-05-10T18:01:10,PRELIMINARY,m3g_l1b_v04.exe,4,1.017642350395 <AU>,163.37,REVERSE,ASCENDING,"(""N/A"",""N/A"",""N/A"")","(01.413123393902,5.490789450704,184.187797266539)",297688750.446,"(0.016370555716,-0.994644165621,0.102053851965)",0.04717254326,3,8.98,M3G20090608T040112_V01_L0.IMG,M3G20090608T040112_V01_BDE.IMG,M3G20090608T000122_V01_FF.IMG,163.29,r,,,,,,,,,,,,,,,,,,2011-09-01T02:15:01,ACTUAL,3,m3g_l1b_v04.exe,4,1.017642350395 <AU>,163.29,REVERSE,ASCENDING,"(""N/A"",""N/A"",""N/A"")","(01.413123393902,5.490789450704,184.187797266539)",297688750.446,"(0.016370555716,-0.994644165621,0.102053851965)",0.04717254326,3,8.98,M3G20090608T040112_V01_L0.IMG,M3G20090608T040112_V01_BDE.IMG,M3G20090608T000122_V01_FF.IMG,163.29,u2
M3G20090608T040112,19bc,2009-06-12T22:03:36,2553,m3_igds_l0_v18.pl,18,163.7,GLOBAL,CH1-ORB-L-M3-2-L0-RAW-V1.0,2009-06-08T04:01:12,2009-06-08T04:01:36,,,,,,,,,,,,,,,,,,,,,,,,,,,,,,,,,,,,,,,,,,,,,,,,,,,,,,,,,,
M3G20090608T040423,19bc,2009-06-12T22:03:42,2553,m3_igds_l0_v18.pl,18,163.54,GLOBAL,CH1-ORB-L-M3-2-L0-RAW-V1.0,2009-06-08T04:04:23,2009-06-08T04:20:04,2009-05-10T18:01:10,PRELIMINARY,m3g_l1b_v04.exe,4,1.017663461942 <AU>,163.54,REVERSE,ASCENDING,"(""N/A"",""N/A"",""N/A"")","(00.966984501061,5.878792689131,184.211947042481)",297704058.676,"(0.019350840124,-0.994118412517,0.106555745414)",0.047137724046,3,8.79,M3G20090608T040112_V01_L0.IMG,M3G20090608T040112_V01_BDE.IMG,M3G20090608T040423_V01_FF.IMG,163.62,r,,,,,,,,,,,,,,,,,,2011-09-01T02:15:01,ACTUAL,3,m3g_l1b_v04.exe,4,1.017663461942 <AU>,163.62,REVERSE,ASCENDING,"(""N/A"",""N/A"",""N/A"")","(00.966984501061,5.878792689131,184.211947042481)",297704058.676,"(0.019350840124,-0.994118412517,0.106555745414)",0.047137724046,3,8.79,M3G20090608T040112_V01_L0.IMG,M3G20090608T040112_V01_BDE.IMG,M3G20090608T040423_V01_FF.IMG,163.62,u2
M3G20090608T042049,19bc,2009-06-12T22:07:32,2553,m3_igds_l0_v18.pl,18,163.29,GLOBAL,CH1-ORB-L-M3-2-L0-RAW-V1.0,2009-06-08T04:20:49,2009-06-08T04:56:30,2009-05-10T18:01:10,PRELIMINARY,m3g_l1b_v04.exe,4,1.017658794743 <AU>,163.29,REVERSE,ASCENDING,"(""N/A"",""N/A"",""N/A"")","(00.966984501061,5.878792689131,184.211947042481)",297704058.676,"(0.019350840124,-0.994118412517,0.106555745414)",0.047137724046,3,8.79,M3G20090608T040112_V01_L0.IMG,M3G20090608T040112_V01_BDE.IMG,M3G20090608T042049_V01_FF.IMG,163.37,r,,,,,,,,,,,,,,,,,,2011-09-01T02:15:01,ACTUAL,3,m3g_l1b_v04.exe,4,1.017658794743 <AU>,163.37,REVERSE,ASCENDING,"(""N/A"",""N/A"",""N/A"")","(00.966984501061,5.878792689131,184.211947042481)",297704058.676,"(0.019350840124,-0.994118412517,0.106555745414)",0.047137724046,3,8.79,M3G20090608T040112_V01_L0.IMG,M3G20090608T040112_V01_BDE.IMG,M3G20090608T042049_V01_FF.IMG,163.37,u2
M3G20090608T081622,19bc,2009-06-12T22:20:17,2561,m3_igds_l0_v18.pl,18,163.7,GLOBAL,CH1-ORB-L-M3-2-L0-RAW-V1.0,2009-06-08T08:16:22,2009-06-08T08:16:45,,,,,,,,,,,,,,,,,,,,,,,,,,,,,,,,,,,,,,,,,,,,,,,,,,,,,,,,,,
M3G20090608T083142,19bc,2009-06-12T22:20:22,2561,m3_igds_l0_v18.pl,18,163.45,GLOBAL,CH1-ORB-L-M3-2-L0-RAW-V1.0,2009-06-08T08:31:42,2009-06-08T09:23:10,2009-05-10T18:01:10,PRELIMINARY,m3g_l1b_v04.exe,4,1.017675650260 <AU>,163.45,REVERSE,ASCENDING,"(""N/A"",""N/A"",""N/A"")","(00.354640934553,6.346311936525,184.561441970924)",297719367.245,"(0.024264907134,-0.993492190044,0.111285590281)",0.047093158168,3,8.65,M3G20090608T081622_V01_L0.IMG,M3G20090608T081622_V01_BDE.IMG,M3G20090608T083142_V01_FF.IMG,163.45,r,,,,,,,,,,,,,,,,,,2011-09-01T02:15:01,ACTUAL,3,m3g_l1b_v04.exe,4,1.017675650260 <AU>,163.45,REVERSE,ASCENDING,"(""N/A"",""N/A"",""N/A"")","(00.354640934553,6.346311936525,184.561441970924)",297719367.245,"(0.024264907134,-0.993492190044,0.111285590281)",0.047093158168,3,8.65,M3G20090608T081622_V01_L0.IMG,M3G20090608T081622_V01_BDE.IMG,M3G20090608T083142_V01_FF.IMG,163.45,u2
M3G20090608T123132,19bc,2009-06-12T22:32:57,2561,m3_igds_l0_v18.pl,18,163.37,GLOBAL,CH1-ORB-L-M3-2-L0-RAW-V1.0,2009-06-08T12:31:32,2009-06-08T12:31:55,,,,,,,,,,,,,,,,,,,,,,,,,,,,,,,,,,,,,,,,,,,,,,,,,,,,,,,,,,
M3G20090608T123433,19bc,2009-06-12T22:33:03,2561,m3_igds_l0_v18.pl,18,163.37,GLOBAL,CH1-ORB-L-M3-2-L0-RAW-V1.0,2009-06-08T12:34:33,2009-06-08T12:51:02,2009-05-10T18:01:10,PRELIMINARY,m3g_l1b_v04.exe,4,1.017690774564 <AU>,163.37,REVERSE,ASCENDING,"(""N/A"",""N/A"",""N/A"")","(01.542261857564,6.697495217198,184.918667921007)",297734675.998,"(0.012367776121,-0.994170367310,0.107108911289)",0.047054964038,3,8.5,M3G20090608T123132_V01_L0.IMG,M3G20090608T123132_V01_BDE.IMG,M3G20090608T123433_V01_FF.IMG,163.37,r,,,,,,,,,,,,,,,,,,2011-09-01T02:15:01,ACTUAL,3,m3g_l1b_v04.exe,4,1.017690774564 <AU>,163.37,REVERSE,ASCENDING,"(""N/A"",""N/A"",""N/A"")","(01.542261857564,6.697495217198,184.918667921007)",297734675.998,"(0.012367776121,-0.994170367310,0.107108911289)",0.047054964038,3,8.5,M3G20090608T123132_V01_L0.IMG,M3G20090608T123132_V01_BDE.IMG,M3G20090608T123433_V01_FF.IMG,163.37,u2
M3G20090608T125102,19bc,2009-07-13T04:11:37,2561,m3_igds_l0_v18.pl,18,163.37,GLOBAL,CH1-ORB-L-M3-2-L0-RAW-V1.0,2009-06-08T12:51:02,2009-06-08T13:26:50,2009-05-10T18:01:10,PRELIMINARY,m3g_l1b_v04.exe,4,1.017685531196 <AU>,163.37,REVERSE,ASCENDING,"(""N/A"",""N/A"",""N/A"")","(01.542261857564,6.697495217198,184.918667921007)",297734675.998,"(0.012367776121,-0.994170367310,0.107108911289)",0.047054964038,3,8.5,M3G20090608T123132_V01_L0.IMG,M3G20090608T123132_V01_BDE.IMG,M3G20090608T125102_V01_FF.IMG,163.37,r,,,,,,,,,,,,,,,,,,2011-09-01T02:15:01,ACTUAL,3,m3g_l1b_v04.exe,4,1.017685531196 <AU>,163.37,REVERSE,ASCENDING,"(""N/A"",""N/A"",""N/A"")","(01.542261857564,6.697495217198,184.918667921007)",297734675.998,"(0.012367776121,-0.994170367310,0.107108911289)",0.047054964038,3,8.5,M3G20090608T123132_V01_L0.IMG,M3G20090608T123132_V01_BDE.IMG,M3G20090608T125102_V01_FF.IMG,163.37,u2
M3G20090609T055240,19bc,2009-06-11T17:25:22,2571,m3_igds_l0_v18.pl,18,163.54,GLOBAL,CH1-ORB-L-M3-2-L0-RAW-V1.0,2009-06-09T05:52:40,2009-06-09T06:07:42,2009-05-10T18:01:10,PRELIMINARY,m3g_l1b_v04.exe,4,1.017699366542 <AU>,163.54,REVERSE,ASCENDING,"(""N/A"",""N/A"",""N/A"")","(02.464344666649,7.606205663551,185.754295130944)",297795909.9,"(-0.004054141339,-0.994603944775,0.103665601699)",0.04702602756,3,7.78,M3G20090609T094722_V01_L0.IMG,M3G20090609T094722_V01_BDE.IMG,M3G20090609T055240_V01_FF.IMG,163.54,r,,,,,,,,,,,,,,,,,,2011-09-01T02:15:01,ACTUAL,3,m3g_l1b_v04.exe,4,1.017699366542 <AU>,163.54,REVERSE,ASCENDING,"(""N/A"",""N/A"",""N/A"")","(02.464344666649,7.606205663551,185.754295130944)",297795909.9,"(-0.004054141339,-0.994603944775,0.103665601699)",0.04702602756,3,7.78,M3G20090609T094722_V01_L0.IMG,M3G20090609T094722_V01_BDE.IMG,M3G20090609T055240_V01_FF.IMG,163.54,u2
M3G20090609T060742,19bc,2009-06-12T22:37:04,2572,m3_igds_l0_v18.pl,18,163.37,GLOBAL,CH1-ORB-L-M3-2-L0-RAW-V1.0,2009-06-09T06:07:42,2009-06-09T06:39:01,2009-05-10T18:01:10,PRELIMINARY,m3g_l1b_v04.exe,4,1.017701774548 <AU>,163.37,REVERSE,ASCENDING,"(""N/A"",""N/A"",""N/A"")","(02.464344666649,7.606205663551,185.754295130944)",297795909.9,"(-0.004054141339,-0.994603944775,0.103665601699)",0.04702602756,3,7.78,M3G20090609T094722_V01_L0.IMG,M3G20090609T094722_V01_BDE.IMG,M3G20090609T060742_V01_FF.IMG,163.45,r,,,,,,,,,,,,,,,,,,2011-09-01T02:15:01,ACTUAL,3,m3g_l1b_v04.exe,4,1.017701774548 <AU>,163.45,REVERSE,ASCENDING,"(""N/A"",""N/A"",""N/A"")","(02.464344666649,7.606205663551,185.754295130944)",297795909.9,"(-0.004054141339,-0.994603944775,0.103665601699)",0.04702602756,3,7.78,M3G20090609T094722_V01_L0.IMG,M3G20090609T094722_V01_BDE.IMG,M3G20090609T060742_V01_FF.IMG,163.45,u2
M3G20090609T094722,19bc,2009-06-12T22:44:42,2572,m3_igds_l0_v18.pl,18,163.87,GLOBAL,CH1-ORB-L-M3-2-L0-RAW-V1.0,2009-06-09T09:47:22,2009-06-09T09:47:46,,,,,,,,,,,,,,,,,,,,,,,,,,,,,,,,,,,,,,,,,,,,,,,,,,,,,,,,,,
M3G20090609T095022,19bc,2009-06-12T22:44:48,2572,m3_igds_l0_v18.pl,18,163.78,GLOBAL,CH1-ORB-L-M3-2-L0-RAW-V1.0,2009-06-09T09:50:22,2009-06-09T10:19:51,2009-05-10T18:01:10,PRELIMINARY,m3g_l1b_v04.exe,4,1.017699029774 <AU>,163.78,REVERSE,ASCENDING,"(""N/A"",""N/A"",""N/A"")","(02.212092475710,7.550512186443,184.925193318231)",297811217.63,"(-0.004563228758,-0.994463356073,0.104984810193)",0.047076461062,3,7.63,M3G20090609T094722_V01_L0.IMG,M3G20090609T094722_V01_BDE.IMG,M3G20090609T095022_V01_FF.IMG,163.95,r,,,,,,,,,,,,,,,,,,2011-09-01T02:15:01,ACTUAL,3,m3g_l1b_v04.exe,4,1.017699029774 <AU>,163.95,REVERSE,ASCENDING,"(""N/A"",""N/A"",""N/A"")","(02.212092475710,7.550512186443,184.925193318231)",297811217.63,"(-0.004563228758,-0.994463356073,0.104984810193)",0.047076461062,3,7.63,M3G20090609T094722_V01_L0.IMG,M3G20090609T094722_V01_BDE.IMG,M3G20090609T095022_V01_FF.IMG,163.95,u2
M3G20090609T101951,19bc,2009-06-12T22:52:01,2572,m3_igds_l0_v18.pl,18,163.78,GLOBAL,CH1-ORB-L-M3-2-L0-RAW-V1.0,2009-06-09T10:19:51,2009-06-09T10:42:41,2009-05-10T18:01:10,PRELIMINARY,m3g_l1b_v04.exe,4,1.017694792305 <AU>,163.78,REVERSE,ASCENDING,"(""N/A"",""N/A"",""N/A"")","(02.212092475710,7.550512186443,184.925193318231)",297811217.63,"(-0.004563228758,-0.994463356073,0.104984810193)",0.047076461062,3,7.58,M3G20090609T094722_V01_L0.IMG,M3G20090609T094722_V01_BDE.IMG,M3G20090609T101951_V01_FF.IMG,163.54,r,,,,,,,,,,,,,,,,,,2011-09-01T02:15:01,ACTUAL,3,m3g_l1b_v04.exe,4,1.017694792305 <AU>,163.54,REVERSE,ASCENDING,"(""N/A"",""N/A"",""N/A"")","(02.212092475710,7.550512186443,184.925193318231)",297811217.63,"(-0.004563228758,-0.994463356073,0.104984810193)",0.047076461062,3,7.58,M3G20090609T094722_V01_L0.IMG,M3G20090609T094722_V01_BDE.IMG,M3G20090609T101951_V01_FF.IMG,163.54,u2
M3G20090609T181734,19bc,2009-06-12T22:57:36,2572,m3_igds_l0_v18.pl,18,163.95,GLOBAL,CH1-ORB-L-M3-2-L0-RAW-V1.0,2009-06-09T18:17:34,2009-06-09T18:17:57,,,,,,,,,,,,,,,,,,,,,,,,,,,,,,,,,,,,,,,,,,,,,,,,,,,,,,,,,,
M3G20090609T183254,19bc,2009-06-12T22:57:42,2572,m3_igds_l0_v18.pl,18,163.7,GLOBAL,CH1-ORB-L-M3-2-L0-RAW-V1.0,2009-06-09T18:32:54,2009-06-09T19:24:22,2009-05-10T18:01:10,PRELIMINARY,m3g_l1b_v04.exe,4,1.017677926245 <AU>,163.7,REVERSE,ASCENDING,"(""N/A"",""N/A"",""N/A"")","(00.611945210032,-1.890885211116,191.571932116195)",297841832.096,"(0.008027531681,-0.993315171449,0.115154369885)",0.047762971462,3,7.29,M3G20090609T181734_V01_L0.IMG,M3G20090609T181734_V01_BDE.IMG,M3G20090609T183254_V01_FF.IMG,163.7,r,,,,,,,,,,,,,,,,,,2011-09-01T02:15:01,ACTUAL,3,m3g_l1b_v04.exe,4,1.017677926245 <AU>,163.7,REVERSE,ASCENDING,"(""N/A"",""N/A"",""N/A"")","(00.611945210032,-1.890885211116,191.571932116195)",297841832.096,"(0.008027531681,-0.993315171449,0.115154369885)",0.047762971462,3,7.29,M3G20090609T181734_V01_L0.IMG,M3G20090609T181734_V01_BDE.IMG,M3G20090609T183254_V01_FF.IMG,163.7,u2
M3G20090609T223244,19bc,2009-06-15T18:56:07,2575,m3_igds_l0_v18.pl,18,164.04,GLOBAL,CH1-ORB-L-M3-2-L0-RAW-V1.0,2009-06-09T22:32:44,2009-06-09T22:33:07,,,,,,,,,,,,,,,,,,,,,,,,,,,,,,,,,,,,,,,,,,,,,,,,,,,,,,,,,,
M3G20090609T223544,19bc,2009-06-15T18:56:13,2575,m3_igds_l0_v18.pl,18,163.95,GLOBAL,CH1-ORB-L-M3-2-L0-RAW-V1.0,2009-06-09T22:35:44,2009-06-09T22:48:31,2009-05-10T18:01:10,PRELIMINARY,m3g_l1b_v04.exe,4,1.017671322523 <AU>,163.95,REVERSE,ASCENDING,"(""N/A"",""N/A"",""N/A"")","(-01.279708157519,9.989864319692,187.685586449176)",297857138.953,"(0.034605594632,-0.990994292158,0.129355192128)",0.04359554281,3,7.1,M3G20090609T223244_V01_L0.IMG,M3G20090609T223244_V01_BDE.IMG,M3G20090609T223544_V01_FF.IMG,163.95,r,,,,,,,,,,,,,,,,,,2011-09-01T02:15:01,ACTUAL,3,m3g_l1b_v04.exe,4,1.017671322523 <AU>,163.95,REVERSE,ASCENDING,"(""N/A"",""N/A"",""N/A"")","(-01.279708157519,9.989864319692,187.685586449176)",297857138.953,"(0.034605594632,-0.990994292158,0.129355192128)",0.04359554281,3,7.1,M3G20090609T223244_V01_L0.IMG,M3G20090609T223244_V01_BDE.IMG,M3G20090609T223544_V01_FF.IMG,163.95,u2
M3G20090609T224831,19bc,2009-06-17T16:42:00,2576,m3_igds_l0_v18.pl,18,163.7,GLOBAL,CH1-ORB-L-M3-2-L0-RAW-V1.0,2009-06-09T22:48:31,2009-06-09T23:01:09,2009-05-10T18:01:10,PRELIMINARY,m3g_l1b_v04.exe,4,1.017664670394 <AU>,163.7,REVERSE,ASCENDING,"(""N/A"",""N/A"",""N/A"")","(-01.279708157519,9.989864319692,187.685586449176)",297857138.953,"(0.034605594632,-0.990994292158,0.129355192128)",0.04359554281,3,7.1,M3G20090609T223244_V01_L0.IMG,M3G20090609T223244_V01_BDE.IMG,M3G20090609T224831_V01_FF.IMG,163.78,r,,,,,,,,,,,,,,,,,,2011-09-01T02:15:01,ACTUAL,3,m3g_l1b_v04.exe,4,1.017664670394 <AU>,163.78,REVERSE,ASCENDING,"(""N/A"",""N/A"",""N/A"")","(-01.279708157519,9.989864319692,187.685586449176)",297857138.953,"(0.034605594632,-0.990994292158,0.129355192128)",0.04359554281,3,7.1,M3G20090609T223244_V01_L0.IMG,M3G20090609T223244_V01_BDE.IMG,M3G20090609T224831_V01_FF.IMG,163.78,u2
M3G20090609T230109,19bc,2009-06-17T16:45:10,2576,m3_igds_l0_v18.pl,18,163.62,GLOBAL,CH1-ORB-L-M3-2-L0-RAW-V1.0,2009-06-09T23:01:09,2009-06-09T23:08:14,2009-05-10T18:01:10,PRELIMINARY,m3g_l1b_v04.exe,4,1.017661661268 <AU>,163.62,REVERSE,ASCENDING,"(""N/A"",""N/A"",""N/A"")","(-01.279708157519,9.989864319692,187.685586449176)",297857138.953,"(0.034605594632,-0.990994292158,0.129355192128)",0.04359554281,3,7.1,M3G20090609T223244_V01_L0.IMG,M3G20090609T223244_V01_BDE.IMG,M3G20090609T230815_V01_FF.IMG,163.54,r,,,,,,,,,,,,,,,,,,2011-09-01T02:15:01,ACTUAL,3,m3g_l1b_v04.exe,4,1.017661661268 <AU>,163.54,REVERSE,ASCENDING,"(""N/A"",""N/A"",""N/A"")","(-01.279708157519,9.989864319692,187.685586449176)",297857138.953,"(0.034605594632,-0.990994292158,0.129355192128)",0.04359554281,3,7.1,M3G20090609T223244_V01_L0.IMG,M3G20090609T223244_V01_BDE.IMG,M3G20090609T230815_V01_FF.IMG,163.54,u2
M3G20090609T230815,19bc,2009-06-17T16:46:58,2576,m3_igds_l0_v18.pl,18,163.62,GLOBAL,CH1-ORB-L-M3-2-L0-RAW-V1.0,2009-06-09T23:08:15,2009-06-09T23:28:36,2009-05-10T18:01:10,PRELIMINARY,m3g_l1b_v04.exe,4,1.017662330275 <AU>,163.62,REVERSE,ASCENDING,"(""N/A"",""N/A"",""N/A"")","(-01.279708157519,9.989864319692,187.685586449176)",297857138.953,"(0.034605594632,-0.990994292158,0.129355192128)",0.04359554281,3,7.1,M3G20090609T223244_V01_L0.IMG,M3G20090609T223244_V01_BDE.IMG,M3G20090609T230815_V01_FF.IMG,163.54,r,,,,,,,,,,,,,,,,,,2011-09-01T02:15:01,ACTUAL,3,m3g_l1b_v04.exe,4,1.017662330275 <AU>,163.54,REVERSE,ASCENDING,"(""N/A"",""N/A"",""N/A"")","(-01.279708157519,9.989864319692,187.685586449176)",297857138.953,"(0.034605594632,-0.990994292158,0.129355192128)",0.04359554281,3,7.1,M3G20090609T223244_V01_L0.IMG,M3G20090609T223244_V01_BDE.IMG,M3G20090609T230815_V01_FF.IMG,163.54,u2
M3G20090610T024753,19bc,2009-06-17T16:47:10,2576,m3_igds_l0_v18.pl,18,163.78,GLOBAL,CH1-ORB-L-M3-2-L0-RAW-V1.0,2009-06-10T00:47:36,2009-06-10T02:47:53,,,,,,,,,,,,,,,,,,,,,,,,,,,,,,,,,,,,,,,,,,,,,,,,,,,,,,,,,,
M3G20090610T030313,19bc,2009-06-17T16:52:06,2576,m3_igds_l0_v18.pl,18,163.62,GLOBAL,CH1-ORB-L-M3-2-L0-RAW-V1.0,2009-06-10T23:43:32,2009-06-10T00:10:13,2009-05-10T18:01:10,PRELIMINARY,m3g_l1b_v04.exe,4,1.017646211264 <AU>,163.62,REVERSE,ASCENDING,"(""N/A"",""N/A"",""N/A"")","(00.179717121097,0.330653235361,182.118786200774)",297872445.634,"(0.013870011943,-0.992662407937,0.120120633687)",0.04741273688,3,7.1,M3G20090609T223244_V01_L0.IMG,M3G20090609T223244_V01_BDE.IMG,M3G20090609T234332_V01_FF.IMG,164.12,r,,,,,,,,,,,,,,,,,,2011-09-01T02:15:01,ACTUAL,3,m3g_l1b_v04.exe,4,1.017646211264 <AU>,164.12,REVERSE,ASCENDING,"(""N/A"",""N/A"",""N/A"")","(00.179717121097,0.330653235361,182.118786200774)",297872445.634,"(0.013870011943,-0.992662407937,0.120120633687)",0.04741273688,3,6.91,M3G20090610T024753_V01_L0.IMG,M3G20090610T024753_V01_BDE.IMG,M3G20090610T032955_V01_FF.IMG,163.7,u2
M3G20090610T070304,19bc,2009-06-17T06:28:50,2576,m3_igds_l0_v18.pl,18,164.12,GLOBAL,CH1-ORB-L-M3-2-L0-RAW-V1.0,2009-06-10T07:03:04,2009-06-10T07:03:27,,,,,,,,,,,,,,,,,,,,,,,,,,,,,,,,,,,,,,,,,,,,,,,,,,,,,,,,,,
M3G20090610T070604,19bc,2009-06-17T06:28:56,2576,m3_igds_l0_v18.pl,18,164.12,GLOBAL,CH1-ORB-L-M3-2-L0-RAW-V1.0,2009-06-10T07:06:04,2009-06-10T07:58:23,2009-05-10T18:01:10,PRELIMINARY,m3g_l1b_v04.exe,4,1.017628222574 <AU>,164.12,REVERSE,ASCENDING,"(""N/A"",""N/A"",""N/A"")","(01.231337879406,2.771469784946,184.045914250823)",297887752.215,"(0.001864029887,-0.993255382909,0.115932177221)",0.047006837655,3,6.76,M3G20090610T070304_V01_L0.IMG,M3G20090610T070304_V01_BDE.IMG,M3G20090610T070604_V01_FF.IMG,164.04,r,,,,,,,,,,,,,,,,,,2011-09-01T02:15:01,ACTUAL,3,m3g_l1b_v04.exe,4,1.017628222574 <AU>,164.04,REVERSE,ASCENDING,"(""N/A"",""N/A"",""N/A"")","(01.231337879406,2.771469784946,184.045914250823)",297887752.215,"(0.001864029887,-0.993255382909,0.115932177221)",0.047006837655,3,6.76,M3G20090610T070304_V01_L0.IMG,M3G20090610T070304_V01_BDE.IMG,M3G20090610T070604_V01_FF.IMG,164.04,u2
M3G20090610T111804,19bc,2009-06-15T17:01:25,2583,m3_igds_l0_v18.pl,18,164.45,GLOBAL,CH1-ORB-L-M3-2-L0-RAW-V1.0,2009-06-10T11:18:04,2009-06-10T11:18:27,,,,,,,,,,,,,,,,,,,,,,,,,,,,,,,,,,,,,,,,,,,,,,,,,,,,,,,,,,
M3G20090610T113334,19bc,2009-06-15T17:01:32,2583,m3_igds_l0_v18.pl,18,164.45,GLOBAL,CH1-ORB-L-M3-2-L0-RAW-V1.0,2009-06-10T11:33:34,2009-06-10T12:25:02,2009-05-10T18:01:10,PRELIMINARY,m3g_l1b_v04.exe,4,1.017603990823 <AU>,164.45,REVERSE,ASCENDING,"(""N/A"",""N/A"",""N/A"")","(01.851960854291,3.202564388920,185.676007280248)",297903058.778,"(-0.004431567012,-0.993902002185,0.110177907347)",0.046999715407,3,6.57,M3G20090610T111804_V01_L0.IMG,M3G20090610T111804_V01_BDE.IMG,M3G20090610T113334_V01_FF.IMG,164.45,r,,,,,,,,,,,,,,,,,,2011-09-01T02:15:01,ACTUAL,3,m3g_l1b_v04.exe,4,1.017603990823 <AU>,164.45,REVERSE,ASCENDING,"(""N/A"",""N/A"",""N/A"")","(01.851960854291,3.202564388920,185.676007280248)",297903058.778,"(-0.004431567012,-0.993902002185,0.110177907347)",0.046999715407,3,6.57,M3G20090610T111804_V01_L0.IMG,M3G20090610T111804_V01_BDE.IMG,M3G20090610T113334_V01_FF.IMG,164.45,u2
M3G20090610T153314,19bc,2009-06-15T17:14:35,2583,m3_igds_l0_v18.pl,18,164.12,GLOBAL,CH1-ORB-L-M3-2-L0-RAW-V1.0,2009-06-10T15:33:14,2009-06-10T15:33:37,,,,,,,,,,,,,,,,,,,,,,,,,,,,,,,,,,,,,,,,,,,,,,,,,,,,,,,,,,
M3G20090610T153615,19bc,2009-06-15T17:14:41,2583,m3_igds_l0_v18.pl,18,164.12,GLOBAL,CH1-ORB-L-M3-2-L0-RAW-V1.0,2009-06-10T15:36:15,2009-06-10T15:40:42,2009-05-10T18:01:10,PRELIMINARY,m3g_l1b_v04.exe,4,1.017589708633 <AU>,164.12,REVERSE,ASCENDING,"(""N/A"",""N/A"",""N/A"")","(01.883142152044,3.195181925728,186.085224204759)",297918365.268,"(-0.006321560694,-0.993660856102,0.112241440299)",0.046992149648,3,6.42,M3G20090610T153314_V01_L0.IMG,M3G20090610T153314_V01_BDE.IMG,M3G20090610T154042_V01_FF.IMG,164.12,r,,,,,,,,,,,,,,,,,,2011-09-01T02:15:01,ACTUAL,3,m3g_l1b_v04.exe,4,1.017589708633 <AU>,164.12,REVERSE,ASCENDING,"(""N/A"",""N/A"",""N/A"")","(01.883142152044,3.195181925728,186.085224204759)",297918365.268,"(-0.006321560694,-0.993660856102,0.112241440299)",0.046992149648,3,6.42,M3G20090610T153314_V01_L0.IMG,M3G20090610T153314_V01_BDE.IMG,M3G20090610T154042_V01_FF.IMG,164.12,u2
M3G20090610T154042,19bc,2009-06-15T17:15:49,2583,m3_igds_l0_v18.pl,18,164.12,GLOBAL,CH1-ORB-L-M3-2-L0-RAW-V1.0,2009-06-10T15:40:42,2009-06-10T16:13:07,2009-05-10T18:01:10,PRELIMINARY,m3g_l1b_v04.exe,4,1.017579912052 <AU>,164.12,REVERSE,ASCENDING,"(""N/A"",""N/A"",""N/A"")","(01.883142152044,3.195181925728,186.085224204759)",297918365.268,"(-0.006321560694,-0.993660856102,0.112241440299)",0.046992149648,3,6.42,M3G20090610T153314_V01_L0.IMG,M3G20090610T153314_V01_BDE.IMG,M3G20090610T154042_V01_FF.IMG,164.12,r,,,,,,,,,,,,,,,,,,2011-09-01T02:15:01,ACTUAL,3,m3g_l1b_v04.exe,4,1.017579912052 <AU>,164.12,REVERSE,ASCENDING,"(""N/A"",""N/A"",""N/A"")","(01.883142152044,3.195181925728,186.085224204759)",297918365.268,"(-0.006321560694,-0.993660856102,0.112241440299)",0.046992149648,3,6.42,M3G20090610T153314_V01_L0.IMG,M3G20090610T153314_V01_BDE.IMG,M3G20090610T154042_V01_FF.IMG,164.12,u2
M3G20090610T161308,19bc,2009-06-15T17:24:02,2585,m3_igds_l0_v18.pl,18,163.87,GLOBAL,CH1-ORB-L-M3-2-L0-RAW-V1.0,2009-06-10T16:13:08,2009-06-10T16:28:00,2009-05-10T18:01:10,PRELIMINARY,m3g_l1b_v04.exe,4,1.017576329205 <AU>,163.87,REVERSE,ASCENDING,"(""N/A"",""N/A"",""N/A"")","(01.883142152044,3.195181925728,186.085224204759)",297918365.268,"(-0.006321560694,-0.993660856102,0.112241440299)",0.046992149648,3,6.37,M3G20090610T153314_V01_L0.IMG,M3G20090610T153314_V01_BDE.IMG,M3G20090610T161308_V01_FF.IMG,163.87,r,,,,,,,,,,,,,,,,,,2011-09-01T02:15:01,ACTUAL,3,m3g_l1b_v04.exe,4,1.017576329205 <AU>,163.87,REVERSE,ASCENDING,"(""N/A"",""N/A"",""N/A"")","(01.883142152044,3.195181925728,186.085224204759)",297918365.268,"(-0.006321560694,-0.993660856102,0.112241440299)",0.046992149648,3,6.37,M3G20090610T153314_V01_L0.IMG,M3G20090610T153314_V01_BDE.IMG,M3G20090610T161308_V01_FF.IMG,163.87,u2
M3G20090610T162800,19bc,2009-06-15T17:27:49,2586,m3_igds_l0_v18.pl,18,164.12,GLOBAL,CH1-ORB-L-M3-2-L0-RAW-V1.0,2009-06-10T16:28:00,2009-06-10T16:28:42,2009-05-10T18:01:10,PRELIMINARY,m3g_l1b_v04.exe,4,1.017578267670 <AU>,164.12,REVERSE,ASCENDING,"(""N/A"",""N/A"",""N/A"")","(01.883142152044,3.195181925728,186.085224204759)",297918365.268,"(-0.006321560694,-0.993660856102,0.112241440299)",0.046992149648,3,6.37,M3G20090610T153314_V01_L0.IMG,M3G20090610T153314_V01_BDE.IMG,M3G20090610T161308_V01_FF.IMG,164.12,r,,,,,,,,,,,,,,,,,,2011-09-01T02:15:01,ACTUAL,3,m3g_l1b_v04.exe,4,1.017578267670 <AU>,164.12,REVERSE,ASCENDING,"(""N/A"",""N/A"",""N/A"")","(01.883142152044,3.195181925728,186.085224204759)",297918365.268,"(-0.006321560694,-0.993660856102,0.112241440299)",0.046992149648,3,6.37,M3G20090610T153314_V01_L0.IMG,M3G20090610T153314_V01_BDE.IMG,M3G20090610T161308_V01_FF.IMG,164.12,u2
M3G20090610T194824,19bc,2009-06-15T17:28:00,2586,m3_igds_l0_v18.pl,18,164.28,GLOBAL,CH1-ORB-L-M3-2-L0-RAW-V1.0,2009-06-10T19:48:24,2009-06-10T19:48:48,,,,,,,,,,,,,,,,,,,,,,,,,,,,,,,,,,,,,,,,,,,,,,,,,,,,,,,,,,
M3G20090610T200344,19bc,2009-06-15T17:28:06,2586,m3_igds_l0_v18.pl,18,164.12,GLOBAL,CH1-ORB-L-M3-2-L0-RAW-V1.0,2009-06-10T20:03:44,2009-06-10T20:55:22,2009-05-10T18:01:10,PRELIMINARY,m3g_l1b_v04.exe,4,1.017549467641 <AU>,164.12,REVERSE,ASCENDING,"(""N/A"",""N/A"",""N/A"")","(02.188657740898,2.724569050513,186.047811960702)",297933671.898,"(-0.008024640453,-0.994056310400,0.108570976324)",0.047106999726,3,6.24,M3G20090610T194824_V01_L0.IMG,M3G20090610T194824_V01_BDE.IMG,M3G20090610T200344_V01_FF.IMG,164.04,r,,,,,,,,,,,,,,,,,,2011-09-01T02:15:01,ACTUAL,3,m3g_l1b_v04.exe,4,1.017549467641 <AU>,164.04,REVERSE,ASCENDING,"(""N/A"",""N/A"",""N/A"")","(02.188657740898,2.724569050513,186.047811960702)",297933671.898,"(-0.008024640453,-0.994056310400,0.108570976324)",0.047106999726,3,6.24,M3G20090610T194824_V01_L0.IMG,M3G20090610T194824_V01_BDE.IMG,M3G20090610T200344_V01_FF.IMG,164.04,u2
M3G20090611T000332,19bc,2009-06-15T17:41:11,2586,m3_igds_l0_v18.pl,18,164.37,GLOBAL,CH1-ORB-L-M3-2-L0-RAW-V1.0,2009-06-11T00:03:32,2009-06-11T00:03:56,,,,,,,,,,,,,,,,,,,,,,,,,,,,,,,,,,,,,,,,,,,,,,,,,,,,,,,,,,
M3G20090611T000633,19bc,2009-06-15T17:41:17,2586,m3_igds_l0_v18.pl,18,164.28,GLOBAL,CH1-ORB-L-M3-2-L0-RAW-V1.0,2009-06-11T00:06:33,2009-06-11T00:18:30,2009-05-10T18:01:10,PRELIMINARY,m3g_l1b_v04.exe,4,1.017527760135 <AU>,164.28,REVERSE,ASCENDING,"(""N/A"",""N/A"",""N/A"")","(-01.717852303424,6.382428391230,182.989365151866)",297948978.741,"(0.030195802790,-0.994856042851,0.096693678678)",0.04590150878,3,6.09,M3G20090611T000332_V01_L0.IMG,M3G20090611T000332_V01_BDE.IMG,M3G20090611T001830_V01_FF.IMG,164.37,r,,,,,,,,,,,,,,,,,,2011-09-01T02:15:01,ACTUAL,3,m3g_l1b_v04.exe,4,1.017527760135 <AU>,164.37,REVERSE,ASCENDING,"(""N/A"",""N/A"",""N/A"")","(-01.717852303424,6.382428391230,182.989365151866)",297948978.741,"(0.030195802790,-0.994856042851,0.096693678678)",0.04590150878,3,6.09,M3G20090611T000332_V01_L0.IMG,M3G20090611T000332_V01_BDE.IMG,M3G20090611T001830_V01_FF.IMG,164.37,u2
M3G20090611T001830,19bc,2009-06-17T06:41:47,2588,m3_igds_l0_v18.pl,18,164.04,GLOBAL,CH1-ORB-L-M3-2-L0-RAW-V1.0,2009-06-11T00:18:30,2009-06-11T00:59:01,2009-05-10T18:01:10,PRELIMINARY,m3g_l1b_v04.exe,4,1.017517454260 <AU>,164.04,REVERSE,ASCENDING,"(""N/A"",""N/A"",""N/A"")","(-01.717852303424,6.382428391230,182.989365151866)",297948978.741,"(0.030195802790,-0.994856042851,0.096693678678)",0.04590150878,3,6.09,M3G20090611T000332_V01_L0.IMG,M3G20090611T000332_V01_BDE.IMG,M3G20090611T001830_V01_FF.IMG,164.04,r,,,,,,,,,,,,,,,,,,2011-09-01T02:15:01,ACTUAL,3,m3g_l1b_v04.exe,4,1.017517454260 <AU>,164.04,REVERSE,ASCENDING,"(""N/A"",""N/A"",""N/A"")","(-01.717852303424,6.382428391230,182.989365151866)",297948978.741,"(0.030195802790,-0.994856042851,0.096693678678)",0.04590150878,3,6.09,M3G20090611T000332_V01_L0.IMG,M3G20090611T000332_V01_BDE.IMG,M3G20090611T001830_V01_FF.IMG,164.04,u2
M3G20090611T041842,19bc,2009-06-17T06:51:37,2588,m3_igds_l0_v18.pl,18,164.45,GLOBAL,CH1-ORB-L-M3-2-L0-RAW-V1.0,2009-06-11T04:18:42,2009-06-11T04:19:06,,,,,,,,,,,,,,,,,,,,,,,,,,,,,,,,,,,,,,,,,,,,,,,,,,,,,,,,,,
M3G20090611T043402,19bc,2009-06-17T06:51:43,2588,m3_igds_l0_v18.pl,18,164.2,GLOBAL,CH1-ORB-L-M3-2-L0-RAW-V1.0,2009-06-11T04:34:02,2009-06-11T04:35:27,2009-05-10T18:01:10,PRELIMINARY,m3g_l1b_v04.exe,4,1.017489211915 <AU>,164.2,REVERSE,ASCENDING,"(""N/A"",""N/A"",""N/A"")","(00.127773448139,3.840038280236,185.352688610127)",297964285.842,"(0.014126704418,-0.992434374370,0.121960849420)",0.047038298384,3,5.89,M3G20090611T041842_V01_L0.IMG,M3G20090611T041842_V01_BDE.IMG,M3G20090611T043527_V01_FF.IMG,164.2,r,,,,,,,,,,,,,,,,,,2011-09-01T02:15:01,ACTUAL,3,m3g_l1b_v04.exe,4,1.017489211915 <AU>,164.2,REVERSE,ASCENDING,"(""N/A"",""N/A"",""N/A"")","(00.127773448139,3.840038280236,185.352688610127)",297964285.842,"(0.014126704418,-0.992434374370,0.121960849420)",0.047038298384,3,5.89,M3G20090611T041842_V01_L0.IMG,M3G20090611T041842_V01_BDE.IMG,M3G20090611T043527_V01_FF.IMG,164.2,u2
M3G20090611T043527,19bc,2009-06-15T17:44:18,2596,m3_igds_l0_v18.pl,18,164.12,GLOBAL,CH1-ORB-L-M3-2-L0-RAW-V1.0,2009-06-11T04:35:27,2009-06-11T05:25:41,2009-05-10T18:01:10,PRELIMINARY,m3g_l1b_v04.exe,4,1.017483636408 <AU>,164.12,REVERSE,ASCENDING,"(""N/A"",""N/A"",""N/A"")","(00.127773448139,3.840038280236,185.352688610127)",297964285.842,"(0.014126704418,-0.992434374370,0.121960849420)",0.047038298384,3,5.89,M3G20090611T041842_V01_L0.IMG,M3G20090611T041842_V01_BDE.IMG,M3G20090611T043527_V01_FF.IMG,164.2,r,,,,,,,,,,,,,,,,,,2011-09-01T02:15:01,ACTUAL,3,m3g_l1b_v04.exe,4,1.017483636408 <AU>,164.2,REVERSE,ASCENDING,"(""N/A"",""N/A"",""N/A"")","(00.127773448139,3.840038280236,185.352688610127)",297964285.842,"(0.014126704418,-0.992434374370,0.121960849420)",0.047038298384,3,5.89,M3G20090611T041842_V01_L0.IMG,M3G20090611T041842_V01_BDE.IMG,M3G20090611T043527_V01_FF.IMG,164.2,u2
M3G20090611T083352,19bc,2009-06-15T17:56:54,2596,m3_igds_l0_v18.pl,18,164.53,GLOBAL,CH1-ORB-L-M3-2-L0-RAW-V1.0,2009-06-11T08:33:52,2009-06-11T08:34:16,,,,,,,,,,,,,,,,,,,,,,,,,,,,,,,,,,,,,,,,,,,,,,,,,,,,,,,,,,
M3G20090611T083653,19bc,2009-06-15T17:57:00,2596,m3_igds_l0_v18.pl,18,164.45,GLOBAL,CH1-ORB-L-M3-2-L0-RAW-V1.0,2009-06-11T08:36:53,2009-06-11T09:02:20,2009-05-10T18:01:10,PRELIMINARY,m3g_l1b_v04.exe,4,1.017453175067 <AU>,164.45,REVERSE,ASCENDING,"(""N/A"",""N/A"",""N/A"")","(01.663193143218,4.633299278143,185.244804447430)",297979593.178,"(0.000437790620,-0.993511809453,0.113728153141)",0.04691365328,3,5.75,M3G20090611T083352_V01_L0.IMG,M3G20090611T083352_V01_BDE.IMG,M3G20090611T083653_V01_FF.IMG,164.45,r,,,,,,,,,,,,,,,,,,2011-09-01T02:15:01,ACTUAL,3,m3g_l1b_v04.exe,4,1.017453175067 <AU>,164.45,REVERSE,ASCENDING,"(""N/A"",""N/A"",""N/A"")","(01.663193143218,4.633299278143,185.244804447430)",297979593.178,"(0.000437790620,-0.993511809453,0.113728153141)",0.04691365328,3,5.75,M3G20090611T083352_V01_L0.IMG,M3G20090611T083352_V01_BDE.IMG,M3G20090611T083653_V01_FF.IMG,164.45,u2
M3G20090611T090220,19bc,2009-06-15T18:03:23,2597,m3_igds_l0_v18.pl,18,164.12,GLOBAL,CH1-ORB-L-M3-2-L0-RAW-V1.0,2009-06-11T09:02:21,2009-06-11T09:29:21,2009-05-10T18:01:10,PRELIMINARY,m3g_l1b_v04.exe,4,1.017444956792 <AU>,164.12,REVERSE,ASCENDING,"(""N/A"",""N/A"",""N/A"")","(01.663193143218,4.633299278143,185.244804447430)",297979593.178,"(0.000437790620,-0.993511809453,0.113728153141)",0.04691365328,3,5.7,M3G20090611T083352_V01_L0.IMG,M3G20090611T083352_V01_BDE.IMG,M3G20090611T090220_V01_FF.IMG,164.12,r,,,,,,,,,,,,,,,,,,2011-09-01T02:15:01,ACTUAL,3,m3g_l1b_v04.exe,4,1.017444956792 <AU>,164.12,REVERSE,ASCENDING,"(""N/A"",""N/A"",""N/A"")","(01.663193143218,4.633299278143,185.244804447430)",297979593.178,"(0.000437790620,-0.993511809453,0.113728153141)",0.04691365328,3,5.7,M3G20090611T083352_V01_L0.IMG,M3G20090611T083352_V01_BDE.IMG,M3G20090611T090220_V01_FF.IMG,164.12,u2
M3G20090612T013433,19bc,2009-06-17T06:52:04,2599,m3_igds_l0_v18.pl,18,170.44,GLOBAL,CH1-ORB-L-M3-2-L0-RAW-V1.0,2009-06-12T01:34:33,2009-06-12T01:34:56,,,,,,,,,,,,,,,,,,,,,,,,,,,,,,,,,,,,,,,,,,,,,,,,,,,,,,,,,,
M3G20090612T054942,19bc,2009-06-17T07:05:16,2599,m3_igds_l0_v18.pl,18,167.55,GLOBAL,CH1-ORB-L-M3-2-L0-RAW-V1.0,2009-06-12T05:49:42,2009-06-12T05:50:06,,,,,,,,,,,,,,,,,,,,,,,,,,,,,,,,,,,,,,,,,,,,,,,,,,,,,,,,,,
M3G20090612T060502,19bc,2009-06-17T07:05:22,2599,m3_igds_l0_v18.pl,18,167.2,GLOBAL,CH1-ORB-L-M3-2-L0-RAW-V1.0,2009-06-12T06:05:02,2009-06-12T06:47:31,2009-05-10T18:01:10,PRELIMINARY,m3g_l1b_v04.exe,4,1.017224633668 <AU>,167.2,REVERSE,ASCENDING,"(""N/A"",""N/A"",""N/A"")","(00.215106503878,-1.288908418997,180.822537070147)",298056131.84,"(0.053347817664,-0.997453423282,0.047335808157)",0.047016691886,3,4.88,M3G20090612T054942_V01_L0.IMG,M3G20090612T054942_V01_BDE.IMG,M3G20090612T060502_V01_FF.IMG,167.2,r,,,,,,,,,,,,,,,,,,2011-09-01T02:15:01,ACTUAL,3,m3g_l1b_v04.exe,4,1.017224633668 <AU>,167.2,REVERSE,ASCENDING,"(""N/A"",""N/A"",""N/A"")","(00.215106503878,-1.288908418997,180.822537070147)",298056131.84,"(0.053347817664,-0.997453423282,0.047335808157)",0.047016691886,3,4.88,M3G20090612T054942_V01_L0.IMG,M3G20090612T054942_V01_BDE.IMG,M3G20090612T060502_V01_FF.IMG,167.2,u2
M3G20090612T064731,19bc,2009-06-17T07:15:47,2599,m3_igds_l0_v18.pl,18,167.02,GLOBAL,CH1-ORB-L-M3-2-L0-RAW-V1.0,2009-06-12T06:47:31,2009-06-12T06:56:31,2009-05-10T18:01:10,PRELIMINARY,m3g_l1b_v04.exe,4,1.017226301029 <AU>,167.02,REVERSE,ASCENDING,"(""N/A"",""N/A"",""N/A"")","(00.215106503878,-1.288908418997,180.822537070147)",298056131.84,"(0.053347817664,-0.997453423282,0.047335808157)",0.047016691886,3,4.88,M3G20090612T054942_V01_L0.IMG,M3G20090612T054942_V01_BDE.IMG,M3G20090612T060502_V01_FF.IMG,167.02,r,,,,,,,,,,,,,,,,,,2011-09-01T02:15:01,ACTUAL,3,m3g_l1b_v04.exe,4,1.017226301029 <AU>,167.02,REVERSE,ASCENDING,"(""N/A"",""N/A"",""N/A"")","(00.215106503878,-1.288908418997,180.822537070147)",298056131.84,"(0.053347817664,-0.997453423282,0.047335808157)",0.047016691886,3,4.88,M3G20090612T054942_V01_L0.IMG,M3G20090612T054942_V01_BDE.IMG,M3G20090612T060502_V01_FF.IMG,167.02,u2
M3G20090612T100452,19bc,2009-06-17T07:17:54,2603,m3_igds_l0_v18.pl,18,166.24,GLOBAL,CH1-ORB-L-M3-2-L0-RAW-V1.0,2009-06-12T10:04:52,2009-06-12T10:05:16,,,,,,,,,,,,,,,,,,,,,,,,,,,,,,,,,,,,,,,,,,,,,,,,,,,,,,,,,,
M3G20090612T100753,19bc,2009-06-17T07:18:00,2603,m3_igds_l0_v18.pl,18,166.15,GLOBAL,CH1-ORB-L-M3-2-L0-RAW-V1.0,2009-06-12T10:07:53,2009-06-12T10:15:42,2009-05-10T18:01:10,PRELIMINARY,m3g_l1b_v04.exe,4,1.017186847907 <AU>,166.15,REVERSE,ASCENDING,"(""N/A"",""N/A"",""N/A"")","(00.155380583873,-1.165316111496,180.843107182882)",298071439.921,"(0.054305937175,-0.997396398929,0.047447745901)",0.047045148211,3,4.69,M3G20090612T100452_V01_L0.IMG,M3G20090612T100452_V01_BDE.IMG,M3G20090612T101600_V01_FF.IMG,166.15,r,,,,,,,,,,,,,,,,,,2011-09-01T02:15:01,ACTUAL,3,m3g_l1b_v04.exe,4,1.017186847907 <AU>,166.15,REVERSE,ASCENDING,"(""N/A"",""N/A"",""N/A"")","(00.155380583873,-1.165316111496,180.843107182882)",298071439.921,"(0.054305937175,-0.997396398929,0.047447745901)",0.047045148211,3,4.69,M3G20090612T100452_V01_L0.IMG,M3G20090612T100452_V01_BDE.IMG,M3G20090612T101600_V01_FF.IMG,166.15,u2
M3G20090612T101600,19bc,2009-06-17T07:19:54,2603,m3_igds_l0_v18.pl,18,165.98,GLOBAL,CH1-ORB-L-M3-2-L0-RAW-V1.0,2009-06-12T10:16:00,2009-06-12T11:00:11,2009-05-10T18:01:10,PRELIMINARY,m3g_l1b_v04.exe,4,1.017174041428 <AU>,165.98,REVERSE,ASCENDING,"(""N/A"",""N/A"",""N/A"")","(00.155380583873,-1.165316111496,180.843107182882)",298071439.921,"(0.054305937175,-0.997396398929,0.047447745901)",0.047045148211,3,4.69,M3G20090612T100452_V01_L0.IMG,M3G20090612T100452_V01_BDE.IMG,M3G20090612T101600_V01_FF.IMG,165.98,r,,,,,,,,,,,,,,,,,,2011-09-01T02:15:01,ACTUAL,3,m3g_l1b_v04.exe,4,1.017174041428 <AU>,165.98,REVERSE,ASCENDING,"(""N/A"",""N/A"",""N/A"")","(00.155380583873,-1.165316111496,180.843107182882)",298071439.921,"(0.054305937175,-0.997396398929,0.047447745901)",0.047045148211,3,4.69,M3G20090612T100452_V01_L0.IMG,M3G20090612T100452_V01_BDE.IMG,M3G20090612T101600_V01_FF.IMG,165.98,u2
M3G20090612T142003,19bc,2009-06-15T23:18:40,2607,m3_igds_l0_v18.pl,18,165.55,GLOBAL,CH1-ORB-L-M3-2-L0-RAW-V1.0,2009-06-12T14:20:03,2009-06-12T14:20:26,,,,,,,,,,,,,,,,,,,,,,,,,,,,,,,,,,,,,,,,,,,,,,,,,,,,,,,,,,
M3G20090612T143522,19bc,2009-06-15T23:18:46,2607,m3_igds_l0_v18.pl,18,165.55,GLOBAL,CH1-ORB-L-M3-2-L0-RAW-V1.0,2009-06-12T14:35:22,2009-06-12T15:26:51,2009-05-10T18:01:10,PRELIMINARY,m3g_l1b_v04.exe,4,1.017119822920 <AU>,165.55,REVERSE,ASCENDING,"(""N/A"",""N/A"",""N/A"")","(00.272817166494,-0.852733152068,182.166887778310)",298086748.243,"(0.045968425129,-0.996872583535,0.064280293157)",0.047003917844,3,4.55,M3G20090612T142003_V01_L0.IMG,M3G20090612T142003_V01_BDE.IMG,M3G20090612T143522_V01_FF.IMG,165.55,r,,,,,,,,,,,,,,,,,,2011-09-01T02:15:01,ACTUAL,3,m3g_l1b_v04.exe,4,1.017119822920 <AU>,165.55,REVERSE,ASCENDING,"(""N/A"",""N/A"",""N/A"")","(00.272817166494,-0.852733152068,182.166887778310)",298086748.243,"(0.045968425129,-0.996872583535,0.064280293157)",0.047003917844,3,4.55,M3G20090612T142003_V01_L0.IMG,M3G20090612T142003_V01_BDE.IMG,M3G20090612T143522_V01_FF.IMG,165.55,u2
M3G20090612T183512,19bc,2009-06-15T23:31:31,2607,m3_igds_l0_v18.pl,18,165.3,GLOBAL,CH1-ORB-L-M3-2-L0-RAW-V1.0,2009-06-12T18:35:12,2009-06-12T18:35:36,,,,,,,,,,,,,,,,,,,,,,,,,,,,,,,,,,,,,,,,,,,,,,,,,,,,,,,,,,
M3G20090612T183813,19bc,2009-06-15T23:31:37,2607,m3_igds_l0_v18.pl,18,165.3,GLOBAL,CH1-ORB-L-M3-2-L0-RAW-V1.0,2009-06-12T18:38:13,2009-06-12T19:30:31,2009-05-10T18:01:10,PRELIMINARY,m3g_l1b_v04.exe,4,1.017066862458 <AU>,165.3,REVERSE,ASCENDING,"(""N/A"",""N/A"",""N/A"")","(00.209039880797,-0.912473610022,182.078159181521)",298102056.697,"(0.047019702513,-0.996823847708,0.064275689159)",0.047023045929,3,4.4,M3G20090612T183512_V01_L0.IMG,M3G20090612T183512_V01_BDE.IMG,M3G20090612T183813_V01_FF.IMG,165.3,r,,,,,,,,,,,,,,,,,,2011-09-01T02:15:01,ACTUAL,3,m3g_l1b_v04.exe,4,1.017066862458 <AU>,165.3,REVERSE,ASCENDING,"(""N/A"",""N/A"",""N/A"")","(00.209039880797,-0.912473610022,182.078159181521)",298102056.697,"(0.047019702513,-0.996823847708,0.064275689159)",0.047023045929,3,4.4,M3G20090612T183512_V01_L0.IMG,M3G20090612T183512_V01_BDE.IMG,M3G20090612T183813_V01_FF.IMG,165.3,u2
M3G20090612T225022,19bc,2009-06-15T23:44:27,2609,m3_igds_l0_v18.pl,18,165.21,GLOBAL,CH1-ORB-L-M3-2-L0-RAW-V1.0,2009-06-12T22:50:22,2009-06-12T22:50:46,,,,,,,,,,,,,,,,,,,,,,,,,,,,,,,,,,,,,,,,,,,,,,,,,,,,,,,,,,
M3G20090612T230542,19bc,2009-06-15T23:44:33,2609,m3_igds_l0_v18.pl,18,165.04,GLOBAL,CH1-ORB-L-M3-2-L0-RAW-V1.0,2009-06-12T23:05:42,2009-06-12T23:57:11,2009-05-10T18:01:10,PRELIMINARY,m3g_l1b_v04.exe,4,1.017006380465 <AU>,165.04,REVERSE,ASCENDING,"(""N/A"",""N/A"",""N/A"")","(00.193889406973,-0.864628191147,181.993198960450)",298117365.376,"(0.047303466829,-0.996914964523,0.062633342045)",0.047044670528,3,4.21,M3G20090612T225022_V01_L0.IMG,M3G20090612T225022_V01_BDE.IMG,M3G20090612T230542_V01_FF.IMG,165.04,r,,,,,,,,,,,,,,,,,,2011-09-01T02:15:01,ACTUAL,3,m3g_l1b_v04.exe,4,1.017006380465 <AU>,165.04,REVERSE,ASCENDING,"(""N/A"",""N/A"",""N/A"")","(00.193889406973,-0.864628191147,181.993198960450)",298117365.376,"(0.047303466829,-0.996914964523,0.062633342045)",0.047044670528,3,4.21,M3G20090612T225022_V01_L0.IMG,M3G20090612T225022_V01_BDE.IMG,M3G20090612T230542_V01_FF.IMG,165.04,u2
M3G20090613T030542,19bc,2009-06-15T23:57:12,2610,m3_igds_l0_v18.pl,18,165.21,GLOBAL,CH1-ORB-L-M3-2-L0-RAW-V1.0,2009-06-13T03:05:42,2009-06-13T03:06:06,,,,,,,,,,,,,,,,,,,,,,,,,,,,,,,,,,,,,,,,,,,,,,,,,,,,,,,,,,
M3G20090613T030843,19bc,2009-06-15T23:57:18,2610,m3_igds_l0_v18.pl,18,165.21,GLOBAL,CH1-ORB-L-M3-2-L0-RAW-V1.0,2009-06-13T03:08:43,2009-06-13T03:25:20,2009-05-10T18:01:10,PRELIMINARY,m3g_l1b_v04.exe,4,1.016957664602 <AU>,165.21,REVERSE,ASCENDING,"(""N/A"",""N/A"",""N/A"")","(00.268003330985,-0.768524029107,181.923300484242)",298132674.191,"(0.046960369563,-0.997060977149,0.060532070317)",0.047079652666,3,4.01,M3G20090613T030542_V01_L0.IMG,M3G20090613T030542_V01_BDE.IMG,M3G20090613T030843_V01_FF.IMG,165.21,r,,,,,,,,,,,,,,,,,,2011-09-01T02:15:01,ACTUAL,3,m3g_l1b_v04.exe,4,1.016957664602 <AU>,165.21,REVERSE,ASCENDING,"(""N/A"",""N/A"",""N/A"")","(00.268003330985,-0.768524029107,181.923300484242)",298132674.191,"(0.046960369563,-0.997060977149,0.060532070317)",0.047079652666,3,4.01,M3G20090613T030542_V01_L0.IMG,M3G20090613T030542_V01_BDE.IMG,M3G20090613T030843_V01_FF.IMG,165.21,u2
M3G20090613T032520,19bc,2009-06-17T07:30:45,2611,m3_igds_l0_v18.pl,18,164.96,GLOBAL,CH1-ORB-L-M3-2-L0-RAW-V1.0,2009-06-13T03:25:20,2009-06-13T04:01:01,2009-05-10T18:01:10,PRELIMINARY,m3g_l1b_v04.exe,4,1.016945820559 <AU>,164.96,REVERSE,ASCENDING,"(""N/A"",""N/A"",""N/A"")","(00.268003330985,-0.768524029107,181.923300484242)",298132674.191,"(0.046960369563,-0.997060977149,0.060532070317)",0.047079652666,3,4.01,M3G20090613T030542_V01_L0.IMG,M3G20090613T030542_V01_BDE.IMG,M3G20090613T032520_V01_FF.IMG,164.96,r,,,,,,,,,,,,,,,,,,2011-09-01T02:15:01,ACTUAL,3,m3g_l1b_v04.exe,4,1.016945820559 <AU>,164.96,REVERSE,ASCENDING,"(""N/A"",""N/A"",""N/A"")","(00.268003330985,-0.768524029107,181.923300484242)",298132674.191,"(0.046960369563,-0.997060977149,0.060532070317)",0.047079652666,3,4.01,M3G20090613T030542_V01_L0.IMG,M3G20090613T030542_V01_BDE.IMG,M3G20090613T032520_V01_FF.IMG,164.96,u2
M3G20090613T072052,19bc,2009-06-17T07:39:26,2611,m3_igds_l0_v18.pl,18,165.3,GLOBAL,CH1-ORB-L-M3-2-L0-RAW-V1.0,2009-06-13T07:20:52,2009-06-13T07:21:16,,,,,,,,,,,,,,,,,,,,,,,,,,,,,,,,,,,,,,,,,,,,,,,,,,,,,,,,,,
M3G20090613T073612,19bc,2009-06-17T07:39:32,2611,m3_igds_l0_v18.pl,18,165.04,GLOBAL,CH1-ORB-L-M3-2-L0-RAW-V1.0,2009-06-13T07:36:12,2009-06-13T08:27:41,2009-05-10T18:01:10,PRELIMINARY,m3g_l1b_v04.exe,4,1.016885205919 <AU>,165.04,REVERSE,ASCENDING,"(""N/A"",""N/A"",""N/A"")","(00.398340228611,-0.500063556319,181.972306266966)",298147983.169,"(0.045867811159,-0.997214485020,0.058816789822)",0.04707462296,3,3.88,M3G20090613T072052_V01_L0.IMG,M3G20090613T072052_V01_BDE.IMG,M3G20090613T073612_V01_FF.IMG,165.04,r,,,,,,,,,,,,,,,,,,2011-09-01T02:15:01,ACTUAL,3,m3g_l1b_v04.exe,4,1.016885205919 <AU>,165.04,REVERSE,ASCENDING,"(""N/A"",""N/A"",""N/A"")","(00.398340228611,-0.500063556319,181.972306266966)",298147983.169,"(0.045867811159,-0.997214485020,0.058816789822)",0.04707462296,3,3.88,M3G20090613T072052_V01_L0.IMG,M3G20090613T072052_V01_BDE.IMG,M3G20090613T073612_V01_FF.IMG,165.04,u2
M3G20090613T113612,19bc,2009-06-17T07:52:14,2614,m3_igds_l0_v18.pl,18,165.3,GLOBAL,CH1-ORB-L-M3-2-L0-RAW-V1.0,2009-06-13T11:36:12,2009-06-13T11:36:36,,,,,,,,,,,,,,,,,,,,,,,,,,,,,,,,,,,,,,,,,,,,,,,,,,,,,,,,,,
M3G20090613T113913,19bc,2009-06-17T07:52:20,2614,m3_igds_l0_v18.pl,18,165.3,GLOBAL,CH1-ORB-L-M3-2-L0-RAW-V1.0,2009-06-13T11:39:13,2009-06-13T12:03:20,2009-05-10T18:01:10,PRELIMINARY,m3g_l1b_v04.exe,4,1.016830592075 <AU>,165.3,REVERSE,ASCENDING,"(""N/A"",""N/A"",""N/A"")","(00.468133044498,-0.411491189119,181.954382924607)",298163292.286,"(0.045376148735,-0.997315258216,0.057474175550)",0.0470930464,3,3.68,M3G20090613T113612_V01_L0.IMG,M3G20090613T113612_V01_BDE.IMG,M3G20090613T113913_V01_FF.IMG,165.21,r,,,,,,,,,,,,,,,,,,2011-09-01T02:15:01,ACTUAL,3,m3g_l1b_v04.exe,4,1.016830592075 <AU>,165.21,REVERSE,ASCENDING,"(""N/A"",""N/A"",""N/A"")","(00.468133044498,-0.411491189119,181.954382924607)",298163292.286,"(0.045376148735,-0.997315258216,0.057474175550)",0.0470930464,3,3.68,M3G20090613T113612_V01_L0.IMG,M3G20090613T113612_V01_BDE.IMG,M3G20090613T113913_V01_FF.IMG,165.21,u2
M3G20090613T120320,19bc,2009-06-16T00:01:23,2618,m3_igds_l0_v18.pl,18,164.96,GLOBAL,CH1-ORB-L-M3-2-L0-RAW-V1.0,2009-06-13T12:03:20,2009-06-13T12:31:31,2009-05-10T18:01:10,PRELIMINARY,m3g_l1b_v04.exe,4,1.016820095834 <AU>,164.96,REVERSE,ASCENDING,"(""N/A"",""N/A"",""N/A"")","(00.468133044498,-0.411491189119,181.954382924607)",298163292.286,"(0.045376148735,-0.997315258216,0.057474175550)",0.0470930464,3,3.68,M3G20090613T113612_V01_L0.IMG,M3G20090613T113612_V01_BDE.IMG,M3G20090613T120320_V01_FF.IMG,164.96,r,,,,,,,,,,,,,,,,,,2011-09-01T02:15:01,ACTUAL,3,m3g_l1b_v04.exe,4,1.016820095834 <AU>,164.96,REVERSE,ASCENDING,"(""N/A"",""N/A"",""N/A"")","(00.468133044498,-0.411491189119,181.954382924607)",298163292.286,"(0.045376148735,-0.997315258216,0.057474175550)",0.0470930464,3,3.68,M3G20090613T113612_V01_L0.IMG,M3G20090613T113612_V01_BDE.IMG,M3G20090613T120320_V01_FF.IMG,164.96,u2
M3G20090613T155122,19bc,2009-06-16T00:08:21,2618,m3_igds_l0_v18.pl,18,165.64,GLOBAL,CH1-ORB-L-M3-2-L0-RAW-V1.0,2009-06-13T15:51:22,2009-06-13T15:51:46,,,,,,,,,,,,,,,,,,,,,,,,,,,,,,,,,,,,,,,,,,,,,,,,,,,,,,,,,,
M3G20090613T160643,19bc,2009-06-16T00:08:27,2618,m3_igds_l0_v18.pl,18,165.64,GLOBAL,CH1-ORB-L-M3-2-L0-RAW-V1.0,2009-06-13T16:06:43,2009-06-13T16:10:36,2009-05-10T18:01:10,PRELIMINARY,m3g_l1b_v04.exe,4,1.016763951973 <AU>,165.64,REVERSE,ASCENDING,"(""N/A"",""N/A"",""N/A"")","(00.341602284436,0.286805687019,182.215609844252)",298178601.453,"(0.045765057424,-0.997067429392,0.061335966327)",0.047094138301,3,3.49,M3G20090613T155122_V01_L0.IMG,M3G20090613T155122_V01_BDE.IMG,M3G20090613T161036_V01_FF.IMG,165.55,r,,,,,,,,,,,,,,,,,,2011-09-01T02:15:01,ACTUAL,3,m3g_l1b_v04.exe,4,1.016763951973 <AU>,165.55,REVERSE,ASCENDING,"(""N/A"",""N/A"",""N/A"")","(00.341602284436,0.286805687019,182.215609844252)",298178601.453,"(0.045765057424,-0.997067429392,0.061335966327)",0.047094138301,3,3.49,M3G20090613T155122_V01_L0.IMG,M3G20090613T155122_V01_BDE.IMG,M3G20090613T161036_V01_FF.IMG,165.55,u2
M3G20090613T161036,19bc,2009-06-16T00:09:25,2618,m3_igds_l0_v18.pl,18,165.64,GLOBAL,CH1-ORB-L-M3-2-L0-RAW-V1.0,2009-06-13T16:10:37,2009-06-13T16:58:11,2009-05-10T18:01:10,PRELIMINARY,m3g_l1b_v04.exe,4,1.016756490549 <AU>,165.64,REVERSE,ASCENDING,"(""N/A"",""N/A"",""N/A"")","(00.341602284436,0.286805687019,182.215609844252)",298178601.453,"(0.045765057424,-0.997067429392,0.061335966327)",0.047094138301,3,3.49,M3G20090613T155122_V01_L0.IMG,M3G20090613T155122_V01_BDE.IMG,M3G20090613T161036_V01_FF.IMG,165.55,r,,,,,,,,,,,,,,,,,,2011-09-01T02:15:01,ACTUAL,3,m3g_l1b_v04.exe,4,1.016756490549 <AU>,165.55,REVERSE,ASCENDING,"(""N/A"",""N/A"",""N/A"")","(00.341602284436,0.286805687019,182.215609844252)",298178601.453,"(0.045765057424,-0.997067429392,0.061335966327)",0.047094138301,3,3.49,M3G20090613T155122_V01_L0.IMG,M3G20090613T155122_V01_BDE.IMG,M3G20090613T161036_V01_FF.IMG,165.55,u2
M3G20090613T200642,19bc,2009-06-16T00:21:13,2618,m3_igds_l0_v18.pl,18,165.3,GLOBAL,CH1-ORB-L-M3-2-L0-RAW-V1.0,2009-06-13T20:06:42,2009-06-13T20:07:06,,,,,,,,,,,,,,,,,,,,,,,,,,,,,,,,,,,,,,,,,,,,,,,,,,,,,,,,,,
M3G20090613T200943,19bc,2009-06-16T00:21:19,2618,m3_igds_l0_v18.pl,18,165.3,GLOBAL,CH1-ORB-L-M3-2-L0-RAW-V1.0,2009-06-13T20:09:43,2009-06-13T21:01:51,2009-05-10T18:01:10,PRELIMINARY,m3g_l1b_v04.exe,4,1.016693689925 <AU>,165.3,REVERSE,ASCENDING,"(""N/A"",""N/A"",""N/A"")","(00.452984069136,0.449733274648,182.002581219269)",298193910.58,"(0.045652680324,-0.997265758817,0.058110576241)",0.047124363492,3,3.34,M3G20090613T200642_V01_L0.IMG,M3G20090613T200642_V01_BDE.IMG,M3G20090613T200943_V01_FF.IMG,165.38,r,,,,,,,,,,,,,,,,,,2011-09-01T02:15:01,ACTUAL,3,m3g_l1b_v04.exe,4,1.016693689925 <AU>,165.38,REVERSE,ASCENDING,"(""N/A"",""N/A"",""N/A"")","(00.452984069136,0.449733274648,182.002581219269)",298193910.58,"(0.045652680324,-0.997265758817,0.058110576241)",0.047124363492,3,3.34,M3G20090613T200642_V01_L0.IMG,M3G20090613T200642_V01_BDE.IMG,M3G20090613T200943_V01_FF.IMG,165.38,u2
M3G20090614T002123,19bc,2009-06-16T00:34:14,2618,m3_igds_l0_v18.pl,18,165.47,GLOBAL,CH1-ORB-L-M3-2-L0-RAW-V1.0,2009-06-14T00:21:23,2009-06-14T00:21:46,,,,,,,,,,,,,,,,,,,,,,,,,,,,,,,,,,,,,,,,,,,,,,,,,,,,,,,,,,
M3G20090614T003642,19bc,2009-06-16T00:34:20,2618,m3_igds_l0_v18.pl,18,165.21,GLOBAL,CH1-ORB-L-M3-2-L0-RAW-V1.0,2009-06-14T00:36:42,2009-06-14T01:28:01,2009-05-10T18:01:10,PRELIMINARY,m3g_l1b_v04.exe,4,1.016622706706 <AU>,165.21,REVERSE,ASCENDING,"(""N/A"",""N/A"",""N/A"")","(00.717618786579,0.580161686692,182.140554172668)",298209219.528,"(0.042752316968,-0.997491585782,0.056416094229)",0.047131986575,3,3.19,M3G20090614T002123_V01_L0.IMG,M3G20090614T002123_V01_BDE.IMG,M3G20090614T003642_V01_FF.IMG,165.3,r,,,,,,,,,,,,,,,,,,2011-09-01T02:15:01,ACTUAL,3,m3g_l1b_v04.exe,4,1.016622706706 <AU>,165.3,REVERSE,ASCENDING,"(""N/A"",""N/A"",""N/A"")","(00.717618786579,0.580161686692,182.140554172668)",298209219.528,"(0.042752316968,-0.997491585782,0.056416094229)",0.047131986575,3,3.19,M3G20090614T002123_V01_L0.IMG,M3G20090614T002123_V01_BDE.IMG,M3G20090614T003642_V01_FF.IMG,165.3,u2
M3G20090614T043632,19bc,2009-06-16T00:46:58,2618,m3_igds_l0_v18.pl,18,165.55,GLOBAL,CH1-ORB-L-M3-2-L0-RAW-V1.0,2009-06-14T04:36:32,2009-06-14T04:36:56,,,,,,,,,,,,,,,,,,,,,,,,,,,,,,,,,,,,,,,,,,,,,,,,,,,,,,,,,,
M3G20090614T043933,19bc,2009-06-16T00:47:03,2618,m3_igds_l0_v18.pl,18,165.55,GLOBAL,CH1-ORB-L-M3-2-L0-RAW-V1.0,2009-06-14T04:39:33,2009-06-14T04:59:22,2009-05-10T18:01:10,PRELIMINARY,m3g_l1b_v04.exe,4,1.016564366130 <AU>,165.55,REVERSE,ASCENDING,"(""N/A"",""N/A"",""N/A"")","(00.574232532078,0.706769457712,181.942497907483)",298224528.286,"(0.043722856279,-0.997425434946,0.056840245963)",0.047125541613,3,3.01,M3G20090614T043632_V01_L0.IMG,M3G20090614T043632_V01_BDE.IMG,M3G20090614T043933_V01_FF.IMG,165.55,r,,,,,,,,,,,,,,,,,,2011-09-01T02:15:01,ACTUAL,3,m3g_l1b_v04.exe,4,1.016564366130 <AU>,165.55,REVERSE,ASCENDING,"(""N/A"",""N/A"",""N/A"")","(00.574232532078,0.706769457712,181.942497907483)",298224528.286,"(0.043722856279,-0.997425434946,0.056840245963)",0.047125541613,3,3.01,M3G20090614T043632_V01_L0.IMG,M3G20090614T043632_V01_BDE.IMG,M3G20090614T043933_V01_FF.IMG,165.55,u2
M3G20090614T045922,19bc,2009-06-17T07:58:12,2622,m3_igds_l0_v18.pl,18,165.21,GLOBAL,CH1-ORB-L-M3-2-L0-RAW-V1.0,2009-06-14T04:59:23,2009-06-14T05:31:51,2009-05-10T18:01:10,PRELIMINARY,m3g_l1b_v04.exe,4,1.016552094786 <AU>,165.21,REVERSE,ASCENDING,"(""N/A"",""N/A"",""N/A"")","(00.574232532078,0.706769457712,181.942497907483)",298224528.286,"(0.043722856279,-0.997425434946,0.056840245963)",0.047125541613,3,3.01,M3G20090614T043632_V01_L0.IMG,M3G20090614T043632_V01_BDE.IMG,M3G20090614T045922_V01_FF.IMG,165.21,r,,,,,,,,,,,,,,,,,,2011-09-01T02:15:01,ACTUAL,3,m3g_l1b_v04.exe,4,1.016552094786 <AU>,165.21,REVERSE,ASCENDING,"(""N/A"",""N/A"",""N/A"")","(00.574232532078,0.706769457712,181.942497907483)",298224528.286,"(0.043722856279,-0.997425434946,0.056840245963)",0.047125541613,3,3.01,M3G20090614T043632_V01_L0.IMG,M3G20090614T043632_V01_BDE.IMG,M3G20090614T045922_V01_FF.IMG,165.21,u2
M3G20090614T085153,19bc,2009-06-17T08:06:05,2622,m3_igds_l0_v18.pl,18,165.9,GLOBAL,CH1-ORB-L-M3-2-L0-RAW-V1.0,2009-06-14T08:51:53,2009-06-14T08:52:16,,,,,,,,,,,,,,,,,,,,,,,,,,,,,,,,,,,,,,,,,,,,,,,,,,,,,,,,,,
M3G20090614T090712,19bc,2009-06-17T08:06:11,2622,m3_igds_l0_v18.pl,18,165.9,GLOBAL,CH1-ORB-L-M3-2-L0-RAW-V1.0,2009-06-14T09:07:12,2009-06-14T09:58:31,2009-05-10T18:01:10,PRELIMINARY,m3g_l1b_v04.exe,4,1.016482825710 <AU>,165.9,REVERSE,ASCENDING,"(""N/A"",""N/A"",""N/A"")","(00.961012159473,0.683366756697,181.999841653528)",298239836.741,"(0.038828866830,-0.997670147301,0.056094529896)",0.047162863335,3,2.81,M3G20090614T085153_V01_L0.IMG,M3G20090614T085153_V01_BDE.IMG,M3G20090614T090712_V01_FF.IMG,165.9,r,,,,,,,,,,,,,,,,,,2011-09-01T02:15:01,ACTUAL,3,m3g_l1b_v04.exe,4,1.016482825710 <AU>,165.9,REVERSE,ASCENDING,"(""N/A"",""N/A"",""N/A"")","(00.961012159473,0.683366756697,181.999841653528)",298239836.741,"(0.038828866830,-0.997670147301,0.056094529896)",0.047162863335,3,2.81,M3G20090614T085153_V01_L0.IMG,M3G20090614T085153_V01_BDE.IMG,M3G20090614T090712_V01_FF.IMG,165.9,u2
M3G20090614T130702,19bc,2009-06-17T08:18:51,2622,m3_igds_l0_v18.pl,18,165.9,GLOBAL,CH1-ORB-L-M3-2-L0-RAW-V1.0,2009-06-14T13:07:02,2009-06-14T13:07:26,,,,,,,,,,,,,,,,,,,,,,,,,,,,,,,,,,,,,,,,,,,,,,,,,,,,,,,,,,
M3G20090614T131003,19bc,2009-06-17T08:18:57,2622,m3_igds_l0_v18.pl,18,165.9,GLOBAL,CH1-ORB-L-M3-2-L0-RAW-V1.0,2009-06-14T13:10:03,2009-06-14T13:51:22,2009-05-10T18:01:10,PRELIMINARY,m3g_l1b_v04.exe,4,1.016416088334 <AU>,165.9,REVERSE,ASCENDING,"(""N/A"",""N/A"",""N/A"")","(00.947821173257,0.672059386119,182.211795420568)",298255144.904,"(0.037154366706,-0.997634648523,0.057833045066)",0.047191250946,3,2.67,M3G20090614T130702_V01_L0.IMG,M3G20090614T130702_V01_BDE.IMG,M3G20090614T131003_V01_FF.IMG,165.9,r,,,,,,,,,,,,,,,,,,2011-09-01T02:15:01,ACTUAL,3,m3g_l1b_v04.exe,4,1.016416088334 <AU>,165.9,REVERSE,ASCENDING,"(""N/A"",""N/A"",""N/A"")","(00.947821173257,0.672059386119,182.211795420568)",298255144.904,"(0.037154366706,-0.997634648523,0.057833045066)",0.047191250946,3,2.67,M3G20090614T130702_V01_L0.IMG,M3G20090614T130702_V01_BDE.IMG,M3G20090614T131003_V01_FF.IMG,165.9,u2
M3G20090614T135122,19bc,2009-06-17T08:50:51,2628,m3_igds_l0_v18.pl,18,165.9,GLOBAL,CH1-ORB-L-M3-2-L0-RAW-V1.0,2009-06-14T13:51:22,2009-06-14T14:02:11,2009-05-10T18:01:10,PRELIMINARY,m3g_l1b_v04.exe,4,1.016408449937 <AU>,165.9,REVERSE,ASCENDING,"(""N/A"",""N/A"",""N/A"")","(00.947821173257,0.672059386119,182.211795420568)",298255144.904,"(0.037154366706,-0.997634648523,0.057833045066)",0.047191250946,3,2.67,M3G20090614T130702_V01_L0.IMG,M3G20090614T130702_V01_BDE.IMG,M3G20090614T135122_V01_FF.IMG,165.9,r,,,,,,,,,,,,,,,,,,2011-09-01T02:15:01,ACTUAL,3,m3g_l1b_v04.exe,4,1.016408449937 <AU>,165.9,REVERSE,ASCENDING,"(""N/A"",""N/A"",""N/A"")","(00.947821173257,0.672059386119,182.211795420568)",298255144.904,"(0.037154366706,-0.997634648523,0.057833045066)",0.047191250946,3,2.67,M3G20090614T130702_V01_L0.IMG,M3G20090614T130702_V01_BDE.IMG,M3G20090614T135122_V01_FF.IMG,165.9,u2
M3G20090614T172212,19bc,2009-06-17T08:53:31,2628,m3_igds_l0_v18.pl,18,165.64,GLOBAL,CH1-ORB-L-M3-2-L0-RAW-V1.0,2009-06-14T17:22:12,2009-06-14T17:22:36,,,,,,,,,,,,,,,,,,,,,,,,,,,,,,,,,,,,,,,,,,,,,,,,,,,,,,,,,,
M3G20090614T173733,19bc,2009-06-17T08:53:37,2628,m3_igds_l0_v18.pl,18,165.64,GLOBAL,CH1-ORB-L-M3-2-L0-RAW-V1.0,2009-06-14T17:37:33,2009-06-14T17:55:01,2009-05-10T18:01:10,PRELIMINARY,m3g_l1b_v04.exe,4,1.016341809139 <AU>,165.64,REVERSE,ASCENDING,"(""N/A"",""N/A"",""N/A"")","(01.113042469601,0.779351118375,182.352786182857)",298270453.007,"(0.034481127275,-0.997682036720,0.058665198099)",0.047195550864,3,2.47,M3G20090614T172212_V01_L0.IMG,M3G20090614T172212_V01_BDE.IMG,M3G20090614T173733_V01_FF.IMG,165.64,r,,,,,,,,,,,,,,,,,,2011-09-01T02:15:01,ACTUAL,3,m3g_l1b_v04.exe,4,1.016341809139 <AU>,165.64,REVERSE,ASCENDING,"(""N/A"",""N/A"",""N/A"")","(01.113042469601,0.779351118375,182.352786182857)",298270453.007,"(0.034481127275,-0.997682036720,0.058665198099)",0.047195550864,3,2.47,M3G20090614T172212_V01_L0.IMG,M3G20090614T172212_V01_BDE.IMG,M3G20090614T173733_V01_FF.IMG,165.64,u2
M3G20090614T175501,19bc,2009-06-17T19:04:32,2634,m3_igds_l0_v18.pl,18,165.64,GLOBAL,CH1-ORB-L-M3-2-L0-RAW-V1.0,2009-06-14T17:55:01,2009-06-14T18:28:51,2009-05-10T18:01:10,PRELIMINARY,m3g_l1b_v04.exe,4,1.016336474057 <AU>,165.64,REVERSE,ASCENDING,"(""N/A"",""N/A"",""N/A"")","(01.113042469601,0.779351118375,182.352786182857)",298270453.007,"(0.034481127275,-0.997682036720,0.058665198099)",0.047195550864,3,2.47,M3G20090614T172212_V01_L0.IMG,M3G20090614T172212_V01_BDE.IMG,M3G20090614T175501_V01_FF.IMG,165.64,r,,,,,,,,,,,,,,,,,,2011-09-01T02:15:01,ACTUAL,3,m3g_l1b_v04.exe,4,1.016336474057 <AU>,165.64,REVERSE,ASCENDING,"(""N/A"",""N/A"",""N/A"")","(01.113042469601,0.779351118375,182.352786182857)",298270453.007,"(0.034481127275,-0.997682036720,0.058665198099)",0.047195550864,3,2.47,M3G20090614T172212_V01_L0.IMG,M3G20090614T172212_V01_BDE.IMG,M3G20090614T175501_V01_FF.IMG,165.64,u2
M3G20090615T060753,19bc,2009-06-17T19:12:46,2634,m3_igds_l0_v18.pl,18,165.72,GLOBAL,CH1-ORB-L-M3-2-L0-RAW-V1.0,2009-06-15T06:07:53,2009-06-15T06:08:16,,,,,,,,,,,,,,,,,,,,,,,,,,,,,,,,,,,,,,,,,,,,,,,,,,,,,,,,,,
M3G20090615T062313,19bc,2009-06-17T19:12:51,2634,m3_igds_l0_v18.pl,18,165.72,GLOBAL,CH1-ORB-L-M3-2-L0-RAW-V1.0,2009-06-15T06:23:13,2009-06-15T06:48:51,2009-05-10T18:01:10,PRELIMINARY,m3g_l1b_v04.exe,4,1.016116407818 <AU>,165.72,REVERSE,ASCENDING,"(""N/A"",""N/A"",""N/A"")","(01.113558297304,0.155996616197,181.623191697367)",298316378.836,"(0.038545240946,-0.998186812671,0.046231498027)",0.047282487887,3,2.05,M3G20090615T060753_V01_L0.IMG,M3G20090615T060753_V01_BDE.IMG,M3G20090615T062313_V01_FF.IMG,165.9,r,,,,,,,,,,,,,,,,,,2011-09-01T02:15:01,ACTUAL,3,m3g_l1b_v04.exe,4,1.016116407818 <AU>,165.9,REVERSE,ASCENDING,"(""N/A"",""N/A"",""N/A"")","(01.113558297304,0.155996616197,181.623191697367)",298316378.836,"(0.038545240946,-0.998186812671,0.046231498027)",0.047282487887,3,2.05,M3G20090615T060753_V01_L0.IMG,M3G20090615T060753_V01_BDE.IMG,M3G20090615T062313_V01_FF.IMG,165.9,u2
M3G20090615T064852,19bc,2009-06-17T08:29:08,2634,m3_igds_l0_v18.pl,18,165.72,GLOBAL,CH1-ORB-L-M3-2-L0-RAW-V1.0,2009-06-15T06:48:52,2009-06-15T07:14:21,2009-05-10T18:01:10,PRELIMINARY,m3g_l1b_v04.exe,4,1.016112754381 <AU>,165.72,REVERSE,ASCENDING,"(""N/A"",""N/A"",""N/A"")","(01.113558297304,0.155996616197,181.623191697367)",298316378.836,"(0.038545240946,-0.998186812671,0.046231498027)",0.047282487887,3,2.05,M3G20090615T060753_V01_L0.IMG,M3G20090615T060753_V01_BDE.IMG,M3G20090615T064852_V01_FF.IMG,165.9,r,,,,,,,,,,,,,,,,,,2011-09-01T02:15:01,ACTUAL,3,m3g_l1b_v04.exe,4,1.016112754381 <AU>,165.9,REVERSE,ASCENDING,"(""N/A"",""N/A"",""N/A"")","(01.113558297304,0.155996616197,181.623191697367)",298316378.836,"(0.038545240946,-0.998186812671,0.046231498027)",0.047282487887,3,2.05,M3G20090615T060753_V01_L0.IMG,M3G20090615T060753_V01_BDE.IMG,M3G20090615T064852_V01_FF.IMG,165.9,u2
M3G20090615T102303,19bc,2009-06-17T08:35:24,2634,m3_igds_l0_v18.pl,18,165.72,GLOBAL,CH1-ORB-L-M3-2-L0-RAW-V1.0,2009-06-15T10:23:03,2009-06-15T10:23:26,,,,,,,,,,,,,,,,,,,,,,,,,,,,,,,,,,,,,,,,,,,,,,,,,,,,,,,,,,
M3G20090615T102602,19bc,2009-06-17T08:35:30,2634,m3_igds_l0_v18.pl,18,165.72,GLOBAL,CH1-ORB-L-M3-2-L0-RAW-V1.0,2009-06-15T10:26:02,2009-06-15T11:05:53,2009-05-10T18:01:10,PRELIMINARY,m3g_l1b_v04.exe,4,1.016044167085 <AU>,165.72,REVERSE,ASCENDING,"(""N/A"",""N/A"",""N/A"")","(01.242228394004,0.139772150129,181.384292462228)",298331687.823,"(0.036861566703,-0.998275084375,0.045695522931)",0.047311301602,3,1.85,M3G20090615T102303_V01_L0.IMG,M3G20090615T102303_V01_BDE.IMG,M3G20090615T102602_V01_FF.IMG,165.81,r,,,,,,,,,,,,,,,,,,2011-09-01T02:15:01,ACTUAL,3,m3g_l1b_v04.exe,4,1.016044167085 <AU>,165.81,REVERSE,ASCENDING,"(""N/A"",""N/A"",""N/A"")","(01.242228394004,0.139772150129,181.384292462228)",298331687.823,"(0.036861566703,-0.998275084375,0.045695522931)",0.047311301602,3,1.85,M3G20090615T102303_V01_L0.IMG,M3G20090615T102303_V01_BDE.IMG,M3G20090615T102602_V01_FF.IMG,165.81,u2
M3G20090615T110554,19bc,2009-06-17T08:45:18,2634,m3_igds_l0_v18.pl,18,165.72,GLOBAL,CH1-ORB-L-M3-2-L0-RAW-V1.0,2009-06-15T11:05:54,2009-06-15T11:18:11,2009-05-10T18:01:10,PRELIMINARY,m3g_l1b_v04.exe,4,1.016035907127 <AU>,165.72,REVERSE,ASCENDING,"(""N/A"",""N/A"",""N/A"")","(01.242228394004,0.139772150129,181.384292462228)",298331687.823,"(0.036861566703,-0.998275084375,0.045695522931)",0.047311301602,3,1.85,M3G20090615T102303_V01_L0.IMG,M3G20090615T102303_V01_BDE.IMG,M3G20090615T110554_V01_FF.IMG,165.81,r,,,,,,,,,,,,,,,,,,2011-09-01T02:15:01,ACTUAL,3,m3g_l1b_v04.exe,4,1.016035907127 <AU>,165.81,REVERSE,ASCENDING,"(""N/A"",""N/A"",""N/A"")","(01.242228394004,0.139772150129,181.384292462228)",298331687.823,"(0.036861566703,-0.998275084375,0.045695522931)",0.047311301602,3,1.85,M3G20090615T102303_V01_L0.IMG,M3G20090615T102303_V01_BDE.IMG,M3G20090615T110554_V01_FF.IMG,165.81,u2
M3G20090615T143812,19bc,2009-06-17T08:48:20,2634,m3_igds_l0_v18.pl,18,165.9,GLOBAL,CH1-ORB-L-M3-2-L0-RAW-V1.0,2009-06-15T14:38:12,2009-06-15T14:38:36,,,,,,,,,,,,,,,,,,,,,,,,,,,,,,,,,,,,,,,,,,,,,,,,,,,,,,,,,,
M3G20090615T145333,19bc,2009-06-17T08:48:26,2634,m3_igds_l0_v18.pl,18,165.9,GLOBAL,CH1-ORB-L-M3-2-L0-RAW-V1.0,2009-06-15T14:53:33,2009-06-15T15:03:13,2009-05-10T18:01:10,PRELIMINARY,m3g_l1b_v04.exe,4,1.015968076068 <AU>,165.9,REVERSE,ASCENDING,"(""N/A"",""N/A"",""N/A"")","(01.271219156604,0.593272464576,181.372597284644)",298346996.673,"(0.038126853859,-0.998410228403,0.041513357298)",0.04742552338,3,1.72,M3G20090615T143812_V01_L0.IMG,M3G20090615T143812_V01_BDE.IMG,M3G20090615T145333_V01_FF.IMG,165.81,r,,,,,,,,,,,,,,,,,,2011-09-01T02:15:01,ACTUAL,3,m3g_l1b_v04.exe,4,1.015968076068 <AU>,165.81,REVERSE,ASCENDING,"(""N/A"",""N/A"",""N/A"")","(01.271219156604,0.593272464576,181.372597284644)",298346996.673,"(0.038126853859,-0.998410228403,0.041513357298)",0.04742552338,3,1.72,M3G20090615T143812_V01_L0.IMG,M3G20090615T143812_V01_BDE.IMG,M3G20090615T145333_V01_FF.IMG,165.81,u2
M3G20090615T185333,19bc,2009-06-17T08:57:56,2640,m3_igds_l0_v18.pl,18,166.07,GLOBAL,CH1-ORB-L-M3-2-L0-RAW-V1.0,2009-06-15T18:53:33,2009-06-15T18:53:56,,,,,,,,,,,,,,,,,,,,,,,,,,,,,,,,,,,,,,,,,,,,,,,,,,,,,,,,,,
M3G20090615T185632,19bc,2009-06-17T08:58:02,2640,m3_igds_l0_v18.pl,18,166.07,GLOBAL,CH1-ORB-L-M3-2-L0-RAW-V1.0,2009-06-15T18:56:32,2009-06-15T19:48:41,2009-05-10T18:01:10,PRELIMINARY,m3g_l1b_v04.exe,4,1.015888867574 <AU>,166.07,REVERSE,ASCENDING,"(""N/A"",""N/A"",""N/A"")","(01.079660957197,0.829676614213,181.306907321084)",298362305.471,"(0.039729580858,-0.998467751413,0.038518953692)",0.04735164974,3,1.56,M3G20090615T185333_V01_L0.IMG,M3G20090615T185333_V01_BDE.IMG,M3G20090615T185632_V01_FF.IMG,166.07,r,,,,,,,,,,,,,,,,,,2011-09-01T02:15:01,ACTUAL,3,m3g_l1b_v04.exe,4,1.015888867574 <AU>,166.07,REVERSE,ASCENDING,"(""N/A"",""N/A"",""N/A"")","(01.079660957197,0.829676614213,181.306907321084)",298362305.471,"(0.039729580858,-0.998467751413,0.038518953692)",0.04735164974,3,1.56,M3G20090615T185333_V01_L0.IMG,M3G20090615T185333_V01_BDE.IMG,M3G20090615T185632_V01_FF.IMG,166.07,u2
M3G20090615T230842,19bc,2009-06-17T19:31:51,2640,m3_igds_l0_v18.pl,18,166.24,GLOBAL,CH1-ORB-L-M3-2-L0-RAW-V1.0,2009-06-15T23:08:42,2009-06-15T23:09:06,,,,,,,,,,,,,,,,,,,,,,,,,,,,,,,,,,,,,,,,,,,,,,,,,,,,,,,,,,
M3G20090615T232402,19bc,2009-06-17T19:31:57,2640,m3_igds_l0_v18.pl,18,165.98,GLOBAL,CH1-ORB-L-M3-2-L0-RAW-V1.0,2009-06-15T23:24:02,2009-06-16T00:15:11,2009-05-10T18:01:10,PRELIMINARY,m3g_l1b_v04.exe,4,1.015808215371 <AU>,165.98,REVERSE,ASCENDING,"(""N/A"",""N/A"",""N/A"")","(01.586346025724,0.994886324841,181.452113960564)",298377614.341,"(0.034824325744,-0.998663785344,0.038182590009)",0.04729912862,3,1.43,M3G20090615T230842_V01_L0.IMG,M3G20090615T230842_V01_BDE.IMG,M3G20090615T232402_V01_FF.IMG,165.98,r,,,,,,,,,,,,,,,,,,2011-09-01T02:15:01,ACTUAL,3,m3g_l1b_v04.exe,4,1.015808215371 <AU>,165.98,REVERSE,ASCENDING,"(""N/A"",""N/A"",""N/A"")","(01.586346025724,0.994886324841,181.452113960564)",298377614.341,"(0.034824325744,-0.998663785344,0.038182590009)",0.04729912862,3,1.43,M3G20090615T230842_V01_L0.IMG,M3G20090615T230842_V01_BDE.IMG,M3G20090615T232402_V01_FF.IMG,165.98,u2
M3G20090616T032353,19bc,2009-06-17T19:44:39,2640,m3_igds_l0_v18.pl,18,166.33,GLOBAL,CH1-ORB-L-M3-2-L0-RAW-V1.0,2009-06-16T03:23:53,2009-06-16T03:24:16,,,,,,,,,,,,,,,,,,,,,,,,,,,,,,,,,,,,,,,,,,,,,,,,,,,,,,,,,,
M3G20090616T032653,19bc,2009-06-17T19:44:45,2640,m3_igds_l0_v18.pl,18,166.24,GLOBAL,CH1-ORB-L-M3-2-L0-RAW-V1.0,2009-06-16T03:26:53,2009-06-16T04:19:01,2009-05-10T18:01:10,PRELIMINARY,m3g_l1b_v04.exe,4,1.015734511695 <AU>,166.24,REVERSE,ASCENDING,"(""N/A"",""N/A"",""N/A"")","(01.533703532933,0.953483475313,181.150859574528)",298392923.315,"(0.034240316105,-0.998673849252,0.038446632782)",0.047329912323,3,1.3,M3G20090616T032353_V01_L0.IMG,M3G20090616T032353_V01_BDE.IMG,M3G20090616T032653_V01_FF.IMG,166.33,r,,,,,,,,,,,,,,,,,,2011-09-01T02:15:01,ACTUAL,3,m3g_l1b_v04.exe,4,1.015734511695 <AU>,166.33,REVERSE,ASCENDING,"(""N/A"",""N/A"",""N/A"")","(01.533703532933,0.953483475313,181.150859574528)",298392923.315,"(0.034240316105,-0.998673849252,0.038446632782)",0.047329912323,3,1.3,M3G20090616T032353_V01_L0.IMG,M3G20090616T032353_V01_BDE.IMG,M3G20090616T032653_V01_FF.IMG,166.33,u2
M3G20090616T073912,19bc,2009-06-17T19:19:06,2645,m3_igds_l0_v18.pl,18,166.33,GLOBAL,CH1-ORB-L-M3-2-L0-RAW-V1.0,2009-06-16T07:39:12,2009-06-16T07:39:36,,,,,,,,,,,,,,,,,,,,,,,,,,,,,,,,,,,,,,,,,,,,,,,,,,,,,,,,,,
M3G20090616T075432,19bc,2009-06-17T19:19:12,2645,m3_igds_l0_v18.pl,18,166.15,GLOBAL,CH1-ORB-L-M3-2-L0-RAW-V1.0,2009-06-16T07:54:32,2009-06-16T08:36:51,2009-05-10T18:01:10,PRELIMINARY,m3g_l1b_v04.exe,4,1.015653731352 <AU>,166.15,REVERSE,ASCENDING,"(""N/A"",""N/A"",""N/A"")","(01.752758559592,1.029363773952,181.440198508353)",298408232.37,"(0.031461968049,-0.998768218628,0.038369128553)",0.047339451742,3,1.2,M3G20090616T073912_V01_L0.IMG,M3G20090616T073912_V01_BDE.IMG,M3G20090616T075432_V01_FF.IMG,166.07,r,,,,,,,,,,,,,,,,,,2011-09-01T02:15:01,ACTUAL,3,m3g_l1b_v04.exe,4,1.015653731352 <AU>,166.07,REVERSE,ASCENDING,"(""N/A"",""N/A"",""N/A"")","(01.752758559592,1.029363773952,181.440198508353)",298408232.37,"(0.031461968049,-0.998768218628,0.038369128553)",0.047339451742,3,1.2,M3G20090616T073912_V01_L0.IMG,M3G20090616T073912_V01_BDE.IMG,M3G20090616T075432_V01_FF.IMG,166.07,u2
M3G20090616T083651,19bc,2009-06-17T19:29:40,2645,m3_igds_l0_v18.pl,18,166.33,GLOBAL,CH1-ORB-L-M3-2-L0-RAW-V1.0,2009-06-16T08:36:51,2009-06-16T08:45:41,2009-05-10T18:01:10,PRELIMINARY,m3g_l1b_v04.exe,4,1.015653296704 <AU>,166.33,REVERSE,ASCENDING,"(""N/A"",""N/A"",""N/A"")","(01.752758559592,1.029363773952,181.440198508353)",298408232.37,"(0.031461968049,-0.998768218628,0.038369128553)",0.047339451742,3,1.17,M3G20090616T073912_V01_L0.IMG,M3G20090616T073912_V01_BDE.IMG,M3G20090616T075432_V01_FF.IMG,166.33,r,,,,,,,,,,,,,,,,,,2011-09-01T02:15:01,ACTUAL,3,m3g_l1b_v04.exe,4,1.015653296704 <AU>,166.33,REVERSE,ASCENDING,"(""N/A"",""N/A"",""N/A"")","(01.752758559592,1.029363773952,181.440198508353)",298408232.37,"(0.031461968049,-0.998768218628,0.038369128553)",0.047339451742,3,1.17,M3G20090616T073912_V01_L0.IMG,M3G20090616T073912_V01_BDE.IMG,M3G20090616T075432_V01_FF.IMG,166.33,u2
M3G20090616T115423,19bc,2009-06-19T23:50:08,2645,m3_igds_l0_v18.pl,18,166.41,GLOBAL,CH1-ORB-L-M3-2-L0-RAW-V1.0,2009-06-16T11:54:23,2009-06-16T11:54:46,,,,,,,,,,,,,,,,,,,,,,,,,,,,,,,,,,,,,,,,,,,,,,,,,,,,,,,,,,
M3G20090616T115723,19bc,2009-06-19T23:50:14,2645,m3_igds_l0_v18.pl,18,166.33,GLOBAL,CH1-ORB-L-M3-2-L0-RAW-V1.0,2009-06-16T11:57:23,2009-06-16T12:40:34,2009-05-10T18:01:10,PRELIMINARY,m3g_l1b_v04.exe,4,1.015581198898 <AU>,166.33,REVERSE,ASCENDING,"(""N/A"",""N/A"",""N/A"")","(01.834686766314,0.860020608112,181.282378198063)",298423541.105,"(0.029168789838,-0.998806574450,0.039174079873)",0.047399773632,3,1.09,M3G20090616T115423_V01_L0.IMG,M3G20090616T115423_V01_BDE.IMG,M3G20090616T115723_V01_FF.IMG,166.41,r,,,,,,,,,,,,,,,,,,2011-09-01T02:15:01,ACTUAL,3,m3g_l1b_v04.exe,4,1.015581198898 <AU>,166.41,REVERSE,ASCENDING,"(""N/A"",""N/A"",""N/A"")","(01.834686766314,0.860020608112,181.282378198063)",298423541.105,"(0.029168789838,-0.998806574450,0.039174079873)",0.047399773632,3,1.09,M3G20090616T115423_V01_L0.IMG,M3G20090616T115423_V01_BDE.IMG,M3G20090616T115723_V01_FF.IMG,166.41,u2
M3G20090616T124034,19bc,2009-06-17T19:57:47,2652,m3_igds_l0_v18.pl,18,166.15,GLOBAL,CH1-ORB-L-M3-2-L0-RAW-V1.0,2009-06-16T12:40:34,2009-06-16T12:49:21,2009-05-10T18:01:10,PRELIMINARY,m3g_l1b_v04.exe,4,1.015573923950 <AU>,166.15,REVERSE,ASCENDING,"(""N/A"",""N/A"",""N/A"")","(01.834686766314,0.860020608112,181.282378198063)",298423541.105,"(0.029168789838,-0.998806574450,0.039174079873)",0.047399773632,3,1.09,M3G20090616T115423_V01_L0.IMG,M3G20090616T115423_V01_BDE.IMG,M3G20090616T124034_V01_FF.IMG,166.15,r,,,,,,,,,,,,,,,,,,2011-09-01T02:15:01,ACTUAL,3,m3g_l1b_v04.exe,4,1.015573923950 <AU>,166.15,REVERSE,ASCENDING,"(""N/A"",""N/A"",""N/A"")","(01.834686766314,0.860020608112,181.282378198063)",298423541.105,"(0.029168789838,-0.998806574450,0.039174079873)",0.047399773632,3,1.09,M3G20090616T115423_V01_L0.IMG,M3G20090616T115423_V01_BDE.IMG,M3G20090616T124034_V01_FF.IMG,166.15,u2
M3G20090617T003823,19bc,2009-06-20T00:26:40,2652,m3_igds_l0_v18.pl,18,168.98,GLOBAL,CH1-ORB-L-M3-2-L0-RAW-V1.0,2009-06-17T00:38:23,2009-06-17T00:38:46,,,,,,,,,,,,,,,,,,,,,,,,,,,,,,,,,,,,,,,,,,,,,,,,,,,,,,,,,,
M3G20090617T005342,19bc,2009-06-20T00:26:46,2652,m3_igds_l0_v18.pl,18,168.71,GLOBAL,CH1-ORB-L-M3-2-L0-RAW-V1.0,2009-06-17T00:53:42,2009-06-17T01:44:51,2009-05-10T18:01:10,PRELIMINARY,m3g_l1b_v04.exe,4,1.015347169545 <AU>,168.71,REVERSE,ASCENDING,"(""N/A"",""N/A"",""N/A"")","(02.635255623971,6.789617696680,178.985393119091)",298469464.546,"(0.043156444699,-0.999041917984,-0.007264116697)",0.04709042292,3,0.93,M3G20090617T003823_V01_L0.IMG,M3G20090617T003823_V01_BDE.IMG,M3G20090617T005342_V01_FF.IMG,168.71,r,,,,,,,,,,,,,,,,,,2011-09-01T02:15:01,ACTUAL,3,m3g_l1b_v04.exe,4,1.015347169545 <AU>,168.71,REVERSE,ASCENDING,"(""N/A"",""N/A"",""N/A"")","(02.635255623971,6.789617696680,178.985393119091)",298469464.546,"(0.043156444699,-0.999041917984,-0.007264116697)",0.04709042292,3,0.93,M3G20090617T003823_V01_L0.IMG,M3G20090617T003823_V01_BDE.IMG,M3G20090617T005342_V01_FF.IMG,168.71,u2
M3G20090617T045332,19bc,2009-06-20T00:39:39,2652,m3_igds_l0_v18.pl,18,167.99,GLOBAL,CH1-ORB-L-M3-2-L0-RAW-V1.0,2009-06-17T04:53:32,2009-06-17T04:53:56,,,,,,,,,,,,,,,,,,,,,,,,,,,,,,,,,,,,,,,,,,,,,,,,,,,,,,,,,,
M3G20090617T045633,19bc,2009-06-20T00:39:45,2652,m3_igds_l0_v18.pl,18,167.9,GLOBAL,CH1-ORB-L-M3-2-L0-RAW-V1.0,2009-06-17T04:56:33,2009-06-17T05:48:31,2009-05-10T18:01:10,PRELIMINARY,m3g_l1b_v04.exe,4,1.015275524854 <AU>,167.9,REVERSE,ASCENDING,"(""N/A"",""N/A"",""N/A"")","(02.030502650606,5.538577623698,179.312629605662)",298484770.607,"(0.040968992836,-0.999159526716,0.001334840290)",0.047492862362,3,0.91,M3G20090617T045332_V01_L0.IMG,M3G20090617T045332_V01_BDE.IMG,M3G20090617T045633_V01_FF.IMG,167.9,r,,,,,,,,,,,,,,,,,,2011-09-01T02:15:01,ACTUAL,3,m3g_l1b_v04.exe,4,1.015275524854 <AU>,167.9,REVERSE,ASCENDING,"(""N/A"",""N/A"",""N/A"")","(02.030502650606,5.538577623698,179.312629605662)",298484770.607,"(0.040968992836,-0.999159526716,0.001334840290)",0.047492862362,3,0.91,M3G20090617T045332_V01_L0.IMG,M3G20090617T045332_V01_BDE.IMG,M3G20090617T045633_V01_FF.IMG,167.9,u2
M3G20090617T090843,19bc,2009-06-20T00:00:50,2656,m3_igds_l0_v18.pl,18,167.55,GLOBAL,CH1-ORB-L-M3-2-L0-RAW-V1.0,2009-06-17T09:08:43,2009-06-17T09:09:06,,,,,,,,,,,,,,,,,,,,,,,,,,,,,,,,,,,,,,,,,,,,,,,,,,,,,,,,,,
M3G20090617T092403,19bc,2009-06-20T00:00:56,2656,m3_igds_l0_v18.pl,18,167.2,GLOBAL,CH1-ORB-L-M3-2-L0-RAW-V1.0,2009-06-17T09:24:03,2009-06-17T10:05:05,2009-05-10T18:01:10,PRELIMINARY,m3g_l1b_v04.exe,4,1.015197251117 <AU>,167.2,REVERSE,ASCENDING,"(""N/A"",""N/A"",""N/A"")","(02.049614654880,6.481844740058,179.308269527412)",298500075.676,"(0.038692324065,-0.999243707940,0.003862149889)",0.047412358678,3,0.92,M3G20090617T090843_V01_L0.IMG,M3G20090617T090843_V01_BDE.IMG,M3G20090617T092403_V01_FF.IMG,167.2,r,,,,,,,,,,,,,,,,,,2011-09-01T02:15:01,ACTUAL,3,m3g_l1b_v04.exe,4,1.015197251117 <AU>,167.2,REVERSE,ASCENDING,"(""N/A"",""N/A"",""N/A"")","(02.049614654880,6.481844740058,179.308269527412)",298500075.676,"(0.038692324065,-0.999243707940,0.003862149889)",0.047412358678,3,0.92,M3G20090617T090843_V01_L0.IMG,M3G20090617T090843_V01_BDE.IMG,M3G20090617T092403_V01_FF.IMG,167.2,u2
M3G20090617T100505,19bc,2009-06-20T00:11:02,2656,m3_igds_l0_v18.pl,18,167.29,GLOBAL,CH1-ORB-L-M3-2-L0-RAW-V1.0,2009-06-17T10:05:06,2009-06-17T10:15:01,2009-05-10T18:01:10,PRELIMINARY,m3g_l1b_v04.exe,4,1.015196135209 <AU>,167.29,REVERSE,ASCENDING,"(""N/A"",""N/A"",""N/A"")","(02.049614654880,6.481844740058,179.308269527412)",298500075.676,"(0.038692324065,-0.999243707940,0.003862149889)",0.047412358678,3,0.92,M3G20090617T090843_V01_L0.IMG,M3G20090617T090843_V01_BDE.IMG,M3G20090617T092403_V01_FF.IMG,167.29,r,,,,,,,,,,,,,,,,,,2011-09-01T02:15:01,ACTUAL,3,m3g_l1b_v04.exe,4,1.015196135209 <AU>,167.29,REVERSE,ASCENDING,"(""N/A"",""N/A"",""N/A"")","(02.049614654880,6.481844740058,179.308269527412)",298500075.676,"(0.038692324065,-0.999243707940,0.003862149889)",0.047412358678,3,0.92,M3G20090617T090843_V01_L0.IMG,M3G20090617T090843_V01_BDE.IMG,M3G20090617T092403_V01_FF.IMG,167.29,u2
M3G20090617T132353,19bc,2009-06-20T00:13:31,2656,m3_igds_l0_v18.pl,18,167.29,GLOBAL,CH1-ORB-L-M3-2-L0-RAW-V1.0,2009-06-17T13:23:53,2009-06-17T13:24:16,,,,,,,,,,,,,,,,,,,,,,,,,,,,,,,,,,,,,,,,,,,,,,,,,,,,,,,,,,
M3G20090617T132653,19bc,2009-06-20T00:13:37,2656,m3_igds_l0_v18.pl,18,167.2,GLOBAL,CH1-ORB-L-M3-2-L0-RAW-V1.0,2009-06-17T13:26:53,2009-06-17T14:18:51,2009-05-10T18:01:10,PRELIMINARY,m3g_l1b_v04.exe,4,1.015126948844 <AU>,167.2,REVERSE,ASCENDING,"(""N/A"",""N/A"",""N/A"")","(02.045188070894,5.394730641455,179.444345558044)",298515380.781,"(0.037244518611,-0.999290961072,0.005515519221)",0.047461308286,3,0.94,M3G20090617T132353_V01_L0.IMG,M3G20090617T132353_V01_BDE.IMG,M3G20090617T132653_V01_FF.IMG,167.29,r,,,,,,,,,,,,,,,,,,2011-09-01T02:15:01,ACTUAL,3,m3g_l1b_v04.exe,4,1.015126948844 <AU>,167.29,REVERSE,ASCENDING,"(""N/A"",""N/A"",""N/A"")","(02.045188070894,5.394730641455,179.444345558044)",298515380.781,"(0.037244518611,-0.999290961072,0.005515519221)",0.047461308286,3,0.94,M3G20090617T132353_V01_L0.IMG,M3G20090617T132353_V01_BDE.IMG,M3G20090617T132653_V01_FF.IMG,167.29,u2
M3G20090617T173853,19bc,2009-06-20T00:52:46,2664,m3_igds_l0_v18.pl,18,167.29,GLOBAL,CH1-ORB-L-M3-2-L0-RAW-V1.0,2009-06-17T17:38:53,2009-06-17T17:39:16,,,,,,,,,,,,,,,,,,,,,,,,,,,,,,,,,,,,,,,,,,,,,,,,,,,,,,,,,,
M3G20090617T175422,19bc,2009-06-20T00:52:52,2664,m3_igds_l0_v18.pl,18,167.29,GLOBAL,CH1-ORB-L-M3-2-L0-RAW-V1.0,2009-06-17T17:54:22,2009-06-17T18:45:21,2009-05-10T18:01:10,PRELIMINARY,m3g_l1b_v04.exe,4,1.015050507661 <AU>,167.29,REVERSE,ASCENDING,"(""N/A"",""N/A"",""N/A"")","(02.607558689784,5.919994159873,179.523392034391)",298530686.088,"(0.030979431982,-0.999517705451,0.002152041768)",0.047472182264,3,0.99,M3G20090617T173853_V01_L0.IMG,M3G20090617T173853_V01_BDE.IMG,M3G20090617T175422_V01_FF.IMG,167.29,r,,,,,,,,,,,,,,,,,,2011-09-01T02:15:01,ACTUAL,3,m3g_l1b_v04.exe,4,1.015050507661 <AU>,167.29,REVERSE,ASCENDING,"(""N/A"",""N/A"",""N/A"")","(02.607558689784,5.919994159873,179.523392034391)",298530686.088,"(0.030979431982,-0.999517705451,0.002152041768)",0.047472182264,3,0.99,M3G20090617T173853_V01_L0.IMG,M3G20090617T173853_V01_BDE.IMG,M3G20090617T175422_V01_FF.IMG,167.29,u2
M3G20090617T215403,19bc,2009-06-20T01:05:38,2664,m3_igds_l0_v18.pl,18,167.11,GLOBAL,CH1-ORB-L-M3-2-L0-RAW-V1.0,2009-06-17T21:54:03,2009-06-17T21:54:26,,,,,,,,,,,,,,,,,,,,,,,,,,,,,,,,,,,,,,,,,,,,,,,,,,,,,,,,,,
M3G20090617T215703,19bc,2009-06-20T01:05:43,2664,m3_igds_l0_v18.pl,18,167.02,GLOBAL,CH1-ORB-L-M3-2-L0-RAW-V1.0,2009-06-17T21:57:03,2009-06-17T22:38:24,2009-05-10T18:01:10,PRELIMINARY,m3g_l1b_v04.exe,4,1.014984201717 <AU>,167.02,REVERSE,ASCENDING,"(""N/A"",""N/A"",""N/A"")","(02.444493254470,6.418621699018,179.286546230461)",298545991.711,"(0.031501446204,-0.999502436447,0.001593243353)",0.047491478153,3,1.05,M3G20090617T215403_V01_L0.IMG,M3G20090617T215403_V01_BDE.IMG,M3G20090617T215703_V01_FF.IMG,167.02,r,,,,,,,,,,,,,,,,,,2011-09-01T02:15:01,ACTUAL,3,m3g_l1b_v04.exe,4,1.014984201717 <AU>,167.02,REVERSE,ASCENDING,"(""N/A"",""N/A"",""N/A"")","(02.444493254470,6.418621699018,179.286546230461)",298545991.711,"(0.031501446204,-0.999502436447,0.001593243353)",0.047491478153,3,1.05,M3G20090617T215403_V01_L0.IMG,M3G20090617T215403_V01_BDE.IMG,M3G20090617T215703_V01_FF.IMG,167.02,u2
M3G20090617T223824,19bc,2009-06-21T23:27:27,2666,m3_igds_l0_v18.pl,18,166.67,GLOBAL,CH1-ORB-L-M3-2-L0-RAW-V1.0,2009-06-17T22:38:24,2009-06-17T22:49:11,2009-05-10T18:01:10,PRELIMINARY,m3g_l1b_v04.exe,4,1.014976161511 <AU>,166.67,REVERSE,ASCENDING,"(""N/A"",""N/A"",""N/A"")","(02.444493254470,6.418621699018,179.286546230461)",298545991.711,"(0.031501446204,-0.999502436447,0.001593243353)",0.047491478153,3,1.07,M3G20090617T215403_V01_L0.IMG,M3G20090617T215403_V01_BDE.IMG,M3G20090617T223824_V01_FF.IMG,166.76,r,,,,,,,,,,,,,,,,,,2011-09-01T02:15:01,ACTUAL,3,m3g_l1b_v04.exe,4,1.014976161511 <AU>,166.76,REVERSE,ASCENDING,"(""N/A"",""N/A"",""N/A"")","(02.444493254470,6.418621699018,179.286546230461)",298545991.711,"(0.031501446204,-0.999502436447,0.001593243353)",0.047491478153,3,1.07,M3G20090617T215403_V01_L0.IMG,M3G20090617T215403_V01_BDE.IMG,M3G20090617T223824_V01_FF.IMG,166.76,u2
M3G20090618T062413,19bc,2009-06-21T23:30:08,2668,m3_igds_l0_v18.pl,18,167.02,GLOBAL,CH1-ORB-L-M3-2-L0-RAW-V1.0,2009-06-18T06:24:13,2009-06-18T06:24:36,,,,,,,,,,,,,,,,,,,,,,,,,,,,,,,,,,,,,,,,,,,,,,,,,,,,,,,,,,
M3G20090618T103922,19bc,2009-06-21T22:25:04,2670,m3_igds_l0_v18.pl,18,167.02,GLOBAL,CH1-ORB-L-M3-2-L0-RAW-V1.0,2009-06-18T10:39:22,2009-06-18T10:39:46,,,,,,,,,,,,,,,,,,,,,,,,,,,,,,,,,,,,,,,,,,,,,,,,,,,,,,,,,,
M3G20090618T104223,19bc,2009-06-21T22:25:10,2670,m3_igds_l0_v18.pl,18,167.02,GLOBAL,CH1-ORB-L-M3-2-L0-RAW-V1.0,2009-06-18T10:42:23,2009-06-18T11:22:23,2009-05-10T18:01:10,PRELIMINARY,m3g_l1b_v04.exe,4,1.014777795174 <AU>,167.02,FORWARD,ASCENDING,"(""N/A"",""N/A"",""N/A"")","(-01.653481240985,2.454758632188,-000.104209783131)",298591910.587,"(0.036408686887,-0.998431546747,0.042530624031)",0.047788008604,4,1.3,M3G20090618T103922_V01_L0.IMG,M3G20090618T103922_V01_BDE.IMG,M3G20090618T104223_V01_FF.IMG,167.11,r,,,,,,,,,,,,,,,,,,2011-09-01T02:15:01,ACTUAL,3,m3g_l1b_v04.exe,4,1.014777795174 <AU>,167.11,FORWARD,ASCENDING,"(""N/A"",""N/A"",""N/A"")","(-01.653481240985,2.454758632188,-000.104209783131)",298591910.587,"(0.036408686887,-0.998431546747,0.042530624031)",0.047788008604,4,1.3,M3G20090618T103922_V01_L0.IMG,M3G20090618T103922_V01_BDE.IMG,M3G20090618T104223_V01_FF.IMG,167.11,u2
M3G20090618T112223,19bc,2009-06-21T22:35:02,2670,m3_igds_l0_v18.pl,18,167.02,GLOBAL,CH1-ORB-L-M3-2-L0-RAW-V1.0,2009-06-18T11:22:23,2009-06-18T11:34:21,2009-05-10T18:01:10,PRELIMINARY,m3g_l1b_v04.exe,4,1.014770078494 <AU>,167.02,FORWARD,ASCENDING,"(""N/A"",""N/A"",""N/A"")","(-01.653481240985,2.454758632188,-000.104209783131)",298591910.587,"(0.036408686887,-0.998431546747,0.042530624031)",0.047788008604,4,1.3,M3G20090618T103922_V01_L0.IMG,M3G20090618T103922_V01_BDE.IMG,M3G20090618T112223_V01_FF.IMG,167.11,r,,,,,,,,,,,,,,,,,,2011-09-01T02:15:01,ACTUAL,3,m3g_l1b_v04.exe,4,1.014770078494 <AU>,167.11,FORWARD,ASCENDING,"(""N/A"",""N/A"",""N/A"")","(-01.653481240985,2.454758632188,-000.104209783131)",298591910.587,"(0.036408686887,-0.998431546747,0.042530624031)",0.047788008604,4,1.3,M3G20090618T103922_V01_L0.IMG,M3G20090618T103922_V01_BDE.IMG,M3G20090618T112223_V01_FF.IMG,167.11,u2
M3G20090620T051012,19bc,2009-06-21T23:42:53,2690,m3_igds_l0_v18.pl,18,167.02,GLOBAL,CH1-ORB-L-M3-2-L0-RAW-V1.0,2009-06-20T05:10:12,2009-06-20T05:10:36,,,,,,,,,,,,,,,,,,,,,,,,,,,,,,,,,,,,,,,,,,,,,,,,,,,,,,,,,,
M3G20090620T051312,19bc,2009-06-21T23:42:59,2690,m3_igds_l0_v18.pl,18,167.02,GLOBAL,CH1-ORB-L-M3-2-L0-RAW-V1.0,2009-06-20T05:13:12,2009-06-20T06:05:21,2009-05-10T18:01:10,PRELIMINARY,m3g_l1b_v04.exe,4,1.014220454188 <AU>,167.02,FORWARD,ASCENDING,"(""N/A"",""N/A"",""N/A"")","(00.831612774254,1.827615179793,-001.901487719131)",298744964.236,"(0.072328178931,-0.996145564253,0.049625087918)",0.047331850377,4,2.48,M3G20090620T051012_V01_L0.IMG,M3G20090620T051012_V01_BDE.IMG,M3G20090620T051312_V01_FF.IMG,167.02,r,,,,,,,,,,,,,,,,,,2011-09-01T02:15:01,ACTUAL,3,m3g_l1b_v04.exe,4,1.014220454188 <AU>,167.02,FORWARD,ASCENDING,"(""N/A"",""N/A"",""N/A"")","(00.831612774254,1.827615179793,-001.901487719131)",298744964.236,"(0.072328178931,-0.996145564253,0.049625087918)",0.047331850377,4,2.48,M3G20090620T051012_V01_L0.IMG,M3G20090620T051012_V01_BDE.IMG,M3G20090620T051312_V01_FF.IMG,167.02,u2
M3G20090620T092522,19bc,2009-06-22T22:05:44,2692,m3_igds_l0_v18.pl,18,166.5,GLOBAL,CH1-ORB-L-M3-2-L0-RAW-V1.0,2009-06-20T09:25:22,2009-06-20T09:25:46,,,,,,,,,,,,,,,,,,,,,,,,,,,,,,,,,,,,,,,,,,,,,,,,,,,,,,,,,,
M3G20090620T094042,19bc,2009-06-22T22:05:50,2692,m3_igds_l0_v18.pl,18,166.33,GLOBAL,CH1-ORB-L-M3-2-L0-RAW-V1.0,2009-06-20T09:40:42,2009-06-20T10:24:57,2009-05-10T18:01:10,PRELIMINARY,m3g_l1b_v04.exe,4,1.014177129858 <AU>,166.33,FORWARD,ASCENDING,"(""N/A"",""N/A"",""N/A"")","(00.538412139990,1.694296256647,-001.785416463116)",298760267.089,"(0.071866139092,-0.996329485148,0.046506075701)",0.047154713013,4,2.68,M3G20090620T092522_V01_L0.IMG,M3G20090620T092522_V01_BDE.IMG,M3G20090620T094042_V01_FF.IMG,166.24,r,,,,,,,,,,,,,,,,,,2011-09-01T02:15:01,ACTUAL,3,m3g_l1b_v04.exe,4,1.014177129858 <AU>,166.24,FORWARD,ASCENDING,"(""N/A"",""N/A"",""N/A"")","(00.538412139990,1.694296256647,-001.785416463116)",298760267.089,"(0.071866139092,-0.996329485148,0.046506075701)",0.047154713013,4,2.68,M3G20090620T092522_V01_L0.IMG,M3G20090620T092522_V01_BDE.IMG,M3G20090620T094042_V01_FF.IMG,166.24,u2
M3G20090620T102457,19bc,2009-06-22T22:16:37,2692,m3_igds_l0_v18.pl,18,166.07,GLOBAL,CH1-ORB-L-M3-2-L0-RAW-V1.0,2009-06-20T10:24:57,2009-06-20T10:31:41,2009-05-10T18:01:10,PRELIMINARY,m3g_l1b_v04.exe,4,1.014180315200 <AU>,166.07,FORWARD,ASCENDING,"(""N/A"",""N/A"",""N/A"")","(00.538412139990,1.694296256647,-001.785416463116)",298760267.089,"(0.071866139092,-0.996329485148,0.046506075701)",0.047154713013,4,2.73,M3G20090620T092522_V01_L0.IMG,M3G20090620T092522_V01_BDE.IMG,M3G20090620T094042_V01_FF.IMG,166.07,r,,,,,,,,,,,,,,,,,,2011-09-01T02:15:01,ACTUAL,3,m3g_l1b_v04.exe,4,1.014180315200 <AU>,166.07,FORWARD,ASCENDING,"(""N/A"",""N/A"",""N/A"")","(00.538412139990,1.694296256647,-001.785416463116)",298760267.089,"(0.071866139092,-0.996329485148,0.046506075701)",0.047154713013,4,2.73,M3G20090620T092522_V01_L0.IMG,M3G20090620T092522_V01_BDE.IMG,M3G20090620T094042_V01_FF.IMG,166.07,u2
M3G20090620T134022,19bc,2009-06-22T22:18:11,2692,m3_igds_l0_v18.pl,18,166.41,GLOBAL,CH1-ORB-L-M3-2-L0-RAW-V1.0,2009-06-20T13:40:22,2009-06-20T13:40:46,,,,,,,,,,,,,,,,,,,,,,,,,,,,,,,,,,,,,,,,,,,,,,,,,,,,,,,,,,
M3G20090620T134322,19bc,2009-06-22T22:18:17,2692,m3_igds_l0_v18.pl,18,166.41,GLOBAL,CH1-ORB-L-M3-2-L0-RAW-V1.0,2009-06-20T13:43:22,2009-06-20T13:45:43,2009-05-10T18:01:10,PRELIMINARY,m3g_l1b_v04.exe,4,1.014153225429 <AU>,166.41,FORWARD,ASCENDING,"(""N/A"",""N/A"",""N/A"")","(00.966804900614,1.217654085989,-001.661989318634)",298775570.016,"(0.074074428000,-0.995945950307,0.051035704993)",0.047269861828,4,2.83,M3G20090620T134022_V01_L0.IMG,M3G20090620T134022_V01_BDE.IMG,M3G20090620T134543_V01_FF.IMG,166.41,r,,,,,,,,,,,,,,,,,,2011-09-01T02:15:01,ACTUAL,3,m3g_l1b_v04.exe,4,1.014153225429 <AU>,166.41,FORWARD,ASCENDING,"(""N/A"",""N/A"",""N/A"")","(00.966804900614,1.217654085989,-001.661989318634)",298775570.016,"(0.074074428000,-0.995945950307,0.051035704993)",0.047269861828,4,2.83,M3G20090620T134022_V01_L0.IMG,M3G20090620T134022_V01_BDE.IMG,M3G20090620T134543_V01_FF.IMG,166.41,u2
M3G20090620T134543,19bc,2009-06-23T18:41:31,2692,m3_igds_l0_v18.pl,18,166.33,GLOBAL,CH1-ORB-L-M3-2-L0-RAW-V1.0,2009-06-20T13:45:43,2009-06-20T14:35:30,2009-05-10T18:01:10,PRELIMINARY,m3g_l1b_v04.exe,4,1.014141193645 <AU>,166.33,FORWARD,ASCENDING,"(""N/A"",""N/A"",""N/A"")","(00.966804900614,1.217654085989,-001.661989318634)",298775570.016,"(0.074074428000,-0.995945950307,0.051035704993)",0.047269861828,4,2.83,M3G20090620T134022_V01_L0.IMG,M3G20090620T134022_V01_BDE.IMG,M3G20090620T134543_V01_FF.IMG,166.33,r,,,,,,,,,,,,,,,,,,2011-09-01T02:15:01,ACTUAL,3,m3g_l1b_v04.exe,4,1.014141193645 <AU>,166.33,FORWARD,ASCENDING,"(""N/A"",""N/A"",""N/A"")","(00.966804900614,1.217654085989,-001.661989318634)",298775570.016,"(0.074074428000,-0.995945950307,0.051035704993)",0.047269861828,4,2.83,M3G20090620T134022_V01_L0.IMG,M3G20090620T134022_V01_BDE.IMG,M3G20090620T134543_V01_FF.IMG,166.33,u2
M3G20090620T175522,19bc,2009-06-23T18:53:44,2692,m3_igds_l0_v18.pl,18,166.33,GLOBAL,CH1-ORB-L-M3-2-L0-RAW-V1.0,2009-06-20T17:55:22,2009-06-20T17:55:46,,,,,,,,,,,,,,,,,,,,,,,,,,,,,,,,,,,,,,,,,,,,,,,,,,,,,,,,,,
M3G20090620T181042,19bc,2009-06-23T18:53:50,2692,m3_igds_l0_v18.pl,18,166.15,GLOBAL,CH1-ORB-L-M3-2-L0-RAW-V1.0,2009-06-20T18:10:42,2009-06-20T18:59:13,2009-05-10T18:01:10,PRELIMINARY,m3g_l1b_v04.exe,4,1.014105386757 <AU>,166.15,FORWARD,ASCENDING,"(""N/A"",""N/A"",""N/A"")","(00.997276558073,1.012062711997,-001.856482993959)",298790872.889,"(0.077040667065,-0.995801380364,0.049440332555)",0.047045131884,4,3.01,M3G20090620T175522_V01_L0.IMG,M3G20090620T175522_V01_BDE.IMG,M3G20090620T181042_V01_FF.IMG,166.15,r,,,,,,,,,,,,,,,,,,2011-09-01T02:15:01,ACTUAL,3,m3g_l1b_v04.exe,4,1.014105386757 <AU>,166.15,FORWARD,ASCENDING,"(""N/A"",""N/A"",""N/A"")","(00.997276558073,1.012062711997,-001.856482993959)",298790872.889,"(0.077040667065,-0.995801380364,0.049440332555)",0.047045131884,4,3.01,M3G20090620T175522_V01_L0.IMG,M3G20090620T175522_V01_BDE.IMG,M3G20090620T181042_V01_FF.IMG,166.15,u2
M3G20090620T185913,19bc,2009-06-22T22:18:51,2699,m3_igds_l0_v18.pl,18,165.98,GLOBAL,CH1-ORB-L-M3-2-L0-RAW-V1.0,2009-06-20T18:59:13,2009-06-20T19:01:51,2009-05-10T18:01:10,PRELIMINARY,m3g_l1b_v04.exe,4,1.014109862121 <AU>,165.98,FORWARD,ASCENDING,"(""N/A"",""N/A"",""N/A"")","(00.997276558073,1.012062711997,-001.856482993959)",298790872.889,"(0.077040667065,-0.995801380364,0.049440332555)",0.047045131884,4,3.06,M3G20090620T175522_V01_L0.IMG,M3G20090620T175522_V01_BDE.IMG,M3G20090620T181042_V01_FF.IMG,165.98,r,,,,,,,,,,,,,,,,,,2011-09-01T02:15:01,ACTUAL,3,m3g_l1b_v04.exe,4,1.014109862121 <AU>,165.98,FORWARD,ASCENDING,"(""N/A"",""N/A"",""N/A"")","(00.997276558073,1.012062711997,-001.856482993959)",298790872.889,"(0.077040667065,-0.995801380364,0.049440332555)",0.047045131884,4,3.06,M3G20090620T175522_V01_L0.IMG,M3G20090620T175522_V01_BDE.IMG,M3G20090620T181042_V01_FF.IMG,165.98,u2
M3G20090621T022443,19bc,2009-06-22T22:19:30,2700,m3_igds_l0_v18.pl,18,166.33,GLOBAL,CH1-ORB-L-M3-2-L0-RAW-V1.0,2009-06-21T02:24:43,2009-06-21T02:25:07,,,,,,,,,,,,,,,,,,,,,,,,,,,,,,,,,,,,,,,,,,,,,,,,,,,,,,,,,,
M3G20090621T022743,19bc,2009-06-22T22:19:36,2700,m3_igds_l0_v18.pl,18,166.33,GLOBAL,CH1-ORB-L-M3-2-L0-RAW-V1.0,2009-06-21T02:27:43,2009-06-21T02:48:24,2009-05-10T18:01:10,PRELIMINARY,m3g_l1b_v04.exe,4,1.014053643269 <AU>,166.33,FORWARD,ASCENDING,"(""N/A"",""N/A"",""N/A"")","(01.604181218792,3.530809126318,-001.392910036139)",298821478.135,"(0.083209896587,-0.994929085465,0.056499805352)",0.047228290512,4,3.34,M3G20090621T022443_V01_L0.IMG,M3G20090621T022443_V01_BDE.IMG,M3G20090621T022743_V01_FF.IMG,166.24,r,,,,,,,,,,,,,,,,,,2011-09-01T02:15:01,ACTUAL,3,m3g_l1b_v04.exe,4,1.014053643269 <AU>,166.24,FORWARD,ASCENDING,"(""N/A"",""N/A"",""N/A"")","(01.604181218792,3.530809126318,-001.392910036139)",298821478.135,"(0.083209896587,-0.994929085465,0.056499805352)",0.047228290512,4,3.34,M3G20090621T022443_V01_L0.IMG,M3G20090621T022443_V01_BDE.IMG,M3G20090621T022743_V01_FF.IMG,166.24,u2
M3G20090621T025007,19bc,2009-06-22T22:24:42,2700,m3_igds_l0_v18.pl,18,166.07,GLOBAL,CH1-ORB-L-M3-2-L0-RAW-V1.0,2009-06-21T02:50:07,2009-06-21T03:19:52,2009-05-10T18:01:10,PRELIMINARY,m3g_l1b_v04.exe,4,1.014045381923 <AU>,166.07,FORWARD,ASCENDING,"(""N/A"",""N/A"",""N/A"")","(01.604181218792,3.530809126318,-001.392910036139)",298821478.135,"(0.083209896587,-0.994929085465,0.056499805352)",0.047228290512,4,3.34,M3G20090621T022443_V01_L0.IMG,M3G20090621T022443_V01_BDE.IMG,M3G20090621T025007_V01_FF.IMG,166.07,r,,,,,,,,,,,,,,,,,,2011-09-01T02:15:01,ACTUAL,3,m3g_l1b_v04.exe,4,1.014045381923 <AU>,166.07,FORWARD,ASCENDING,"(""N/A"",""N/A"",""N/A"")","(01.604181218792,3.530809126318,-001.392910036139)",298821478.135,"(0.083209896587,-0.994929085465,0.056499805352)",0.047228290512,4,3.34,M3G20090621T022443_V01_L0.IMG,M3G20090621T022443_V01_BDE.IMG,M3G20090621T025007_V01_FF.IMG,166.07,u2
M3G20090621T063943,19bc,2009-06-22T22:32:02,2702,m3_igds_l0_v18.pl,18,166.24,GLOBAL,CH1-ORB-L-M3-2-L0-RAW-V1.0,2009-06-21T06:39:43,2009-06-21T06:40:06,,,,,,,,,,,,,,,,,,,,,,,,,,,,,,,,,,,,,,,,,,,,,,,,,,,,,,,,,,
M3G20090621T065503,19bc,2009-06-22T22:32:08,2702,m3_igds_l0_v18.pl,18,166.07,GLOBAL,CH1-ORB-L-M3-2-L0-RAW-V1.0,2009-06-21T06:55:03,2009-06-21T07:43:09,2009-05-10T18:01:10,PRELIMINARY,m3g_l1b_v04.exe,4,1.014022957749 <AU>,166.07,FORWARD,ASCENDING,"(""N/A"",""N/A"",""N/A"")","(01.697217223837,4.204453007152,-001.450965246019)",298836780.562,"(0.085724982913,-0.994699573305,0.056780156489)",0.047165899152,4,3.49,M3G20090621T063943_V01_L0.IMG,M3G20090621T063943_V01_BDE.IMG,M3G20090621T065503_V01_FF.IMG,166.07,r,,,,,,,,,,,,,,,,,,2011-09-01T02:15:01,ACTUAL,3,m3g_l1b_v04.exe,4,1.014022957749 <AU>,166.07,FORWARD,ASCENDING,"(""N/A"",""N/A"",""N/A"")","(01.697217223837,4.204453007152,-001.450965246019)",298836780.562,"(0.085724982913,-0.994699573305,0.056780156489)",0.047165899152,4,3.49,M3G20090621T063943_V01_L0.IMG,M3G20090621T063943_V01_BDE.IMG,M3G20090621T065503_V01_FF.IMG,166.07,u2
M3G20090621T074309,19bc,2009-06-22T22:44:04,2703,m3_igds_l0_v18.pl,18,165.9,GLOBAL,CH1-ORB-L-M3-2-L0-RAW-V1.0,2009-06-21T07:43:09,2009-06-21T07:46:21,2009-05-10T18:01:10,PRELIMINARY,m3g_l1b_v04.exe,4,1.014028168197 <AU>,165.9,FORWARD,ASCENDING,"(""N/A"",""N/A"",""N/A"")","(01.697217223837,4.204453007152,-001.450965246019)",298836780.562,"(0.085724982913,-0.994699573305,0.056780156489)",0.047165899152,4,3.54,M3G20090621T063943_V01_L0.IMG,M3G20090621T063943_V01_BDE.IMG,M3G20090621T065503_V01_FF.IMG,165.9,r,,,,,,,,,,,,,,,,,,2011-09-01T02:15:01,ACTUAL,3,m3g_l1b_v04.exe,4,1.014028168197 <AU>,165.9,FORWARD,ASCENDING,"(""N/A"",""N/A"",""N/A"")","(01.697217223837,4.204453007152,-001.450965246019)",298836780.562,"(0.085724982913,-0.994699573305,0.056780156489)",0.047165899152,4,3.54,M3G20090621T063943_V01_L0.IMG,M3G20090621T063943_V01_BDE.IMG,M3G20090621T065503_V01_FF.IMG,165.9,u2
M3G20090621T160702,19bc,2009-06-23T19:05:49,2704,m3_igds_l0_v18.pl,18,165.81,GLOBAL,CH1-ORB-L-M3-2-L0-RAW-V1.0,2009-06-21T16:07:02,2009-06-21T16:16:20,2009-05-10T18:01:10,PRELIMINARY,m3g_l1b_v04.exe,4,1.013990567570 <AU>,165.81,FORWARD,ASCENDING,"(""N/A"",""N/A"",""N/A"")","(03.226924517724,5.199347351787,000.016652054998)",298867386.089,"(0.083901997396,-0.993293756215,0.079548530450)",0.046887373494,4,3.92,M3G20090621T192451_V01_L0.IMG,M3G20090621T192451_V01_BDE.IMG,M3G20090621T160702_V01_FF.IMG,165.81,r,,,,,,,,,,,,,,,,,,2011-09-01T02:15:01,ACTUAL,3,m3g_l1b_v04.exe,4,1.013990567570 <AU>,165.81,FORWARD,ASCENDING,"(""N/A"",""N/A"",""N/A"")","(03.226924517724,5.199347351787,000.016652054998)",298867386.089,"(0.083901997396,-0.993293756215,0.079548530450)",0.046887373494,4,3.92,M3G20090621T192451_V01_L0.IMG,M3G20090621T192451_V01_BDE.IMG,M3G20090621T160702_V01_FF.IMG,165.81,u2
M3G20090621T192451,19bc,2009-06-23T19:08:06,2704,m3_igds_l0_v18.pl,18,166.24,GLOBAL,CH1-ORB-L-M3-2-L0-RAW-V1.0,2009-06-21T19:24:51,2009-06-21T19:25:15,,,,,,,,,,,,,,,,,,,,,,,,,,,,,,,,,,,,,,,,,,,,,,,,,,,,,,,,,,
M3G20090621T192751,19bc,2009-06-23T19:08:10,2704,m3_igds_l0_v18.pl,18,166.15,GLOBAL,CH1-ORB-L-M3-2-L0-RAW-V1.0,2009-06-21T19:27:51,2009-06-21T19:35:43,2009-05-10T18:01:10,PRELIMINARY,m3g_l1b_v04.exe,4,1.013982084312 <AU>,166.15,FORWARD,ASCENDING,"(""N/A"",""N/A"",""N/A"")","(01.851344152439,7.842510435176,-001.351431381438)",298882689.484,"(0.089565671696,-0.994076104699,0.061568567630)",0.047294172009,4,4.01,M3G20090621T192451_V01_L0.IMG,M3G20090621T192451_V01_BDE.IMG,M3G20090621T193712_V01_FF.IMG,166.15,r,,,,,,,,,,,,,,,,,,2011-09-01T02:15:01,ACTUAL,3,m3g_l1b_v04.exe,4,1.013982084312 <AU>,166.15,FORWARD,ASCENDING,"(""N/A"",""N/A"",""N/A"")","(01.851344152439,7.842510435176,-001.351431381438)",298882689.484,"(0.089565671696,-0.994076104699,0.061568567630)",0.047294172009,4,4.01,M3G20090621T192451_V01_L0.IMG,M3G20090621T192451_V01_BDE.IMG,M3G20090621T193712_V01_FF.IMG,166.15,u2
M3G20090621T193712,19bc,2009-06-26T16:56:31,2710,m3_igds_l0_v18.pl,18,165.98,GLOBAL,CH1-ORB-L-M3-2-L0-RAW-V1.0,2009-06-21T19:37:13,2009-06-21T20:20:00,2009-05-10T18:01:10,PRELIMINARY,m3g_l1b_v04.exe,4,1.013972972115 <AU>,165.98,FORWARD,ASCENDING,"(""N/A"",""N/A"",""N/A"")","(01.851344152439,7.842510435176,-001.351431381438)",298882689.484,"(0.089565671696,-0.994076104699,0.061568567630)",0.047294172009,4,4.01,M3G20090621T192451_V01_L0.IMG,M3G20090621T192451_V01_BDE.IMG,M3G20090621T193712_V01_FF.IMG,165.98,r,,,,,,,,,,,,,,,,,,2011-09-01T02:15:01,ACTUAL,3,m3g_l1b_v04.exe,4,1.013972972115 <AU>,165.98,FORWARD,ASCENDING,"(""N/A"",""N/A"",""N/A"")","(01.851344152439,7.842510435176,-001.351431381438)",298882689.484,"(0.089565671696,-0.994076104699,0.061568567630)",0.047294172009,4,4.01,M3G20090621T192451_V01_L0.IMG,M3G20090621T192451_V01_BDE.IMG,M3G20090621T193712_V01_FF.IMG,165.98,u2
M3G20090622T035521,19bc,2009-06-26T17:07:06,2712,m3_igds_l0_v18.pl,18,166.15,GLOBAL,CH1-ORB-L-M3-2-L0-RAW-V1.0,2009-06-22T03:55:21,2009-06-22T03:55:45,,,,,,,,,,,,,,,,,,,,,,,,,,,,,,,,,,,,,,,,,,,,,,,,,,,,,,,,,,
M3G20090622T041041,19bc,2009-06-26T17:07:12,2712,m3_igds_l0_v18.pl,18,165.64,GLOBAL,CH1-ORB-L-M3-2-L0-RAW-V1.0,2009-06-22T04:10:41,2009-06-22T04:20:35,2009-05-10T18:01:10,PRELIMINARY,m3g_l1b_v04.exe,4,1.013960215140 <AU>,165.64,FORWARD,ASCENDING,"(""N/A"",""N/A"",""N/A"")","(01.967922997431,0.074504382227,-001.027503803172)",298913297.304,"(0.089205328929,-0.993701052194,0.067827930530)",0.047114198092,4,4.4,M3G20090622T035521_V01_L0.IMG,M3G20090622T035521_V01_BDE.IMG,M3G20090622T041041_V01_FF.IMG,165.98,r,,,,,,,,,,,,,,,,,,2011-09-01T02:15:01,ACTUAL,3,m3g_l1b_v04.exe,4,1.013960215140 <AU>,165.98,FORWARD,ASCENDING,"(""N/A"",""N/A"",""N/A"")","(01.967922997431,0.074504382227,-001.027503803172)",298913297.304,"(0.089205328929,-0.993701052194,0.067827930530)",0.047114198092,4,4.4,M3G20090622T035521_V01_L0.IMG,M3G20090622T035521_V01_BDE.IMG,M3G20090622T041041_V01_FF.IMG,165.98,u2
M3G20090622T042035,19bc,2009-06-26T17:09:39,2712,m3_igds_l0_v18.pl,18,165.64,GLOBAL,CH1-ORB-L-M3-2-L0-RAW-V1.0,2009-06-22T04:20:35,2009-06-22T05:02:00,2009-05-10T18:01:10,PRELIMINARY,m3g_l1b_v04.exe,4,1.013959821160 <AU>,165.64,FORWARD,ASCENDING,"(""N/A"",""N/A"",""N/A"")","(01.967922997431,0.074504382227,-001.027503803172)",298913297.304,"(0.089205328929,-0.993701052194,0.067827930530)",0.047114198092,4,4.4,M3G20090622T035521_V01_L0.IMG,M3G20090622T035521_V01_BDE.IMG,M3G20090622T042035_V01_FF.IMG,165.98,r,,,,,,,,,,,,,,,,,,2011-09-01T02:15:01,ACTUAL,3,m3g_l1b_v04.exe,4,1.013959821160 <AU>,165.98,FORWARD,ASCENDING,"(""N/A"",""N/A"",""N/A"")","(01.967922997431,0.074504382227,-001.027503803172)",298913297.304,"(0.089205328929,-0.993701052194,0.067827930530)",0.047114198092,4,4.4,M3G20090622T035521_V01_L0.IMG,M3G20090622T035521_V01_BDE.IMG,M3G20090622T042035_V01_FF.IMG,165.98,u2
M3G20090622T081031,19bc,2009-06-26T17:19:52,2714,m3_igds_l0_v18.pl,18,165.81,GLOBAL,CH1-ORB-L-M3-2-L0-RAW-V1.0,2009-06-22T08:10:31,2009-06-22T08:10:55,,,,,,,,,,,,,,,,,,,,,,,,,,,,,,,,,,,,,,,,,,,,,,,,,,,,,,,,,,
M3G20090622T081331,19bc,2009-06-26T17:19:58,2714,m3_igds_l0_v18.pl,18,165.81,GLOBAL,CH1-ORB-L-M3-2-L0-RAW-V1.0,2009-06-22T08:13:31,2009-06-22T08:22:42,2009-05-10T18:01:10,PRELIMINARY,m3g_l1b_v04.exe,4,1.013965031748 <AU>,165.81,FORWARD,ASCENDING,"(""N/A"",""N/A"",""N/A"")","(02.157835205002,1.067969805891,-000.453050384174)",298928601.657,"(0.091923854708,-0.993229953324,0.071022987520)",0.047205491138,4,4.54,M3G20090622T081031_V01_L0.IMG,M3G20090622T081031_V01_BDE.IMG,M3G20090622T082242_V01_FF.IMG,165.9,r,,,,,,,,,,,,,,,,,,2011-09-01T02:15:01,ACTUAL,3,m3g_l1b_v04.exe,4,1.013965031748 <AU>,165.9,FORWARD,ASCENDING,"(""N/A"",""N/A"",""N/A"")","(02.157835205002,1.067969805891,-000.453050384174)",298928601.657,"(0.091923854708,-0.993229953324,0.071022987520)",0.047205491138,4,4.54,M3G20090622T081031_V01_L0.IMG,M3G20090622T081031_V01_BDE.IMG,M3G20090622T082242_V01_FF.IMG,165.9,u2
M3G20090622T082242,19bc,2009-06-26T16:34:29,2715,m3_igds_l0_v18.pl,18,165.64,GLOBAL,CH1-ORB-L-M3-2-L0-RAW-V1.0,2009-06-22T08:22:43,2009-06-22T09:05:40,2009-05-10T18:01:10,PRELIMINARY,m3g_l1b_v04.exe,4,1.013957794920 <AU>,165.64,FORWARD,ASCENDING,"(""N/A"",""N/A"",""N/A"")","(02.157835205002,1.067969805891,-000.453050384174)",298928601.657,"(0.091923854708,-0.993229953324,0.071022987520)",0.047205491138,4,4.54,M3G20090622T081031_V01_L0.IMG,M3G20090622T081031_V01_BDE.IMG,M3G20090622T082242_V01_FF.IMG,165.64,r,,,,,,,,,,,,,,,,,,2011-09-01T02:15:01,ACTUAL,3,m3g_l1b_v04.exe,4,1.013957794920 <AU>,165.64,FORWARD,ASCENDING,"(""N/A"",""N/A"",""N/A"")","(02.157835205002,1.067969805891,-000.453050384174)",298928601.657,"(0.091923854708,-0.993229953324,0.071022987520)",0.047205491138,4,4.54,M3G20090622T081031_V01_L0.IMG,M3G20090622T081031_V01_BDE.IMG,M3G20090622T082242_V01_FF.IMG,165.64,u2
M3G20090622T122531,19bc,2009-06-26T16:45:04,2715,m3_igds_l0_v18.pl,18,165.72,GLOBAL,CH1-ORB-L-M3-2-L0-RAW-V1.0,2009-06-22T12:25:31,2009-06-22T12:25:55,,,,,,,,,,,,,,,,,,,,,,,,,,,,,,,,,,,,,,,,,,,,,,,,,,,,,,,,,,
M3G20090622T124051,19bc,2009-06-26T16:45:10,2715,m3_igds_l0_v18.pl,18,165.72,GLOBAL,CH1-ORB-L-M3-2-L0-RAW-V1.0,2009-06-22T12:40:51,2009-06-22T13:27:40,2009-05-10T18:01:10,PRELIMINARY,m3g_l1b_v04.exe,4,1.013961196212 <AU>,165.72,FORWARD,ASCENDING,"(""N/A"",""N/A"",""N/A"")","(03.605141709628,1.374344091975,-000.211966528102)",298943906.396,"(0.099564569036,-0.991395674163,0.084979490722)",0.047137313067,4,4.68,M3G20090622T122531_V01_L0.IMG,M3G20090622T122531_V01_BDE.IMG,M3G20090622T124051_V01_FF.IMG,165.81,r,,,,,,,,,,,,,,,,,,2011-09-01T02:15:01,ACTUAL,3,m3g_l1b_v04.exe,4,1.013961196212 <AU>,165.81,FORWARD,ASCENDING,"(""N/A"",""N/A"",""N/A"")","(03.605141709628,1.374344091975,-000.211966528102)",298943906.396,"(0.099564569036,-0.991395674163,0.084979490722)",0.047137313067,4,4.68,M3G20090622T122531_V01_L0.IMG,M3G20090622T122531_V01_BDE.IMG,M3G20090622T124051_V01_FF.IMG,165.81,u2
M3G20090623T011032,19bc,2009-06-26T17:22:13,2723,m3_igds_l0_v18.pl,18,165.47,GLOBAL,CH1-ORB-L-M3-2-L0-RAW-V1.0,2009-06-23T01:10:32,2009-06-23T01:10:55,,,,,,,,,,,,,,,,,,,,,,,,,,,,,,,,,,,,,,,,,,,,,,,,,,,,,,,,,,
M3G20090623T012541,19bc,2009-06-26T17:22:19,2723,m3_igds_l0_v18.pl,18,165.3,GLOBAL,CH1-ORB-L-M3-2-L0-RAW-V1.0,2009-06-23T01:25:41,2009-06-23T02:17:00,2009-05-10T18:01:10,PRELIMINARY,m3g_l1b_v04.exe,4,1.013995009173 <AU>,165.3,FORWARD,ASCENDING,"(""N/A"",""N/A"",""N/A"")","(00.675151428117,0.112012336113,001.070604833319)",298989820.992,"(0.078889836637,-0.994794717376,0.064497007341)",0.046717578015,4,5.2,M3G20090623T011032_V01_L0.IMG,M3G20090623T011032_V01_BDE.IMG,M3G20090623T012541_V01_FF.IMG,165.3,r,,,,,,,,,,,,,,,,,,2011-09-01T02:15:01,ACTUAL,3,m3g_l1b_v04.exe,4,1.013995009173 <AU>,165.3,FORWARD,ASCENDING,"(""N/A"",""N/A"",""N/A"")","(00.675151428117,0.112012336113,001.070604833319)",298989820.992,"(0.078889836637,-0.994794717376,0.064497007341)",0.046717578015,4,5.2,M3G20090623T011032_V01_L0.IMG,M3G20090623T011032_V01_BDE.IMG,M3G20090623T012541_V01_FF.IMG,165.3,u2
M3G20090623T052531,19bc,2009-06-26T17:34:58,2725,m3_igds_l0_v18.pl,18,165.38,GLOBAL,CH1-ORB-L-M3-2-L0-RAW-V1.0,2009-06-23T05:25:31,2009-06-23T05:25:55,,,,,,,,,,,,,,,,,,,,,,,,,,,,,,,,,,,,,,,,,,,,,,,,,,,,,,,,,,
M3G20090623T052831,19bc,2009-06-26T17:35:04,2725,m3_igds_l0_v18.pl,18,165.3,GLOBAL,CH1-ORB-L-M3-2-L0-RAW-V1.0,2009-06-23T05:28:31,2009-06-23T06:15:14,2009-05-10T18:01:10,PRELIMINARY,m3g_l1b_v04.exe,4,1.014013171227 <AU>,165.3,FORWARD,ASCENDING,"(""N/A"",""N/A"",""N/A"")","(00.847569640718,1.921302516519,-000.220387426110)",299005125.804,"(0.079367863168,-0.994653105608,0.066075273752)",0.046945543313,4,5.4,M3G20090623T052531_V01_L0.IMG,M3G20090623T052531_V01_BDE.IMG,M3G20090623T052831_V01_FF.IMG,165.3,r,,,,,,,,,,,,,,,,,,2011-09-01T02:15:01,ACTUAL,3,m3g_l1b_v04.exe,4,1.014013171227 <AU>,165.3,FORWARD,ASCENDING,"(""N/A"",""N/A"",""N/A"")","(00.847569640718,1.921302516519,-000.220387426110)",299005125.804,"(0.079367863168,-0.994653105608,0.066075273752)",0.046945543313,4,5.4,M3G20090623T052531_V01_L0.IMG,M3G20090623T052531_V01_BDE.IMG,M3G20090623T052831_V01_FF.IMG,165.3,u2
M3G20090623T061515,19bc,2009-06-26T17:46:36,2726,m3_igds_l0_v18.pl,18,165.04,GLOBAL,CH1-ORB-L-M3-2-L0-RAW-V1.0,2009-06-23T06:15:15,2009-06-23T06:20:40,2009-05-10T18:01:10,PRELIMINARY,m3g_l1b_v04.exe,4,1.014015750312 <AU>,165.04,FORWARD,ASCENDING,"(""N/A"",""N/A"",""N/A"")","(00.847569640718,1.921302516519,-000.220387426110)",299005125.804,"(0.079367863168,-0.994653105608,0.066075273752)",0.046945543313,4,5.4,M3G20090623T052531_V01_L0.IMG,M3G20090623T052531_V01_BDE.IMG,M3G20090623T052831_V01_FF.IMG,165.04,r,,,,,,,,,,,,,,,,,,2011-09-01T02:15:01,ACTUAL,3,m3g_l1b_v04.exe,4,1.014015750312 <AU>,165.04,FORWARD,ASCENDING,"(""N/A"",""N/A"",""N/A"")","(00.847569640718,1.921302516519,-000.220387426110)",299005125.804,"(0.079367863168,-0.994653105608,0.066075273752)",0.046945543313,4,5.4,M3G20090623T052531_V01_L0.IMG,M3G20090623T052531_V01_BDE.IMG,M3G20090623T052831_V01_FF.IMG,165.04,u2
M3G20090623T094031,19bc,2009-06-26T17:47:56,2726,m3_igds_l0_v18.pl,18,165.21,GLOBAL,CH1-ORB-L-M3-2-L0-RAW-V1.0,2009-06-23T09:40:31,2009-06-23T09:40:55,,,,,,,,,,,,,,,,,,,,,,,,,,,,,,,,,,,,,,,,,,,,,,,,,,,,,,,,,,
M3G20090623T095551,19bc,2009-06-26T17:48:02,2726,m3_igds_l0_v18.pl,18,165.13,GLOBAL,CH1-ORB-L-M3-2-L0-RAW-V1.0,2009-06-23T09:55:51,2009-06-23T10:32:44,2009-05-10T18:01:10,PRELIMINARY,m3g_l1b_v04.exe,4,1.014035041794 <AU>,165.13,FORWARD,ASCENDING,"(""N/A"",""N/A"",""N/A"")","(00.282228315582,-0.042960725224,-000.990821098116)",299020430.412,"(0.073698162810,-0.995361879663,0.061832914474)",0.047014521592,4,5.54,M3G20090623T094031_V01_L0.IMG,M3G20090623T094031_V01_BDE.IMG,M3G20090623T095551_V01_FF.IMG,165.13,r,,,,,,,,,,,,,,,,,,2011-09-01T02:15:01,ACTUAL,3,m3g_l1b_v04.exe,4,1.014035041794 <AU>,165.13,FORWARD,ASCENDING,"(""N/A"",""N/A"",""N/A"")","(00.282228315582,-0.042960725224,-000.990821098116)",299020430.412,"(0.073698162810,-0.995361879663,0.061832914474)",0.047014521592,4,5.54,M3G20090623T094031_V01_L0.IMG,M3G20090623T094031_V01_BDE.IMG,M3G20090623T095551_V01_FF.IMG,165.13,u2
M3G20090623T103245,19bc,2009-06-26T17:57:08,2726,m3_igds_l0_v18.pl,18,164.87,GLOBAL,CH1-ORB-L-M3-2-L0-RAW-V1.0,2009-06-23T10:32:45,2009-06-23T10:45:20,2009-05-10T18:01:10,PRELIMINARY,m3g_l1b_v04.exe,4,1.014042513399 <AU>,164.87,FORWARD,ASCENDING,"(""N/A"",""N/A"",""N/A"")","(00.282228315582,-0.042960725224,-000.990821098116)",299020430.412,"(0.073698162810,-0.995361879663,0.061832914474)",0.047014521592,4,5.59,M3G20090623T094031_V01_L0.IMG,M3G20090623T094031_V01_BDE.IMG,M3G20090623T103245_V01_FF.IMG,164.96,r,,,,,,,,,,,,,,,,,,2011-09-01T02:15:01,ACTUAL,3,m3g_l1b_v04.exe,4,1.014042513399 <AU>,164.96,FORWARD,ASCENDING,"(""N/A"",""N/A"",""N/A"")","(00.282228315582,-0.042960725224,-000.990821098116)",299020430.412,"(0.073698162810,-0.995361879663,0.061832914474)",0.047014521592,4,5.59,M3G20090623T094031_V01_L0.IMG,M3G20090623T094031_V01_BDE.IMG,M3G20090623T103245_V01_FF.IMG,164.96,u2
M3G20090623T104520,19bc,2009-06-30T19:14:49,2727,m3_igds_l0_v18.pl,18,165.04,GLOBAL,CH1-ORB-L-M3-2-L0-RAW-V1.0,2009-06-23T10:45:20,2009-06-23T10:47:10,2009-05-10T18:01:10,PRELIMINARY,m3g_l1b_v04.exe,4,1.014047033200 <AU>,165.04,FORWARD,ASCENDING,"(""N/A"",""N/A"",""N/A"")","(00.282228315582,-0.042960725224,-000.990821098116)",299020430.412,"(0.073698162810,-0.995361879663,0.061832914474)",0.047014521592,4,5.59,M3G20090623T094031_V01_L0.IMG,M3G20090623T094031_V01_BDE.IMG,M3G20090623T103245_V01_FF.IMG,165.04,r,,,,,,,,,,,,,,,,,,2011-09-01T02:15:01,ACTUAL,3,m3g_l1b_v04.exe,4,1.014047033200 <AU>,165.04,FORWARD,ASCENDING,"(""N/A"",""N/A"",""N/A"")","(00.282228315582,-0.042960725224,-000.990821098116)",299020430.412,"(0.073698162810,-0.995361879663,0.061832914474)",0.047014521592,4,5.59,M3G20090623T094031_V01_L0.IMG,M3G20090623T094031_V01_BDE.IMG,M3G20090623T103245_V01_FF.IMG,165.04,u2
M3G20090623T135541,19bc,2009-06-30T19:15:17,2727,m3_igds_l0_v18.pl,18,165.21,GLOBAL,CH1-ORB-L-M3-2-L0-RAW-V1.0,2009-06-23T13:55:41,2009-06-23T13:56:05,,,,,,,,,,,,,,,,,,,,,,,,,,,,,,,,,,,,,,,,,,,,,,,,,,,,,,,,,,
M3G20090623T135841,19bc,2009-06-30T19:15:33,2727,m3_igds_l0_v18.pl,18,165.21,GLOBAL,CH1-ORB-L-M3-2-L0-RAW-V1.0,2009-06-23T13:58:41,2009-06-23T14:25:28,2009-05-10T18:01:10,PRELIMINARY,m3g_l1b_v04.exe,4,1.014063870329 <AU>,165.21,FORWARD,ASCENDING,"(""N/A"",""N/A"",""N/A"")","(-00.860076385010,3.038148802482,000.401638618346)",299035734.879,"(0.063482273799,-0.996297738179,0.057972560855)",0.047437482055,4,5.68,M3G20090623T135541_V01_L0.IMG,M3G20090623T135541_V01_BDE.IMG,M3G20090623T135841_V01_FF.IMG,165.21,r,,,,,,,,,,,,,,,,,,2011-09-01T02:15:01,ACTUAL,3,m3g_l1b_v04.exe,4,1.014063870329 <AU>,165.21,FORWARD,ASCENDING,"(""N/A"",""N/A"",""N/A"")","(-00.860076385010,3.038148802482,000.401638618346)",299035734.879,"(0.063482273799,-0.996297738179,0.057972560855)",0.047437482055,4,5.68,M3G20090623T135541_V01_L0.IMG,M3G20090623T135541_V01_BDE.IMG,M3G20090623T135841_V01_FF.IMG,165.21,u2
M3G20090623T142528,19bc,2009-06-30T19:22:42,2730,m3_igds_l0_v18.pl,18,164.96,GLOBAL,CH1-ORB-L-M3-2-L0-RAW-V1.0,2009-06-23T14:25:28,2009-06-23T14:31:44,2009-05-10T18:01:10,PRELIMINARY,m3g_l1b_v04.exe,4,1.014060554600 <AU>,164.96,FORWARD,ASCENDING,"(""N/A"",""N/A"",""N/A"")","(-00.860076385010,3.038148802482,000.401638618346)",299035734.879,"(0.063482273799,-0.996297738179,0.057972560855)",0.047437482055,4,5.73,M3G20090623T135541_V01_L0.IMG,M3G20090623T135541_V01_BDE.IMG,M3G20090623T143347_V01_FF.IMG,165.13,r,,,,,,,,,,,,,,,,,,2011-09-01T02:15:01,ACTUAL,3,m3g_l1b_v04.exe,4,1.014060554600 <AU>,165.13,FORWARD,ASCENDING,"(""N/A"",""N/A"",""N/A"")","(-00.860076385010,3.038148802482,000.401638618346)",299035734.879,"(0.063482273799,-0.996297738179,0.057972560855)",0.047437482055,4,5.73,M3G20090623T135541_V01_L0.IMG,M3G20090623T135541_V01_BDE.IMG,M3G20090623T143347_V01_FF.IMG,165.13,u2
M3G20090623T143347,19bc,2009-06-30T19:24:15,2730,m3_igds_l0_v18.pl,18,164.96,GLOBAL,CH1-ORB-L-M3-2-L0-RAW-V1.0,2009-06-23T14:33:47,2009-06-23T14:50:40,2009-05-10T18:01:10,PRELIMINARY,m3g_l1b_v04.exe,4,1.014063914022 <AU>,164.96,FORWARD,ASCENDING,"(""N/A"",""N/A"",""N/A"")","(-00.860076385010,3.038148802482,000.401638618346)",299035734.879,"(0.063482273799,-0.996297738179,0.057972560855)",0.047437482055,4,5.73,M3G20090623T135541_V01_L0.IMG,M3G20090623T135541_V01_BDE.IMG,M3G20090623T143347_V01_FF.IMG,164.96,r,,,,,,,,,,,,,,,,,,2011-09-01T02:15:01,ACTUAL,3,m3g_l1b_v04.exe,4,1.014063914022 <AU>,164.96,FORWARD,ASCENDING,"(""N/A"",""N/A"",""N/A"")","(-00.860076385010,3.038148802482,000.401638618346)",299035734.879,"(0.063482273799,-0.996297738179,0.057972560855)",0.047437482055,4,5.73,M3G20090623T135541_V01_L0.IMG,M3G20090623T135541_V01_BDE.IMG,M3G20090623T143347_V01_FF.IMG,164.96,u2
M3G20090623T181041,19bc,2009-06-30T19:29:17,2730,m3_igds_l0_v18.pl,18,165.3,GLOBAL,CH1-ORB-L-M3-2-L0-RAW-V1.0,2009-06-23T18:10:41,2009-06-23T18:11:05,,,,,,,,,,,,,,,,,,,,,,,,,,,,,,,,,,,,,,,,,,,,,,,,,,,,,,,,,,
M3G20090623T182551,19bc,2009-06-30T19:29:32,2730,m3_igds_l0_v18.pl,18,164.87,GLOBAL,CH1-ORB-L-M3-2-L0-RAW-V1.0,2009-06-23T18:25:51,2009-06-23T19:17:20,2009-05-10T18:01:10,PRELIMINARY,m3g_l1b_v04.exe,4,1.014095617387 <AU>,164.87,FORWARD,ASCENDING,"(""N/A"",""N/A"",""N/A"")","(00.371970723598,6.841609973417,003.527083694641)",299051039.141,"(0.071839429945,-0.995497970734,0.061829495960)",0.047868383872,4,5.88,M3G20090623T181041_V01_L0.IMG,M3G20090623T181041_V01_BDE.IMG,M3G20090623T182551_V01_FF.IMG,165.13,r,,,,,,,,,,,,,,,,,,2011-09-01T02:15:01,ACTUAL,3,m3g_l1b_v04.exe,4,1.014095617387 <AU>,165.13,FORWARD,ASCENDING,"(""N/A"",""N/A"",""N/A"")","(00.371970723598,6.841609973417,003.527083694641)",299051039.141,"(0.071839429945,-0.995497970734,0.061829495960)",0.047868383872,4,5.88,M3G20090623T181041_V01_L0.IMG,M3G20090623T181041_V01_BDE.IMG,M3G20090623T182551_V01_FF.IMG,165.13,u2
M3G20090624T024053,19bc,2009-06-26T18:00:14,2734,m3_igds_l0_v18.pl,18,165.13,GLOBAL,CH1-ORB-L-M3-2-L0-RAW-V1.0,2009-06-24T02:40:53,2009-06-24T02:41:16,,,,,,,,,,,,,,,,,,,,,,,,,,,,,,,,,,,,,,,,,,,,,,,,,,,,,,,,,,
M3G20090624T024343,19bc,2009-06-26T18:00:20,2734,m3_igds_l0_v18.pl,18,165.04,GLOBAL,CH1-ORB-L-M3-2-L0-RAW-V1.0,2009-06-24T02:43:43,2009-06-24T02:45:51,2009-05-10T18:01:10,PRELIMINARY,m3g_l1b_v04.exe,4,1.014172087668 <AU>,165.04,FORWARD,ASCENDING,"(""N/A"",""N/A"",""N/A"")","(00.519253441467,4.304067133490,000.269144378696)",299081646.986,"(0.080554507255,-0.993842506130,0.076079198010)",0.047032970297,4,6.21,M3G20090624T024053_V01_L0.IMG,M3G20090624T024053_V01_BDE.IMG,M3G20090624T024856_V01_FF.IMG,165.04,r,,,,,,,,,,,,,,,,,,2011-09-01T02:15:01,ACTUAL,3,m3g_l1b_v04.exe,4,1.014172087668 <AU>,165.04,FORWARD,ASCENDING,"(""N/A"",""N/A"",""N/A"")","(00.519253441467,4.304067133490,000.269144378696)",299081646.986,"(0.080554507255,-0.993842506130,0.076079198010)",0.047032970297,4,6.21,M3G20090624T024053_V01_L0.IMG,M3G20090624T024053_V01_BDE.IMG,M3G20090624T024856_V01_FF.IMG,165.04,u2
M3G20090624T024856,19bc,2009-06-26T18:00:51,2734,m3_igds_l0_v18.pl,18,164.96,GLOBAL,CH1-ORB-L-M3-2-L0-RAW-V1.0,2009-06-24T02:48:56,2009-06-24T03:20:04,2009-05-10T18:01:10,PRELIMINARY,m3g_l1b_v04.exe,4,1.014166563936 <AU>,164.96,FORWARD,ASCENDING,"(""N/A"",""N/A"",""N/A"")","(00.519253441467,4.304067133490,000.269144378696)",299081646.986,"(0.080554507255,-0.993842506130,0.076079198010)",0.047032970297,4,6.21,M3G20090624T024053_V01_L0.IMG,M3G20090624T024053_V01_BDE.IMG,M3G20090624T024856_V01_FF.IMG,165.04,r,,,,,,,,,,,,,,,,,,2011-09-01T02:15:01,ACTUAL,3,m3g_l1b_v04.exe,4,1.014166563936 <AU>,165.04,FORWARD,ASCENDING,"(""N/A"",""N/A"",""N/A"")","(00.519253441467,4.304067133490,000.269144378696)",299081646.986,"(0.080554507255,-0.993842506130,0.076079198010)",0.047032970297,4,6.21,M3G20090624T024053_V01_L0.IMG,M3G20090624T024053_V01_BDE.IMG,M3G20090624T024856_V01_FF.IMG,165.04,u2
M3G20090624T032004,19bc,2009-06-26T18:08:51,2735,m3_igds_l0_v18.pl,18,164.79,GLOBAL,CH1-ORB-L-M3-2-L0-RAW-V1.0,2009-06-24T03:20:04,2009-06-24T03:35:51,2009-05-10T18:01:10,PRELIMINARY,m3g_l1b_v04.exe,4,1.014169632009 <AU>,164.79,FORWARD,ASCENDING,"(""N/A"",""N/A"",""N/A"")","(00.519253441467,4.304067133490,000.269144378696)",299081646.986,"(0.080554507255,-0.993842506130,0.076079198010)",0.047032970297,4,6.26,M3G20090624T024053_V01_L0.IMG,M3G20090624T024053_V01_BDE.IMG,M3G20090624T032004_V01_FF.IMG,164.79,r,,,,,,,,,,,,,,,,,,2011-09-01T02:15:01,ACTUAL,3,m3g_l1b_v04.exe,4,1.014169632009 <AU>,164.79,FORWARD,ASCENDING,"(""N/A"",""N/A"",""N/A"")","(00.519253441467,4.304067133490,000.269144378696)",299081646.986,"(0.080554507255,-0.993842506130,0.076079198010)",0.047032970297,4,6.26,M3G20090624T024053_V01_L0.IMG,M3G20090624T024053_V01_BDE.IMG,M3G20090624T032004_V01_FF.IMG,164.79,u2
M3G20090624T065553,19bc,2009-06-26T18:13:08,2738,m3_igds_l0_v18.pl,18,164.96,GLOBAL,CH1-ORB-L-M3-2-L0-RAW-V1.0,2009-06-24T06:55:53,2009-06-24T06:56:16,,,,,,,,,,,,,,,,,,,,,,,,,,,,,,,,,,,,,,,,,,,,,,,,,,,,,,,,,,
M3G20090624T071103,19bc,2009-06-26T18:13:14,2738,m3_igds_l0_v18.pl,18,164.79,GLOBAL,CH1-ORB-L-M3-2-L0-RAW-V1.0,2009-06-24T07:11:03,2009-06-24T07:57:20,2009-05-10T18:01:10,PRELIMINARY,m3g_l1b_v04.exe,4,1.014211241164 <AU>,164.79,FORWARD,ASCENDING,"(""N/A"",""N/A"",""N/A"")","(00.070150710753,7.362106190587,002.635925939017)",299096950.437,"(0.073344974915,-0.994627016595,0.073058966011)",0.047524928998,4,6.4,M3G20090624T065553_V01_L0.IMG,M3G20090624T065553_V01_BDE.IMG,M3G20090624T071103_V01_FF.IMG,164.79,r,,,,,,,,,,,,,,,,,,2011-09-01T02:15:01,ACTUAL,3,m3g_l1b_v04.exe,4,1.014211241164 <AU>,164.79,FORWARD,ASCENDING,"(""N/A"",""N/A"",""N/A"")","(00.070150710753,7.362106190587,002.635925939017)",299096950.437,"(0.073344974915,-0.994627016595,0.073058966011)",0.047524928998,4,6.4,M3G20090624T065553_V01_L0.IMG,M3G20090624T065553_V01_BDE.IMG,M3G20090624T071103_V01_FF.IMG,164.79,u2
M3G20090626T141143,19bc,2009-06-29T17:17:31,2762,m3_igds_l0_v18.pl,18,165.13,GLOBAL,CH1-ORB-L-M3-2-L0-RAW-V1.0,2009-06-26T14:11:43,2009-06-26T14:12:06,,,,,,,,,,,,,,,,,,,,,,,,,,,,,,,,,,,,,,,,,,,,,,,,,,,,,,,,,,
M3G20090626T142653,19bc,2009-06-29T17:17:38,2762,m3_igds_l0_v18.pl,18,165.13,GLOBAL,CH1-ORB-L-M3-2-L0-RAW-V1.0,2009-06-26T14:26:53,2009-06-26T15:18:21,2009-05-10T18:01:10,PRELIMINARY,m3g_l1b_v04.exe,4,1.015073233501 <AU>,165.13,FORWARD,ASCENDING,"(""N/A"",""N/A"",""N/A"")","(-01.169281580296,-10.352280662790,-001.735598183898)",299296044.839,"(0.060784019836,-0.998072588491,0.012506439792)",0.046732662731,4,8.59,M3G20090626T182643_V01_L0.IMG,M3G20090626T141143_V01_BDE.IMG,M3G20090626T142653_V01_FF.IMG,165.21,r,,,,,,,,,,,,,,,,,,2011-09-01T02:15:01,ACTUAL,3,m3g_l1b_v04.exe,4,1.015073233501 <AU>,165.21,FORWARD,ASCENDING,"(""N/A"",""N/A"",""N/A"")","(-01.169281580296,-10.352280662790,-001.735598183898)",299296044.839,"(0.060784019836,-0.998072588491,0.012506439792)",0.046732662731,4,8.59,M3G20090626T182643_V01_L0.IMG,M3G20090626T141143_V01_BDE.IMG,M3G20090626T142653_V01_FF.IMG,165.21,u2
M3G20090626T182643,19bc,2009-06-30T20:01:43,2763,m3_igds_l0_v18.pl,18,165.13,GLOBAL,CH1-ORB-L-M3-2-L0-RAW-V1.0,2009-06-26T18:26:43,2009-06-26T18:27:06,,,,,,,,,,,,,,,,,,,,,,,,,,,,,,,,,,,,,,,,,,,,,,,,,,,,,,,,,,
M3G20090626T182943,19bc,2009-06-30T20:01:49,2763,m3_igds_l0_v18.pl,18,165.13,GLOBAL,CH1-ORB-L-M3-2-L0-RAW-V1.0,2009-06-26T18:29:43,2009-06-26T19:00:04,2009-05-10T18:01:10,PRELIMINARY,m3g_l1b_v04.exe,4,1.015154231167 <AU>,165.13,FORWARD,ASCENDING,"(""N/A"",""N/A"",""N/A"")","(-00.329321747673,-10.067071697727,001.955307808658)",299311365.621,"(0.073960996871,-0.997120812945,0.016728877248)",0.04669921827,4,8.74,M3G20090626T182643_V01_L0.IMG,M3G20090626T182643_V01_BDE.IMG,M3G20090626T182943_V01_FF.IMG,165.21,r,,,,,,,,,,,,,,,,,,2011-09-01T02:15:01,ACTUAL,3,m3g_l1b_v04.exe,4,1.015154231167 <AU>,165.21,FORWARD,ASCENDING,"(""N/A"",""N/A"",""N/A"")","(-00.329321747673,-10.067071697727,001.955307808658)",299311365.621,"(0.073960996871,-0.997120812945,0.016728877248)",0.04669921827,4,8.74,M3G20090626T182643_V01_L0.IMG,M3G20090626T182643_V01_BDE.IMG,M3G20090626T182943_V01_FF.IMG,165.21,u2
M3G20090626T190019,19bc,2009-06-30T20:10:06,2763,m3_igds_l0_v18.pl,18,165.13,GLOBAL,CH1-ORB-L-M3-2-L0-RAW-V1.0,2009-06-26T19:00:20,2009-06-26T19:01:29,2009-05-10T18:01:10,PRELIMINARY,m3g_l1b_v04.exe,4,1.015153854619 <AU>,165.13,FORWARD,ASCENDING,"(""N/A"",""N/A"",""N/A"")","(-00.329321747673,-10.067071697727,001.955307808658)",299311365.621,"(0.073960996871,-0.997120812945,0.016728877248)",0.04669921827,4,8.79,M3G20090626T182643_V01_L0.IMG,M3G20090626T182643_V01_BDE.IMG,M3G20090626T190524_V01_FF.IMG,165.21,r,,,,,,,,,,,,,,,,,,2011-09-01T02:15:01,ACTUAL,3,m3g_l1b_v04.exe,4,1.015153854619 <AU>,165.21,FORWARD,ASCENDING,"(""N/A"",""N/A"",""N/A"")","(-00.329321747673,-10.067071697727,001.955307808658)",299311365.621,"(0.073960996871,-0.997120812945,0.016728877248)",0.04669921827,4,8.79,M3G20090626T182643_V01_L0.IMG,M3G20090626T182643_V01_BDE.IMG,M3G20090626T190524_V01_FF.IMG,165.21,u2
M3G20090626T190203,19bc,2009-06-30T20:10:17,2763,m3_igds_l0_v18.pl,18,165.13,GLOBAL,CH1-ORB-L-M3-2-L0-RAW-V1.0,2009-06-26T19:02:03,2009-06-26T19:02:21,2009-05-10T18:01:10,PRELIMINARY,m3g_l1b_v04.exe,4,1.015154153144 <AU>,165.13,FORWARD,ASCENDING,"(""N/A"",""N/A"",""N/A"")","(-00.329321747673,-10.067071697727,001.955307808658)",299311365.621,"(0.073960996871,-0.997120812945,0.016728877248)",0.04669921827,4,8.79,M3G20090626T182643_V01_L0.IMG,M3G20090626T182643_V01_BDE.IMG,M3G20090626T190524_V01_FF.IMG,165.21,r,,,,,,,,,,,,,,,,,,2011-09-01T02:15:01,ACTUAL,3,m3g_l1b_v04.exe,4,1.015154153144 <AU>,165.21,FORWARD,ASCENDING,"(""N/A"",""N/A"",""N/A"")","(-00.329321747673,-10.067071697727,001.955307808658)",299311365.621,"(0.073960996871,-0.997120812945,0.016728877248)",0.04669921827,4,8.79,M3G20090626T182643_V01_L0.IMG,M3G20090626T182643_V01_BDE.IMG,M3G20090626T190524_V01_FF.IMG,165.21,u2
M3G20090626T190233,19bc,2009-06-30T20:10:21,2763,m3_igds_l0_v18.pl,18,165.13,GLOBAL,CH1-ORB-L-M3-2-L0-RAW-V1.0,2009-06-26T19:02:33,2009-06-26T19:02:39,2009-05-10T18:01:10,PRELIMINARY,m3g_l1b_v04.exe,4,1.015154260402 <AU>,165.13,FORWARD,ASCENDING,"(""N/A"",""N/A"",""N/A"")","(-00.329321747673,-10.067071697727,001.955307808658)",299311365.621,"(0.073960996871,-0.997120812945,0.016728877248)",0.04669921827,4,8.79,M3G20090626T182643_V01_L0.IMG,M3G20090626T182643_V01_BDE.IMG,M3G20090626T190524_V01_FF.IMG,165.21,r,,,,,,,,,,,,,,,,,,2011-09-01T02:15:01,ACTUAL,3,m3g_l1b_v04.exe,4,1.015154260402 <AU>,165.21,FORWARD,ASCENDING,"(""N/A"",""N/A"",""N/A"")","(-00.329321747673,-10.067071697727,001.955307808658)",299311365.621,"(0.073960996871,-0.997120812945,0.016728877248)",0.04669921827,4,8.79,M3G20090626T182643_V01_L0.IMG,M3G20090626T182643_V01_BDE.IMG,M3G20090626T190524_V01_FF.IMG,165.21,u2
M3G20090626T190524,19bc,2009-06-30T20:10:22,2763,m3_igds_l0_v18.pl,18,165.13,GLOBAL,CH1-ORB-L-M3-2-L0-RAW-V1.0,2009-06-26T19:05:24,2009-06-26T19:21:51,2009-05-10T18:01:10,PRELIMINARY,m3g_l1b_v04.exe,4,1.015159105834 <AU>,165.13,FORWARD,ASCENDING,"(""N/A"",""N/A"",""N/A"")","(-00.329321747673,-10.067071697727,001.955307808658)",299311365.621,"(0.073960996871,-0.997120812945,0.016728877248)",0.04669921827,4,8.79,M3G20090626T182643_V01_L0.IMG,M3G20090626T182643_V01_BDE.IMG,M3G20090626T190524_V01_FF.IMG,165.21,r,,,,,,,,,,,,,,,,,,2011-09-01T02:15:01,ACTUAL,3,m3g_l1b_v04.exe,4,1.015159105834 <AU>,165.21,FORWARD,ASCENDING,"(""N/A"",""N/A"",""N/A"")","(-00.329321747673,-10.067071697727,001.955307808658)",299311365.621,"(0.073960996871,-0.997120812945,0.016728877248)",0.04669921827,4,8.79,M3G20090626T182643_V01_L0.IMG,M3G20090626T182643_V01_BDE.IMG,M3G20090626T190524_V01_FF.IMG,165.21,u2
M3G20090627T025703,19bc,2009-06-29T17:30:55,2769,m3_igds_l0_v18.pl,18,165.13,GLOBAL,CH1-ORB-L-M3-2-L0-RAW-V1.0,2009-06-27T02:57:03,2009-06-27T02:57:26,,,,,,,,,,,,,,,,,,,,,,,,,,,,,,,,,,,,,,,,,,,,,,,,,,,,,,,,,,
M3G20090627T031213,19bc,2009-06-29T17:31:01,2769,m3_igds_l0_v18.pl,18,165.13,GLOBAL,CH1-ORB-L-M3-2-L0-RAW-V1.0,2009-06-27T03:12:13,2009-06-27T04:03:31,2009-05-10T18:01:10,PRELIMINARY,m3g_l1b_v04.exe,4,1.015335879778 <AU>,165.13,FORWARD,ASCENDING,"(""N/A"",""N/A"",""N/A"")","(-00.502348363486,-10.451727752660,-002.169849031465)",299342008.235,"(0.062994587900,-0.997836910955,0.018793111291)",0.047021623281,4,9.12,M3G20090627T025703_V01_L0.IMG,M3G20090627T025703_V01_BDE.IMG,M3G20090627T031213_V01_FF.IMG,165.21,r,,,,,,,,,,,,,,,,,,2011-09-01T02:15:01,ACTUAL,3,m3g_l1b_v04.exe,4,1.015335879778 <AU>,165.21,FORWARD,ASCENDING,"(""N/A"",""N/A"",""N/A"")","(-00.502348363486,-10.451727752660,-002.169849031465)",299342008.235,"(0.062994587900,-0.997836910955,0.018793111291)",0.047021623281,4,9.12,M3G20090627T025703_V01_L0.IMG,M3G20090627T025703_V01_BDE.IMG,M3G20090627T031213_V01_FF.IMG,165.21,u2
M3G20090627T071203,19bc,2009-06-29T17:43:57,2769,m3_igds_l0_v18.pl,18,165.13,GLOBAL,CH1-ORB-L-M3-2-L0-RAW-V1.0,2009-06-27T07:12:03,2009-06-27T07:12:26,,,,,,,,,,,,,,,,,,,,,,,,,,,,,,,,,,,,,,,,,,,,,,,,,,,,,,,,,,
M3G20090627T071503,19bc,2009-06-29T17:44:03,2769,m3_igds_l0_v18.pl,18,165.13,GLOBAL,CH1-ORB-L-M3-2-L0-RAW-V1.0,2009-06-27T07:15:03,2009-06-27T08:07:11,2009-05-10T18:01:10,PRELIMINARY,m3g_l1b_v04.exe,4,1.015424160354 <AU>,165.13,FORWARD,ASCENDING,"(""N/A"",""N/A"",""N/A"")","(-00.932357149250,-10.690806886054,-002.554282356703)",299357329.932,"(0.057525624057,-0.998206863711,0.016548710449)",0.047135784535,4,9.26,M3G20090627T071203_V01_L0.IMG,M3G20090627T071203_V01_BDE.IMG,M3G20090627T071503_V01_FF.IMG,165.21,r,,,,,,,,,,,,,,,,,,2011-09-01T02:15:01,ACTUAL,3,m3g_l1b_v04.exe,4,1.015424160354 <AU>,165.21,FORWARD,ASCENDING,"(""N/A"",""N/A"",""N/A"")","(-00.932357149250,-10.690806886054,-002.554282356703)",299357329.932,"(0.057525624057,-0.998206863711,0.016548710449)",0.047135784535,4,9.26,M3G20090627T071203_V01_L0.IMG,M3G20090627T071203_V01_BDE.IMG,M3G20090627T071503_V01_FF.IMG,165.21,u2
M3G20090627T112713,19bc,2009-06-29T17:57:01,2769,m3_igds_l0_v18.pl,18,162.88,GLOBAL,CH1-ORB-L-M3-2-L0-RAW-V1.0,2009-06-27T11:27:13,2009-06-27T11:27:36,,,,,,,,,,,,,,,,,,,,,,,,,,,,,,,,,,,,,,,,,,,,,,,,,,,,,,,,,,
M3G20090627T114223,19bc,2009-06-29T17:57:08,2769,m3_igds_l0_v18.pl,18,162.88,GLOBAL,CH1-ORB-L-M3-2-L0-RAW-V1.0,2009-06-27T11:42:23,2009-06-27T12:33:51,2009-05-10T18:01:10,PRELIMINARY,m3g_l1b_v04.exe,4,1.015520128839 <AU>,162.88,FORWARD,ASCENDING,"(""N/A"",""N/A"",""N/A"")","(-01.427579559761,-12.026574798544,-001.363091950210)",299372652.028,"(0.055112622338,-0.998368144545,0.014954825870)",0.046881956376,4,9.45,M3G20090627T112713_V01_L0.IMG,M3G20090627T112713_V01_BDE.IMG,M3G20090627T114223_V01_FF.IMG,162.39,r,,,,,,,,,,,,,,,,,,2011-09-01T02:15:01,ACTUAL,3,m3g_l1b_v04.exe,4,1.015520128839 <AU>,162.39,FORWARD,ASCENDING,"(""N/A"",""N/A"",""N/A"")","(-01.427579559761,-12.026574798544,-001.363091950210)",299372652.028,"(0.055112622338,-0.998368144545,0.014954825870)",0.046881956376,4,9.45,M3G20090627T112713_V01_L0.IMG,M3G20090627T112713_V01_BDE.IMG,M3G20090627T114223_V01_FF.IMG,162.39,u2
M3G20090627T154222,19bc,2009-06-30T20:14:23,2774,m3_igds_l0_v18.pl,18,162.88,GLOBAL,CH1-ORB-L-M3-2-L0-RAW-V1.0,2009-06-27T15:42:22,2009-06-27T15:42:46,,,,,,,,,,,,,,,,,,,,,,,,,,,,,,,,,,,,,,,,,,,,,,,,,,,,,,,,,,
M3G20090627T154523,19bc,2009-06-30T20:14:29,2774,m3_igds_l0_v18.pl,18,162.88,GLOBAL,CH1-ORB-L-M3-2-L0-RAW-V1.0,2009-06-27T15:45:23,2009-06-27T16:32:33,2009-05-10T18:01:10,PRELIMINARY,m3g_l1b_v04.exe,4,1.015610685020 <AU>,162.88,FORWARD,ASCENDING,"(""N/A"",""N/A"",""N/A"")","(-02.226676113178,-4.810582417334,-003.432962725056)",299387974.566,"(0.058766888191,-0.998068825905,-0.020126390870)",0.047145315983,4,9.59,M3G20090627T154222_V01_L0.IMG,M3G20090627T154222_V01_BDE.IMG,M3G20090627T154523_V01_FF.IMG,162.39,r,,,,,,,,,,,,,,,,,,2011-09-01T02:15:01,ACTUAL,3,m3g_l1b_v04.exe,4,1.015610685020 <AU>,162.39,FORWARD,ASCENDING,"(""N/A"",""N/A"",""N/A"")","(-02.226676113178,-4.810582417334,-003.432962725056)",299387974.566,"(0.058766888191,-0.998068825905,-0.020126390870)",0.047145315983,4,9.59,M3G20090627T154222_V01_L0.IMG,M3G20090627T154222_V01_BDE.IMG,M3G20090627T154523_V01_FF.IMG,162.39,u2
M3G20090627T163233,19bc,2009-06-30T20:31:56,2774,m3_igds_l0_v18.pl,18,162.88,GLOBAL,CH1-ORB-L-M3-2-L0-RAW-V1.0,2009-06-27T16:32:33,2009-06-27T16:37:21,2009-05-10T18:01:10,PRELIMINARY,m3g_l1b_v04.exe,4,1.015618237541 <AU>,162.88,FORWARD,ASCENDING,"(""N/A"",""N/A"",""N/A"")","(-02.226676113178,-4.810582417334,-003.432962725056)",299387974.566,"(0.058766888191,-0.998068825905,-0.020126390870)",0.047145315983,4,9.64,M3G20090627T154222_V01_L0.IMG,M3G20090627T154222_V01_BDE.IMG,M3G20090627T154523_V01_FF.IMG,162.39,r,,,,,,,,,,,,,,,,,,2011-09-01T02:15:01,ACTUAL,3,m3g_l1b_v04.exe,4,1.015618237541 <AU>,162.39,FORWARD,ASCENDING,"(""N/A"",""N/A"",""N/A"")","(-02.226676113178,-4.810582417334,-003.432962725056)",299387974.566,"(0.058766888191,-0.998068825905,-0.020126390870)",0.047145315983,4,9.64,M3G20090627T154222_V01_L0.IMG,M3G20090627T154222_V01_BDE.IMG,M3G20090627T154523_V01_FF.IMG,162.39,u2
M3G20090627T195723,19bc,2009-06-30T20:33:28,2774,m3_igds_l0_v18.pl,18,162.88,GLOBAL,CH1-ORB-L-M3-2-L0-RAW-V1.0,2009-06-27T19:57:23,2009-06-27T19:57:46,,,,,,,,,,,,,,,,,,,,,,,,,,,,,,,,,,,,,,,,,,,,,,,,,,,,,,,,,,
M3G20090627T201242,19bc,2009-06-30T20:33:34,2774,m3_igds_l0_v18.pl,18,162.88,GLOBAL,CH1-ORB-L-M3-2-L0-RAW-V1.0,2009-06-27T20:12:42,2009-06-27T21:04:01,2009-05-10T18:01:10,PRELIMINARY,m3g_l1b_v04.exe,4,1.015710181006 <AU>,162.88,FORWARD,ASCENDING,"(""N/A"",""N/A"",""N/A"")","(-01.483392988779,-3.772432304642,-002.419046333667)",299403297.282,"(0.066995226540,-0.997590785739,-0.018007327086)",0.047311049997,4,9.78,M3G20090627T195723_V01_L0.IMG,M3G20090627T195723_V01_BDE.IMG,M3G20090627T201242_V01_FF.IMG,162.39,r,,,,,,,,,,,,,,,,,,2011-09-01T02:15:01,ACTUAL,3,m3g_l1b_v04.exe,4,1.015710181006 <AU>,162.39,FORWARD,ASCENDING,"(""N/A"",""N/A"",""N/A"")","(-01.483392988779,-3.772432304642,-002.419046333667)",299403297.282,"(0.066995226540,-0.997590785739,-0.018007327086)",0.047311049997,4,9.78,M3G20090627T195723_V01_L0.IMG,M3G20090627T195723_V01_BDE.IMG,M3G20090627T201242_V01_FF.IMG,162.39,u2
M3G20090712T045202,19bc,2009-07-21T21:19:27,2937,m3_igds_l0_v18.pl,18,160.87,GLOBAL,CH1-ORB-L-M3-2-L0-RAW-V1.0,2009-07-12T04:52:02,2009-07-12T04:52:26,,,,,,,,,,,,,,,,,,,,,,,,,,,,,,,,,,,,,,,,,,,,,,,,,,,,,,,,,,
M3G20090712T050712,19bc,2009-07-21T21:19:33,2937,m3_igds_l0_v18.pl,18,159.39,GLOBAL,CH1-ORB-L-M3-2-L0-RAW-V1.0,2009-07-12T05:07:12,2009-07-12T05:39:22,2009-05-10T18:01:10,PRELIMINARY,m3g_l1b_v04.exe,4,1.018147119214 <AU>,159.39,FORWARD,ASCENDING,"(""N/A"",""N/A"",""N/A"")","(-01.220510771315,-1.230235663559,-002.574428716099)",300644736.766,"(0.053942307318,-0.998420579401,0.015702678417)",0.047250757942,4,23.46,M3G20090712T045202_V01_L0.IMG,M3G20090712T045202_V01_BDE.IMG,M3G20090712T050712_V01_FF.IMG,159.31,r,,,,,,,,,,,,,,,,,,2011-09-01T02:15:01,ACTUAL,3,m3g_l1b_v04.exe,4,1.018147119214 <AU>,159.31,FORWARD,ASCENDING,"(""N/A"",""N/A"",""N/A"")","(-01.220510771315,-1.230235663559,-002.574428716099)",300644736.766,"(0.053942307318,-0.998420579401,0.015702678417)",0.047250757942,4,23.46,M3G20090712T045202_V01_L0.IMG,M3G20090712T045202_V01_BDE.IMG,M3G20090712T050712_V01_FF.IMG,159.31,u2
M3G20090712T053922,19bc,2009-07-21T21:27:23,2937,m3_igds_l0_v18.pl,18,159.31,GLOBAL,CH1-ORB-L-M3-2-L0-RAW-V1.0,2009-07-12T05:39:22,2009-07-12T05:58:31,2009-05-10T18:01:10,PRELIMINARY,m3g_l1b_v04.exe,4,1.018142804628 <AU>,159.31,FORWARD,ASCENDING,"(""N/A"",""N/A"",""N/A"")","(-01.220510771315,-1.230235663559,-002.574428716099)",300644736.766,"(0.053942307318,-0.998420579401,0.015702678417)",0.047250757942,4,23.51,M3G20090712T045202_V01_L0.IMG,M3G20090712T045202_V01_BDE.IMG,M3G20090712T053922_V01_FF.IMG,159.31,r,,,,,,,,,,,,,,,,,,2011-09-01T02:15:01,ACTUAL,3,m3g_l1b_v04.exe,4,1.018142804628 <AU>,159.31,FORWARD,ASCENDING,"(""N/A"",""N/A"",""N/A"")","(-01.220510771315,-1.230235663559,-002.574428716099)",300644736.766,"(0.053942307318,-0.998420579401,0.015702678417)",0.047250757942,4,23.51,M3G20090712T045202_V01_L0.IMG,M3G20090712T045202_V01_BDE.IMG,M3G20090712T053922_V01_FF.IMG,159.31,u2
M3G20090712T090732,19bc,2009-07-21T21:32:03,2937,m3_igds_l0_v18.pl,18,158.63,GLOBAL,CH1-ORB-L-M3-2-L0-RAW-V1.0,2009-07-12T09:07:32,2009-07-12T09:07:56,,,,,,,,,,,,,,,,,,,,,,,,,,,,,,,,,,,,,,,,,,,,,,,,,,,,,,,,,,
M3G20090712T091032,19bc,2009-07-21T21:32:08,2937,m3_igds_l0_v18.pl,18,158.47,GLOBAL,CH1-ORB-L-M3-2-L0-RAW-V1.0,2009-07-12T09:10:32,2009-07-12T09:31:18,2009-05-10T18:01:10,PRELIMINARY,m3g_l1b_v04.exe,4,1.018075330987 <AU>,158.47,FORWARD,ASCENDING,"(""N/A"",""N/A"",""N/A"")","(-00.879648208290,-1.325912163826,-002.472764149190)",300660072.805,"(0.058659754817,-0.998138517535,0.016689307321)",0.047281252029,4,23.66,M3G20090712T090732_V01_L0.IMG,M3G20090712T090732_V01_BDE.IMG,M3G20090712T091032_V01_FF.IMG,158.63,r,,,,,,,,,,,,,,,,,,2011-09-01T02:15:01,ACTUAL,3,m3g_l1b_v04.exe,4,1.018075330987 <AU>,158.63,FORWARD,ASCENDING,"(""N/A"",""N/A"",""N/A"")","(-00.879648208290,-1.325912163826,-002.472764149190)",300660072.805,"(0.058659754817,-0.998138517535,0.016689307321)",0.047281252029,4,23.66,M3G20090712T090732_V01_L0.IMG,M3G20090712T090732_V01_BDE.IMG,M3G20090712T091032_V01_FF.IMG,158.63,u2
M3G20090712T093119,19bc,2009-07-21T21:37:09,2937,m3_igds_l0_v18.pl,18,158.25,GLOBAL,CH1-ORB-L-M3-2-L0-RAW-V1.0,2009-07-12T09:31:19,2009-07-12T10:02:30,2009-05-10T18:01:10,PRELIMINARY,m3g_l1b_v04.exe,4,1.018061548206 <AU>,158.25,FORWARD,ASCENDING,"(""N/A"",""N/A"",""N/A"")","(-00.879648208290,-1.325912163826,-002.472764149190)",300660072.805,"(0.058659754817,-0.998138517535,0.016689307321)",0.047281252029,4,23.66,M3G20090712T090732_V01_L0.IMG,M3G20090712T090732_V01_BDE.IMG,M3G20090712T093119_V01_FF.IMG,158.25,r,,,,,,,,,,,,,,,,,,2011-09-01T02:15:01,ACTUAL,3,m3g_l1b_v04.exe,4,1.018061548206 <AU>,158.25,FORWARD,ASCENDING,"(""N/A"",""N/A"",""N/A"")","(-00.879648208290,-1.325912163826,-002.472764149190)",300660072.805,"(0.058659754817,-0.998138517535,0.016689307321)",0.047281252029,4,23.66,M3G20090712T090732_V01_L0.IMG,M3G20090712T090732_V01_BDE.IMG,M3G20090712T093119_V01_FF.IMG,158.25,u2
M3G20090712T132302,19bc,2009-07-21T22:35:16,2944,m3_igds_l0_v18.pl,18,158.09,GLOBAL,CH1-ORB-L-M3-2-L0-RAW-V1.0,2009-07-12T13:23:02,2009-07-12T13:23:26,,,,,,,,,,,,,,,,,,,,,,,,,,,,,,,,,,,,,,,,,,,,,,,,,,,,,,,,,,
M3G20090712T133812,19bc,2009-07-21T22:35:22,2944,m3_igds_l0_v18.pl,18,157.94,GLOBAL,CH1-ORB-L-M3-2-L0-RAW-V1.0,2009-07-12T13:38:12,2009-07-12T14:10:41,2009-05-10T18:01:10,PRELIMINARY,m3g_l1b_v04.exe,4,1.017979744308 <AU>,157.94,FORWARD,ASCENDING,"(""N/A"",""N/A"",""N/A"")","(-00.732368611688,0.282478189389,-002.032882356108)",300675409.235,"(0.058568557383,-0.997963699511,0.025262195969)",0.047292850712,4,23.8,M3G20090712T132302_V01_L0.IMG,M3G20090712T132302_V01_BDE.IMG,M3G20090712T133812_V01_FF.IMG,157.94,r,,,,,,,,,,,,,,,,,,2011-09-01T02:15:01,ACTUAL,3,m3g_l1b_v04.exe,4,1.017979744308 <AU>,157.94,FORWARD,ASCENDING,"(""N/A"",""N/A"",""N/A"")","(-00.732368611688,0.282478189389,-002.032882356108)",300675409.235,"(0.058568557383,-0.997963699511,0.025262195969)",0.047292850712,4,23.8,M3G20090712T132302_V01_L0.IMG,M3G20090712T132302_V01_BDE.IMG,M3G20090712T133812_V01_FF.IMG,157.94,u2
M3G20090712T141041,19bc,2009-07-21T22:43:23,2944,m3_igds_l0_v18.pl,18,157.87,GLOBAL,CH1-ORB-L-M3-2-L0-RAW-V1.0,2009-07-12T14:10:41,2009-07-12T14:20:35,2009-05-10T18:01:10,PRELIMINARY,m3g_l1b_v04.exe,4,1.017974505148 <AU>,157.87,FORWARD,ASCENDING,"(""N/A"",""N/A"",""N/A"")","(-00.732368611688,0.282478189389,-002.032882356108)",300675409.235,"(0.058568557383,-0.997963699511,0.025262195969)",0.047292850712,4,23.85,M3G20090712T132302_V01_L0.IMG,M3G20090712T132302_V01_BDE.IMG,M3G20090712T141041_V01_FF.IMG,157.87,r,,,,,,,,,,,,,,,,,,2011-09-01T02:15:01,ACTUAL,3,m3g_l1b_v04.exe,4,1.017974505148 <AU>,157.87,FORWARD,ASCENDING,"(""N/A"",""N/A"",""N/A"")","(-00.732368611688,0.282478189389,-002.032882356108)",300675409.235,"(0.058568557383,-0.997963699511,0.025262195969)",0.047292850712,4,23.85,M3G20090712T132302_V01_L0.IMG,M3G20090712T132302_V01_BDE.IMG,M3G20090712T141041_V01_FF.IMG,157.87,u2
M3G20090712T142133,19bc,2009-07-21T22:45:50,2944,m3_igds_l0_v18.pl,18,157.87,GLOBAL,CH1-ORB-L-M3-2-L0-RAW-V1.0,2009-07-12T14:21:33,2009-07-12T14:29:31,2009-05-10T18:01:10,PRELIMINARY,m3g_l1b_v04.exe,4,1.017975510977 <AU>,157.87,FORWARD,ASCENDING,"(""N/A"",""N/A"",""N/A"")","(-00.732368611688,0.282478189389,-002.032882356108)",300675409.235,"(0.058568557383,-0.997963699511,0.025262195969)",0.047292850712,4,23.85,M3G20090712T132302_V01_L0.IMG,M3G20090712T132302_V01_BDE.IMG,M3G20090712T141041_V01_FF.IMG,157.87,r,,,,,,,,,,,,,,,,,,2011-09-01T02:15:01,ACTUAL,3,m3g_l1b_v04.exe,4,1.017975510977 <AU>,157.87,FORWARD,ASCENDING,"(""N/A"",""N/A"",""N/A"")","(-00.732368611688,0.282478189389,-002.032882356108)",300675409.235,"(0.058568557383,-0.997963699511,0.025262195969)",0.047292850712,4,23.85,M3G20090712T132302_V01_L0.IMG,M3G20090712T132302_V01_BDE.IMG,M3G20090712T141041_V01_FF.IMG,157.87,u2
M3G20090712T173832,19bc,2009-07-21T22:47:47,2944,m3_igds_l0_v18.pl,18,158.02,GLOBAL,CH1-ORB-L-M3-2-L0-RAW-V1.0,2009-07-12T17:38:32,2009-07-12T17:38:56,,,,,,,,,,,,,,,,,,,,,,,,,,,,,,,,,,,,,,,,,,,,,,,,,,,,,,,,,,
M3G20090712T174132,19bc,2009-07-21T22:47:52,2944,m3_igds_l0_v18.pl,18,157.87,GLOBAL,CH1-ORB-L-M3-2-L0-RAW-V1.0,2009-07-12T17:41:32,2009-07-12T17:51:44,2009-05-10T18:01:10,PRELIMINARY,m3g_l1b_v04.exe,4,1.017908585691 <AU>,157.87,FORWARD,ASCENDING,"(""N/A"",""N/A"",""N/A"")","(-00.444252563801,0.348577175054,-001.834995757028)",300690745.892,"(0.063186222574,-0.997626833188,0.027353299267)",0.047348414755,4,23.99,M3G20090712T173832_V01_L0.IMG,M3G20090712T173832_V01_BDE.IMG,M3G20090712T175144_V01_FF.IMG,158.02,r,,,,,,,,,,,,,,,,,,2011-09-01T02:15:01,ACTUAL,3,m3g_l1b_v04.exe,4,1.017908585691 <AU>,158.02,FORWARD,ASCENDING,"(""N/A"",""N/A"",""N/A"")","(-00.444252563801,0.348577175054,-001.834995757028)",300690745.892,"(0.063186222574,-0.997626833188,0.027353299267)",0.047348414755,4,23.99,M3G20090712T173832_V01_L0.IMG,M3G20090712T173832_V01_BDE.IMG,M3G20090712T175144_V01_FF.IMG,158.02,u2
M3G20090712T175144,19bc,2009-07-21T22:50:21,2944,m3_igds_l0_v18.pl,18,157.79,GLOBAL,CH1-ORB-L-M3-2-L0-RAW-V1.0,2009-07-12T17:51:45,2009-07-12T18:33:31,2009-05-10T18:01:10,PRELIMINARY,m3g_l1b_v04.exe,4,1.017892559103 <AU>,157.79,FORWARD,ASCENDING,"(""N/A"",""N/A"",""N/A"")","(-00.444252563801,0.348577175054,-001.834995757028)",300690745.892,"(0.063186222574,-0.997626833188,0.027353299267)",0.047348414755,4,23.99,M3G20090712T173832_V01_L0.IMG,M3G20090712T173832_V01_BDE.IMG,M3G20090712T175144_V01_FF.IMG,157.79,r,,,,,,,,,,,,,,,,,,2011-09-01T02:15:01,ACTUAL,3,m3g_l1b_v04.exe,4,1.017892559103 <AU>,157.79,FORWARD,ASCENDING,"(""N/A"",""N/A"",""N/A"")","(-00.444252563801,0.348577175054,-001.834995757028)",300690745.892,"(0.063186222574,-0.997626833188,0.027353299267)",0.047348414755,4,23.99,M3G20090712T173832_V01_L0.IMG,M3G20090712T173832_V01_BDE.IMG,M3G20090712T175144_V01_FF.IMG,157.79,u2
M3G20090712T215403,19bc,2009-07-21T23:00:39,2944,m3_igds_l0_v18.pl,18,157.72,GLOBAL,CH1-ORB-L-M3-2-L0-RAW-V1.0,2009-07-12T21:54:03,2009-07-12T21:54:26,,,,,,,,,,,,,,,,,,,,,,,,,,,,,,,,,,,,,,,,,,,,,,,,,,,,,,,,,,
M3G20090712T220912,19bc,2009-07-21T23:00:45,2944,m3_igds_l0_v18.pl,18,157.64,GLOBAL,CH1-ORB-L-M3-2-L0-RAW-V1.0,2009-07-12T22:09:12,2009-07-12T23:00:31,2009-05-10T18:01:10,PRELIMINARY,m3g_l1b_v04.exe,4,1.017802480927 <AU>,157.64,FORWARD,ASCENDING,"(""N/A"",""N/A"",""N/A"")","(-00.499521119988,0.331996241275,-001.834537307441)",300706082.629,"(0.063111493178,-0.997601450276,0.028430368213)",0.047313630786,4,24.18,M3G20090712T215403_V01_L0.IMG,M3G20090712T215403_V01_BDE.IMG,M3G20090712T220912_V01_FF.IMG,157.64,r,,,,,,,,,,,,,,,,,,2011-09-01T02:15:01,ACTUAL,3,m3g_l1b_v04.exe,4,1.017802480927 <AU>,157.64,FORWARD,ASCENDING,"(""N/A"",""N/A"",""N/A"")","(-00.499521119988,0.331996241275,-001.834537307441)",300706082.629,"(0.063111493178,-0.997601450276,0.028430368213)",0.047313630786,4,24.18,M3G20090712T215403_V01_L0.IMG,M3G20090712T215403_V01_BDE.IMG,M3G20090712T220912_V01_FF.IMG,157.64,u2
M3G20090713T021002,19bc,2009-07-21T23:13:23,2944,m3_igds_l0_v18.pl,18,157.72,GLOBAL,CH1-ORB-L-M3-2-L0-RAW-V1.0,2009-07-13T02:10:02,2009-07-13T02:10:26,,,,,,,,,,,,,,,,,,,,,,,,,,,,,,,,,,,,,,,,,,,,,,,,,,,,,,,,,,
M3G20090713T021312,19bc,2009-07-21T23:13:29,2944,m3_igds_l0_v18.pl,18,157.64,GLOBAL,CH1-ORB-L-M3-2-L0-RAW-V1.0,2009-07-13T02:13:12,2009-07-13T03:05:01,2009-05-10T18:01:10,PRELIMINARY,m3g_l1b_v04.exe,4,1.017716405442 <AU>,157.64,FORWARD,ASCENDING,"(""N/A"",""N/A"",""N/A"")","(-00.484152543322,0.516511994887,-001.997275180604)",300721419.437,"(0.064165369884,-0.997559700993,0.027521777976)",0.047342621445,4,24.33,M3G20090713T021002_V01_L0.IMG,M3G20090713T021002_V01_BDE.IMG,M3G20090713T021312_V01_FF.IMG,157.64,r,,,,,,,,,,,,,,,,,,2011-09-01T02:15:01,ACTUAL,3,m3g_l1b_v04.exe,4,1.017716405442 <AU>,157.64,FORWARD,ASCENDING,"(""N/A"",""N/A"",""N/A"")","(-00.484152543322,0.516511994887,-001.997275180604)",300721419.437,"(0.064165369884,-0.997559700993,0.027521777976)",0.047342621445,4,24.33,M3G20090713T021002_V01_L0.IMG,M3G20090713T021002_V01_BDE.IMG,M3G20090713T021312_V01_FF.IMG,157.64,u2
M3G20090713T062542,19bc,2009-07-21T21:44:43,2949,m3_igds_l0_v18.pl,18,157.64,GLOBAL,CH1-ORB-L-M3-2-L0-RAW-V1.0,2009-07-13T06:25:42,2009-07-13T06:26:06,,,,,,,,,,,,,,,,,,,,,,,,,,,,,,,,,,,,,,,,,,,,,,,,,,,,,,,,,,
M3G20090713T064052,19bc,2009-07-21T21:44:48,2949,m3_igds_l0_v18.pl,18,157.57,GLOBAL,CH1-ORB-L-M3-2-L0-RAW-V1.0,2009-07-13T06:40:52,2009-07-13T07:32:00,2009-05-10T18:01:10,PRELIMINARY,m3g_l1b_v04.exe,4,1.017619563091 <AU>,157.57,FORWARD,ASCENDING,"(""N/A"",""N/A"",""N/A"")","(-00.227248398905,0.564357400525,-001.914341608469)",300736756.404,"(0.067219395514,-0.997313769138,0.029099806768)",0.0473498581,4,24.47,M3G20090713T062542_V01_L0.IMG,M3G20090713T062542_V01_BDE.IMG,M3G20090713T064052_V01_FF.IMG,157.57,r,,,,,,,,,,,,,,,,,,2011-09-01T02:15:01,ACTUAL,3,m3g_l1b_v04.exe,4,1.017619563091 <AU>,157.57,FORWARD,ASCENDING,"(""N/A"",""N/A"",""N/A"")","(-00.227248398905,0.564357400525,-001.914341608469)",300736756.404,"(0.067219395514,-0.997313769138,0.029099806768)",0.0473498581,4,24.47,M3G20090713T062542_V01_L0.IMG,M3G20090713T062542_V01_BDE.IMG,M3G20090713T064052_V01_FF.IMG,157.57,u2
M3G20090713T104112,19bc,2009-07-21T21:57:19,2949,m3_igds_l0_v18.pl,18,157.72,GLOBAL,CH1-ORB-L-M3-2-L0-RAW-V1.0,2009-07-13T10:41:12,2009-07-13T10:41:36,,,,,,,,,,,,,,,,,,,,,,,,,,,,,,,,,,,,,,,,,,,,,,,,,,,,,,,,,,
M3G20090713T104412,19bc,2009-07-21T21:57:25,2949,m3_igds_l0_v18.pl,18,157.57,GLOBAL,CH1-ORB-L-M3-2-L0-RAW-V1.0,2009-07-13T10:44:12,2009-07-13T11:36:11,2009-05-10T18:01:10,PRELIMINARY,m3g_l1b_v04.exe,4,1.017530536343 <AU>,157.57,FORWARD,ASCENDING,"(""N/A"",""N/A"",""N/A"")","(-00.456729212856,0.600230272621,-002.144891535813)",300752093.54,"(0.065624209132,-0.997478984546,0.027002565908)",0.047367692631,4,24.66,M3G20090713T104112_V01_L0.IMG,M3G20090713T104112_V01_BDE.IMG,M3G20090713T104412_V01_FF.IMG,157.72,r,,,,,,,,,,,,,,,,,,2011-09-01T02:15:01,ACTUAL,3,m3g_l1b_v04.exe,4,1.017530536343 <AU>,157.72,FORWARD,ASCENDING,"(""N/A"",""N/A"",""N/A"")","(-00.456729212856,0.600230272621,-002.144891535813)",300752093.54,"(0.065624209132,-0.997478984546,0.027002565908)",0.047367692631,4,24.66,M3G20090713T104112_V01_L0.IMG,M3G20090713T104112_V01_BDE.IMG,M3G20090713T104412_V01_FF.IMG,157.72,u2
M3G20090713T145642,19bc,2009-07-21T23:26:10,2955,m3_igds_l0_v18.pl,18,157.42,GLOBAL,CH1-ORB-L-M3-2-L0-RAW-V1.0,2009-07-13T14:56:42,2009-07-13T14:57:05,,,,,,,,,,,,,,,,,,,,,,,,,,,,,,,,,,,,,,,,,,,,,,,,,,,,,,,,,,
M3G20090713T151202,19bc,2009-07-21T23:26:16,2955,m3_igds_l0_v18.pl,18,157.42,GLOBAL,CH1-ORB-L-M3-2-L0-RAW-V1.0,2009-07-13T15:12:02,2009-07-13T16:03:01,2009-05-10T18:01:10,PRELIMINARY,m3g_l1b_v04.exe,4,1.017430368233 <AU>,157.42,FORWARD,ASCENDING,"(""N/A"",""N/A"",""N/A"")","(-00.324350394402,0.402000754027,-002.296738086937)",300767430.798,"(0.066873413390,-0.997461937084,0.024446485423)",0.04736140079,4,24.85,M3G20090713T145642_V01_L0.IMG,M3G20090713T145642_V01_BDE.IMG,M3G20090713T151202_V01_FF.IMG,157.35,r,,,,,,,,,,,,,,,,,,2011-09-01T02:15:01,ACTUAL,3,m3g_l1b_v04.exe,4,1.017430368233 <AU>,157.35,FORWARD,ASCENDING,"(""N/A"",""N/A"",""N/A"")","(-00.324350394402,0.402000754027,-002.296738086937)",300767430.798,"(0.066873413390,-0.997461937084,0.024446485423)",0.04736140079,4,24.85,M3G20090713T145642_V01_L0.IMG,M3G20090713T145642_V01_BDE.IMG,M3G20090713T151202_V01_FF.IMG,157.35,u2
M3G20090713T191212,19bc,2009-07-21T23:38:51,2955,m3_igds_l0_v18.pl,18,157.64,GLOBAL,CH1-ORB-L-M3-2-L0-RAW-V1.0,2009-07-13T19:12:12,2009-07-13T19:12:36,,,,,,,,,,,,,,,,,,,,,,,,,,,,,,,,,,,,,,,,,,,,,,,,,,,,,,,,,,
M3G20090713T192732,19bc,2009-07-21T23:38:57,2955,m3_igds_l0_v18.pl,18,157.42,GLOBAL,CH1-ORB-L-M3-2-L0-RAW-V1.0,2009-07-13T19:27:32,2009-07-13T20:18:31,2009-05-10T18:01:10,PRELIMINARY,m3g_l1b_v04.exe,4,1.017333627851 <AU>,157.42,FORWARD,ASCENDING,"(""N/A"",""N/A"",""N/A"")","(-00.647880923619,0.275072105910,-002.454453257023)",300782767.992,"(0.064487773219,-0.997755961576,0.018010226110)",0.047382156893,4,24.99,M3G20090713T191212_V01_L0.IMG,M3G20090713T191212_V01_BDE.IMG,M3G20090713T192732_V01_FF.IMG,157.42,r,,,,,,,,,,,,,,,,,,2011-09-01T02:15:01,ACTUAL,3,m3g_l1b_v04.exe,4,1.017333627851 <AU>,157.42,FORWARD,ASCENDING,"(""N/A"",""N/A"",""N/A"")","(-00.647880923619,0.275072105910,-002.454453257023)",300782767.992,"(0.064487773219,-0.997755961576,0.018010226110)",0.047382156893,4,24.99,M3G20090713T191212_V01_L0.IMG,M3G20090713T191212_V01_BDE.IMG,M3G20090713T192732_V01_FF.IMG,157.42,u2
M3G20090713T232742,19bc,2009-07-21T23:51:29,2955,m3_igds_l0_v18.pl,18,157.49,GLOBAL,CH1-ORB-L-M3-2-L0-RAW-V1.0,2009-07-13T23:27:42,2009-07-13T23:28:06,,,,,,,,,,,,,,,,,,,,,,,,,,,,,,,,,,,,,,,,,,,,,,,,,,,,,,,,,,
M3G20090713T233042,19bc,2009-07-21T23:51:35,2955,m3_igds_l0_v18.pl,18,157.42,GLOBAL,CH1-ORB-L-M3-2-L0-RAW-V1.0,2009-07-13T23:30:42,2009-07-14T00:22:31,2009-05-10T18:01:10,PRELIMINARY,m3g_l1b_v04.exe,4,1.017240703414 <AU>,157.42,FORWARD,ASCENDING,"(""N/A"",""N/A"",""N/A"")","(-00.527935434315,0.407303943670,-002.563627418014)",300798104.908,"(0.065284773707,-0.997710375283,0.017660842988)",0.047371130959,4,25.13,M3G20090713T232742_V01_L0.IMG,M3G20090713T232742_V01_BDE.IMG,M3G20090713T233042_V01_FF.IMG,157.42,r,,,,,,,,,,,,,,,,,,2011-09-01T02:15:01,ACTUAL,3,m3g_l1b_v04.exe,4,1.017240703414 <AU>,157.42,FORWARD,ASCENDING,"(""N/A"",""N/A"",""N/A"")","(-00.527935434315,0.407303943670,-002.563627418014)",300798104.908,"(0.065284773707,-0.997710375283,0.017660842988)",0.047371130959,4,25.13,M3G20090713T232742_V01_L0.IMG,M3G20090713T232742_V01_BDE.IMG,M3G20090713T233042_V01_FF.IMG,157.42,u2
M3G20090714T034312,19bc,2009-07-22T21:24:00,2955,m3_igds_l0_v18.pl,18,157.49,GLOBAL,CH1-ORB-L-M3-2-L0-RAW-V1.0,2009-07-14T03:43:12,2009-07-14T03:43:36,,,,,,,,,,,,,,,,,,,,,,,,,,,,,,,,,,,,,,,,,,,,,,,,,,,,,,,,,,
M3G20090714T035832,19bc,2009-07-22T21:24:06,2955,m3_igds_l0_v18.pl,18,157.42,GLOBAL,CH1-ORB-L-M3-2-L0-RAW-V1.0,2009-07-14T03:58:32,2009-07-14T04:32:10,2009-05-10T18:01:10,PRELIMINARY,m3g_l1b_v04.exe,4,1.017139064569 <AU>,157.42,FORWARD,ASCENDING,"(""N/A"",""N/A"",""N/A"")","(-01.363128632783,1.789997782755,-002.221408572355)",300813441.342,"(0.057352502901,-0.998211732397,0.016853121835)",0.04777079684,4,25.32,M3G20090714T034312_V01_L0.IMG,M3G20090714T034312_V01_BDE.IMG,M3G20090714T035832_V01_FF.IMG,157.42,r,,,,,,,,,,,,,,,,,,2011-09-01T02:15:01,ACTUAL,3,m3g_l1b_v04.exe,4,1.017139064569 <AU>,157.42,FORWARD,ASCENDING,"(""N/A"",""N/A"",""N/A"")","(-01.363128632783,1.789997782755,-002.221408572355)",300813441.342,"(0.057352502901,-0.998211732397,0.016853121835)",0.04777079684,4,25.32,M3G20090714T034312_V01_L0.IMG,M3G20090714T034312_V01_BDE.IMG,M3G20090714T035832_V01_FF.IMG,157.42,u2
M3G20090714T075842,19bc,2009-07-21T22:10:02,2960,m3_igds_l0_v18.pl,18,157.42,GLOBAL,CH1-ORB-L-M3-2-L0-RAW-V1.0,2009-07-14T07:58:42,2009-07-14T07:59:06,,,,,,,,,,,,,,,,,,,,,,,,,,,,,,,,,,,,,,,,,,,,,,,,,,,,,,,,,,
M3G20090714T080142,19bc,2009-07-21T22:10:08,2960,m3_igds_l0_v18.pl,18,157.42,GLOBAL,CH1-ORB-L-M3-2-L0-RAW-V1.0,2009-07-14T08:01:42,2009-07-14T08:53:41,2009-05-10T18:01:10,PRELIMINARY,m3g_l1b_v04.exe,4,1.017041341983 <AU>,157.42,FORWARD,ASCENDING,"(""N/A"",""N/A"",""N/A"")","(-00.435294398970,-0.460519306131,-002.168411789798)",300828777.325,"(0.066432539028,-0.997681063975,0.014805821322)",0.046783427296,4,25.52,M3G20090714T075842_V01_L0.IMG,M3G20090714T075842_V01_BDE.IMG,M3G20090714T080142_V01_FF.IMG,157.49,r,,,,,,,,,,,,,,,,,,2011-09-01T02:15:01,ACTUAL,3,m3g_l1b_v04.exe,4,1.017041341983 <AU>,157.49,FORWARD,ASCENDING,"(""N/A"",""N/A"",""N/A"")","(-00.435294398970,-0.460519306131,-002.168411789798)",300828777.325,"(0.066432539028,-0.997681063975,0.014805821322)",0.046783427296,4,25.52,M3G20090714T075842_V01_L0.IMG,M3G20090714T075842_V01_BDE.IMG,M3G20090714T080142_V01_FF.IMG,157.49,u2
M3G20090714T121412,19bc,2009-07-21T22:22:48,2960,m3_igds_l0_v18.pl,18,157.35,GLOBAL,CH1-ORB-L-M3-2-L0-RAW-V1.0,2009-07-14T12:14:12,2009-07-14T12:14:36,,,,,,,,,,,,,,,,,,,,,,,,,,,,,,,,,,,,,,,,,,,,,,,,,,,,,,,,,,
M3G20090714T122932,19bc,2009-07-21T22:22:54,2960,m3_igds_l0_v18.pl,18,157.35,GLOBAL,CH1-ORB-L-M3-2-L0-RAW-V1.0,2009-07-14T12:29:32,2009-07-14T13:20:31,2009-05-10T18:01:10,PRELIMINARY,m3g_l1b_v04.exe,4,1.016934924625 <AU>,157.35,FORWARD,ASCENDING,"(""N/A"",""N/A"",""N/A"")","(-00.683163961511,-2.044505111840,-002.566951027699)",300844112.91,"(0.064675889843,-0.997762004800,0.016970888335)",0.046117489215,4,25.65,M3G20090714T121412_V01_L0.IMG,M3G20090714T121412_V01_BDE.IMG,M3G20090714T122932_V01_FF.IMG,157.35,r,,,,,,,,,,,,,,,,,,2011-09-01T02:15:01,ACTUAL,3,m3g_l1b_v04.exe,4,1.016934924625 <AU>,157.35,FORWARD,ASCENDING,"(""N/A"",""N/A"",""N/A"")","(-00.683163961511,-2.044505111840,-002.566951027699)",300844112.91,"(0.064675889843,-0.997762004800,0.016970888335)",0.046117489215,4,25.65,M3G20090714T121412_V01_L0.IMG,M3G20090714T121412_V01_BDE.IMG,M3G20090714T122932_V01_FF.IMG,157.35,u2
M3G20090714T162942,19bc,2009-07-22T00:11:10,2967,m3_igds_l0_v18.pl,18,157.57,GLOBAL,CH1-ORB-L-M3-2-L0-RAW-V1.0,2009-07-14T16:29:42,2009-07-14T16:30:06,,,,,,,,,,,,,,,,,,,,,,,,,,,,,,,,,,,,,,,,,,,,,,,,,,,,,,,,,,
M3G20090714T163242,19bc,2009-07-22T00:11:15,2967,m3_igds_l0_v18.pl,18,157.35,GLOBAL,CH1-ORB-L-M3-2-L0-RAW-V1.0,2009-07-14T16:32:42,2009-07-14T17:24:40,2009-05-10T18:01:10,PRELIMINARY,m3g_l1b_v04.exe,4,1.016838148199 <AU>,157.35,FORWARD,ASCENDING,"(""N/A"",""N/A"",""N/A"")","(-00.988115676971,3.641225123742,-003.674087570875)",300859448.332,"(0.063313756560,-0.997798454403,0.019738607375)",0.046619620561,4,25.85,M3G20090714T162942_V01_L0.IMG,M3G20090714T162942_V01_BDE.IMG,M3G20090714T163242_V01_FF.IMG,157.57,r,,,,,,,,,,,,,,,,,,2011-09-01T02:15:01,ACTUAL,3,m3g_l1b_v04.exe,4,1.016838148199 <AU>,157.57,FORWARD,ASCENDING,"(""N/A"",""N/A"",""N/A"")","(-00.988115676971,3.641225123742,-003.674087570875)",300859448.332,"(0.063313756560,-0.997798454403,0.019738607375)",0.046619620561,4,25.85,M3G20090714T162942_V01_L0.IMG,M3G20090714T162942_V01_BDE.IMG,M3G20090714T163242_V01_FF.IMG,157.57,u2
M3G20090714T204512,19bc,2009-07-22T00:23:56,2967,m3_igds_l0_v18.pl,18,157.49,GLOBAL,CH1-ORB-L-M3-2-L0-RAW-V1.0,2009-07-14T20:45:12,2009-07-14T20:45:36,,,,,,,,,,,,,,,,,,,,,,,,,,,,,,,,,,,,,,,,,,,,,,,,,,,,,,,,,,
M3G20090714T210032,19bc,2009-07-22T00:24:02,2967,m3_igds_l0_v18.pl,18,157.42,GLOBAL,CH1-ORB-L-M3-2-L0-RAW-V1.0,2009-07-14T21:00:32,2009-07-14T21:51:31,2009-05-10T18:01:10,PRELIMINARY,m3g_l1b_v04.exe,4,1.016730083790 <AU>,157.42,FORWARD,ASCENDING,"(""N/A"",""N/A"",""N/A"")","(00.175459717148,6.351024636267,-003.160566022800)",300874783.771,"(0.076499704907,-0.996812785145,0.022628886844)",0.047553893912,4,26.04,M3G20090714T204512_V01_L0.IMG,M3G20090714T204512_V01_BDE.IMG,M3G20090714T210032_V01_FF.IMG,157.42,r,,,,,,,,,,,,,,,,,,2011-09-01T02:15:01,ACTUAL,3,m3g_l1b_v04.exe,4,1.016730083790 <AU>,157.42,FORWARD,ASCENDING,"(""N/A"",""N/A"",""N/A"")","(00.175459717148,6.351024636267,-003.160566022800)",300874783.771,"(0.076499704907,-0.996812785145,0.022628886844)",0.047553893912,4,26.04,M3G20090714T204512_V01_L0.IMG,M3G20090714T204512_V01_BDE.IMG,M3G20090714T210032_V01_FF.IMG,157.42,u2
M3G20090716T235253,19bc,2009-07-29T20:16:11,2992,m3_igds_l0_v18.pl,18,156.53,GLOBAL,CH1-ORB-L-M3-2-L0-RAW-V1.0,2009-07-16T23:52:53,2009-07-16T23:53:15,,,,,,,,,,,,,,,,,,,,,,,,,,,,,,,,,,,,,,,,,,,,,,,,,,,,,,,,,,
M3G20090717T000932,19bc,2009-07-29T20:16:17,2992,m3_igds_l0_v18.pl,18,156.38,GLOBAL,CH1-ORB-L-M3-2-L0-RAW-V1.0,2009-07-17T00:09:32,2009-07-17T00:42:58,2009-05-10T18:01:10,PRELIMINARY,m3g_l1b_v04.exe,4,1.015491189918 <AU>,156.38,FORWARD,ASCENDING,"(""N/A"",""N/A"",""N/A"")","(00.519447330372,0.535352612257,-005.737209082533)",301058821.848,"(0.091578052970,-0.995714554171,-0.012883587473)",0.0474936514,4,28.05,M3G20090717T040942_V01_L0.IMG,M3G20090717T040942_V01_BDE.IMG,M3G20090717T000932_V01_FF.IMG,156.38,r,,,,,,,,,,,,,,,,,,2011-09-01T02:15:01,ACTUAL,3,m3g_l1b_v04.exe,4,1.015491189918 <AU>,156.38,FORWARD,ASCENDING,"(""N/A"",""N/A"",""N/A"")","(00.519447330372,0.535352612257,-005.737209082533)",301058821.848,"(0.091578052970,-0.995714554171,-0.012883587473)",0.0474936514,4,28.05,M3G20090717T040942_V01_L0.IMG,M3G20090717T040942_V01_BDE.IMG,M3G20090717T000932_V01_FF.IMG,156.38,u2
M3G20090717T005406,19bc,2009-07-29T20:24:24,2993,m3_igds_l0_v18.pl,18,156.46,GLOBAL,CH1-ORB-L-M3-2-L0-RAW-V1.0,2009-07-17T00:54:06,2009-07-17T01:00:30,2009-05-10T18:01:10,PRELIMINARY,m3g_l1b_v04.exe,4,1.015486029416 <AU>,156.46,FORWARD,ASCENDING,"(""N/A"",""N/A"",""N/A"")","(00.519447330372,0.535352612257,-005.737209082533)",301058821.848,"(0.091578052970,-0.995714554171,-0.012883587473)",0.0474936514,4,28.05,M3G20090717T040942_V01_L0.IMG,M3G20090717T040942_V01_BDE.IMG,M3G20090717T000932_V01_FF.IMG,156.46,r,,,,,,,,,,,,,,,,,,2011-09-01T02:15:01,ACTUAL,3,m3g_l1b_v04.exe,4,1.015486029416 <AU>,156.46,FORWARD,ASCENDING,"(""N/A"",""N/A"",""N/A"")","(00.519447330372,0.535352612257,-005.737209082533)",301058821.848,"(0.091578052970,-0.995714554171,-0.012883587473)",0.0474936514,4,28.05,M3G20090717T040942_V01_L0.IMG,M3G20090717T040942_V01_BDE.IMG,M3G20090717T000932_V01_FF.IMG,156.46,u2
M3G20090717T040942,19bc,2009-07-29T20:25:57,2993,m3_igds_l0_v18.pl,18,156.46,GLOBAL,CH1-ORB-L-M3-2-L0-RAW-V1.0,2009-07-17T04:09:42,2009-07-17T04:10:05,,,,,,,,,,,,,,,,,,,,,,,,,,,,,,,,,,,,,,,,,,,,,,,,,,,,,,,,,,
M3G20090717T041242,19bc,2009-07-29T20:26:02,2993,m3_igds_l0_v18.pl,18,156.61,GLOBAL,CH1-ORB-L-M3-2-L0-RAW-V1.0,2009-07-17T04:12:42,2009-07-17T04:15:48,2009-05-10T18:01:10,PRELIMINARY,m3g_l1b_v04.exe,4,1.015410898822 <AU>,156.61,FORWARD,ASCENDING,"(""N/A"",""N/A"",""N/A"")","(00.606024435990,-0.074361308555,-005.541873247044)",301074157.09,"(0.094172512733,-0.995429272435,-0.015877702117)",0.047436644236,4,28.23,M3G20090717T040942_V01_L0.IMG,M3G20090717T040942_V01_BDE.IMG,M3G20090717T041548_V01_FF.IMG,156.46,r,,,,,,,,,,,,,,,,,,2011-09-01T02:15:01,ACTUAL,3,m3g_l1b_v04.exe,4,1.015410898822 <AU>,156.46,FORWARD,ASCENDING,"(""N/A"",""N/A"",""N/A"")","(00.606024435990,-0.074361308555,-005.541873247044)",301074157.09,"(0.094172512733,-0.995429272435,-0.015877702117)",0.047436644236,4,28.23,M3G20090717T040942_V01_L0.IMG,M3G20090717T040942_V01_BDE.IMG,M3G20090717T041548_V01_FF.IMG,156.46,u2
M3G20090717T041548,19bc,2009-07-29T20:26:46,2994,m3_igds_l0_v18.pl,18,156.53,GLOBAL,CH1-ORB-L-M3-2-L0-RAW-V1.0,2009-07-17T04:15:48,2009-07-17T05:04:41,2009-05-10T18:01:10,PRELIMINARY,m3g_l1b_v04.exe,4,1.015393478989 <AU>,156.53,FORWARD,ASCENDING,"(""N/A"",""N/A"",""N/A"")","(00.606024435990,-0.074361308555,-005.541873247044)",301074157.09,"(0.094172512733,-0.995429272435,-0.015877702117)",0.047436644236,4,28.23,M3G20090717T040942_V01_L0.IMG,M3G20090717T040942_V01_BDE.IMG,M3G20090717T041548_V01_FF.IMG,156.53,r,,,,,,,,,,,,,,,,,,2011-09-01T02:15:01,ACTUAL,3,m3g_l1b_v04.exe,4,1.015393478989 <AU>,156.53,FORWARD,ASCENDING,"(""N/A"",""N/A"",""N/A"")","(00.606024435990,-0.074361308555,-005.541873247044)",301074157.09,"(0.094172512733,-0.995429272435,-0.015877702117)",0.047436644236,4,28.23,M3G20090717T040942_V01_L0.IMG,M3G20090717T040942_V01_BDE.IMG,M3G20090717T041548_V01_FF.IMG,156.53,u2
M3G20090717T082522,19bc,2009-07-30T19:20:47,2995,m3_igds_l0_v18.pl,18,156.68,GLOBAL,CH1-ORB-L-M3-2-L0-RAW-V1.0,2009-07-17T08:25:22,2009-07-17T08:25:46,,,,,,,,,,,,,,,,,,,,,,,,,,,,,,,,,,,,,,,,,,,,,,,,,,,,,,,,,,
M3G20090717T084032,19bc,2009-07-30T19:20:53,2995,m3_igds_l0_v18.pl,18,156.46,GLOBAL,CH1-ORB-L-M3-2-L0-RAW-V1.0,2009-07-17T08:40:32,2009-07-17T09:26:57,2009-05-10T18:01:10,PRELIMINARY,m3g_l1b_v04.exe,4,1.015291693492 <AU>,156.46,FORWARD,ASCENDING,"(""N/A"",""N/A"",""N/A"")","(00.785578367684,0.067402453521,-006.137054227934)",301089492.175,"(0.097308106526,-0.995127333267,-0.015897263579)",0.047450678048,4,28.38,M3G20090717T082522_V01_L0.IMG,M3G20090717T082522_V01_BDE.IMG,M3G20090717T084032_V01_FF.IMG,156.53,r,,,,,,,,,,,,,,,,,,2011-09-01T02:15:01,ACTUAL,3,m3g_l1b_v04.exe,4,1.015291693492 <AU>,156.53,FORWARD,ASCENDING,"(""N/A"",""N/A"",""N/A"")","(00.785578367684,0.067402453521,-006.137054227934)",301089492.175,"(0.097308106526,-0.995127333267,-0.015897263579)",0.047450678048,4,28.38,M3G20090717T082522_V01_L0.IMG,M3G20090717T082522_V01_BDE.IMG,M3G20090717T084032_V01_FF.IMG,156.53,u2
M3G20090717T092657,19bc,2009-07-30T19:32:09,2995,m3_igds_l0_v18.pl,18,156.46,GLOBAL,CH1-ORB-L-M3-2-L0-RAW-V1.0,2009-07-17T09:26:57,2009-07-17T09:31:40,2009-05-10T18:01:10,PRELIMINARY,m3g_l1b_v04.exe,4,1.015288370152 <AU>,156.46,FORWARD,ASCENDING,"(""N/A"",""N/A"",""N/A"")","(00.785578367684,0.067402453521,-006.137054227934)",301089492.175,"(0.097308106526,-0.995127333267,-0.015897263579)",0.047450678048,4,28.43,M3G20090717T082522_V01_L0.IMG,M3G20090717T082522_V01_BDE.IMG,M3G20090717T084032_V01_FF.IMG,156.46,r,,,,,,,,,,,,,,,,,,2011-09-01T02:15:01,ACTUAL,3,m3g_l1b_v04.exe,4,1.015288370152 <AU>,156.46,FORWARD,ASCENDING,"(""N/A"",""N/A"",""N/A"")","(00.785578367684,0.067402453521,-006.137054227934)",301089492.175,"(0.097308106526,-0.995127333267,-0.015897263579)",0.047450678048,4,28.43,M3G20090717T082522_V01_L0.IMG,M3G20090717T082522_V01_BDE.IMG,M3G20090717T084032_V01_FF.IMG,156.46,u2
M3G20090717T124052,19bc,2009-07-30T19:33:18,2995,m3_igds_l0_v18.pl,18,156.75,GLOBAL,CH1-ORB-L-M3-2-L0-RAW-V1.0,2009-07-17T12:40:52,2009-07-17T12:41:16,,,,,,,,,,,,,,,,,,,,,,,,,,,,,,,,,,,,,,,,,,,,,,,,,,,,,,,,,,
M3G20090717T124352,19bc,2009-07-30T19:33:23,2995,m3_igds_l0_v18.pl,18,156.75,GLOBAL,CH1-ORB-L-M3-2-L0-RAW-V1.0,2009-07-17T12:43:52,2009-07-17T13:23:44,2009-05-10T18:01:10,PRELIMINARY,m3g_l1b_v04.exe,4,1.015201597205 <AU>,156.75,FORWARD,ASCENDING,"(""N/A"",""N/A"",""N/A"")","(01.398303629614,0.367109688974,-005.425186476194)",301104827.219,"(0.103719620495,-0.994552901945,-0.010332741973)",0.047448966278,4,28.52,M3G20090717T124052_V01_L0.IMG,M3G20090717T124052_V01_BDE.IMG,M3G20090717T124352_V01_FF.IMG,156.75,r,,,,,,,,,,,,,,,,,,2011-09-01T02:15:01,ACTUAL,3,m3g_l1b_v04.exe,4,1.015201597205 <AU>,156.75,FORWARD,ASCENDING,"(""N/A"",""N/A"",""N/A"")","(01.398303629614,0.367109688974,-005.425186476194)",301104827.219,"(0.103719620495,-0.994552901945,-0.010332741973)",0.047448966278,4,28.52,M3G20090717T124052_V01_L0.IMG,M3G20090717T124052_V01_BDE.IMG,M3G20090717T124352_V01_FF.IMG,156.75,u2
M3G20090717T132344,19bc,2009-07-30T19:42:55,2999,m3_igds_l0_v18.pl,18,156.53,GLOBAL,CH1-ORB-L-M3-2-L0-RAW-V1.0,2009-07-17T13:23:44,2009-07-17T13:35:50,2009-05-10T18:01:10,PRELIMINARY,m3g_l1b_v04.exe,4,1.015190930567 <AU>,156.53,FORWARD,ASCENDING,"(""N/A"",""N/A"",""N/A"")","(01.398303629614,0.367109688974,-005.425186476194)",301104827.219,"(0.103719620495,-0.994552901945,-0.010332741973)",0.047448966278,4,28.56,M3G20090717T124052_V01_L0.IMG,M3G20090717T124052_V01_BDE.IMG,M3G20090717T132344_V01_FF.IMG,156.53,r,,,,,,,,,,,,,,,,,,2011-09-01T02:15:01,ACTUAL,3,m3g_l1b_v04.exe,4,1.015190930567 <AU>,156.53,FORWARD,ASCENDING,"(""N/A"",""N/A"",""N/A"")","(01.398303629614,0.367109688974,-005.425186476194)",301104827.219,"(0.103719620495,-0.994552901945,-0.010332741973)",0.047448966278,4,28.56,M3G20090717T124052_V01_L0.IMG,M3G20090717T124052_V01_BDE.IMG,M3G20090717T132344_V01_FF.IMG,156.53,u2
M3G20090717T165622,19bc,2009-07-30T19:45:51,2999,m3_igds_l0_v18.pl,18,156.75,GLOBAL,CH1-ORB-L-M3-2-L0-RAW-V1.0,2009-07-17T16:56:22,2009-07-17T16:56:45,,,,,,,,,,,,,,,,,,,,,,,,,,,,,,,,,,,,,,,,,,,,,,,,,,,,,,,,,,
M3G20090717T171142,19bc,2009-07-30T19:45:57,2999,m3_igds_l0_v18.pl,18,156.53,GLOBAL,CH1-ORB-L-M3-2-L0-RAW-V1.0,2009-07-17T17:11:42,2009-07-17T17:37:02,2009-05-10T18:01:10,PRELIMINARY,m3g_l1b_v04.exe,4,1.015102363800 <AU>,156.53,FORWARD,ASCENDING,"(""N/A"",""N/A"",""N/A"")","(01.690596472416,0.301668686210,-005.747450390621)",301120162.336,"(0.107258125341,-0.994195022509,-0.008482438738)",0.047369996276,4,28.71,M3G20090717T165622_V01_L0.IMG,M3G20090717T165622_V01_BDE.IMG,M3G20090717T171142_V01_FF.IMG,156.46,r,,,,,,,,,,,,,,,,,,2011-09-01T02:15:01,ACTUAL,3,m3g_l1b_v04.exe,4,1.015102363800 <AU>,156.46,FORWARD,ASCENDING,"(""N/A"",""N/A"",""N/A"")","(01.690596472416,0.301668686210,-005.747450390621)",301120162.336,"(0.107258125341,-0.994195022509,-0.008482438738)",0.047369996276,4,28.71,M3G20090717T165622_V01_L0.IMG,M3G20090717T165622_V01_BDE.IMG,M3G20090717T171142_V01_FF.IMG,156.46,u2
M3G20090717T173834,19bc,2009-07-30T19:52:08,2999,m3_igds_l0_v18.pl,18,156.53,GLOBAL,CH1-ORB-L-M3-2-L0-RAW-V1.0,2009-07-17T17:38:35,2009-07-17T17:39:04,2009-05-10T18:01:10,PRELIMINARY,m3g_l1b_v04.exe,4,1.015096280101 <AU>,156.53,FORWARD,ASCENDING,"(""N/A"",""N/A"",""N/A"")","(01.690596472416,0.301668686210,-005.747450390621)",301120162.336,"(0.107258125341,-0.994195022509,-0.008482438738)",0.047369996276,4,28.76,M3G20090717T165622_V01_L0.IMG,M3G20090717T165622_V01_BDE.IMG,M3G20090717T174705_V01_FF.IMG,156.53,r,,,,,,,,,,,,,,,,,,2011-09-01T02:15:01,ACTUAL,3,m3g_l1b_v04.exe,4,1.015096280101 <AU>,156.53,FORWARD,ASCENDING,"(""N/A"",""N/A"",""N/A"")","(01.690596472416,0.301668686210,-005.747450390621)",301120162.336,"(0.107258125341,-0.994195022509,-0.008482438738)",0.047369996276,4,28.76,M3G20090717T165622_V01_L0.IMG,M3G20090717T165622_V01_BDE.IMG,M3G20090717T174705_V01_FF.IMG,156.53,u2
M3G20090717T174402,19bc,2009-07-30T19:52:18,2999,m3_igds_l0_v18.pl,18,156.53,GLOBAL,CH1-ORB-L-M3-2-L0-RAW-V1.0,2009-07-17T17:44:02,2009-07-17T17:47:05,2009-05-10T18:01:10,PRELIMINARY,m3g_l1b_v04.exe,4,1.015095493966 <AU>,156.53,FORWARD,ASCENDING,"(""N/A"",""N/A"",""N/A"")","(01.690596472416,0.301668686210,-005.747450390621)",301120162.336,"(0.107258125341,-0.994195022509,-0.008482438738)",0.047369996276,4,28.76,M3G20090717T165622_V01_L0.IMG,M3G20090717T165622_V01_BDE.IMG,M3G20090717T174705_V01_FF.IMG,156.53,r,,,,,,,,,,,,,,,,,,2011-09-01T02:15:01,ACTUAL,3,m3g_l1b_v04.exe,4,1.015095493966 <AU>,156.53,FORWARD,ASCENDING,"(""N/A"",""N/A"",""N/A"")","(01.690596472416,0.301668686210,-005.747450390621)",301120162.336,"(0.107258125341,-0.994195022509,-0.008482438738)",0.047369996276,4,28.76,M3G20090717T165622_V01_L0.IMG,M3G20090717T165622_V01_BDE.IMG,M3G20090717T174705_V01_FF.IMG,156.53,u2
M3G20090717T174705,19bc,2009-07-29T20:38:38,3002,m3_igds_l0_v18.pl,18,156.53,GLOBAL,CH1-ORB-L-M3-2-L0-RAW-V1.0,2009-07-17T17:47:05,2009-07-17T18:02:50,2009-05-10T18:01:10,PRELIMINARY,m3g_l1b_v04.exe,4,1.015095858255 <AU>,156.53,FORWARD,ASCENDING,"(""N/A"",""N/A"",""N/A"")","(01.690596472416,0.301668686210,-005.747450390621)",301120162.336,"(0.107258125341,-0.994195022509,-0.008482438738)",0.047369996276,4,28.76,M3G20090717T165622_V01_L0.IMG,M3G20090717T165622_V01_BDE.IMG,M3G20090717T174705_V01_FF.IMG,156.53,r,,,,,,,,,,,,,,,,,,2011-09-01T02:15:01,ACTUAL,3,m3g_l1b_v04.exe,4,1.015095858255 <AU>,156.53,FORWARD,ASCENDING,"(""N/A"",""N/A"",""N/A"")","(01.690596472416,0.301668686210,-005.747450390621)",301120162.336,"(0.107258125341,-0.994195022509,-0.008482438738)",0.047369996276,4,28.76,M3G20090717T165622_V01_L0.IMG,M3G20090717T165622_V01_BDE.IMG,M3G20090717T174705_V01_FF.IMG,156.53,u2
M3G20090717T211202,19bc,2009-07-29T20:42:27,3002,m3_igds_l0_v18.pl,18,156.61,GLOBAL,CH1-ORB-L-M3-2-L0-RAW-V1.0,2009-07-17T21:12:02,2009-07-17T21:12:26,,,,,,,,,,,,,,,,,,,,,,,,,,,,,,,,,,,,,,,,,,,,,,,,,,,,,,,,,,
M3G20090717T211502,19bc,2009-07-29T20:42:33,3002,m3_igds_l0_v18.pl,18,156.53,GLOBAL,CH1-ORB-L-M3-2-L0-RAW-V1.0,2009-07-17T21:15:02,2009-07-17T22:06:50,2009-05-10T18:01:10,PRELIMINARY,m3g_l1b_v04.exe,4,1.015009943603 <AU>,156.53,FORWARD,ASCENDING,"(""N/A"",""N/A"",""N/A"")","(01.658433526343,0.254330674410,-005.436268175752)",301135497.537,"(0.108885783483,-0.993995619527,-0.010797894102)",0.047299350204,4,28.9,M3G20090717T211202_V01_L0.IMG,M3G20090717T211202_V01_BDE.IMG,M3G20090717T211502_V01_FF.IMG,156.53,r,,,,,,,,,,,,,,,,,,2011-09-01T02:15:01,ACTUAL,3,m3g_l1b_v04.exe,4,1.015009943603 <AU>,156.53,FORWARD,ASCENDING,"(""N/A"",""N/A"",""N/A"")","(01.658433526343,0.254330674410,-005.436268175752)",301135497.537,"(0.108885783483,-0.993995619527,-0.010797894102)",0.047299350204,4,28.9,M3G20090717T211202_V01_L0.IMG,M3G20090717T211202_V01_BDE.IMG,M3G20090717T211502_V01_FF.IMG,156.53,u2
M3G20090718T012742,19bc,2009-07-29T20:55:13,3004,m3_igds_l0_v18.pl,18,156.53,GLOBAL,CH1-ORB-L-M3-2-L0-RAW-V1.0,2009-07-18T01:27:42,2009-07-18T01:28:06,,,,,,,,,,,,,,,,,,,,,,,,,,,,,,,,,,,,,,,,,,,,,,,,,,,,,,,,,,
M3G20090718T014252,19bc,2009-07-29T20:55:19,3004,m3_igds_l0_v18.pl,18,156.53,GLOBAL,CH1-ORB-L-M3-2-L0-RAW-V1.0,2009-07-18T01:42:52,2009-07-18T02:34:00,2009-05-10T18:01:10,PRELIMINARY,m3g_l1b_v04.exe,4,1.014913651086 <AU>,156.53,FORWARD,ASCENDING,"(""N/A"",""N/A"",""N/A"")","(01.919958363204,0.308421248679,-006.274148946391)",301150832.733,"(0.113090353501,-0.993533010786,-0.010135503146)",0.047307246688,4,29.04,M3G20090718T012742_V01_L0.IMG,M3G20090718T012742_V01_BDE.IMG,M3G20090718T014252_V01_FF.IMG,156.53,r,,,,,,,,,,,,,,,,,,2011-09-01T02:15:01,ACTUAL,3,m3g_l1b_v04.exe,4,1.014913651086 <AU>,156.53,FORWARD,ASCENDING,"(""N/A"",""N/A"",""N/A"")","(01.919958363204,0.308421248679,-006.274148946391)",301150832.733,"(0.113090353501,-0.993533010786,-0.010135503146)",0.047307246688,4,29.04,M3G20090718T012742_V01_L0.IMG,M3G20090718T012742_V01_BDE.IMG,M3G20090718T014252_V01_FF.IMG,156.53,u2
M3G20090718T054312,19bc,2009-07-29T21:07:43,3006,m3_igds_l0_v18.pl,18,156.75,GLOBAL,CH1-ORB-L-M3-2-L0-RAW-V1.0,2009-07-18T05:43:12,2009-07-18T05:43:36,,,,,,,,,,,,,,,,,,,,,,,,,,,,,,,,,,,,,,,,,,,,,,,,,,,,,,,,,,
M3G20090718T054612,19bc,2009-07-29T21:07:48,3006,m3_igds_l0_v18.pl,18,156.68,GLOBAL,CH1-ORB-L-M3-2-L0-RAW-V1.0,2009-07-18T05:46:12,2009-07-18T06:38:10,2009-05-10T18:01:10,PRELIMINARY,m3g_l1b_v04.exe,4,1.014828161425 <AU>,156.68,FORWARD,ASCENDING,"(""N/A"",""N/A"",""N/A"")","(00.781463836866,0.786607538212,-006.373550143428)",301166167.913,"(0.102308307540,-0.994657851647,-0.013739300008)",0.047366616313,4,29.24,M3G20090718T054312_V01_L0.IMG,M3G20090718T054312_V01_BDE.IMG,M3G20090718T054612_V01_FF.IMG,156.68,r,,,,,,,,,,,,,,,,,,2011-09-01T02:15:01,ACTUAL,3,m3g_l1b_v04.exe,4,1.014828161425 <AU>,156.68,FORWARD,ASCENDING,"(""N/A"",""N/A"",""N/A"")","(00.781463836866,0.786607538212,-006.373550143428)",301166167.913,"(0.102308307540,-0.994657851647,-0.013739300008)",0.047366616313,4,29.24,M3G20090718T054312_V01_L0.IMG,M3G20090718T054312_V01_BDE.IMG,M3G20090718T054612_V01_FF.IMG,156.68,u2
M3G20090718T095842,19bc,2009-07-30T19:52:46,3006,m3_igds_l0_v18.pl,18,156.61,GLOBAL,CH1-ORB-L-M3-2-L0-RAW-V1.0,2009-07-18T09:58:42,2009-07-18T09:59:05,,,,,,,,,,,,,,,,,,,,,,,,,,,,,,,,,,,,,,,,,,,,,,,,,,,,,,,,,,
M3G20090718T101402,19bc,2009-07-30T19:52:52,3006,m3_igds_l0_v18.pl,18,156.53,GLOBAL,CH1-ORB-L-M3-2-L0-RAW-V1.0,2009-07-18T10:14:02,2009-07-18T11:05:10,2009-05-10T18:01:10,PRELIMINARY,m3g_l1b_v04.exe,4,1.014736293814 <AU>,156.53,FORWARD,ASCENDING,"(""N/A"",""N/A"",""N/A"")","(06.086860596557,-1.795471582925,-007.389657882449)",301181502.975,"(0.141088630863,-0.989816494112,0.018902545476)",0.046760198693,4,29.42,M3G20090718T095842_V01_L0.IMG,M3G20090718T095842_V01_BDE.IMG,M3G20090718T101402_V01_FF.IMG,156.53,r,,,,,,,,,,,,,,,,,,2011-09-01T02:15:01,ACTUAL,3,m3g_l1b_v04.exe,4,1.014736293814 <AU>,156.53,FORWARD,ASCENDING,"(""N/A"",""N/A"",""N/A"")","(06.086860596557,-1.795471582925,-007.389657882449)",301181502.975,"(0.141088630863,-0.989816494112,0.018902545476)",0.046760198693,4,29.42,M3G20090718T095842_V01_L0.IMG,M3G20090718T095842_V01_BDE.IMG,M3G20090718T101402_V01_FF.IMG,156.53,u2
M3G20090719T071631,19bc,2009-07-29T21:20:32,3018,m3_igds_l0_v18.pl,18,160.55,GLOBAL,CH1-ORB-L-M3-2-L0-RAW-V1.0,2009-07-19T07:16:31,2009-07-19T07:16:54,,,,,,,,,,,,,,,,,,,,,,,,,,,,,,,,,,,,,,,,,,,,,,,,,,,,,,,,,,
M3G20090719T073150,19bc,2009-07-29T21:20:38,3018,m3_igds_l0_v18.pl,18,160,GLOBAL,CH1-ORB-L-M3-2-L0-RAW-V1.0,2009-07-19T07:31:50,2009-07-19T07:57:16,2009-05-10T18:01:10,PRELIMINARY,m3g_l1b_v04.exe,4,1.014338077363 <AU>,160,FORWARD,ASCENDING,"(""N/A"",""N/A"",""N/A"")","(00.334716300968,-0.878634151134,-003.092139342866)",301258180.806,"(0.070126062662,-0.996928178363,0.034878969625)",0.047310682502,4,30.24,M3G20090719T071631_V01_L0.IMG,M3G20090719T071631_V01_BDE.IMG,M3G20090719T073150_V01_FF.IMG,160,r,,,,,,,,,,,,,,,,,,2011-09-01T02:15:01,ACTUAL,3,m3g_l1b_v04.exe,4,1.014338077363 <AU>,160,FORWARD,ASCENDING,"(""N/A"",""N/A"",""N/A"")","(00.334716300968,-0.878634151134,-003.092139342866)",301258180.806,"(0.070126062662,-0.996928178363,0.034878969625)",0.047310682502,4,30.24,M3G20090719T071631_V01_L0.IMG,M3G20090719T071631_V01_BDE.IMG,M3G20090719T073150_V01_FF.IMG,160,u2
M3G20090719T075717,19bc,2009-07-30T20:05:08,3018,m3_igds_l0_v18.pl,18,160,GLOBAL,CH1-ORB-L-M3-2-L0-RAW-V1.0,2009-07-19T07:57:17,2009-07-19T08:22:59,2009-05-10T18:01:10,PRELIMINARY,m3g_l1b_v04.exe,4,1.014333671033 <AU>,160,FORWARD,ASCENDING,"(""N/A"",""N/A"",""N/A"")","(00.334716300968,-0.878634151134,-003.092139342866)",301258180.806,"(0.070126062662,-0.996928178363,0.034878969625)",0.047310682502,4,30.24,M3G20090719T071631_V01_L0.IMG,M3G20090719T071631_V01_BDE.IMG,M3G20090719T075717_V01_FF.IMG,160,r,,,,,,,,,,,,,,,,,,2011-09-01T02:15:01,ACTUAL,3,m3g_l1b_v04.exe,4,1.014333671033 <AU>,160,FORWARD,ASCENDING,"(""N/A"",""N/A"",""N/A"")","(00.334716300968,-0.878634151134,-003.092139342866)",301258180.806,"(0.070126062662,-0.996928178363,0.034878969625)",0.047310682502,4,30.24,M3G20090719T071631_V01_L0.IMG,M3G20090719T071631_V01_BDE.IMG,M3G20090719T075717_V01_FF.IMG,160,u2
M3G20090719T113211,19bc,2009-07-31T16:07:05,3018,m3_igds_l0_v18.pl,18,157.35,GLOBAL,CH1-ORB-L-M3-2-L0-RAW-V1.0,2009-07-19T11:32:11,2009-07-19T11:32:34,,,,,,,,,,,,,,,,,,,,,,,,,,,,,,,,,,,,,,,,,,,,,,,,,,,,,,,,,,
M3G20090719T113510,19bc,2009-07-31T16:07:11,3018,m3_igds_l0_v18.pl,18,157.27,GLOBAL,CH1-ORB-L-M3-2-L0-RAW-V1.0,2009-07-19T11:35:10,2009-07-19T12:13:42,2009-05-10T18:01:10,PRELIMINARY,m3g_l1b_v04.exe,4,1.014269846665 <AU>,157.27,FORWARD,ASCENDING,"(""N/A"",""N/A"",""N/A"")","(00.598425449997,-1.473570574616,-002.470917908078)",301273517.138,"(0.074279503622,-0.996568815929,0.036512332982)",0.047390003003,4,30.43,M3G20090719T113211_V01_L0.IMG,M3G20090719T113211_V01_BDE.IMG,M3G20090719T113510_V01_FF.IMG,157.27,r,,,,,,,,,,,,,,,,,,2011-09-01T02:15:01,ACTUAL,3,m3g_l1b_v04.exe,4,1.014269846665 <AU>,157.27,FORWARD,ASCENDING,"(""N/A"",""N/A"",""N/A"")","(00.598425449997,-1.473570574616,-002.470917908078)",301273517.138,"(0.074279503622,-0.996568815929,0.036512332982)",0.047390003003,4,30.43,M3G20090719T113211_V01_L0.IMG,M3G20090719T113211_V01_BDE.IMG,M3G20090719T113510_V01_FF.IMG,157.27,u2
M3G20090719T121342,19bc,2009-07-28T19:18:36,3018,m3_igds_l0_v18.pl,18,156.9,GLOBAL,CH1-ORB-L-M3-2-L0-RAW-V1.0,2009-07-19T12:13:42,2009-07-19T12:27:09,2009-05-10T18:01:10,PRELIMINARY,m3g_l1b_v04.exe,4,1.014261577555 <AU>,156.9,FORWARD,ASCENDING,"(""N/A"",""N/A"",""N/A"")","(00.598425449997,-1.473570574616,-002.470917908078)",301273517.138,"(0.074279503622,-0.996568815929,0.036512332982)",0.047390003003,4,30.43,M3G20090719T113211_V01_L0.IMG,M3G20090719T113211_V01_BDE.IMG,M3G20090719T121342_V01_FF.IMG,156.9,r,,,,,,,,,,,,,,,,,,2011-09-01T02:15:01,ACTUAL,3,m3g_l1b_v04.exe,4,1.014261577555 <AU>,156.9,FORWARD,ASCENDING,"(""N/A"",""N/A"",""N/A"")","(00.598425449997,-1.473570574616,-002.470917908078)",301273517.138,"(0.074279503622,-0.996568815929,0.036512332982)",0.047390003003,4,30.43,M3G20090719T113211_V01_L0.IMG,M3G20090719T113211_V01_BDE.IMG,M3G20090719T121342_V01_FF.IMG,156.9,u2
M3G20090719T154741,19bc,2009-09-01T16:38:01,3025,m3_igds_l0_v18.pl,18,156.68,GLOBAL,CH1-ORB-L-M3-2-L0-RAW-V1.0,2009-07-19T15:47:41,2009-07-19T15:48:04,,,,,,,,,,,,,,,,,,,,,,,,,,,,,,,,,,,,,,,,,,,,,,,,,,,,,,,,,,
M3G20090719T160300,19bc,2009-09-01T16:38:07,3025,m3_igds_l0_v18.pl,18,156.31,GLOBAL,CH1-ORB-L-M3-2-L0-RAW-V1.0,2009-07-19T16:03:00,2009-07-19T16:54:09,2009-05-10T18:01:10,PRELIMINARY,m3g_l1b_v04.exe,4,1.014195743601 <AU>,156.31,FORWARD,ASCENDING,"(""N/A"",""N/A"",""N/A"")","(00.681464303656,-1.871693903437,-003.139169922510)",301288853.755,"(0.077354234532,-0.996469673387,0.032626866544)",0.047297998251,4,30.62,M3G20090719T154741_V01_L0.IMG,M3G20090719T154741_V01_BDE.IMG,M3G20090719T160300_V01_FF.IMG,156.31,r,,,,,,,,,,,,,,,,,,2011-09-01T02:15:01,ACTUAL,3,m3g_l1b_v04.exe,4,1.014195743601 <AU>,156.31,FORWARD,ASCENDING,"(""N/A"",""N/A"",""N/A"")","(00.681464303656,-1.871693903437,-003.139169922510)",301288853.755,"(0.077354234532,-0.996469673387,0.032626866544)",0.047297998251,4,30.62,M3G20090719T154741_V01_L0.IMG,M3G20090719T154741_V01_BDE.IMG,M3G20090719T160300_V01_FF.IMG,156.31,u2
M3G20090719T200321,19bc,2009-09-01T16:50:43,3025,m3_igds_l0_v18.pl,18,156.38,GLOBAL,CH1-ORB-L-M3-2-L0-RAW-V1.0,2009-07-19T20:03:21,2009-07-19T20:03:44,,,,,,,,,,,,,,,,,,,,,,,,,,,,,,,,,,,,,,,,,,,,,,,,,,,,,,,,,,
M3G20090719T200620,19bc,2009-09-01T16:50:49,3025,m3_igds_l0_v18.pl,18,156.17,GLOBAL,CH1-ORB-L-M3-2-L0-RAW-V1.0,2009-07-19T20:06:20,2009-07-19T20:31:27,2009-05-10T18:01:10,PRELIMINARY,m3g_l1b_v04.exe,4,1.014138987348 <AU>,156.17,FORWARD,ASCENDING,"(""N/A"",""N/A"",""N/A"")","(00.916788968964,-1.926642835301,-003.426460239794)",301304190.54,"(0.081924660126,-0.996238851590,0.028222343041)",0.047375621371,4,30.76,M3G20090719T200321_V01_L0.IMG,M3G20090719T200321_V01_BDE.IMG,M3G20090719T200620_V01_FF.IMG,156.17,r,,,,,,,,,,,,,,,,,,2011-09-01T02:15:01,ACTUAL,3,m3g_l1b_v04.exe,4,1.014138987348 <AU>,156.17,FORWARD,ASCENDING,"(""N/A"",""N/A"",""N/A"")","(00.916788968964,-1.926642835301,-003.426460239794)",301304190.54,"(0.081924660126,-0.996238851590,0.028222343041)",0.047375621371,4,30.76,M3G20090719T200321_V01_L0.IMG,M3G20090719T200321_V01_BDE.IMG,M3G20090719T200620_V01_FF.IMG,156.17,u2
M3G20090719T203200,19bc,2009-07-28T19:21:55,3027,m3_igds_l0_v18.pl,18,156.09,GLOBAL,CH1-ORB-L-M3-2-L0-RAW-V1.0,2009-07-19T20:32:01,2009-07-19T20:58:19,2009-05-10T18:01:10,PRELIMINARY,m3g_l1b_v04.exe,4,1.014128667733 <AU>,156.09,FORWARD,ASCENDING,"(""N/A"",""N/A"",""N/A"")","(00.916788968964,-1.926642835301,-003.426460239794)",301304190.54,"(0.081924660126,-0.996238851590,0.028222343041)",0.047375621371,4,30.76,M3G20090719T200321_V01_L0.IMG,M3G20090719T200321_V01_BDE.IMG,M3G20090719T203200_V01_FF.IMG,156.17,r,,,,,,,,,,,,,,,,,,2011-09-01T02:15:01,ACTUAL,3,m3g_l1b_v04.exe,4,1.014128667733 <AU>,156.17,FORWARD,ASCENDING,"(""N/A"",""N/A"",""N/A"")","(00.916788968964,-1.926642835301,-003.426460239794)",301304190.54,"(0.081924660126,-0.996238851590,0.028222343041)",0.047375621371,4,30.76,M3G20090719T200321_V01_L0.IMG,M3G20090719T200321_V01_BDE.IMG,M3G20090719T203200_V01_FF.IMG,156.17,u2
M3G20090720T001900,19bc,2009-07-28T19:28:28,3027,m3_igds_l0_v18.pl,18,156.17,GLOBAL,CH1-ORB-L-M3-2-L0-RAW-V1.0,2009-07-20T00:19:00,2009-07-20T00:19:24,,,,,,,,,,,,,,,,,,,,,,,,,,,,,,,,,,,,,,,,,,,,,,,,,,,,,,,,,,
M3G20090720T003411,19bc,2009-07-28T19:28:34,3027,m3_igds_l0_v18.pl,18,155.95,GLOBAL,CH1-ORB-L-M3-2-L0-RAW-V1.0,2009-07-20T00:34:11,2009-07-20T01:25:29,2009-05-10T18:01:10,PRELIMINARY,m3g_l1b_v04.exe,4,1.014068598728 <AU>,155.95,FORWARD,ASCENDING,"(""N/A"",""N/A"",""N/A"")","(01.013757562146,-2.659373208096,-003.123776099335)",301319527.432,"(0.084655870204,-0.995987952067,0.029006602316)",0.047262243289,4,30.9,M3G20090720T001900_V01_L0.IMG,M3G20090720T001900_V01_BDE.IMG,M3G20090720T003411_V01_FF.IMG,156.02,r,,,,,,,,,,,,,,,,,,2011-09-01T02:15:01,ACTUAL,3,m3g_l1b_v04.exe,4,1.014068598728 <AU>,156.02,FORWARD,ASCENDING,"(""N/A"",""N/A"",""N/A"")","(01.013757562146,-2.659373208096,-003.123776099335)",301319527.432,"(0.084655870204,-0.995987952067,0.029006602316)",0.047262243289,4,30.9,M3G20090720T001900_V01_L0.IMG,M3G20090720T001900_V01_BDE.IMG,M3G20090720T003411_V01_FF.IMG,156.02,u2
M3G20090720T043440,19bc,2009-07-28T19:41:18,3028,m3_igds_l0_v18.pl,18,155.95,GLOBAL,CH1-ORB-L-M3-2-L0-RAW-V1.0,2009-07-20T04:34:40,2009-07-20T04:35:04,,,,,,,,,,,,,,,,,,,,,,,,,,,,,,,,,,,,,,,,,,,,,,,,,,,,,,,,,,
M3G20090720T043741,19bc,2009-07-28T19:41:23,3028,m3_igds_l0_v18.pl,18,155.95,GLOBAL,CH1-ORB-L-M3-2-L0-RAW-V1.0,2009-07-20T04:37:41,2009-07-20T05:29:39,2009-05-10T18:01:10,PRELIMINARY,m3g_l1b_v04.exe,4,1.014012968095 <AU>,155.95,FORWARD,ASCENDING,"(""N/A"",""N/A"",""N/A"")","(01.045176133849,-2.807101404539,-003.330915931211)",301334864.402,"(0.085247052077,-0.995935387696,0.029079952668)",0.047252338385,4,31.1,M3G20090720T043440_V01_L0.IMG,M3G20090720T043440_V01_BDE.IMG,M3G20090720T043741_V01_FF.IMG,155.95,r,,,,,,,,,,,,,,,,,,2011-09-01T02:15:01,ACTUAL,3,m3g_l1b_v04.exe,4,1.014012968095 <AU>,155.95,FORWARD,ASCENDING,"(""N/A"",""N/A"",""N/A"")","(01.045176133849,-2.807101404539,-003.330915931211)",301334864.402,"(0.085247052077,-0.995935387696,0.029079952668)",0.047252338385,4,31.1,M3G20090720T043440_V01_L0.IMG,M3G20090720T043440_V01_BDE.IMG,M3G20090720T043741_V01_FF.IMG,155.95,u2
M3G20090720T085010,19bc,2009-07-23T16:18:27,3030,m3_igds_l0_v18.pl,18,156.02,GLOBAL,CH1-ORB-L-M3-2-L0-RAW-V1.0,2009-07-20T08:50:10,2009-07-20T08:50:34,,,,,,,,,,,,,,,,,,,,,,,,,,,,,,,,,,,,,,,,,,,,,,,,,,,,,,,,,,
M3G20090720T090521,19bc,2009-07-23T16:18:33,3030,m3_igds_l0_v18.pl,18,155.81,GLOBAL,CH1-ORB-L-M3-2-L0-RAW-V1.0,2009-07-20T09:05:21,2009-07-20T09:56:39,2009-05-10T18:01:10,PRELIMINARY,m3g_l1b_v04.exe,4,1.013955306935 <AU>,155.81,FORWARD,ASCENDING,"(""N/A"",""N/A"",""N/A"")","(00.840842899505,-3.221623701185,-003.762804130367)",301350201.53,"(0.086749166466,-0.995917464464,0.024959689348)",0.047190185856,4,31.28,M3G20090720T085010_V01_L0.IMG,M3G20090720T085010_V01_BDE.IMG,M3G20090720T090521_V01_FF.IMG,155.88,r,,,,,,,,,,,,,,,,,,2011-09-01T02:15:01,ACTUAL,3,m3g_l1b_v04.exe,4,1.013955306935 <AU>,155.88,FORWARD,ASCENDING,"(""N/A"",""N/A"",""N/A"")","(00.840842899505,-3.221623701185,-003.762804130367)",301350201.53,"(0.086749166466,-0.995917464464,0.024959689348)",0.047190185856,4,31.28,M3G20090720T085010_V01_L0.IMG,M3G20090720T085010_V01_BDE.IMG,M3G20090720T090521_V01_FF.IMG,155.88,u2
M3G20090720T172120,19bc,2009-07-22T22:34:02,3039,m3_igds_l0_v18.pl,18,155.81,GLOBAL,CH1-ORB-L-M3-2-L0-RAW-V1.0,2009-07-20T17:21:20,2009-07-20T17:21:44,,,,,,,,,,,,,,,,,,,,,,,,,,,,,,,,,,,,,,,,,,,,,,,,,,,,,,,,,,
M3G20090720T173631,19bc,2009-07-22T22:34:07,3039,m3_igds_l0_v18.pl,18,155.73,GLOBAL,CH1-ORB-L-M3-2-L0-RAW-V1.0,2009-07-20T17:36:31,2009-07-20T18:27:49,2009-05-10T18:01:10,PRELIMINARY,m3g_l1b_v04.exe,4,1.013856638689 <AU>,155.73,FORWARD,ASCENDING,"(""N/A"",""N/A"",""N/A"")","(01.136951976069,-3.593424753724,-004.132589605292)",301380875.644,"(0.089791956620,-0.995692412391,0.023108968689)",0.047167907802,4,31.62,M3G20090720T172120_V01_L0.IMG,M3G20090720T172120_V01_BDE.IMG,M3G20090720T173631_V01_FF.IMG,155.73,r,,,,,,,,,,,,,,,,,,2011-09-01T02:15:01,ACTUAL,3,m3g_l1b_v04.exe,4,1.013856638689 <AU>,155.73,FORWARD,ASCENDING,"(""N/A"",""N/A"",""N/A"")","(01.136951976069,-3.593424753724,-004.132589605292)",301380875.644,"(0.089791956620,-0.995692412391,0.023108968689)",0.047167907802,4,31.62,M3G20090720T172120_V01_L0.IMG,M3G20090720T172120_V01_BDE.IMG,M3G20090720T173631_V01_FF.IMG,155.73,u2
M3G20090720T213701,19bc,2009-07-22T22:46:34,3039,m3_igds_l0_v18.pl,18,155.88,GLOBAL,CH1-ORB-L-M3-2-L0-RAW-V1.0,2009-07-20T21:37:01,2009-07-20T21:37:24,,,,,,,,,,,,,,,,,,,,,,,,,,,,,,,,,,,,,,,,,,,,,,,,,,,,,,,,,,
M3G20090720T214000,19bc,2009-07-22T22:46:39,3039,m3_igds_l0_v18.pl,18,155.66,GLOBAL,CH1-ORB-L-M3-2-L0-RAW-V1.0,2009-07-20T21:40:00,2009-07-20T22:31:59,2009-05-10T18:01:10,PRELIMINARY,m3g_l1b_v04.exe,4,1.013815107710 <AU>,155.66,FORWARD,ASCENDING,"(""N/A"",""N/A"",""N/A"")","(01.290282833846,-3.563560103737,-003.810071113870)",301396212.481,"(0.093665806239,-0.995335038247,0.023127437784)",0.047279601714,4,31.76,M3G20090720T213701_V01_L0.IMG,M3G20090720T213701_V01_BDE.IMG,M3G20090720T214000_V01_FF.IMG,155.66,r,,,,,,,,,,,,,,,,,,2011-09-01T02:15:01,ACTUAL,3,m3g_l1b_v04.exe,4,1.013815107710 <AU>,155.66,FORWARD,ASCENDING,"(""N/A"",""N/A"",""N/A"")","(01.290282833846,-3.563560103737,-003.810071113870)",301396212.481,"(0.093665806239,-0.995335038247,0.023127437784)",0.047279601714,4,31.76,M3G20090720T213701_V01_L0.IMG,M3G20090720T213701_V01_BDE.IMG,M3G20090720T214000_V01_FF.IMG,155.66,u2
M3G20090722T021504,19bc,2009-07-24T16:19:22,3052,m3_igds_l0_v18.pl,18,155.23,GLOBAL,CH1-ORB-L-M3-2-L0-RAW-V1.0,2009-07-22T02:15:04,2009-07-22T03:15:20,,,,,,,,,,,,,,,,,,,,,,,,,,,,,,,,,,,,,,,,,,,,,,,,,,,,,,,,,,
M3G20090722T022534,19bc,2009-07-24T16:19:22,3052,m3_igds_l0_v18.pl,18,,GLOBAL,CH1-ORB-L-M3-2-L0-RAW-V1.0,2009-07-22T02:15:04,2009-07-22T02:25:34,,,,,,,,,,,,,,,,,,,,,,,,,,,,,,,,,,,,,,,,,,,,,,,,,,,,,,,,,,
M3G20090728T125252,19bc,2009-07-29T23:11:14,3122,m3_igds_l0_v18.pl,18,165.9,GLOBAL,CH1-ORB-L-M3-2-L0-RAW-V1.0,2009-07-28T12:52:52,2009-07-28T12:53:16,,,,,,,,,,,,,,,,,,,,,,,,,,,,,,,,,,,,,,,,,,,,,,,,,,,,,,,,,,
M3G20090728T130752,19bc,2009-07-29T23:11:20,3122,m3_igds_l0_v18.pl,18,164.87,GLOBAL,CH1-ORB-L-M3-2-L0-RAW-V1.0,2009-07-28T13:07:52,2009-07-28T13:53:55,2009-05-10T18:01:10,PRELIMINARY,m3g_l1b_v04.exe,4,1.015183147879 <AU>,164.87,FORWARD,ASCENDING,"(""N/A"",""N/A"",""N/A"")","(-02.614072219699,1.452282661858,-002.269257193773)",302055951.187,"(0.016402292833,-0.999580954254,0.023851219722)",0.047500034871,4,39.05,M3G20090728T125252_V01_L0.IMG,M3G20090728T125252_V01_BDE.IMG,M3G20090728T130752_V01_FF.IMG,164.96,r,,,,,,,,,,,,,,,,,,2011-09-01T02:15:01,ACTUAL,3,m3g_l1b_v04.exe,4,1.015183147879 <AU>,164.96,FORWARD,ASCENDING,"(""N/A"",""N/A"",""N/A"")","(-02.614072219699,1.452282661858,-002.269257193773)",302055951.187,"(0.016402292833,-0.999580954254,0.023851219722)",0.047500034871,4,39.05,M3G20090728T125252_V01_L0.IMG,M3G20090728T125252_V01_BDE.IMG,M3G20090728T130752_V01_FF.IMG,164.96,u2
M3G20090728T135355,19bc,2009-07-29T23:22:50,3123,m3_igds_l0_v18.pl,18,162.63,GLOBAL,CH1-ORB-L-M3-2-L0-RAW-V1.0,2009-07-28T13:53:55,2009-07-28T13:59:00,2009-05-10T18:01:10,PRELIMINARY,m3g_l1b_v04.exe,4,1.015196193766 <AU>,162.63,FORWARD,ASCENDING,"(""N/A"",""N/A"",""N/A"")","(-02.614072219699,1.452282661858,-002.269257193773)",302055951.187,"(0.016402292833,-0.999580954254,0.023851219722)",0.047500034871,4,39.05,M3G20090728T125252_V01_L0.IMG,M3G20090728T125252_V01_BDE.IMG,M3G20090728T130752_V01_FF.IMG,162.8,r,,,,,,,,,,,,,,,,,,2011-09-01T02:15:01,ACTUAL,3,m3g_l1b_v04.exe,4,1.015196193766 <AU>,162.8,FORWARD,ASCENDING,"(""N/A"",""N/A"",""N/A"")","(-02.614072219699,1.452282661858,-002.269257193773)",302055951.187,"(0.016402292833,-0.999580954254,0.023851219722)",0.047500034871,4,39.05,M3G20090728T125252_V01_L0.IMG,M3G20090728T125252_V01_BDE.IMG,M3G20090728T130752_V01_FF.IMG,162.8,u2
M3G20090728T170832,19bc,2009-07-30T20:20:02,3125,m3_igds_l0_v18.pl,18,158.17,GLOBAL,CH1-ORB-L-M3-2-L0-RAW-V1.0,2009-07-28T17:08:32,2009-07-28T17:08:55,,,,,,,,,,,,,,,,,,,,,,,,,,,,,,,,,,,,,,,,,,,,,,,,,,,,,,,,,,
M3G20090728T171132,19bc,2009-07-30T20:20:08,3125,m3_igds_l0_v18.pl,18,158.17,GLOBAL,CH1-ORB-L-M3-2-L0-RAW-V1.0,2009-07-28T17:11:32,2009-07-28T17:41:22,2009-05-10T18:01:10,PRELIMINARY,m3g_l1b_v04.exe,4,1.015253480539 <AU>,158.17,FORWARD,ASCENDING,"(""N/A"",""N/A"",""N/A"")","(-03.178226468078,1.325820620623,-001.050016351548)",302071304.424,"(0.013006831327,-0.999750050215,0.018184043366)",0.047581813419,4,39.2,M3G20090728T170832_V01_L0.IMG,M3G20090728T170832_V01_BDE.IMG,M3G20090728T171132_V01_FF.IMG,158.25,r,,,,,,,,,,,,,,,,,,2011-09-01T02:15:01,ACTUAL,3,m3g_l1b_v04.exe,4,1.015253480539 <AU>,158.25,FORWARD,ASCENDING,"(""N/A"",""N/A"",""N/A"")","(-03.178226468078,1.325820620623,-001.050016351548)",302071304.424,"(0.013006831327,-0.999750050215,0.018184043366)",0.047581813419,4,39.2,M3G20090728T170832_V01_L0.IMG,M3G20090728T170832_V01_BDE.IMG,M3G20090728T171132_V01_FF.IMG,158.25,u2
M3G20090728T174122,19bc,2009-07-30T20:27:27,3125,m3_igds_l0_v18.pl,18,157.64,GLOBAL,CH1-ORB-L-M3-2-L0-RAW-V1.0,2009-07-28T17:41:22,2009-07-28T18:03:10,2009-05-10T18:01:10,PRELIMINARY,m3g_l1b_v04.exe,4,1.015258501667 <AU>,157.64,FORWARD,ASCENDING,"(""N/A"",""N/A"",""N/A"")","(-03.178226468078,1.325820620623,-001.050016351548)",302071304.424,"(0.013006831327,-0.999750050215,0.018184043366)",0.047581813419,4,39.25,M3G20090728T170832_V01_L0.IMG,M3G20090728T170832_V01_BDE.IMG,M3G20090728T174122_V01_FF.IMG,157.64,r,,,,,,,,,,,,,,,,,,2011-09-01T02:15:01,ACTUAL,3,m3g_l1b_v04.exe,4,1.015258501667 <AU>,157.64,FORWARD,ASCENDING,"(""N/A"",""N/A"",""N/A"")","(-03.178226468078,1.325820620623,-001.050016351548)",302071304.424,"(0.013006831327,-0.999750050215,0.018184043366)",0.047581813419,4,39.25,M3G20090728T170832_V01_L0.IMG,M3G20090728T170832_V01_BDE.IMG,M3G20090728T174122_V01_FF.IMG,157.64,u2
M3G20090728T212422,19bc,2009-07-30T20:32:41,3125,m3_igds_l0_v18.pl,18,155.88,GLOBAL,CH1-ORB-L-M3-2-L0-RAW-V1.0,2009-07-28T21:24:22,2009-07-28T21:24:46,,,,,,,,,,,,,,,,,,,,,,,,,,,,,,,,,,,,,,,,,,,,,,,,,,,,,,,,,,
M3G20090728T213932,19bc,2009-07-30T20:32:47,3125,m3_igds_l0_v18.pl,18,155.73,GLOBAL,CH1-ORB-L-M3-2-L0-RAW-V1.0,2009-07-28T21:39:32,2009-07-28T21:42:15,2009-05-10T18:01:10,PRELIMINARY,m3g_l1b_v04.exe,4,1.015327458713 <AU>,155.73,FORWARD,ASCENDING,"(""N/A"",""N/A"",""N/A"")","(-03.093387895438,0.519995906143,-002.248586326158)",302086657.344,"(0.016512264381,-0.999797564919,0.011496708565)",0.047488935663,4,39.39,M3G20090728T212422_V01_L0.IMG,M3G20090728T212422_V01_BDE.IMG,M3G20090728T214215_V01_FF.IMG,155.73,r,,,,,,,,,,,,,,,,,,2011-09-01T02:15:01,ACTUAL,3,m3g_l1b_v04.exe,4,1.015327458713 <AU>,155.73,FORWARD,ASCENDING,"(""N/A"",""N/A"",""N/A"")","(-03.093387895438,0.519995906143,-002.248586326158)",302086657.344,"(0.016512264381,-0.999797564919,0.011496708565)",0.047488935663,4,39.39,M3G20090728T212422_V01_L0.IMG,M3G20090728T212422_V01_BDE.IMG,M3G20090728T214215_V01_FF.IMG,155.73,u2
M3G20090728T214215,19bc,2009-07-30T20:33:26,3125,m3_igds_l0_v18.pl,18,155.73,GLOBAL,CH1-ORB-L-M3-2-L0-RAW-V1.0,2009-07-28T21:42:15,2009-07-28T22:27:50,2009-05-10T18:01:10,PRELIMINARY,m3g_l1b_v04.exe,4,1.015332859238 <AU>,155.73,FORWARD,ASCENDING,"(""N/A"",""N/A"",""N/A"")","(-03.093387895438,0.519995906143,-002.248586326158)",302086657.344,"(0.016512264381,-0.999797564919,0.011496708565)",0.047488935663,4,39.39,M3G20090728T212422_V01_L0.IMG,M3G20090728T212422_V01_BDE.IMG,M3G20090728T214215_V01_FF.IMG,155.66,r,,,,,,,,,,,,,,,,,,2011-09-01T02:15:01,ACTUAL,3,m3g_l1b_v04.exe,4,1.015332859238 <AU>,155.66,FORWARD,ASCENDING,"(""N/A"",""N/A"",""N/A"")","(-03.093387895438,0.519995906143,-002.248586326158)",302086657.344,"(0.016512264381,-0.999797564919,0.011496708565)",0.047488935663,4,39.39,M3G20090728T212422_V01_L0.IMG,M3G20090728T212422_V01_BDE.IMG,M3G20090728T214215_V01_FF.IMG,155.66,u2
M3G20090728T222751,19bc,2009-08-12T21:29:55,3125,m3_igds_l0_v18.pl,18,155.45,GLOBAL,CH1-ORB-L-M3-2-L0-RAW-V1.0,2009-07-28T22:27:51,2009-07-28T22:30:30,2009-05-10T18:01:10,PRELIMINARY,m3g_l1b_v04.exe,4,1.015345709753 <AU>,155.45,FORWARD,ASCENDING,"(""N/A"",""N/A"",""N/A"")","(-03.093387895438,0.519995906143,-002.248586326158)",302086657.344,"(0.016512264381,-0.999797564919,0.011496708565)",0.047488935663,4,39.43,M3G20090728T212422_V01_L0.IMG,M3G20090728T212422_V01_BDE.IMG,M3G20090728T214215_V01_FF.IMG,155.45,r,,,,,,,,,,,,,,,,,,2011-09-01T02:15:01,ACTUAL,3,m3g_l1b_v04.exe,4,1.015345709753 <AU>,155.45,FORWARD,ASCENDING,"(""N/A"",""N/A"",""N/A"")","(-03.093387895438,0.519995906143,-002.248586326158)",302086657.344,"(0.016512264381,-0.999797564919,0.011496708565)",0.047488935663,4,39.43,M3G20090728T212422_V01_L0.IMG,M3G20090728T212422_V01_BDE.IMG,M3G20090728T214215_V01_FF.IMG,155.45,u2
M3G20090729T014012,19bc,2009-08-12T21:30:33,3125,m3_igds_l0_v18.pl,18,154.73,GLOBAL,CH1-ORB-L-M3-2-L0-RAW-V1.0,2009-07-29T01:40:12,2009-07-29T01:40:35,,,,,,,,,,,,,,,,,,,,,,,,,,,,,,,,,,,,,,,,,,,,,,,,,,,,,,,,,,
M3G20090729T014312,19bc,2009-08-12T21:30:39,3125,m3_igds_l0_v18.pl,18,154.8,GLOBAL,CH1-ORB-L-M3-2-L0-RAW-V1.0,2009-07-29T01:43:12,2009-07-29T02:04:21,2009-05-10T18:01:10,PRELIMINARY,m3g_l1b_v04.exe,4,1.015402163737 <AU>,154.8,FORWARD,ASCENDING,"(""N/A"",""N/A"",""N/A"")","(-03.297077947324,0.200538200669,-002.209290334290)",302102010.008,"(0.015660006307,-0.999863966816,0.005178036823)",0.047536695046,4,39.53,M3G20090729T014012_V01_L0.IMG,M3G20090729T014012_V01_BDE.IMG,M3G20090729T014312_V01_FF.IMG,154.73,r,,,,,,,,,,,,,,,,,,2011-09-01T02:15:01,ACTUAL,3,m3g_l1b_v04.exe,4,1.015402163737 <AU>,154.73,FORWARD,ASCENDING,"(""N/A"",""N/A"",""N/A"")","(-03.297077947324,0.200538200669,-002.209290334290)",302102010.008,"(0.015660006307,-0.999863966816,0.005178036823)",0.047536695046,4,39.53,M3G20090729T014012_V01_L0.IMG,M3G20090729T014012_V01_BDE.IMG,M3G20090729T014312_V01_FF.IMG,154.73,u2
M3G20090729T020421,19bc,2009-07-30T20:44:25,3132,m3_igds_l0_v18.pl,18,154.51,GLOBAL,CH1-ORB-L-M3-2-L0-RAW-V1.0,2009-07-29T02:04:21,2009-07-29T02:26:57,2009-05-10T18:01:10,PRELIMINARY,m3g_l1b_v04.exe,4,1.015403973605 <AU>,154.51,FORWARD,ASCENDING,"(""N/A"",""N/A"",""N/A"")","(-03.297077947324,0.200538200669,-002.209290334290)",302102010.008,"(0.015660006307,-0.999863966816,0.005178036823)",0.047536695046,4,39.58,M3G20090729T014012_V01_L0.IMG,M3G20090729T014012_V01_BDE.IMG,M3G20090729T020421_V01_FF.IMG,154.51,r,,,,,,,,,,,,,,,,,,2011-09-01T02:15:01,ACTUAL,3,m3g_l1b_v04.exe,4,1.015403973605 <AU>,154.51,FORWARD,ASCENDING,"(""N/A"",""N/A"",""N/A"")","(-03.297077947324,0.200538200669,-002.209290334290)",302102010.008,"(0.015660006307,-0.999863966816,0.005178036823)",0.047536695046,4,39.58,M3G20090729T014012_V01_L0.IMG,M3G20090729T014012_V01_BDE.IMG,M3G20090729T020421_V01_FF.IMG,154.51,u2
M3G20090729T022657,19bc,2009-07-30T20:49:53,3132,m3_igds_l0_v18.pl,18,154.44,GLOBAL,CH1-ORB-L-M3-2-L0-RAW-V1.0,2009-07-29T02:26:57,2009-07-29T02:34:51,2009-05-10T18:01:10,PRELIMINARY,m3g_l1b_v04.exe,4,1.015410460752 <AU>,154.44,FORWARD,ASCENDING,"(""N/A"",""N/A"",""N/A"")","(-03.297077947324,0.200538200669,-002.209290334290)",302102010.008,"(0.015660006307,-0.999863966816,0.005178036823)",0.047536695046,4,39.58,M3G20090729T014012_V01_L0.IMG,M3G20090729T014012_V01_BDE.IMG,M3G20090729T020421_V01_FF.IMG,154.44,r,,,,,,,,,,,,,,,,,,2011-09-01T02:15:01,ACTUAL,3,m3g_l1b_v04.exe,4,1.015410460752 <AU>,154.44,FORWARD,ASCENDING,"(""N/A"",""N/A"",""N/A"")","(-03.297077947324,0.200538200669,-002.209290334290)",302102010.008,"(0.015660006307,-0.999863966816,0.005178036823)",0.047536695046,4,39.58,M3G20090729T014012_V01_L0.IMG,M3G20090729T014012_V01_BDE.IMG,M3G20090729T020421_V01_FF.IMG,154.44,u2
M3G20090729T055602,19bc,2009-07-30T20:51:48,3132,m3_igds_l0_v18.pl,18,154.02,GLOBAL,CH1-ORB-L-M3-2-L0-RAW-V1.0,2009-07-29T05:56:02,2009-07-29T05:56:25,,,,,,,,,,,,,,,,,,,,,,,,,,,,,,,,,,,,,,,,,,,,,,,,,,,,,,,,,,
M3G20090729T061102,19bc,2009-07-30T20:51:53,3132,m3_igds_l0_v18.pl,18,154.02,GLOBAL,CH1-ORB-L-M3-2-L0-RAW-V1.0,2009-07-29T06:11:02,2009-07-29T06:14:27,2009-05-10T18:01:10,PRELIMINARY,m3g_l1b_v04.exe,4,1.015475633560 <AU>,154.02,FORWARD,ASCENDING,"(""N/A"",""N/A"",""N/A"")","(-03.057465893996,-0.678988339862,-002.807838374513)",302117362.604,"(0.019567064573,-0.999805136657,0.002611263864)",0.047468655944,4,39.73,M3G20090729T055602_V01_L0.IMG,M3G20090729T055602_V01_BDE.IMG,M3G20090729T061427_V01_FF.IMG,154.02,r,,,,,,,,,,,,,,,,,,2011-09-01T02:15:01,ACTUAL,3,m3g_l1b_v04.exe,4,1.015475633560 <AU>,154.02,FORWARD,ASCENDING,"(""N/A"",""N/A"",""N/A"")","(-03.057465893996,-0.678988339862,-002.807838374513)",302117362.604,"(0.019567064573,-0.999805136657,0.002611263864)",0.047468655944,4,39.73,M3G20090729T055602_V01_L0.IMG,M3G20090729T055602_V01_BDE.IMG,M3G20090729T061427_V01_FF.IMG,154.02,u2
M3G20090729T061427,19bc,2009-07-30T20:52:42,3133,m3_igds_l0_v18.pl,18,154.02,GLOBAL,CH1-ORB-L-M3-2-L0-RAW-V1.0,2009-07-29T06:14:27,2009-07-29T06:37:09,2009-05-10T18:01:10,PRELIMINARY,m3g_l1b_v04.exe,4,1.015476565159 <AU>,154.02,FORWARD,ASCENDING,"(""N/A"",""N/A"",""N/A"")","(-03.057465893996,-0.678988339862,-002.807838374513)",302117362.604,"(0.019567064573,-0.999805136657,0.002611263864)",0.047468655944,4,39.73,M3G20090729T055602_V01_L0.IMG,M3G20090729T055602_V01_BDE.IMG,M3G20090729T061427_V01_FF.IMG,154.02,r,,,,,,,,,,,,,,,,,,2011-09-01T02:15:01,ACTUAL,3,m3g_l1b_v04.exe,4,1.015476565159 <AU>,154.02,FORWARD,ASCENDING,"(""N/A"",""N/A"",""N/A"")","(-03.057465893996,-0.678988339862,-002.807838374513)",302117362.604,"(0.019567064573,-0.999805136657,0.002611263864)",0.047468655944,4,39.73,M3G20090729T055602_V01_L0.IMG,M3G20090729T055602_V01_BDE.IMG,M3G20090729T061427_V01_FF.IMG,154.02,u2
M3G20090729T063709,19bc,2009-07-30T20:58:11,3134,m3_igds_l0_v18.pl,18,154.02,GLOBAL,CH1-ORB-L-M3-2-L0-RAW-V1.0,2009-07-29T06:37:09,2009-07-29T06:59:40,2009-05-10T18:01:10,PRELIMINARY,m3g_l1b_v04.exe,4,1.015485569113 <AU>,154.02,FORWARD,ASCENDING,"(""N/A"",""N/A"",""N/A"")","(-03.057465893996,-0.678988339862,-002.807838374513)",302117362.604,"(0.019567064573,-0.999805136657,0.002611263864)",0.047468655944,4,39.73,M3G20090729T055602_V01_L0.IMG,M3G20090729T055602_V01_BDE.IMG,M3G20090729T063709_V01_FF.IMG,154.02,r,,,,,,,,,,,,,,,,,,2011-09-01T02:15:01,ACTUAL,3,m3g_l1b_v04.exe,4,1.015485569113 <AU>,154.02,FORWARD,ASCENDING,"(""N/A"",""N/A"",""N/A"")","(-03.057465893996,-0.678988339862,-002.807838374513)",302117362.604,"(0.019567064573,-0.999805136657,0.002611263864)",0.047468655944,4,39.73,M3G20090729T055602_V01_L0.IMG,M3G20090729T055602_V01_BDE.IMG,M3G20090729T063709_V01_FF.IMG,154.02,u2
M3G20090729T065940,19bc,2009-07-30T21:03:38,3134,m3_igds_l0_v18.pl,18,154.02,GLOBAL,CH1-ORB-L-M3-2-L0-RAW-V1.0,2009-07-29T06:59:40,2009-07-29T07:02:10,2009-05-10T18:01:10,PRELIMINARY,m3g_l1b_v04.exe,4,1.015493723926 <AU>,154.02,FORWARD,ASCENDING,"(""N/A"",""N/A"",""N/A"")","(-03.057465893996,-0.678988339862,-002.807838374513)",302117362.604,"(0.019567064573,-0.999805136657,0.002611263864)",0.047468655944,4,39.78,M3G20090729T055602_V01_L0.IMG,M3G20090729T055602_V01_BDE.IMG,M3G20090729T063709_V01_FF.IMG,154.02,r,,,,,,,,,,,,,,,,,,2011-09-01T02:15:01,ACTUAL,3,m3g_l1b_v04.exe,4,1.015493723926 <AU>,154.02,FORWARD,ASCENDING,"(""N/A"",""N/A"",""N/A"")","(-03.057465893996,-0.678988339862,-002.807838374513)",302117362.604,"(0.019567064573,-0.999805136657,0.002611263864)",0.047468655944,4,39.78,M3G20090729T055602_V01_L0.IMG,M3G20090729T055602_V01_BDE.IMG,M3G20090729T063709_V01_FF.IMG,154.02,u2
M3G20090729T101152,19bc,2009-07-30T21:04:13,3134,m3_igds_l0_v18.pl,18,153.74,GLOBAL,CH1-ORB-L-M3-2-L0-RAW-V1.0,2009-07-29T10:11:52,2009-07-29T10:12:15,,,,,,,,,,,,,,,,,,,,,,,,,,,,,,,,,,,,,,,,,,,,,,,,,,,,,,,,,,
M3G20090729T101452,19bc,2009-07-30T21:04:19,3134,m3_igds_l0_v18.pl,18,153.6,GLOBAL,CH1-ORB-L-M3-2-L0-RAW-V1.0,2009-07-29T10:14:52,2009-07-29T10:44:24,2009-05-10T18:01:10,PRELIMINARY,m3g_l1b_v04.exe,4,1.015549569972 <AU>,153.6,FORWARD,ASCENDING,"(""N/A"",""N/A"",""N/A"")","(-03.617402107983,-1.156932637421,-002.037801722849)",302132715.251,"(0.016206447785,-0.999862307628,-0.003566067044)",0.04751402793,4,39.91,M3G20090729T101152_V01_L0.IMG,M3G20090729T101152_V01_BDE.IMG,M3G20090729T101452_V01_FF.IMG,153.74,r,,,,,,,,,,,,,,,,,,2011-09-01T02:15:01,ACTUAL,3,m3g_l1b_v04.exe,4,1.015549569972 <AU>,153.74,FORWARD,ASCENDING,"(""N/A"",""N/A"",""N/A"")","(-03.617402107983,-1.156932637421,-002.037801722849)",302132715.251,"(0.016206447785,-0.999862307628,-0.003566067044)",0.04751402793,4,39.91,M3G20090729T101152_V01_L0.IMG,M3G20090729T101152_V01_BDE.IMG,M3G20090729T101452_V01_FF.IMG,153.74,u2
M3G20090729T104424,19bc,2009-07-30T21:11:28,3135,m3_igds_l0_v18.pl,18,153.46,GLOBAL,CH1-ORB-L-M3-2-L0-RAW-V1.0,2009-07-29T10:44:24,2009-07-29T11:06:21,2009-05-10T18:01:10,PRELIMINARY,m3g_l1b_v04.exe,4,1.015554300079 <AU>,153.46,FORWARD,ASCENDING,"(""N/A"",""N/A"",""N/A"")","(-03.617402107983,-1.156932637421,-002.037801722849)",302132715.251,"(0.016206447785,-0.999862307628,-0.003566067044)",0.04751402793,4,39.91,M3G20090729T101152_V01_L0.IMG,M3G20090729T101152_V01_BDE.IMG,M3G20090729T104424_V01_FF.IMG,153.46,r,,,,,,,,,,,,,,,,,,2011-09-01T02:15:01,ACTUAL,3,m3g_l1b_v04.exe,4,1.015554300079 <AU>,153.46,FORWARD,ASCENDING,"(""N/A"",""N/A"",""N/A"")","(-03.617402107983,-1.156932637421,-002.037801722849)",302132715.251,"(0.016206447785,-0.999862307628,-0.003566067044)",0.04751402793,4,39.91,M3G20090729T101152_V01_L0.IMG,M3G20090729T101152_V01_BDE.IMG,M3G20090729T104424_V01_FF.IMG,153.46,u2
M3G20090729T142742,19bc,2009-07-30T21:16:48,3135,m3_igds_l0_v18.pl,18,153.32,GLOBAL,CH1-ORB-L-M3-2-L0-RAW-V1.0,2009-07-29T14:27:42,2009-07-29T14:28:06,,,,,,,,,,,,,,,,,,,,,,,,,,,,,,,,,,,,,,,,,,,,,,,,,,,,,,,,,,
M3G20090729T144242,19bc,2009-07-30T21:16:53,3135,m3_igds_l0_v18.pl,18,153.32,GLOBAL,CH1-ORB-L-M3-2-L0-RAW-V1.0,2009-07-29T14:42:42,2009-07-29T14:53:53,2009-05-10T18:01:10,PRELIMINARY,m3g_l1b_v04.exe,4,1.015621992519 <AU>,153.32,FORWARD,ASCENDING,"(""N/A"",""N/A"",""N/A"")","(-03.533462876507,-1.745604670087,-003.665815301345)",302148068.014,"(0.017264587145,-0.999801139137,-0.009980792061)",0.04749768807,4,40.06,M3G20090729T142742_V01_L0.IMG,M3G20090729T142742_V01_BDE.IMG,M3G20090729T144242_V01_FF.IMG,153.32,r,,,,,,,,,,,,,,,,,,2011-09-01T02:15:01,ACTUAL,3,m3g_l1b_v04.exe,4,1.015621992519 <AU>,153.32,FORWARD,ASCENDING,"(""N/A"",""N/A"",""N/A"")","(-03.533462876507,-1.745604670087,-003.665815301345)",302148068.014,"(0.017264587145,-0.999801139137,-0.009980792061)",0.04749768807,4,40.06,M3G20090729T142742_V01_L0.IMG,M3G20090729T142742_V01_BDE.IMG,M3G20090729T144242_V01_FF.IMG,153.32,u2
M3G20090729T145353,19bc,2009-07-30T21:19:35,3135,m3_igds_l0_v18.pl,18,153.25,GLOBAL,CH1-ORB-L-M3-2-L0-RAW-V1.0,2009-07-29T14:53:53,2009-07-29T15:15:32,2009-05-10T18:01:10,PRELIMINARY,m3g_l1b_v04.exe,4,1.015624683344 <AU>,153.25,FORWARD,ASCENDING,"(""N/A"",""N/A"",""N/A"")","(-03.533462876507,-1.745604670087,-003.665815301345)",302148068.014,"(0.017264587145,-0.999801139137,-0.009980792061)",0.04749768807,4,40.06,M3G20090729T142742_V01_L0.IMG,M3G20090729T142742_V01_BDE.IMG,M3G20090729T145353_V01_FF.IMG,153.25,r,,,,,,,,,,,,,,,,,,2011-09-01T02:15:01,ACTUAL,3,m3g_l1b_v04.exe,4,1.015624683344 <AU>,153.25,FORWARD,ASCENDING,"(""N/A"",""N/A"",""N/A"")","(-03.533462876507,-1.745604670087,-003.665815301345)",302148068.014,"(0.017264587145,-0.999801139137,-0.009980792061)",0.04749768807,4,40.06,M3G20090729T142742_V01_L0.IMG,M3G20090729T142742_V01_BDE.IMG,M3G20090729T145353_V01_FF.IMG,153.25,u2
M3G20090729T151532,19bc,2009-07-31T16:24:46,3136,m3_igds_l0_v18.pl,18,153.25,GLOBAL,CH1-ORB-L-M3-2-L0-RAW-V1.0,2009-07-29T15:15:32,2009-07-29T15:33:40,2009-05-10T18:01:10,PRELIMINARY,m3g_l1b_v04.exe,4,1.015634522714 <AU>,153.25,FORWARD,ASCENDING,"(""N/A"",""N/A"",""N/A"")","(-03.533462876507,-1.745604670087,-003.665815301345)",302148068.014,"(0.017264587145,-0.999801139137,-0.009980792061)",0.04749768807,4,40.11,M3G20090729T142742_V01_L0.IMG,M3G20090729T142742_V01_BDE.IMG,M3G20090729T151532_V01_FF.IMG,153.18,r,,,,,,,,,,,,,,,,,,2011-09-01T02:15:01,ACTUAL,3,m3g_l1b_v04.exe,4,1.015634522714 <AU>,153.18,FORWARD,ASCENDING,"(""N/A"",""N/A"",""N/A"")","(-03.533462876507,-1.745604670087,-003.665815301345)",302148068.014,"(0.017264587145,-0.999801139137,-0.009980792061)",0.04749768807,4,40.11,M3G20090729T142742_V01_L0.IMG,M3G20090729T142742_V01_BDE.IMG,M3G20090729T151532_V01_FF.IMG,153.18,u2
M3G20090729T184322,19bc,2009-07-31T16:29:36,3136,m3_igds_l0_v18.pl,18,153.39,GLOBAL,CH1-ORB-L-M3-2-L0-RAW-V1.0,2009-07-29T18:43:22,2009-07-29T18:43:45,,,,,,,,,,,,,,,,,,,,,,,,,,,,,,,,,,,,,,,,,,,,,,,,,,,,,,,,,,
M3G20090729T184620,19bc,2009-07-31T16:29:42,3136,m3_igds_l0_v18.pl,18,153.04,GLOBAL,CH1-ORB-L-M3-2-L0-RAW-V1.0,2009-07-29T18:46:20,2009-07-29T18:59:51,2009-05-10T18:01:10,PRELIMINARY,m3g_l1b_v04.exe,4,1.015695265579 <AU>,153.04,FORWARD,ASCENDING,"(""N/A"",""N/A"",""N/A"")","(-03.493104005828,-1.474962072206,-002.784134271180)",302163421.068,"(0.018392318260,-0.999767474581,-0.011256971116)",0.047589070311,4,40.2,M3G20090729T184322_V01_L0.IMG,M3G20090729T184322_V01_BDE.IMG,M3G20090729T185951_V01_FF.IMG,153.04,r,,,,,,,,,,,,,,,,,,2011-09-01T02:15:01,ACTUAL,3,m3g_l1b_v04.exe,4,1.015695265579 <AU>,153.04,FORWARD,ASCENDING,"(""N/A"",""N/A"",""N/A"")","(-03.493104005828,-1.474962072206,-002.784134271180)",302163421.068,"(0.018392318260,-0.999767474581,-0.011256971116)",0.047589070311,4,40.2,M3G20090729T184322_V01_L0.IMG,M3G20090729T184322_V01_BDE.IMG,M3G20090729T185951_V01_FF.IMG,153.04,u2
M3G20090729T185951,19bc,2009-07-31T16:33:14,3136,m3_igds_l0_v18.pl,18,153.04,GLOBAL,CH1-ORB-L-M3-2-L0-RAW-V1.0,2009-07-29T18:59:51,2009-07-29T19:32:19,2009-05-10T18:01:10,PRELIMINARY,m3g_l1b_v04.exe,4,1.015696200697 <AU>,153.04,FORWARD,ASCENDING,"(""N/A"",""N/A"",""N/A"")","(-03.493104005828,-1.474962072206,-002.784134271180)",302163421.068,"(0.018392318260,-0.999767474581,-0.011256971116)",0.047589070311,4,40.24,M3G20090729T184322_V01_L0.IMG,M3G20090729T184322_V01_BDE.IMG,M3G20090729T185951_V01_FF.IMG,153.04,r,,,,,,,,,,,,,,,,,,2011-09-01T02:15:01,ACTUAL,3,m3g_l1b_v04.exe,4,1.015696200697 <AU>,153.04,FORWARD,ASCENDING,"(""N/A"",""N/A"",""N/A"")","(-03.493104005828,-1.474962072206,-002.784134271180)",302163421.068,"(0.018392318260,-0.999767474581,-0.011256971116)",0.047589070311,4,40.24,M3G20090729T184322_V01_L0.IMG,M3G20090729T184322_V01_BDE.IMG,M3G20090729T185951_V01_FF.IMG,153.04,u2
M3G20090729T193219,19bc,2009-08-01T17:12:25,3136,m3_igds_l0_v18.pl,18,153.11,GLOBAL,CH1-ORB-L-M3-2-L0-RAW-V1.0,2009-07-29T19:32:19,2009-07-29T19:37:59,2009-05-10T18:01:10,PRELIMINARY,m3g_l1b_v04.exe,4,1.015703264430 <AU>,153.11,FORWARD,ASCENDING,"(""N/A"",""N/A"",""N/A"")","(-03.493104005828,-1.474962072206,-002.784134271180)",302163421.068,"(0.018392318260,-0.999767474581,-0.011256971116)",0.047589070311,4,40.24,M3G20090729T184322_V01_L0.IMG,M3G20090729T184322_V01_BDE.IMG,M3G20090729T185951_V01_FF.IMG,153.11,r,,,,,,,,,,,,,,,,,,2011-09-01T02:15:01,ACTUAL,3,m3g_l1b_v04.exe,4,1.015703264430 <AU>,153.11,FORWARD,ASCENDING,"(""N/A"",""N/A"",""N/A"")","(-03.493104005828,-1.474962072206,-002.784134271180)",302163421.068,"(0.018392318260,-0.999767474581,-0.011256971116)",0.047589070311,4,40.24,M3G20090729T184322_V01_L0.IMG,M3G20090729T184322_V01_BDE.IMG,M3G20090729T185951_V01_FF.IMG,153.11,u2
M3G20090729T225910,19bc,2009-08-01T17:13:47,3136,m3_igds_l0_v18.pl,18,153.18,GLOBAL,CH1-ORB-L-M3-2-L0-RAW-V1.0,2009-07-29T22:59:10,2009-07-29T22:59:34,,,,,,,,,,,,,,,,,,,,,,,,,,,,,,,,,,,,,,,,,,,,,,,,,,,,,,,,,,
M3G20090729T231421,19bc,2009-08-01T17:13:53,3136,m3_igds_l0_v18.pl,18,152.97,GLOBAL,CH1-ORB-L-M3-2-L0-RAW-V1.0,2009-07-29T23:14:21,2009-07-29T23:33:54,2009-05-10T18:01:10,PRELIMINARY,m3g_l1b_v04.exe,4,1.015766023547 <AU>,152.97,FORWARD,ASCENDING,"(""N/A"",""N/A"",""N/A"")","(-04.131822937484,-2.438217252077,-004.388520457468)",302178774.187,"(0.013646040257,-0.999734390125,-0.018572420080)",0.047494247927,4,40.39,M3G20090729T225910_V01_L0.IMG,M3G20090729T225910_V01_BDE.IMG,M3G20090729T231421_V01_FF.IMG,153.04,r,,,,,,,,,,,,,,,,,,2011-09-01T02:15:01,ACTUAL,3,m3g_l1b_v04.exe,4,1.015766023547 <AU>,153.04,FORWARD,ASCENDING,"(""N/A"",""N/A"",""N/A"")","(-04.131822937484,-2.438217252077,-004.388520457468)",302178774.187,"(0.013646040257,-0.999734390125,-0.018572420080)",0.047494247927,4,40.39,M3G20090729T225910_V01_L0.IMG,M3G20090729T225910_V01_BDE.IMG,M3G20090729T231421_V01_FF.IMG,153.04,u2
M3G20090729T233354,19bc,2009-08-01T17:18:36,3136,m3_igds_l0_v18.pl,18,152.91,GLOBAL,CH1-ORB-L-M3-2-L0-RAW-V1.0,2009-07-29T23:33:54,2009-07-30T00:04:10,2009-05-10T18:01:10,PRELIMINARY,m3g_l1b_v04.exe,4,1.015774092420 <AU>,152.91,FORWARD,ASCENDING,"(""N/A"",""N/A"",""N/A"")","(-04.131822937484,-2.438217252077,-004.388520457468)",302178774.187,"(0.013646040257,-0.999734390125,-0.018572420080)",0.047494247927,4,40.39,M3G20090729T225910_V01_L0.IMG,M3G20090729T225910_V01_BDE.IMG,M3G20090729T233354_V01_FF.IMG,152.91,r,,,,,,,,,,,,,,,,,,2011-09-01T02:15:01,ACTUAL,3,m3g_l1b_v04.exe,4,1.015774092420 <AU>,152.91,FORWARD,ASCENDING,"(""N/A"",""N/A"",""N/A"")","(-04.131822937484,-2.438217252077,-004.388520457468)",302178774.187,"(0.013646040257,-0.999734390125,-0.018572420080)",0.047494247927,4,40.39,M3G20090729T225910_V01_L0.IMG,M3G20090729T225910_V01_BDE.IMG,M3G20090729T233354_V01_FF.IMG,152.91,u2
M3G20090730T000410,19bc,2009-08-01T17:26:02,3136,m3_igds_l0_v18.pl,18,153.04,GLOBAL,CH1-ORB-L-M3-2-L0-RAW-V1.0,2009-07-30T00:04:10,2009-07-30T00:05:30,2009-05-10T18:01:10,PRELIMINARY,m3g_l1b_v04.exe,4,1.015783662327 <AU>,153.04,FORWARD,ASCENDING,"(""N/A"",""N/A"",""N/A"")","(-04.131822937484,-2.438217252077,-004.388520457468)",302178774.187,"(0.013646040257,-0.999734390125,-0.018572420080)",0.047494247927,4,40.44,M3G20090730T031512_V01_L0.IMG,M3G20090730T031512_V01_BDE.IMG,M3G20090730T031812_V01_FF.IMG,153.04,r,,,,,,,,,,,,,,,,,,2011-09-01T02:15:01,ACTUAL,3,m3g_l1b_v04.exe,4,1.015783662327 <AU>,153.04,FORWARD,ASCENDING,"(""N/A"",""N/A"",""N/A"")","(-04.131822937484,-2.438217252077,-004.388520457468)",302178774.187,"(0.013646040257,-0.999734390125,-0.018572420080)",0.047494247927,4,40.44,M3G20090730T031512_V01_L0.IMG,M3G20090730T031512_V01_BDE.IMG,M3G20090730T031812_V01_FF.IMG,153.04,u2
M3G20090730T031512,19bc,2009-08-01T17:26:22,3142,m3_igds_l0_v18.pl,18,153.04,GLOBAL,CH1-ORB-L-M3-2-L0-RAW-V1.0,2009-07-30T03:15:12,2009-07-30T03:15:35,,,,,,,,,,,,,,,,,,,,,,,,,,,,,,,,,,,,,,,,,,,,,,,,,,,,,,,,,,
M3G20090730T031812,19bc,2009-08-01T17:26:27,3142,m3_igds_l0_v18.pl,18,152.91,GLOBAL,CH1-ORB-L-M3-2-L0-RAW-V1.0,2009-07-30T03:18:12,2009-07-30T03:40:57,2009-05-10T18:01:10,PRELIMINARY,m3g_l1b_v04.exe,4,1.015836940815 <AU>,152.91,FORWARD,ASCENDING,"(""N/A"",""N/A"",""N/A"")","(-03.900864725795,-2.768970806758,-003.355694912237)",302194127.233,"(0.016719763726,-0.999651056797,-0.020450284747)",0.04753340381,4,40.59,M3G20090730T031512_V01_L0.IMG,M3G20090730T031512_V01_BDE.IMG,M3G20090730T031812_V01_FF.IMG,152.84,r,,,,,,,,,,,,,,,,,,2011-09-01T02:15:01,ACTUAL,3,m3g_l1b_v04.exe,4,1.015836940815 <AU>,152.84,FORWARD,ASCENDING,"(""N/A"",""N/A"",""N/A"")","(-03.900864725795,-2.768970806758,-003.355694912237)",302194127.233,"(0.016719763726,-0.999651056797,-0.020450284747)",0.04753340381,4,40.59,M3G20090730T031512_V01_L0.IMG,M3G20090730T031512_V01_BDE.IMG,M3G20090730T031812_V01_FF.IMG,152.84,u2
M3G20090730T034057,19bc,2009-08-01T17:32:03,3143,m3_igds_l0_v18.pl,18,152.84,GLOBAL,CH1-ORB-L-M3-2-L0-RAW-V1.0,2009-07-30T03:40:57,2009-07-30T04:01:20,2009-05-10T18:01:10,PRELIMINARY,m3g_l1b_v04.exe,4,1.015838485677 <AU>,152.84,FORWARD,ASCENDING,"(""N/A"",""N/A"",""N/A"")","(-03.900864725795,-2.768970806758,-003.355694912237)",302194127.233,"(0.016719763726,-0.999651056797,-0.020450284747)",0.04753340381,4,40.59,M3G20090730T031512_V01_L0.IMG,M3G20090730T031512_V01_BDE.IMG,M3G20090730T034057_V01_FF.IMG,152.91,r,,,,,,,,,,,,,,,,,,2011-09-01T02:15:01,ACTUAL,3,m3g_l1b_v04.exe,4,1.015838485677 <AU>,152.91,FORWARD,ASCENDING,"(""N/A"",""N/A"",""N/A"")","(-03.900864725795,-2.768970806758,-003.355694912237)",302194127.233,"(0.016719763726,-0.999651056797,-0.020450284747)",0.04753340381,4,40.59,M3G20090730T031512_V01_L0.IMG,M3G20090730T031512_V01_BDE.IMG,M3G20090730T034057_V01_FF.IMG,152.91,u2
M3G20090730T040120,19bc,2009-08-01T17:42:04,3144,m3_igds_l0_v18.pl,18,152.84,GLOBAL,CH1-ORB-L-M3-2-L0-RAW-V1.0,2009-07-30T04:01:20,2009-07-30T04:09:50,2009-05-10T18:01:10,PRELIMINARY,m3g_l1b_v04.exe,4,1.015844382955 <AU>,152.84,FORWARD,ASCENDING,"(""N/A"",""N/A"",""N/A"")","(-03.900864725795,-2.768970806758,-003.355694912237)",302194127.233,"(0.016719763726,-0.999651056797,-0.020450284747)",0.04753340381,4,40.63,M3G20090730T031512_V01_L0.IMG,M3G20090730T031512_V01_BDE.IMG,M3G20090730T034057_V01_FF.IMG,152.91,r,,,,,,,,,,,,,,,,,,2011-09-01T02:15:01,ACTUAL,3,m3g_l1b_v04.exe,4,1.015844382955 <AU>,152.91,FORWARD,ASCENDING,"(""N/A"",""N/A"",""N/A"")","(-03.900864725795,-2.768970806758,-003.355694912237)",302194127.233,"(0.016719763726,-0.999651056797,-0.020450284747)",0.04753340381,4,40.63,M3G20090730T031512_V01_L0.IMG,M3G20090730T031512_V01_BDE.IMG,M3G20090730T034057_V01_FF.IMG,152.91,u2
M3G20090730T073102,19bc,2009-08-01T17:44:42,3144,m3_igds_l0_v18.pl,18,152.63,GLOBAL,CH1-ORB-L-M3-2-L0-RAW-V1.0,2009-07-30T07:31:02,2009-07-30T07:31:26,,,,,,,,,,,,,,,,,,,,,,,,,,,,,,,,,,,,,,,,,,,,,,,,,,,,,,,,,,
M3G20090730T074602,19bc,2009-08-01T17:44:48,3144,m3_igds_l0_v18.pl,18,152.63,GLOBAL,CH1-ORB-L-M3-2-L0-RAW-V1.0,2009-07-30T07:46:02,2009-07-30T07:55:53,2009-05-10T18:01:10,PRELIMINARY,m3g_l1b_v04.exe,4,1.015905906097 <AU>,152.63,FORWARD,ASCENDING,"(""N/A"",""N/A"",""N/A"")","(-03.857520006534,-3.403649420919,-004.088789293653)",302209480.124,"(0.020231105121,-0.999464126167,-0.025732525948)",0.047532709869,4,40.72,M3G20090730T073102_V01_L0.IMG,M3G20090730T073102_V01_BDE.IMG,M3G20090730T074602_V01_FF.IMG,152.63,r,,,,,,,,,,,,,,,,,,2011-09-01T02:15:01,ACTUAL,3,m3g_l1b_v04.exe,4,1.015905906097 <AU>,152.63,FORWARD,ASCENDING,"(""N/A"",""N/A"",""N/A"")","(-03.857520006534,-3.403649420919,-004.088789293653)",302209480.124,"(0.020231105121,-0.999464126167,-0.025732525948)",0.047532709869,4,40.72,M3G20090730T073102_V01_L0.IMG,M3G20090730T073102_V01_BDE.IMG,M3G20090730T074602_V01_FF.IMG,152.63,u2
M3G20090730T075553,19bc,2009-08-01T17:47:19,3146,m3_igds_l0_v18.pl,18,152.63,GLOBAL,CH1-ORB-L-M3-2-L0-RAW-V1.0,2009-07-30T07:55:54,2009-07-30T08:16:24,2009-05-10T18:01:10,PRELIMINARY,m3g_l1b_v04.exe,4,1.015907748489 <AU>,152.63,FORWARD,ASCENDING,"(""N/A"",""N/A"",""N/A"")","(-03.857520006534,-3.403649420919,-004.088789293653)",302209480.124,"(0.020231105121,-0.999464126167,-0.025732525948)",0.047532709869,4,40.72,M3G20090730T073102_V01_L0.IMG,M3G20090730T073102_V01_BDE.IMG,M3G20090730T075553_V01_FF.IMG,152.63,r,,,,,,,,,,,,,,,,,,2011-09-01T02:15:01,ACTUAL,3,m3g_l1b_v04.exe,4,1.015907748489 <AU>,152.63,FORWARD,ASCENDING,"(""N/A"",""N/A"",""N/A"")","(-03.857520006534,-3.403649420919,-004.088789293653)",302209480.124,"(0.020231105121,-0.999464126167,-0.025732525948)",0.047532709869,4,40.72,M3G20090730T073102_V01_L0.IMG,M3G20090730T073102_V01_BDE.IMG,M3G20090730T075553_V01_FF.IMG,152.63,u2
M3G20090730T081634,19bc,2009-08-01T17:52:16,3146,m3_igds_l0_v18.pl,18,152.63,GLOBAL,CH1-ORB-L-M3-2-L0-RAW-V1.0,2009-07-30T08:16:34,2009-07-30T08:37:11,2009-05-10T18:01:10,PRELIMINARY,m3g_l1b_v04.exe,4,1.015917202655 <AU>,152.63,FORWARD,ASCENDING,"(""N/A"",""N/A"",""N/A"")","(-03.857520006534,-3.403649420919,-004.088789293653)",302209480.124,"(0.020231105121,-0.999464126167,-0.025732525948)",0.047532709869,4,40.77,M3G20090730T073102_V01_L0.IMG,M3G20090730T073102_V01_BDE.IMG,M3G20090730T081634_V01_FF.IMG,152.63,r,,,,,,,,,,,,,,,,,,2011-09-01T02:15:01,ACTUAL,3,m3g_l1b_v04.exe,4,1.015917202655 <AU>,152.63,FORWARD,ASCENDING,"(""N/A"",""N/A"",""N/A"")","(-03.857520006534,-3.403649420919,-004.088789293653)",302209480.124,"(0.020231105121,-0.999464126167,-0.025732525948)",0.047532709869,4,40.77,M3G20090730T073102_V01_L0.IMG,M3G20090730T073102_V01_BDE.IMG,M3G20090730T081634_V01_FF.IMG,152.63,u2
M3G20090730T114642,19bc,2009-08-01T17:57:13,3146,m3_igds_l0_v18.pl,18,152.63,GLOBAL,CH1-ORB-L-M3-2-L0-RAW-V1.0,2009-07-30T11:46:42,2009-07-30T11:47:05,,,,,,,,,,,,,,,,,,,,,,,,,,,,,,,,,,,,,,,,,,,,,,,,,,,,,,,,,,
M3G20090730T114942,19bc,2009-08-01T17:57:19,3146,m3_igds_l0_v18.pl,18,152.57,GLOBAL,CH1-ORB-L-M3-2-L0-RAW-V1.0,2009-07-30T11:49:42,2009-07-30T11:55:33,2009-05-10T18:01:10,PRELIMINARY,m3g_l1b_v04.exe,4,1.015976081975 <AU>,152.57,FORWARD,ASCENDING,"(""N/A"",""N/A"",""N/A"")","(-02.849949273460,-4.064330061663,-004.743144698677)",302224832.643,"(0.030416663059,-0.999181422353,-0.026670429932)",0.047557934906,4,40.92,M3G20090730T114642_V01_L0.IMG,M3G20090730T114642_V01_BDE.IMG,M3G20090730T115533_V01_FF.IMG,152.57,r,,,,,,,,,,,,,,,,,,2011-09-01T02:15:01,ACTUAL,3,m3g_l1b_v04.exe,4,1.015976081975 <AU>,152.57,FORWARD,ASCENDING,"(""N/A"",""N/A"",""N/A"")","(-02.849949273460,-4.064330061663,-004.743144698677)",302224832.643,"(0.030416663059,-0.999181422353,-0.026670429932)",0.047557934906,4,40.92,M3G20090730T114642_V01_L0.IMG,M3G20090730T114642_V01_BDE.IMG,M3G20090730T115533_V01_FF.IMG,152.57,u2
M3G20090730T115533,19bc,2009-08-01T17:58:42,3147,m3_igds_l0_v18.pl,18,152.63,GLOBAL,CH1-ORB-L-M3-2-L0-RAW-V1.0,2009-07-30T11:55:33,2009-07-30T12:13:11,2009-05-10T18:01:10,PRELIMINARY,m3g_l1b_v04.exe,4,1.015974617698 <AU>,152.63,FORWARD,ASCENDING,"(""N/A"",""N/A"",""N/A"")","(-02.849949273460,-4.064330061663,-004.743144698677)",302224832.643,"(0.030416663059,-0.999181422353,-0.026670429932)",0.047557934906,4,40.92,M3G20090730T114642_V01_L0.IMG,M3G20090730T114642_V01_BDE.IMG,M3G20090730T115533_V01_FF.IMG,152.63,r,,,,,,,,,,,,,,,,,,2011-09-01T02:15:01,ACTUAL,3,m3g_l1b_v04.exe,4,1.015974617698 <AU>,152.63,FORWARD,ASCENDING,"(""N/A"",""N/A"",""N/A"")","(-02.849949273460,-4.064330061663,-004.743144698677)",302224832.643,"(0.030416663059,-0.999181422353,-0.026670429932)",0.047557934906,4,40.92,M3G20090730T114642_V01_L0.IMG,M3G20090730T114642_V01_BDE.IMG,M3G20090730T115533_V01_FF.IMG,152.63,u2
M3G20090730T121311,19bc,2009-08-05T19:19:28,3148,m3_igds_l0_v18.pl,18,152.5,GLOBAL,CH1-ORB-L-M3-2-L0-RAW-V1.0,2009-07-30T12:13:11,2009-07-30T12:20:42,2009-05-10T18:01:10,PRELIMINARY,m3g_l1b_v04.exe,4,1.015974789552 <AU>,152.5,FORWARD,ASCENDING,"(""N/A"",""N/A"",""N/A"")","(-02.849949273460,-4.064330061663,-004.743144698677)",302224832.643,"(0.030416663059,-0.999181422353,-0.026670429932)",0.047557934906,4,40.92,M3G20090730T114642_V01_L0.IMG,M3G20090730T114642_V01_BDE.IMG,M3G20090730T122229_V01_FF.IMG,152.5,r,,,,,,,,,,,,,,,,,,2011-09-01T02:15:01,ACTUAL,3,m3g_l1b_v04.exe,4,1.015974789552 <AU>,152.5,FORWARD,ASCENDING,"(""N/A"",""N/A"",""N/A"")","(-02.849949273460,-4.064330061663,-004.743144698677)",302224832.643,"(0.030416663059,-0.999181422353,-0.026670429932)",0.047557934906,4,40.92,M3G20090730T114642_V01_L0.IMG,M3G20090730T114642_V01_BDE.IMG,M3G20090730T122229_V01_FF.IMG,152.5,u2
M3G20090730T122111,19bc,2009-08-05T19:21:56,3148,m3_igds_l0_v18.pl,18,152.5,GLOBAL,CH1-ORB-L-M3-2-L0-RAW-V1.0,2009-07-30T12:21:11,2009-07-30T12:21:48,2009-05-10T18:01:10,PRELIMINARY,m3g_l1b_v04.exe,4,1.015975635985 <AU>,152.5,FORWARD,ASCENDING,"(""N/A"",""N/A"",""N/A"")","(-02.849949273460,-4.064330061663,-004.743144698677)",302224832.643,"(0.030416663059,-0.999181422353,-0.026670429932)",0.047557934906,4,40.92,M3G20090730T114642_V01_L0.IMG,M3G20090730T114642_V01_BDE.IMG,M3G20090730T122229_V01_FF.IMG,152.5,r,,,,,,,,,,,,,,,,,,2011-09-01T02:15:01,ACTUAL,3,m3g_l1b_v04.exe,4,1.015975635985 <AU>,152.5,FORWARD,ASCENDING,"(""N/A"",""N/A"",""N/A"")","(-02.849949273460,-4.064330061663,-004.743144698677)",302224832.643,"(0.030416663059,-0.999181422353,-0.026670429932)",0.047557934906,4,40.92,M3G20090730T114642_V01_L0.IMG,M3G20090730T114642_V01_BDE.IMG,M3G20090730T122229_V01_FF.IMG,152.5,u2
M3G20090730T122229,19bc,2009-08-05T19:22:10,3148,m3_igds_l0_v18.pl,18,152.5,GLOBAL,CH1-ORB-L-M3-2-L0-RAW-V1.0,2009-07-30T12:22:29,2009-07-30T12:41:20,2009-05-10T18:01:10,PRELIMINARY,m3g_l1b_v04.exe,4,1.015979617571 <AU>,152.5,FORWARD,ASCENDING,"(""N/A"",""N/A"",""N/A"")","(-02.849949273460,-4.064330061663,-004.743144698677)",302224832.643,"(0.030416663059,-0.999181422353,-0.026670429932)",0.047557934906,4,40.92,M3G20090730T114642_V01_L0.IMG,M3G20090730T114642_V01_BDE.IMG,M3G20090730T122229_V01_FF.IMG,152.43,r,,,,,,,,,,,,,,,,,,2011-09-01T02:15:01,ACTUAL,3,m3g_l1b_v04.exe,4,1.015979617571 <AU>,152.43,FORWARD,ASCENDING,"(""N/A"",""N/A"",""N/A"")","(-02.849949273460,-4.064330061663,-004.743144698677)",302224832.643,"(0.030416663059,-0.999181422353,-0.026670429932)",0.047557934906,4,40.92,M3G20090730T114642_V01_L0.IMG,M3G20090730T114642_V01_BDE.IMG,M3G20090730T122229_V01_FF.IMG,152.43,u2
M3G20090730T160232,19bc,2009-08-05T19:27:29,3148,m3_igds_l0_v18.pl,18,152.5,GLOBAL,CH1-ORB-L-M3-2-L0-RAW-V1.0,2009-07-30T16:02:32,2009-07-30T16:02:55,,,,,,,,,,,,,,,,,,,,,,,,,,,,,,,,,,,,,,,,,,,,,,,,,,,,,,,,,,
M3G20090730T161742,19bc,2009-08-05T19:27:35,3148,m3_igds_l0_v18.pl,18,152.5,GLOBAL,CH1-ORB-L-M3-2-L0-RAW-V1.0,2009-07-30T16:17:42,2009-07-30T16:39:18,2009-05-10T18:01:10,PRELIMINARY,m3g_l1b_v04.exe,4,1.016041839060 <AU>,152.5,FORWARD,ASCENDING,"(""N/A"",""N/A"",""N/A"")","(-02.756310368888,-2.368386791211,-004.728070585046)",302240184.706,"(0.034114951405,-0.998913000737,-0.031764556483)",0.047490936784,4,41.1,M3G20090730T160232_V01_L0.IMG,M3G20090730T160232_V01_BDE.IMG,M3G20090730T161742_V01_FF.IMG,152.5,r,,,,,,,,,,,,,,,,,,2011-09-01T02:15:01,ACTUAL,3,m3g_l1b_v04.exe,4,1.016041839060 <AU>,152.5,FORWARD,ASCENDING,"(""N/A"",""N/A"",""N/A"")","(-02.756310368888,-2.368386791211,-004.728070585046)",302240184.706,"(0.034114951405,-0.998913000737,-0.031764556483)",0.047490936784,4,41.1,M3G20090730T160232_V01_L0.IMG,M3G20090730T160232_V01_BDE.IMG,M3G20090730T161742_V01_FF.IMG,152.5,u2
M3G20090730T163918,19bc,2009-08-05T19:33:44,3148,m3_igds_l0_v18.pl,18,152.36,GLOBAL,CH1-ORB-L-M3-2-L0-RAW-V1.0,2009-07-30T16:39:18,2009-07-30T17:01:29,2009-05-10T18:01:10,PRELIMINARY,m3g_l1b_v04.exe,4,1.016048051279 <AU>,152.36,FORWARD,ASCENDING,"(""N/A"",""N/A"",""N/A"")","(-02.756310368888,-2.368386791211,-004.728070585046)",302240184.706,"(0.034114951405,-0.998913000737,-0.031764556483)",0.047490936784,4,41.1,M3G20090730T160232_V01_L0.IMG,M3G20090730T160232_V01_BDE.IMG,M3G20090730T163918_V01_FF.IMG,152.36,r,,,,,,,,,,,,,,,,,,2011-09-01T02:15:01,ACTUAL,3,m3g_l1b_v04.exe,4,1.016048051279 <AU>,152.36,FORWARD,ASCENDING,"(""N/A"",""N/A"",""N/A"")","(-02.756310368888,-2.368386791211,-004.728070585046)",302240184.706,"(0.034114951405,-0.998913000737,-0.031764556483)",0.047490936784,4,41.1,M3G20090730T160232_V01_L0.IMG,M3G20090730T160232_V01_BDE.IMG,M3G20090730T163918_V01_FF.IMG,152.36,u2
M3G20090730T202434,19bc,2009-08-05T19:39:47,3151,m3_igds_l0_v18.pl,18,152.36,GLOBAL,CH1-ORB-L-M3-2-L0-RAW-V1.0,2009-07-30T20:24:41,2009-07-30T20:34:32,2009-05-10T18:01:10,PRELIMINARY,m3g_l1b_v04.exe,4,1.016108335401 <AU>,152.36,FORWARD,ASCENDING,"(""N/A"",""N/A"",""N/A"")","(-04.000263794771,-2.833226676860,-004.252804691502)",302255536.331,"(0.023488367465,-0.999026143340,-0.037350522302)",0.047392827806,4,41.25,M3G20090730T160232_V01_L0.IMG,M3G20090730T160232_V01_BDE.IMG,M3G20090730T205153_V01_FF.IMG,152.36,r,,,,,,,,,,,,,,,,,,2011-09-01T02:15:01,ACTUAL,3,m3g_l1b_v04.exe,4,1.016108335401 <AU>,152.36,FORWARD,ASCENDING,"(""N/A"",""N/A"",""N/A"")","(-04.000263794771,-2.833226676860,-004.252804691502)",302255536.331,"(0.023488367465,-0.999026143340,-0.037350522302)",0.047392827806,4,41.25,M3G20090730T160232_V01_L0.IMG,M3G20090730T160232_V01_BDE.IMG,M3G20090730T205153_V01_FF.IMG,152.36,u2
M3G20090730T203537,19bc,2009-08-05T19:42:27,3151,m3_igds_l0_v18.pl,18,152.36,GLOBAL,CH1-ORB-L-M3-2-L0-RAW-V1.0,2009-07-30T20:35:37,2009-07-30T20:42:11,2009-05-10T18:01:10,PRELIMINARY,m3g_l1b_v04.exe,4,1.016107321929 <AU>,152.36,FORWARD,ASCENDING,"(""N/A"",""N/A"",""N/A"")","(-04.000263794771,-2.833226676860,-004.252804691502)",302255536.331,"(0.023488367465,-0.999026143340,-0.037350522302)",0.047392827806,4,41.25,M3G20090730T160232_V01_L0.IMG,M3G20090730T160232_V01_BDE.IMG,M3G20090730T205153_V01_FF.IMG,152.36,r,,,,,,,,,,,,,,,,,,2011-09-01T02:15:01,ACTUAL,3,m3g_l1b_v04.exe,4,1.016107321929 <AU>,152.36,FORWARD,ASCENDING,"(""N/A"",""N/A"",""N/A"")","(-04.000263794771,-2.833226676860,-004.252804691502)",302255536.331,"(0.023488367465,-0.999026143340,-0.037350522302)",0.047392827806,4,41.25,M3G20090730T160232_V01_L0.IMG,M3G20090730T160232_V01_BDE.IMG,M3G20090730T205153_V01_FF.IMG,152.36,u2
M3G20090730T204211,19bc,2009-08-05T19:44:03,3151,m3_igds_l0_v18.pl,18,152.36,GLOBAL,CH1-ORB-L-M3-2-L0-RAW-V1.0,2009-07-30T20:42:11,2009-07-30T20:47:01,2009-05-10T18:01:10,PRELIMINARY,m3g_l1b_v04.exe,4,1.016107312773 <AU>,152.36,FORWARD,ASCENDING,"(""N/A"",""N/A"",""N/A"")","(-04.000263794771,-2.833226676860,-004.252804691502)",302255536.331,"(0.023488367465,-0.999026143340,-0.037350522302)",0.047392827806,4,41.25,M3G20090730T160232_V01_L0.IMG,M3G20090730T160232_V01_BDE.IMG,M3G20090730T205153_V01_FF.IMG,152.36,r,,,,,,,,,,,,,,,,,,2011-09-01T02:15:01,ACTUAL,3,m3g_l1b_v04.exe,4,1.016107312773 <AU>,152.36,FORWARD,ASCENDING,"(""N/A"",""N/A"",""N/A"")","(-04.000263794771,-2.833226676860,-004.252804691502)",302255536.331,"(0.023488367465,-0.999026143340,-0.037350522302)",0.047392827806,4,41.25,M3G20090730T160232_V01_L0.IMG,M3G20090730T160232_V01_BDE.IMG,M3G20090730T205153_V01_FF.IMG,152.36,u2
M3G20090730T204829,19bc,2009-08-05T19:45:34,3151,m3_igds_l0_v18.pl,18,152.36,GLOBAL,CH1-ORB-L-M3-2-L0-RAW-V1.0,2009-07-30T20:48:30,2009-07-30T20:49:04,2009-05-10T18:01:10,PRELIMINARY,m3g_l1b_v04.exe,4,1.016107727026 <AU>,152.36,FORWARD,ASCENDING,"(""N/A"",""N/A"",""N/A"")","(-04.000263794771,-2.833226676860,-004.252804691502)",302255536.331,"(0.023488367465,-0.999026143340,-0.037350522302)",0.047392827806,4,41.25,M3G20090730T160232_V01_L0.IMG,M3G20090730T160232_V01_BDE.IMG,M3G20090730T205153_V01_FF.IMG,152.36,r,,,,,,,,,,,,,,,,,,2011-09-01T02:15:01,ACTUAL,3,m3g_l1b_v04.exe,4,1.016107727026 <AU>,152.36,FORWARD,ASCENDING,"(""N/A"",""N/A"",""N/A"")","(-04.000263794771,-2.833226676860,-004.252804691502)",302255536.331,"(0.023488367465,-0.999026143340,-0.037350522302)",0.047392827806,4,41.25,M3G20090730T160232_V01_L0.IMG,M3G20090730T160232_V01_BDE.IMG,M3G20090730T205153_V01_FF.IMG,152.36,u2
M3G20090730T204955,19bc,2009-08-05T19:45:43,3151,m3_igds_l0_v18.pl,18,152.36,GLOBAL,CH1-ORB-L-M3-2-L0-RAW-V1.0,2009-07-30T20:49:56,2009-07-30T20:49:59,2009-05-10T18:01:10,PRELIMINARY,m3g_l1b_v04.exe,4,1.016107912294 <AU>,152.36,FORWARD,ASCENDING,"(""N/A"",""N/A"",""N/A"")","(-04.000263794771,-2.833226676860,-004.252804691502)",302255536.331,"(0.023488367465,-0.999026143340,-0.037350522302)",0.047392827806,4,41.25,M3G20090730T160232_V01_L0.IMG,M3G20090730T160232_V01_BDE.IMG,M3G20090730T205153_V01_FF.IMG,152.36,r,,,,,,,,,,,,,,,,,,2011-09-01T02:15:01,ACTUAL,3,m3g_l1b_v04.exe,4,1.016107912294 <AU>,152.36,FORWARD,ASCENDING,"(""N/A"",""N/A"",""N/A"")","(-04.000263794771,-2.833226676860,-004.252804691502)",302255536.331,"(0.023488367465,-0.999026143340,-0.037350522302)",0.047392827806,4,41.25,M3G20090730T160232_V01_L0.IMG,M3G20090730T160232_V01_BDE.IMG,M3G20090730T205153_V01_FF.IMG,152.36,u2
M3G20090730T205153,19bc,2009-08-05T19:46:13,3151,m3_igds_l0_v18.pl,18,152.36,GLOBAL,CH1-ORB-L-M3-2-L0-RAW-V1.0,2009-07-30T20:51:53,2009-07-30T21:13:00,2009-05-10T18:01:10,PRELIMINARY,m3g_l1b_v04.exe,4,1.016112018028 <AU>,152.36,FORWARD,ASCENDING,"(""N/A"",""N/A"",""N/A"")","(-04.000263794771,-2.833226676860,-004.252804691502)",302255536.331,"(0.023488367465,-0.999026143340,-0.037350522302)",0.047392827806,4,41.25,M3G20090730T160232_V01_L0.IMG,M3G20090730T160232_V01_BDE.IMG,M3G20090730T205153_V01_FF.IMG,152.36,r,,,,,,,,,,,,,,,,,,2011-09-01T02:15:01,ACTUAL,3,m3g_l1b_v04.exe,4,1.016112018028 <AU>,152.36,FORWARD,ASCENDING,"(""N/A"",""N/A"",""N/A"")","(-04.000263794771,-2.833226676860,-004.252804691502)",302255536.331,"(0.023488367465,-0.999026143340,-0.037350522302)",0.047392827806,4,41.25,M3G20090730T160232_V01_L0.IMG,M3G20090730T160232_V01_BDE.IMG,M3G20090730T205153_V01_FF.IMG,152.36,u2
M3G20090731T003502,19bc,2009-08-05T19:51:42,3151,m3_igds_l0_v18.pl,18,152.57,GLOBAL,CH1-ORB-L-M3-2-L0-RAW-V1.0,2009-07-31T00:35:02,2009-07-31T00:35:25,,,,,,,,,,,,,,,,,,,,,,,,,,,,,,,,,,,,,,,,,,,,,,,,,,,,,,,,,,
M3G20090731T005012,19bc,2009-08-05T19:51:47,3151,m3_igds_l0_v18.pl,18,152.43,GLOBAL,CH1-ORB-L-M3-2-L0-RAW-V1.0,2009-07-31T00:50:12,2009-07-31T01:29:12,2009-05-10T18:01:10,PRELIMINARY,m3g_l1b_v04.exe,4,1.016174365881 <AU>,152.43,FORWARD,ASCENDING,"(""N/A"",""N/A"",""N/A"")","(-02.641282106682,-3.256421225805,-004.346004260427)",302270887.536,"(0.036969431187,-0.998745011705,-0.033788500297)",0.047268684209,4,41.39,M3G20090731T003502_V01_L0.IMG,M3G20090731T003502_V01_BDE.IMG,M3G20090731T005012_V01_FF.IMG,152.43,r,,,,,,,,,,,,,,,,,,2011-09-01T02:15:01,ACTUAL,3,m3g_l1b_v04.exe,4,1.016174365881 <AU>,152.43,FORWARD,ASCENDING,"(""N/A"",""N/A"",""N/A"")","(-02.641282106682,-3.256421225805,-004.346004260427)",302270887.536,"(0.036969431187,-0.998745011705,-0.033788500297)",0.047268684209,4,41.39,M3G20090731T003502_V01_L0.IMG,M3G20090731T003502_V01_BDE.IMG,M3G20090731T005012_V01_FF.IMG,152.43,u2
M3G20090731T012912,19bc,2009-08-04T18:00:51,3157,m3_igds_l0_v18.pl,18,152.43,GLOBAL,CH1-ORB-L-M3-2-L0-RAW-V1.0,2009-07-31T01:29:12,2009-07-31T01:41:21,2009-05-10T18:01:10,PRELIMINARY,m3g_l1b_v04.exe,4,1.016185340684 <AU>,152.43,FORWARD,ASCENDING,"(""N/A"",""N/A"",""N/A"")","(-02.641282106682,-3.256421225805,-004.346004260427)",302270887.536,"(0.036969431187,-0.998745011705,-0.033788500297)",0.047268684209,4,41.44,M3G20090731T003502_V01_L0.IMG,M3G20090731T003502_V01_BDE.IMG,M3G20090731T005012_V01_FF.IMG,152.43,r,,,,,,,,,,,,,,,,,,2011-09-01T02:15:01,ACTUAL,3,m3g_l1b_v04.exe,4,1.016185340684 <AU>,152.43,FORWARD,ASCENDING,"(""N/A"",""N/A"",""N/A"")","(-02.641282106682,-3.256421225805,-004.346004260427)",302270887.536,"(0.036969431187,-0.998745011705,-0.033788500297)",0.047268684209,4,41.44,M3G20090731T003502_V01_L0.IMG,M3G20090731T003502_V01_BDE.IMG,M3G20090731T005012_V01_FF.IMG,152.43,u2
M3G20090731T045052,19bc,2009-08-04T18:03:45,3157,m3_igds_l0_v18.pl,18,152.29,GLOBAL,CH1-ORB-L-M3-2-L0-RAW-V1.0,2009-07-31T04:50:52,2009-07-31T04:51:15,,,,,,,,,,,,,,,,,,,,,,,,,,,,,,,,,,,,,,,,,,,,,,,,,,,,,,,,,,
M3G20090731T045352,19bc,2009-08-04T18:03:50,3157,m3_igds_l0_v18.pl,18,152.29,GLOBAL,CH1-ORB-L-M3-2-L0-RAW-V1.0,2009-07-31T04:53:52,2009-07-31T05:45:41,2009-05-10T18:01:10,PRELIMINARY,m3g_l1b_v04.exe,4,1.016236949919 <AU>,152.29,FORWARD,ASCENDING,"(""N/A"",""N/A"",""N/A"")","(-04.402761055808,-2.730349074181,-008.186452244684)",302286238.264,"(0.021269237921,-0.998430713701,-0.051804724267)",0.047375127233,4,41.58,M3G20090731T045052_V01_L0.IMG,M3G20090731T045052_V01_BDE.IMG,M3G20090731T045352_V01_FF.IMG,152.29,r,,,,,,,,,,,,,,,,,,2011-09-01T02:15:01,ACTUAL,3,m3g_l1b_v04.exe,4,1.016236949919 <AU>,152.29,FORWARD,ASCENDING,"(""N/A"",""N/A"",""N/A"")","(-04.402761055808,-2.730349074181,-008.186452244684)",302286238.264,"(0.021269237921,-0.998430713701,-0.051804724267)",0.047375127233,4,41.58,M3G20090731T045052_V01_L0.IMG,M3G20090731T045052_V01_BDE.IMG,M3G20090731T045352_V01_FF.IMG,152.29,u2
M3G20090731T090642,19bc,2009-08-04T18:16:17,3157,m3_igds_l0_v18.pl,18,152.43,GLOBAL,CH1-ORB-L-M3-2-L0-RAW-V1.0,2009-07-31T09:06:42,2009-07-31T09:07:06,,,,,,,,,,,,,,,,,,,,,,,,,,,,,,,,,,,,,,,,,,,,,,,,,,,,,,,,,,
M3G20090731T092152,19bc,2009-08-04T18:16:22,3157,m3_igds_l0_v18.pl,18,152.36,GLOBAL,CH1-ORB-L-M3-2-L0-RAW-V1.0,2009-07-31T09:21:52,2009-07-31T10:13:00,2009-05-10T18:01:10,PRELIMINARY,m3g_l1b_v04.exe,4,1.016300705226 <AU>,152.36,FORWARD,ASCENDING,"(""N/A"",""N/A"",""N/A"")","(-21.822854287774,9.932937969559,-020.258214348330)",302301588.347,"(0.027618795318,-0.959308370588,-0.281006498616)",0.050326301839,4,41.77,M3G20090731T090642_V01_L0.IMG,M3G20090731T090642_V01_BDE.IMG,M3G20090731T092152_V01_FF.IMG,152.36,r,,,,,,,,,,,,,,,,,,2011-09-01T02:15:01,ACTUAL,3,m3g_l1b_v04.exe,4,1.016300705226 <AU>,152.36,FORWARD,ASCENDING,"(""N/A"",""N/A"",""N/A"")","(-21.822854287774,9.932937969559,-020.258214348330)",302301588.347,"(0.027618795318,-0.959308370588,-0.281006498616)",0.050326301839,4,41.77,M3G20090731T090642_V01_L0.IMG,M3G20090731T090642_V01_BDE.IMG,M3G20090731T092152_V01_FF.IMG,152.36,u2
M3G20090811T010552,19bc,2009-08-12T21:35:45,3270,m3_igds_l0_v18.pl,18,147.59,GLOBAL,CH1-ORB-L-M3-2-L0-RAW-V1.0,2009-08-11T01:05:52,2009-08-11T01:06:16,,,,,,,,,,,,,,,,,,,,,,,,,,,,,,,,,,,,,,,,,,,,,,,,,,,,,,,,,,
M3G20090811T012112,19bc,2009-08-12T21:35:51,3270,m3_igds_l0_v18.pl,18,147.53,GLOBAL,CH1-ORB-L-M3-2-L0-RAW-V1.0,2009-08-11T01:21:12,2009-08-11T01:29:32,2009-05-10T18:01:10,PRELIMINARY,m3g_l1b_v04.exe,4,1.014908086585 <AU>,147.53,FORWARD,ASCENDING,"(""N/A"",""N/A"",""N/A"")","(02.424163682004,-4.967585350133,-009.002772233353)",303223189.451,"(0.113217217953,-0.992619435928,-0.043457070501)",0.047800887167,4,51.93,M3G20090811T010552_V01_L0.IMG,M3G20090811T010552_V01_BDE.IMG,M3G20090811T013030_V01_FF.IMG,147.59,r,,,,,,,,,,,,,,,,,,2011-09-01T02:15:01,ACTUAL,3,m3g_l1b_v04.exe,4,1.014908086585 <AU>,147.59,FORWARD,ASCENDING,"(""N/A"",""N/A"",""N/A"")","(02.424163682004,-4.967585350133,-009.002772233353)",303223189.451,"(0.113217217953,-0.992619435928,-0.043457070501)",0.047800887167,4,51.93,M3G20090811T010552_V01_L0.IMG,M3G20090811T010552_V01_BDE.IMG,M3G20090811T013030_V01_FF.IMG,147.59,u2
M3G20090811T013030,19bc,2009-08-12T21:37:53,3270,m3_igds_l0_v18.pl,18,147.47,GLOBAL,CH1-ORB-L-M3-2-L0-RAW-V1.0,2009-08-11T01:30:30,2009-08-11T02:03:51,2009-05-10T18:01:10,PRELIMINARY,m3g_l1b_v04.exe,4,1.014897216342 <AU>,147.47,FORWARD,ASCENDING,"(""N/A"",""N/A"",""N/A"")","(02.424163682004,-4.967585350133,-009.002772233353)",303223189.451,"(0.113217217953,-0.992619435928,-0.043457070501)",0.047800887167,4,51.93,M3G20090811T010552_V01_L0.IMG,M3G20090811T010552_V01_BDE.IMG,M3G20090811T013030_V01_FF.IMG,147.47,r,,,,,,,,,,,,,,,,,,2011-09-01T02:15:01,ACTUAL,3,m3g_l1b_v04.exe,4,1.014897216342 <AU>,147.47,FORWARD,ASCENDING,"(""N/A"",""N/A"",""N/A"")","(02.424163682004,-4.967585350133,-009.002772233353)",303223189.451,"(0.113217217953,-0.992619435928,-0.043457070501)",0.047800887167,4,51.93,M3G20090811T010552_V01_L0.IMG,M3G20090811T010552_V01_BDE.IMG,M3G20090811T013030_V01_FF.IMG,147.47,u2
M3G20090811T020351,19bc,2009-08-12T21:46:02,3270,m3_igds_l0_v18.pl,18,147.59,GLOBAL,CH1-ORB-L-M3-2-L0-RAW-V1.0,2009-08-11T02:03:51,2009-08-11T02:12:01,2009-05-10T18:01:10,PRELIMINARY,m3g_l1b_v04.exe,4,1.014892309865 <AU>,147.59,FORWARD,ASCENDING,"(""N/A"",""N/A"",""N/A"")","(02.424163682004,-4.967585350133,-009.002772233353)",303223189.451,"(0.113217217953,-0.992619435928,-0.043457070501)",0.047800887167,4,51.98,M3G20090811T010552_V01_L0.IMG,M3G20090811T010552_V01_BDE.IMG,M3G20090811T013030_V01_FF.IMG,147.59,r,,,,,,,,,,,,,,,,,,2011-09-01T02:15:01,ACTUAL,3,m3g_l1b_v04.exe,4,1.014892309865 <AU>,147.59,FORWARD,ASCENDING,"(""N/A"",""N/A"",""N/A"")","(02.424163682004,-4.967585350133,-009.002772233353)",303223189.451,"(0.113217217953,-0.992619435928,-0.043457070501)",0.047800887167,4,51.98,M3G20090811T010552_V01_L0.IMG,M3G20090811T010552_V01_BDE.IMG,M3G20090811T013030_V01_FF.IMG,147.59,u2
M3G20090811T053041,19bc,2009-08-13T20:49:52,3285,m3_igds_l0_v18.pl,18,147.53,GLOBAL,CH1-ORB-L-M3-2-L0-RAW-V1.0,2009-08-11T05:30:41,2009-08-11T06:16:41,2009-05-10T18:01:10,PRELIMINARY,m3g_l1b_v04.exe,4,1.014789970426 <AU>,147.53,FORWARD,ASCENDING,"(""N/A"",""N/A"",""N/A"")","(-03.487491115388,-7.445143218913,-008.065485249953)",303238556.059,"(0.061996019147,-0.994667011976,-0.082425899426)",0.047533035976,4,52.12,M3G20090811T093803_V01_L0.IMG,M3G20090811T093803_V01_BDE.IMG,M3G20090811T053041_V01_FF.IMG,147.53,r,,,,,,,,,,,,,,,,,,2011-09-01T02:15:01,ACTUAL,3,m3g_l1b_v04.exe,4,1.014789970426 <AU>,147.53,FORWARD,ASCENDING,"(""N/A"",""N/A"",""N/A"")","(-03.487491115388,-7.445143218913,-008.065485249953)",303238556.059,"(0.061996019147,-0.994667011976,-0.082425899426)",0.047533035976,4,52.12,M3G20090811T093803_V01_L0.IMG,M3G20090811T093803_V01_BDE.IMG,M3G20090811T053041_V01_FF.IMG,147.53,u2
M3G20090811T093803,19bc,2009-08-13T21:01:20,3285,m3_igds_l0_v18.pl,18,147.53,GLOBAL,CH1-ORB-L-M3-2-L0-RAW-V1.0,2009-08-11T09:38:03,2009-08-11T09:38:26,,,,,,,,,,,,,,,,,,,,,,,,,,,,,,,,,,,,,,,,,,,,,,,,,,,,,,,,,,
M3G20090811T095313,19bc,2009-08-13T21:01:26,3285,m3_igds_l0_v18.pl,18,147.41,GLOBAL,CH1-ORB-L-M3-2-L0-RAW-V1.0,2009-08-11T09:53:13,2009-08-11T09:59:01,2009-05-10T18:01:10,PRELIMINARY,m3g_l1b_v04.exe,4,1.014683281148 <AU>,147.41,FORWARD,ASCENDING,"(""N/A"",""N/A"",""N/A"")","(-01.065785226809,-8.565436739482,-007.054724761170)",303253922.945,"(0.090350077170,-0.992612043973,-0.080982675400)",0.047394239507,4,52.26,M3G20090811T093803_V01_L0.IMG,M3G20090811T093803_V01_BDE.IMG,M3G20090811T100003_V01_FF.IMG,147.41,r,,,,,,,,,,,,,,,,,,2011-09-01T02:15:01,ACTUAL,3,m3g_l1b_v04.exe,4,1.014683281148 <AU>,147.41,FORWARD,ASCENDING,"(""N/A"",""N/A"",""N/A"")","(-01.065785226809,-8.565436739482,-007.054724761170)",303253922.945,"(0.090350077170,-0.992612043973,-0.080982675400)",0.047394239507,4,52.26,M3G20090811T093803_V01_L0.IMG,M3G20090811T093803_V01_BDE.IMG,M3G20090811T100003_V01_FF.IMG,147.41,u2
M3G20090811T100003,19bc,2009-08-13T21:02:50,3285,m3_igds_l0_v18.pl,18,147.34,GLOBAL,CH1-ORB-L-M3-2-L0-RAW-V1.0,2009-08-11T10:00:03,2009-08-11T10:11:38,2009-05-10T18:01:10,PRELIMINARY,m3g_l1b_v04.exe,4,1.014676854417 <AU>,147.34,FORWARD,ASCENDING,"(""N/A"",""N/A"",""N/A"")","(-01.065785226809,-8.565436739482,-007.054724761170)",303253922.945,"(0.090350077170,-0.992612043973,-0.080982675400)",0.047394239507,4,52.31,M3G20090811T093803_V01_L0.IMG,M3G20090811T093803_V01_BDE.IMG,M3G20090811T100003_V01_FF.IMG,147.34,r,,,,,,,,,,,,,,,,,,2011-09-01T02:15:01,ACTUAL,3,m3g_l1b_v04.exe,4,1.014676854417 <AU>,147.34,FORWARD,ASCENDING,"(""N/A"",""N/A"",""N/A"")","(-01.065785226809,-8.565436739482,-007.054724761170)",303253922.945,"(0.090350077170,-0.992612043973,-0.080982675400)",0.047394239507,4,52.31,M3G20090811T093803_V01_L0.IMG,M3G20090811T093803_V01_BDE.IMG,M3G20090811T100003_V01_FF.IMG,147.34,u2
M3G20090811T101138,19bc,2009-08-13T21:05:40,3286,m3_igds_l0_v18.pl,18,147.28,GLOBAL,CH1-ORB-L-M3-2-L0-RAW-V1.0,2009-08-11T10:11:38,2009-08-11T10:44:11,2009-05-10T18:01:10,PRELIMINARY,m3g_l1b_v04.exe,4,1.014668351714 <AU>,147.28,FORWARD,ASCENDING,"(""N/A"",""N/A"",""N/A"")","(-01.065785226809,-8.565436739482,-007.054724761170)",303253922.945,"(0.090350077170,-0.992612043973,-0.080982675400)",0.047394239507,4,52.31,M3G20090811T093803_V01_L0.IMG,M3G20090811T093803_V01_BDE.IMG,M3G20090811T101138_V01_FF.IMG,147.28,r,,,,,,,,,,,,,,,,,,2011-09-01T02:15:01,ACTUAL,3,m3g_l1b_v04.exe,4,1.014668351714 <AU>,147.28,FORWARD,ASCENDING,"(""N/A"",""N/A"",""N/A"")","(-01.065785226809,-8.565436739482,-007.054724761170)",303253922.945,"(0.090350077170,-0.992612043973,-0.080982675400)",0.047394239507,4,52.31,M3G20090811T093803_V01_L0.IMG,M3G20090811T093803_V01_BDE.IMG,M3G20090811T101138_V01_FF.IMG,147.28,u2
M3G20090811T135403,19bc,2009-08-13T21:13:42,3286,m3_igds_l0_v18.pl,18,147.34,GLOBAL,CH1-ORB-L-M3-2-L0-RAW-V1.0,2009-08-11T13:54:03,2009-08-11T13:54:26,,,,,,,,,,,,,,,,,,,,,,,,,,,,,,,,,,,,,,,,,,,,,,,,,,,,,,,,,,
M3G20090811T135702,19bc,2009-08-13T21:13:48,3286,m3_igds_l0_v18.pl,18,147.34,GLOBAL,CH1-ORB-L-M3-2-L0-RAW-V1.0,2009-08-11T13:57:02,2009-08-11T14:31:01,2009-05-10T18:01:10,PRELIMINARY,m3g_l1b_v04.exe,4,1.014566691694 <AU>,147.34,FORWARD,ASCENDING,"(""N/A"",""N/A"",""N/A"")","(-04.995893419955,-7.640115227811,-001.126433567221)",303269290.191,"(0.064782880795,-0.994536649934,-0.081853712768)",0.046402381532,4,52.41,M3G20090811T135403_V01_L0.IMG,M3G20090811T135403_V01_BDE.IMG,M3G20090811T135702_V01_FF.IMG,147.34,r,,,,,,,,,,,,,,,,,,2011-09-01T02:15:01,ACTUAL,3,m3g_l1b_v04.exe,4,1.014566691694 <AU>,147.34,FORWARD,ASCENDING,"(""N/A"",""N/A"",""N/A"")","(-04.995893419955,-7.640115227811,-001.126433567221)",303269290.191,"(0.064782880795,-0.994536649934,-0.081853712768)",0.046402381532,4,52.41,M3G20090811T135403_V01_L0.IMG,M3G20090811T135403_V01_BDE.IMG,M3G20090811T135702_V01_FF.IMG,147.34,u2
M3G20090812T065953,19bc,2009-08-19T22:15:15,3286,m3_igds_l0_v18.pl,18,151.48,GLOBAL,CH1-ORB-L-M3-2-L0-RAW-V1.0,2009-08-12T06:59:53,2009-08-12T07:00:16,,,,,,,,,,,,,,,,,,,,,,,,,,,,,,,,,,,,,,,,,,,,,,,,,,,,,,,,,,
M3G20090812T071513,19bc,2009-08-19T22:15:21,3286,m3_igds_l0_v18.pl,18,151.08,GLOBAL,CH1-ORB-L-M3-2-L0-RAW-V1.0,2009-08-12T07:15:13,2009-08-12T08:06:01,2009-05-10T18:01:10,PRELIMINARY,m3g_l1b_v04.exe,4,1.014075695674 <AU>,151.08,FORWARD,ASCENDING,"(""N/A"",""N/A"",""N/A"")","(-02.060504026065,-2.708036581325,-000.778780024816)",303330767.888,"(0.050853262230,-0.997946395534,0.038947880067)",0.047023485804,4,53.12,M3G20090812T065953_V01_L0.IMG,M3G20090812T065953_V01_BDE.IMG,M3G20090812T071513_V01_FF.IMG,151.08,r,,,,,,,,,,,,,,,,,,2011-09-01T02:15:01,ACTUAL,3,m3g_l1b_v04.exe,4,1.014075695674 <AU>,151.08,FORWARD,ASCENDING,"(""N/A"",""N/A"",""N/A"")","(-02.060504026065,-2.708036581325,-000.778780024816)",303330767.888,"(0.050853262230,-0.997946395534,0.038947880067)",0.047023485804,4,53.12,M3G20090812T065953_V01_L0.IMG,M3G20090812T065953_V01_BDE.IMG,M3G20090812T071513_V01_FF.IMG,151.08,u2
M3G20090812T111603,19bc,2009-08-17T17:06:15,3289,m3_igds_l0_v18.pl,18,148.8,GLOBAL,CH1-ORB-L-M3-2-L0-RAW-V1.0,2009-08-12T11:16:03,2009-08-12T11:16:26,,,,,,,,,,,,,,,,,,,,,,,,,,,,,,,,,,,,,,,,,,,,,,,,,,,,,,,,,,
M3G20090812T111903,19bc,2009-08-17T17:06:21,3289,m3_igds_l0_v18.pl,18,148.86,GLOBAL,CH1-ORB-L-M3-2-L0-RAW-V1.0,2009-08-12T11:19:03,2009-08-12T12:10:41,2009-05-10T18:01:10,PRELIMINARY,m3g_l1b_v04.exe,4,1.013958069759 <AU>,148.86,FORWARD,ASCENDING,"(""N/A"",""N/A"",""N/A"")","(00.027299223527,-0.307284170381,-000.761122947350)",303346139.766,"(0.054413036903,-0.996760741082,0.059222009865)",0.047692432227,4,53.27,M3G20090812T111603_V01_L0.IMG,M3G20090812T111603_V01_BDE.IMG,M3G20090812T111903_V01_FF.IMG,148.74,r,,,,,,,,,,,,,,,,,,2011-09-01T02:15:01,ACTUAL,3,m3g_l1b_v04.exe,4,1.013958069759 <AU>,148.74,FORWARD,ASCENDING,"(""N/A"",""N/A"",""N/A"")","(00.027299223527,-0.307284170381,-000.761122947350)",303346139.766,"(0.054413036903,-0.996760741082,0.059222009865)",0.047692432227,4,53.27,M3G20090812T111603_V01_L0.IMG,M3G20090812T111603_V01_BDE.IMG,M3G20090812T111903_V01_FF.IMG,148.74,u2
M3G20090812T153213,19bc,2009-08-13T19:38:54,3293,m3_igds_l0_v18.pl,18,147.79,GLOBAL,CH1-ORB-L-M3-2-L0-RAW-V1.0,2009-08-12T15:32:13,2009-08-12T15:32:36,,,,,,,,,,,,,,,,,,,,,,,,,,,,,,,,,,,,,,,,,,,,,,,,,,,,,,,,,,
M3G20090812T154723,19bc,2009-08-13T19:39:00,3293,m3_igds_l0_v18.pl,18,147.66,GLOBAL,CH1-ORB-L-M3-2-L0-RAW-V1.0,2009-08-12T15:47:23,2009-08-12T16:38:21,2009-05-10T18:01:10,PRELIMINARY,m3g_l1b_v04.exe,4,1.013827550351 <AU>,147.66,FORWARD,ASCENDING,"(""N/A"",""N/A"",""N/A"")","(00.593906706907,-1.741422418597,-001.026434887663)",303361511.118,"(0.060210253762,-0.996580730504,0.056582443653)",0.04749194795,4,53.45,M3G20090812T153213_V01_L0.IMG,M3G20090812T153213_V01_BDE.IMG,M3G20090812T154723_V01_FF.IMG,147.72,r,,,,,,,,,,,,,,,,,,2011-09-01T02:15:01,ACTUAL,3,m3g_l1b_v04.exe,4,1.013827550351 <AU>,147.72,FORWARD,ASCENDING,"(""N/A"",""N/A"",""N/A"")","(00.593906706907,-1.741422418597,-001.026434887663)",303361511.118,"(0.060210253762,-0.996580730504,0.056582443653)",0.04749194795,4,53.45,M3G20090812T153213_V01_L0.IMG,M3G20090812T153213_V01_BDE.IMG,M3G20090812T154723_V01_FF.IMG,147.72,u2
M3G20090812T194813,19bc,2009-08-13T19:51:23,3293,m3_igds_l0_v18.pl,18,147.28,GLOBAL,CH1-ORB-L-M3-2-L0-RAW-V1.0,2009-08-12T19:48:13,2009-08-12T19:48:36,,,,,,,,,,,,,,,,,,,,,,,,,,,,,,,,,,,,,,,,,,,,,,,,,,,,,,,,,,
M3G20090812T195113,19bc,2009-08-13T19:51:29,3293,m3_igds_l0_v18.pl,18,147.16,GLOBAL,CH1-ORB-L-M3-2-L0-RAW-V1.0,2009-08-12T19:51:13,2009-08-12T19:54:16,2009-05-10T18:01:10,PRELIMINARY,m3g_l1b_v04.exe,4,1.013724564122 <AU>,147.16,FORWARD,ASCENDING,"(""N/A"",""N/A"",""N/A"")","(-00.421298682442,-1.807316035935,-000.778492183874)",303376881.965,"(0.051081195917,-0.997673350813,0.045150819502)",0.047774981618,4,53.6,M3G20090812T194813_V01_L0.IMG,M3G20090812T194813_V01_BDE.IMG,M3G20090812T195416_V01_FF.IMG,147.28,r,,,,,,,,,,,,,,,,,,2011-09-01T02:15:01,ACTUAL,3,m3g_l1b_v04.exe,4,1.013724564122 <AU>,147.28,FORWARD,ASCENDING,"(""N/A"",""N/A"",""N/A"")","(-00.421298682442,-1.807316035935,-000.778492183874)",303376881.965,"(0.051081195917,-0.997673350813,0.045150819502)",0.047774981618,4,53.6,M3G20090812T194813_V01_L0.IMG,M3G20090812T194813_V01_BDE.IMG,M3G20090812T195416_V01_FF.IMG,147.28,u2
M3G20090812T195416,19bc,2009-08-13T19:52:12,3294,m3_igds_l0_v18.pl,18,147.16,GLOBAL,CH1-ORB-L-M3-2-L0-RAW-V1.0,2009-08-12T19:54:16,2009-08-12T20:43:01,2009-05-10T18:01:10,PRELIMINARY,m3g_l1b_v04.exe,4,1.013706830572 <AU>,147.16,FORWARD,ASCENDING,"(""N/A"",""N/A"",""N/A"")","(-00.421298682442,-1.807316035935,-000.778492183874)",303376881.965,"(0.051081195917,-0.997673350813,0.045150819502)",0.047774981618,4,53.6,M3G20090812T194813_V01_L0.IMG,M3G20090812T194813_V01_BDE.IMG,M3G20090812T195416_V01_FF.IMG,147.22,r,,,,,,,,,,,,,,,,,,2011-09-01T02:15:01,ACTUAL,3,m3g_l1b_v04.exe,4,1.013706830572 <AU>,147.22,FORWARD,ASCENDING,"(""N/A"",""N/A"",""N/A"")","(-00.421298682442,-1.807316035935,-000.778492183874)",303376881.965,"(0.051081195917,-0.997673350813,0.045150819502)",0.047774981618,4,53.6,M3G20090812T194813_V01_L0.IMG,M3G20090812T194813_V01_BDE.IMG,M3G20090812T195416_V01_FF.IMG,147.22,u2
M3G20090813T000433,19bc,2009-08-15T05:55:59,3296,m3_igds_l0_v18.pl,18,146.85,GLOBAL,CH1-ORB-L-M3-2-L0-RAW-V1.0,2009-08-13T00:04:33,2009-08-13T00:04:56,,,,,,,,,,,,,,,,,,,,,,,,,,,,,,,,,,,,,,,,,,,,,,,,,,,,,,,,,,
M3G20090813T001943,19bc,2009-08-15T05:56:04,3296,m3_igds_l0_v18.pl,18,146.79,GLOBAL,CH1-ORB-L-M3-2-L0-RAW-V1.0,2009-08-13T00:19:43,2009-08-13T01:10:41,2009-05-10T18:01:10,PRELIMINARY,m3g_l1b_v04.exe,4,1.013575216121 <AU>,146.79,FORWARD,ASCENDING,"(""N/A"",""N/A"",""N/A"")","(00.192694449386,-3.283840700217,-001.997719823380)",303392252.237,"(0.057664077892,-0.997402776673,0.043157330841)",0.047546587122,4,53.78,M3G20090813T000433_V01_L0.IMG,M3G20090813T000433_V01_BDE.IMG,M3G20090813T001943_V01_FF.IMG,146.73,r,,,,,,,,,,,,,,,,,,2011-09-01T02:15:01,ACTUAL,3,m3g_l1b_v04.exe,4,1.013575216121 <AU>,146.73,FORWARD,ASCENDING,"(""N/A"",""N/A"",""N/A"")","(00.192694449386,-3.283840700217,-001.997719823380)",303392252.237,"(0.057664077892,-0.997402776673,0.043157330841)",0.047546587122,4,53.78,M3G20090813T000433_V01_L0.IMG,M3G20090813T000433_V01_BDE.IMG,M3G20090813T001943_V01_FF.IMG,146.73,u2
M3G20090813T042033,19bc,2009-08-17T17:18:40,3298,m3_igds_l0_v18.pl,18,146.61,GLOBAL,CH1-ORB-L-M3-2-L0-RAW-V1.0,2009-08-13T04:20:33,2009-08-13T04:20:56,,,,,,,,,,,,,,,,,,,,,,,,,,,,,,,,,,,,,,,,,,,,,,,,,,,,,,,,,,
M3G20090813T042332,19bc,2009-08-17T17:18:44,3298,m3_igds_l0_v18.pl,18,146.55,GLOBAL,CH1-ORB-L-M3-2-L0-RAW-V1.0,2009-08-13T04:23:32,2009-08-13T05:15:21,2009-05-10T18:01:10,PRELIMINARY,m3g_l1b_v04.exe,4,1.013453953946 <AU>,146.55,FORWARD,ASCENDING,"(""N/A"",""N/A"",""N/A"")","(-00.341109774223,-3.578398525215,-001.955292850344)",303407622.163,"(0.054604323779,-0.997687864774,0.040463468803)",0.047771517962,4,53.98,M3G20090813T042033_V01_L0.IMG,M3G20090813T042033_V01_BDE.IMG,M3G20090813T042332_V01_FF.IMG,146.61,r,,,,,,,,,,,,,,,,,,2011-09-01T02:15:01,ACTUAL,3,m3g_l1b_v04.exe,4,1.013453953946 <AU>,146.61,FORWARD,ASCENDING,"(""N/A"",""N/A"",""N/A"")","(-00.341109774223,-3.578398525215,-001.955292850344)",303407622.163,"(0.054604323779,-0.997687864774,0.040463468803)",0.047771517962,4,53.98,M3G20090813T042033_V01_L0.IMG,M3G20090813T042033_V01_BDE.IMG,M3G20090813T042332_V01_FF.IMG,146.61,u2
M3G20090813T125243,19bc,2009-08-15T06:08:43,3305,m3_igds_l0_v18.pl,18,146.24,GLOBAL,CH1-ORB-L-M3-2-L0-RAW-V1.0,2009-08-13T12:52:43,2009-08-13T12:53:06,,,,,,,,,,,,,,,,,,,,,,,,,,,,,,,,,,,,,,,,,,,,,,,,,,,,,,,,,,
M3G20090813T125543,19bc,2009-08-15T06:08:49,3305,m3_igds_l0_v18.pl,18,146.18,GLOBAL,CH1-ORB-L-M3-2-L0-RAW-V1.0,2009-08-13T12:55:43,2009-08-13T13:28:06,2009-05-10T18:01:10,PRELIMINARY,m3g_l1b_v04.exe,4,1.013203159449 <AU>,146.18,FORWARD,ASCENDING,"(""N/A"",""N/A"",""N/A"")","(-00.195867964884,1.348319651497,-002.262738032019)",303438361.365,"(0.057863342521,-0.998044850192,0.023628597042)",0.047760989923,4,54.26,M3G20090813T125243_V01_L0.IMG,M3G20090813T125243_V01_BDE.IMG,M3G20090813T125543_V01_FF.IMG,146.18,r,,,,,,,,,,,,,,,,,,2011-09-01T02:15:01,ACTUAL,3,m3g_l1b_v04.exe,4,1.013203159449 <AU>,146.18,FORWARD,ASCENDING,"(""N/A"",""N/A"",""N/A"")","(-00.195867964884,1.348319651497,-002.262738032019)",303438361.365,"(0.057863342521,-0.998044850192,0.023628597042)",0.047760989923,4,54.26,M3G20090813T125243_V01_L0.IMG,M3G20090813T125243_V01_BDE.IMG,M3G20090813T125543_V01_FF.IMG,146.18,u2
M3G20090813T132807,19bc,2009-08-17T17:50:30,3307,m3_igds_l0_v18.pl,18,146.12,GLOBAL,CH1-ORB-L-M3-2-L0-RAW-V1.0,2009-08-13T13:28:07,2009-08-13T13:47:31,2009-05-10T18:01:10,PRELIMINARY,m3g_l1b_v04.exe,4,1.013188484142 <AU>,146.12,FORWARD,ASCENDING,"(""N/A"",""N/A"",""N/A"")","(-00.195867964884,1.348319651497,-002.262738032019)",303438361.365,"(0.057863342521,-0.998044850192,0.023628597042)",0.047760989923,4,54.31,M3G20090813T125243_V01_L0.IMG,M3G20090813T125243_V01_BDE.IMG,M3G20090813T132807_V01_FF.IMG,146.12,r,,,,,,,,,,,,,,,,,,2011-09-01T02:15:01,ACTUAL,3,m3g_l1b_v04.exe,4,1.013188484142 <AU>,146.12,FORWARD,ASCENDING,"(""N/A"",""N/A"",""N/A"")","(-00.195867964884,1.348319651497,-002.262738032019)",303438361.365,"(0.057863342521,-0.998044850192,0.023628597042)",0.047760989923,4,54.31,M3G20090813T125243_V01_L0.IMG,M3G20090813T125243_V01_BDE.IMG,M3G20090813T132807_V01_FF.IMG,146.12,u2
M3G20090813T170853,19bc,2009-08-17T17:55:14,3307,m3_igds_l0_v18.pl,18,146.06,GLOBAL,CH1-ORB-L-M3-2-L0-RAW-V1.0,2009-08-13T17:08:53,2009-08-13T17:09:16,,,,,,,,,,,,,,,,,,,,,,,,,,,,,,,,,,,,,,,,,,,,,,,,,,,,,,,,,,
M3G20090813T172403,19bc,2009-08-17T17:55:20,3307,m3_igds_l0_v18.pl,18,146.06,GLOBAL,CH1-ORB-L-M3-2-L0-RAW-V1.0,2009-08-13T17:24:03,2009-08-13T18:15:01,2009-05-10T18:01:10,PRELIMINARY,m3g_l1b_v04.exe,4,1.013062828648 <AU>,146.06,FORWARD,ASCENDING,"(""N/A"",""N/A"",""N/A"")","(-00.249029221705,-0.965509257454,-003.178369589781)",303453730.747,"(0.063015283755,-0.997912474290,0.014133919113)",0.0476056334,4,54.51,M3G20090813T170853_V01_L0.IMG,M3G20090813T170853_V01_BDE.IMG,M3G20090813T172403_V01_FF.IMG,146.18,r,,,,,,,,,,,,,,,,,,2011-09-01T02:15:01,ACTUAL,3,m3g_l1b_v04.exe,4,1.013062828648 <AU>,146.18,FORWARD,ASCENDING,"(""N/A"",""N/A"",""N/A"")","(-00.249029221705,-0.965509257454,-003.178369589781)",303453730.747,"(0.063015283755,-0.997912474290,0.014133919113)",0.0476056334,4,54.51,M3G20090813T170853_V01_L0.IMG,M3G20090813T170853_V01_BDE.IMG,M3G20090813T172403_V01_FF.IMG,146.18,u2
M3G20090813T212453,19bc,2009-08-17T18:07:34,3307,m3_igds_l0_v18.pl,18,145.81,GLOBAL,CH1-ORB-L-M3-2-L0-RAW-V1.0,2009-08-13T21:24:53,2009-08-13T21:25:16,,,,,,,,,,,,,,,,,,,,,,,,,,,,,,,,,,,,,,,,,,,,,,,,,,,,,,,,,,
M3G20090813T212753,19bc,2009-08-17T18:07:39,3307,m3_igds_l0_v18.pl,18,145.81,GLOBAL,CH1-ORB-L-M3-2-L0-RAW-V1.0,2009-08-13T21:27:53,2009-08-13T21:32:29,2009-05-10T18:01:10,PRELIMINARY,m3g_l1b_v04.exe,4,1.012956293962 <AU>,145.81,FORWARD,ASCENDING,"(""N/A"",""N/A"",""N/A"")","(-00.181314219359,-3.245839435461,-003.551513591295)",303469100.118,"(0.064471973464,-0.997863972594,0.010528857297)",0.047534050755,4,54.64,M3G20090813T212453_V01_L0.IMG,M3G20090813T212453_V01_BDE.IMG,M3G20090813T213525_V01_FF.IMG,145.81,r,,,,,,,,,,,,,,,,,,2011-09-01T02:15:01,ACTUAL,3,m3g_l1b_v04.exe,4,1.012956293962 <AU>,145.81,FORWARD,ASCENDING,"(""N/A"",""N/A"",""N/A"")","(-00.181314219359,-3.245839435461,-003.551513591295)",303469100.118,"(0.064471973464,-0.997863972594,0.010528857297)",0.047534050755,4,54.64,M3G20090813T212453_V01_L0.IMG,M3G20090813T212453_V01_BDE.IMG,M3G20090813T213525_V01_FF.IMG,145.81,u2
M3G20090813T213525,19bc,2009-08-17T18:08:43,3309,m3_igds_l0_v18.pl,18,145.75,GLOBAL,CH1-ORB-L-M3-2-L0-RAW-V1.0,2009-08-13T21:35:25,2009-08-13T22:19:41,2009-05-10T18:01:10,PRELIMINARY,m3g_l1b_v04.exe,4,1.012937382318 <AU>,145.75,FORWARD,ASCENDING,"(""N/A"",""N/A"",""N/A"")","(-00.181314219359,-3.245839435461,-003.551513591295)",303469100.118,"(0.064471973464,-0.997863972594,0.010528857297)",0.047534050755,4,54.64,M3G20090813T212453_V01_L0.IMG,M3G20090813T212453_V01_BDE.IMG,M3G20090813T213525_V01_FF.IMG,145.81,r,,,,,,,,,,,,,,,,,,2011-09-01T02:15:01,ACTUAL,3,m3g_l1b_v04.exe,4,1.012937382318 <AU>,145.81,FORWARD,ASCENDING,"(""N/A"",""N/A"",""N/A"")","(-00.181314219359,-3.245839435461,-003.551513591295)",303469100.118,"(0.064471973464,-0.997863972594,0.010528857297)",0.047534050755,4,54.64,M3G20090813T212453_V01_L0.IMG,M3G20090813T212453_V01_BDE.IMG,M3G20090813T213525_V01_FF.IMG,145.81,u2
M3G20090814T014103,19bc,2009-08-17T18:19:30,3309,m3_igds_l0_v18.pl,18,145.69,GLOBAL,CH1-ORB-L-M3-2-L0-RAW-V1.0,2009-08-14T01:41:03,2009-08-14T01:41:26,,,,,,,,,,,,,,,,,,,,,,,,,,,,,,,,,,,,,,,,,,,,,,,,,,,,,,,,,,
M3G20090814T015612,19bc,2009-08-17T18:19:36,3309,m3_igds_l0_v18.pl,18,145.57,GLOBAL,CH1-ORB-L-M3-2-L0-RAW-V1.0,2009-08-14T01:56:12,2009-08-14T02:03:36,2009-05-10T18:01:10,PRELIMINARY,m3g_l1b_v04.exe,4,1.012816320624 <AU>,145.57,FORWARD,ASCENDING,"(""N/A"",""N/A"",""N/A"")","(00.757426888667,-5.182617481444,-004.331057395159)",303484469.683,"(0.068778944062,-0.997560529600,0.011935101072)",0.047635137471,4,54.79,M3G20090814T014103_V01_L0.IMG,M3G20090814T014103_V01_BDE.IMG,M3G20090814T020525_V01_FF.IMG,145.63,r,,,,,,,,,,,,,,,,,,2011-09-01T02:15:01,ACTUAL,3,m3g_l1b_v04.exe,4,1.012816320624 <AU>,145.63,FORWARD,ASCENDING,"(""N/A"",""N/A"",""N/A"")","(00.757426888667,-5.182617481444,-004.331057395159)",303484469.683,"(0.068778944062,-0.997560529600,0.011935101072)",0.047635137471,4,54.79,M3G20090814T014103_V01_L0.IMG,M3G20090814T014103_V01_BDE.IMG,M3G20090814T020525_V01_FF.IMG,145.63,u2
M3G20090814T020445,19bc,2009-08-17T18:21:20,3309,m3_igds_l0_v18.pl,18,145.63,GLOBAL,CH1-ORB-L-M3-2-L0-RAW-V1.0,2009-08-14T02:04:45,2009-08-14T02:05:25,2009-05-10T18:01:10,PRELIMINARY,m3g_l1b_v04.exe,4,1.012812467796 <AU>,145.63,FORWARD,ASCENDING,"(""N/A"",""N/A"",""N/A"")","(00.757426888667,-5.182617481444,-004.331057395159)",303484469.683,"(0.068778944062,-0.997560529600,0.011935101072)",0.047635137471,4,54.84,M3G20090814T014103_V01_L0.IMG,M3G20090814T014103_V01_BDE.IMG,M3G20090814T020525_V01_FF.IMG,145.63,r,,,,,,,,,,,,,,,,,,2011-09-01T02:15:01,ACTUAL,3,m3g_l1b_v04.exe,4,1.012812467796 <AU>,145.63,FORWARD,ASCENDING,"(""N/A"",""N/A"",""N/A"")","(00.757426888667,-5.182617481444,-004.331057395159)",303484469.683,"(0.068778944062,-0.997560529600,0.011935101072)",0.047635137471,4,54.84,M3G20090814T014103_V01_L0.IMG,M3G20090814T014103_V01_BDE.IMG,M3G20090814T020525_V01_FF.IMG,145.63,u2
M3G20090814T020525,19bc,2009-08-17T18:21:29,3309,m3_igds_l0_v18.pl,18,145.63,GLOBAL,CH1-ORB-L-M3-2-L0-RAW-V1.0,2009-08-14T02:05:25,2009-08-14T02:15:20,2009-05-10T18:01:10,PRELIMINARY,m3g_l1b_v04.exe,4,1.012809051472 <AU>,145.63,FORWARD,ASCENDING,"(""N/A"",""N/A"",""N/A"")","(00.757426888667,-5.182617481444,-004.331057395159)",303484469.683,"(0.068778944062,-0.997560529600,0.011935101072)",0.047635137471,4,54.84,M3G20090814T014103_V01_L0.IMG,M3G20090814T014103_V01_BDE.IMG,M3G20090814T020525_V01_FF.IMG,145.63,r,,,,,,,,,,,,,,,,,,2011-09-01T02:15:01,ACTUAL,3,m3g_l1b_v04.exe,4,1.012809051472 <AU>,145.63,FORWARD,ASCENDING,"(""N/A"",""N/A"",""N/A"")","(00.757426888667,-5.182617481444,-004.331057395159)",303484469.683,"(0.068778944062,-0.997560529600,0.011935101072)",0.047635137471,4,54.84,M3G20090814T014103_V01_L0.IMG,M3G20090814T014103_V01_BDE.IMG,M3G20090814T020525_V01_FF.IMG,145.63,u2
M3G20090814T021520,19bc,2009-08-17T17:31:17,3309,m3_igds_l0_v18.pl,18,145.63,GLOBAL,CH1-ORB-L-M3-2-L0-RAW-V1.0,2009-08-14T02:15:20,2009-08-14T02:47:21,2009-05-10T18:01:10,PRELIMINARY,m3g_l1b_v04.exe,4,1.012800261567 <AU>,145.63,FORWARD,ASCENDING,"(""N/A"",""N/A"",""N/A"")","(00.757426888667,-5.182617481444,-004.331057395159)",303484469.683,"(0.068778944062,-0.997560529600,0.011935101072)",0.047635137471,4,54.84,M3G20090814T014103_V01_L0.IMG,M3G20090814T014103_V01_BDE.IMG,M3G20090814T021520_V01_FF.IMG,145.63,r,,,,,,,,,,,,,,,,,,2011-09-01T02:15:01,ACTUAL,3,m3g_l1b_v04.exe,4,1.012800261567 <AU>,145.63,FORWARD,ASCENDING,"(""N/A"",""N/A"",""N/A"")","(00.757426888667,-5.182617481444,-004.331057395159)",303484469.683,"(0.068778944062,-0.997560529600,0.011935101072)",0.047635137471,4,54.84,M3G20090814T014103_V01_L0.IMG,M3G20090814T014103_V01_BDE.IMG,M3G20090814T021520_V01_FF.IMG,145.63,u2
M3G20090814T055713,19bc,2009-08-17T17:38:59,3309,m3_igds_l0_v18.pl,18,145.51,GLOBAL,CH1-ORB-L-M3-2-L0-RAW-V1.0,2009-08-14T05:57:13,2009-08-14T05:57:36,,,,,,,,,,,,,,,,,,,,,,,,,,,,,,,,,,,,,,,,,,,,,,,,,,,,,,,,,,
M3G20090814T060013,19bc,2009-08-17T17:39:04,3309,m3_igds_l0_v18.pl,18,145.51,GLOBAL,CH1-ORB-L-M3-2-L0-RAW-V1.0,2009-08-14T06:00:13,2009-08-14T06:07:01,2009-05-10T18:01:10,PRELIMINARY,m3g_l1b_v04.exe,4,1.012697275452 <AU>,145.51,FORWARD,ASCENDING,"(""N/A"",""N/A"",""N/A"")","(00.366645969853,-8.186450961420,-004.305276338825)",303499839.427,"(0.070388487836,-0.997516913398,0.002338432230)",0.047720929253,4,54.98,M3G20090814T055713_V01_L0.IMG,M3G20090814T055713_V01_BDE.IMG,M3G20090814T061444_V01_FF.IMG,145.45,r,,,,,,,,,,,,,,,,,,2011-09-01T02:15:01,ACTUAL,3,m3g_l1b_v04.exe,4,1.012697275452 <AU>,145.45,FORWARD,ASCENDING,"(""N/A"",""N/A"",""N/A"")","(00.366645969853,-8.186450961420,-004.305276338825)",303499839.427,"(0.070388487836,-0.997516913398,0.002338432230)",0.047720929253,4,54.98,M3G20090814T055713_V01_L0.IMG,M3G20090814T055713_V01_BDE.IMG,M3G20090814T061444_V01_FF.IMG,145.45,u2
M3G20090814T060756,19bc,2009-08-17T17:40:35,3309,m3_igds_l0_v18.pl,18,145.39,GLOBAL,CH1-ORB-L-M3-2-L0-RAW-V1.0,2009-08-14T06:07:56,2009-08-14T06:11:21,2009-05-10T18:01:10,PRELIMINARY,m3g_l1b_v04.exe,4,1.012692300048 <AU>,145.39,FORWARD,ASCENDING,"(""N/A"",""N/A"",""N/A"")","(00.366645969853,-8.186450961420,-004.305276338825)",303499839.427,"(0.070388487836,-0.997516913398,0.002338432230)",0.047720929253,4,54.98,M3G20090814T055713_V01_L0.IMG,M3G20090814T055713_V01_BDE.IMG,M3G20090814T061444_V01_FF.IMG,145.39,r,,,,,,,,,,,,,,,,,,2011-09-01T02:15:01,ACTUAL,3,m3g_l1b_v04.exe,4,1.012692300048 <AU>,145.39,FORWARD,ASCENDING,"(""N/A"",""N/A"",""N/A"")","(00.366645969853,-8.186450961420,-004.305276338825)",303499839.427,"(0.070388487836,-0.997516913398,0.002338432230)",0.047720929253,4,54.98,M3G20090814T055713_V01_L0.IMG,M3G20090814T055713_V01_BDE.IMG,M3G20090814T061444_V01_FF.IMG,145.39,u2
M3G20090814T061121,19bc,2009-08-17T17:41:24,3309,m3_igds_l0_v18.pl,18,145.39,GLOBAL,CH1-ORB-L-M3-2-L0-RAW-V1.0,2009-08-14T06:11:21,2009-08-14T06:12:49,2009-05-10T18:01:10,PRELIMINARY,m3g_l1b_v04.exe,4,1.012690516302 <AU>,145.39,FORWARD,ASCENDING,"(""N/A"",""N/A"",""N/A"")","(00.366645969853,-8.186450961420,-004.305276338825)",303499839.427,"(0.070388487836,-0.997516913398,0.002338432230)",0.047720929253,4,54.98,M3G20090814T055713_V01_L0.IMG,M3G20090814T055713_V01_BDE.IMG,M3G20090814T061444_V01_FF.IMG,145.39,r,,,,,,,,,,,,,,,,,,2011-09-01T02:15:01,ACTUAL,3,m3g_l1b_v04.exe,4,1.012690516302 <AU>,145.39,FORWARD,ASCENDING,"(""N/A"",""N/A"",""N/A"")","(00.366645969853,-8.186450961420,-004.305276338825)",303499839.427,"(0.070388487836,-0.997516913398,0.002338432230)",0.047720929253,4,54.98,M3G20090814T055713_V01_L0.IMG,M3G20090814T055713_V01_BDE.IMG,M3G20090814T061444_V01_FF.IMG,145.39,u2
M3G20090814T061444,19bc,2009-08-17T17:41:38,3309,m3_igds_l0_v18.pl,18,145.51,GLOBAL,CH1-ORB-L-M3-2-L0-RAW-V1.0,2009-08-14T06:14:44,2009-08-14T06:51:51,2009-05-10T18:01:10,PRELIMINARY,m3g_l1b_v04.exe,4,1.012677260757 <AU>,145.51,FORWARD,ASCENDING,"(""N/A"",""N/A"",""N/A"")","(00.366645969853,-8.186450961420,-004.305276338825)",303499839.427,"(0.070388487836,-0.997516913398,0.002338432230)",0.047720929253,4,54.98,M3G20090814T055713_V01_L0.IMG,M3G20090814T055713_V01_BDE.IMG,M3G20090814T061444_V01_FF.IMG,145.39,r,,,,,,,,,,,,,,,,,,2011-09-01T02:15:01,ACTUAL,3,m3g_l1b_v04.exe,4,1.012677260757 <AU>,145.39,FORWARD,ASCENDING,"(""N/A"",""N/A"",""N/A"")","(00.366645969853,-8.186450961420,-004.305276338825)",303499839.427,"(0.070388487836,-0.997516913398,0.002338432230)",0.047720929253,4,54.98,M3G20090814T055713_V01_L0.IMG,M3G20090814T055713_V01_BDE.IMG,M3G20090814T061444_V01_FF.IMG,145.39,u2
M3G20090814T102823,19bc,2009-08-18T20:06:28,3319,m3_igds_l0_v18.pl,18,145.27,GLOBAL,CH1-ORB-L-M3-2-L0-RAW-V1.0,2009-08-14T10:28:23,2009-08-14T11:14:59,2009-05-10T18:01:10,PRELIMINARY,m3g_l1b_v04.exe,4,1.012547874374 <AU>,145.27,FORWARD,ASCENDING,"(""N/A"",""N/A"",""N/A"")","(00.240545802974,-10.977138234587,-006.000518910641)",303515209.114,"(0.075788974792,-0.997066241429,-0.010721077452)",0.047449396555,4,55.17,M3G20090814T055713_V01_L0.IMG,M3G20090814T055713_V01_BDE.IMG,M3G20090814T102823_V01_FF.IMG,145.27,r,,,,,,,,,,,,,,,,,,2011-09-01T02:15:01,ACTUAL,3,m3g_l1b_v04.exe,4,1.012547874374 <AU>,145.27,FORWARD,ASCENDING,"(""N/A"",""N/A"",""N/A"")","(00.240545802974,-10.977138234587,-006.000518910641)",303515209.114,"(0.075788974792,-0.997066241429,-0.010721077452)",0.047449396555,4,55.17,M3G20090814T055713_V01_L0.IMG,M3G20090814T055713_V01_BDE.IMG,M3G20090814T102823_V01_FF.IMG,145.27,u2
M3G20090814T111459,19bc,2009-08-18T20:17:47,3320,m3_igds_l0_v18.pl,18,145.45,GLOBAL,CH1-ORB-L-M3-2-L0-RAW-V1.0,2009-08-14T11:15:00,2009-08-14T11:19:31,2009-05-10T18:01:10,PRELIMINARY,m3g_l1b_v04.exe,4,1.012539018202 <AU>,145.45,FORWARD,ASCENDING,"(""N/A"",""N/A"",""N/A"")","(00.240545802974,-10.977138234587,-006.000518910641)",303515209.114,"(0.075788974792,-0.997066241429,-0.010721077452)",0.047449396555,4,55.17,M3G20090814T055713_V01_L0.IMG,M3G20090814T055713_V01_BDE.IMG,M3G20090814T102823_V01_FF.IMG,145.45,r,,,,,,,,,,,,,,,,,,2011-09-01T02:15:01,ACTUAL,3,m3g_l1b_v04.exe,4,1.012539018202 <AU>,145.45,FORWARD,ASCENDING,"(""N/A"",""N/A"",""N/A"")","(00.240545802974,-10.977138234587,-006.000518910641)",303515209.114,"(0.075788974792,-0.997066241429,-0.010721077452)",0.047449396555,4,55.17,M3G20090814T055713_V01_L0.IMG,M3G20090814T055713_V01_BDE.IMG,M3G20090814T102823_V01_FF.IMG,145.45,u2
M3G20090815T073441,19bc,2009-08-18T19:29:26,3321,m3_igds_l0_v18.pl,18,147.72,GLOBAL,CH1-ORB-L-M3-2-L0-RAW-V1.0,2009-08-15T07:34:41,2009-08-15T07:35:05,,,,,,,,,,,,,,,,,,,,,,,,,,,,,,,,,,,,,,,,,,,,,,,,,,,,,,,,,,
M3G20090815T074952,19bc,2009-08-18T19:29:32,3321,m3_igds_l0_v18.pl,18,147.59,GLOBAL,CH1-ORB-L-M3-2-L0-RAW-V1.0,2009-08-15T07:49:52,2009-08-15T08:37:31,2009-05-10T18:01:10,PRELIMINARY,m3g_l1b_v04.exe,4,1.011912978528 <AU>,147.59,FORWARD,ASCENDING,"(""N/A"",""N/A"",""N/A"")","(01.465236308271,4.767640127343,-001.982761826543)",303592060.182,"(0.072498348207,-0.995879667071,0.054476400593)",0.047292918943,4,55.98,M3G20090815T073441_V01_L0.IMG,M3G20090815T073441_V01_BDE.IMG,M3G20090815T074952_V01_FF.IMG,147.59,r,,,,,,,,,,,,,,,,,,2011-09-01T02:15:01,ACTUAL,3,m3g_l1b_v04.exe,4,1.011912978528 <AU>,147.59,FORWARD,ASCENDING,"(""N/A"",""N/A"",""N/A"")","(01.465236308271,4.767640127343,-001.982761826543)",303592060.182,"(0.072498348207,-0.995879667071,0.054476400593)",0.047292918943,4,55.98,M3G20090815T073441_V01_L0.IMG,M3G20090815T073441_V01_BDE.IMG,M3G20090815T074952_V01_FF.IMG,147.59,u2
M3G20090815T083731,19bc,2009-08-18T19:40:49,3323,m3_igds_l0_v18.pl,18,147.16,GLOBAL,CH1-ORB-L-M3-2-L0-RAW-V1.0,2009-08-15T08:37:31,2009-08-15T08:41:00,2009-05-10T18:01:10,PRELIMINARY,m3g_l1b_v04.exe,4,1.011904849824 <AU>,147.16,FORWARD,ASCENDING,"(""N/A"",""N/A"",""N/A"")","(01.465236308271,4.767640127343,-001.982761826543)",303592060.182,"(0.072498348207,-0.995879667071,0.054476400593)",0.047292918943,4,56.03,M3G20090815T073441_V01_L0.IMG,M3G20090815T073441_V01_BDE.IMG,M3G20090815T074952_V01_FF.IMG,147.16,r,,,,,,,,,,,,,,,,,,2011-09-01T02:15:01,ACTUAL,3,m3g_l1b_v04.exe,4,1.011904849824 <AU>,147.16,FORWARD,ASCENDING,"(""N/A"",""N/A"",""N/A"")","(01.465236308271,4.767640127343,-001.982761826543)",303592060.182,"(0.072498348207,-0.995879667071,0.054476400593)",0.047292918943,4,56.03,M3G20090815T073441_V01_L0.IMG,M3G20090815T073441_V01_BDE.IMG,M3G20090815T074952_V01_FF.IMG,147.16,u2
M3G20090815T115051,19bc,2009-08-18T19:41:37,3323,m3_igds_l0_v18.pl,18,146.12,GLOBAL,CH1-ORB-L-M3-2-L0-RAW-V1.0,2009-08-15T11:50:52,2009-08-15T11:51:15,,,,,,,,,,,,,,,,,,,,,,,,,,,,,,,,,,,,,,,,,,,,,,,,,,,,,,,,,,
M3G20090815T115352,19bc,2009-08-18T19:41:42,3323,m3_igds_l0_v18.pl,18,146.12,GLOBAL,CH1-ORB-L-M3-2-L0-RAW-V1.0,2009-08-15T11:53:52,2009-08-15T12:45:40,2009-05-10T18:01:10,PRELIMINARY,m3g_l1b_v04.exe,4,1.011794074952 <AU>,146.12,FORWARD,ASCENDING,"(""N/A"",""N/A"",""N/A"")","(00.818261771926,4.588493864667,-001.160058728404)",303607433.356,"(0.067319257598,-0.996264806264,0.054079139753)",0.047574826881,4,56.17,M3G20090815T115051_V01_L0.IMG,M3G20090815T115051_V01_BDE.IMG,M3G20090815T115352_V01_FF.IMG,146.18,r,,,,,,,,,,,,,,,,,,2011-09-01T02:15:01,ACTUAL,3,m3g_l1b_v04.exe,4,1.011794074952 <AU>,146.18,FORWARD,ASCENDING,"(""N/A"",""N/A"",""N/A"")","(00.818261771926,4.588493864667,-001.160058728404)",303607433.356,"(0.067319257598,-0.996264806264,0.054079139753)",0.047574826881,4,56.17,M3G20090815T115051_V01_L0.IMG,M3G20090815T115051_V01_BDE.IMG,M3G20090815T115352_V01_FF.IMG,146.18,u2
M3G20090815T160702,19bc,2009-08-18T19:54:00,3323,m3_igds_l0_v18.pl,18,145.57,GLOBAL,CH1-ORB-L-M3-2-L0-RAW-V1.0,2009-08-15T16:07:02,2009-08-15T16:07:25,,,,,,,,,,,,,,,,,,,,,,,,,,,,,,,,,,,,,,,,,,,,,,,,,,,,,,,,,,
M3G20090815T162202,19bc,2009-08-18T19:54:06,3323,m3_igds_l0_v18.pl,18,145.57,GLOBAL,CH1-ORB-L-M3-2-L0-RAW-V1.0,2009-08-15T16:22:02,2009-08-15T17:13:20,2009-05-10T18:01:10,PRELIMINARY,m3g_l1b_v04.exe,4,1.011665907076 <AU>,145.57,FORWARD,ASCENDING,"(""N/A"",""N/A"",""N/A"")","(01.345885550212,3.376839263612,-002.210485239158)",303622806.869,"(0.075293602045,-0.995938706066,0.049365648479)",0.047383042708,4,56.36,M3G20090815T160702_V01_L0.IMG,M3G20090815T160702_V01_BDE.IMG,M3G20090815T162202_V01_FF.IMG,145.57,r,,,,,,,,,,,,,,,,,,2011-09-01T02:15:01,ACTUAL,3,m3g_l1b_v04.exe,4,1.011665907076 <AU>,145.57,FORWARD,ASCENDING,"(""N/A"",""N/A"",""N/A"")","(01.345885550212,3.376839263612,-002.210485239158)",303622806.869,"(0.075293602045,-0.995938706066,0.049365648479)",0.047383042708,4,56.36,M3G20090815T160702_V01_L0.IMG,M3G20090815T160702_V01_BDE.IMG,M3G20090815T162202_V01_FF.IMG,145.57,u2
M3G20090815T202301,19bc,2009-08-18T20:18:53,3342,m3_igds_l0_v18.pl,18,145.27,GLOBAL,CH1-ORB-L-M3-2-L0-RAW-V1.0,2009-08-15T20:23:01,2009-08-15T20:23:25,,,,,,,,,,,,,,,,,,,,,,,,,,,,,,,,,,,,,,,,,,,,,,,,,,,,,,,,,,
M3G20090815T202602,19bc,2009-08-18T20:18:58,3342,m3_igds_l0_v18.pl,18,145.27,GLOBAL,CH1-ORB-L-M3-2-L0-RAW-V1.0,2009-08-15T20:26:02,2009-08-15T20:52:42,2009-05-10T18:01:10,PRELIMINARY,m3g_l1b_v04.exe,4,1.011557426720 <AU>,145.27,FORWARD,ASCENDING,"(""N/A"",""N/A"",""N/A"")","(01.389004288509,2.361934604279,-001.882739196228)",303638180.754,"(0.082048968337,-0.995632549382,0.044539795765)",0.04741563681,4,56.5,M3G20090815T202301_V01_L0.IMG,M3G20090815T202301_V01_BDE.IMG,M3G20090815T202602_V01_FF.IMG,145.27,r,,,,,,,,,,,,,,,,,,2011-09-01T02:15:01,ACTUAL,3,m3g_l1b_v04.exe,4,1.011557426720 <AU>,145.27,FORWARD,ASCENDING,"(""N/A"",""N/A"",""N/A"")","(01.389004288509,2.361934604279,-001.882739196228)",303638180.754,"(0.082048968337,-0.995632549382,0.044539795765)",0.04741563681,4,56.5,M3G20090815T202301_V01_L0.IMG,M3G20090815T202301_V01_BDE.IMG,M3G20090815T202602_V01_FF.IMG,145.27,u2
M3G20090815T205242,19bc,2009-08-18T20:25:22,3343,m3_igds_l0_v18.pl,18,145.27,GLOBAL,CH1-ORB-L-M3-2-L0-RAW-V1.0,2009-08-15T20:52:42,2009-08-15T21:18:00,2009-05-10T18:01:10,PRELIMINARY,m3g_l1b_v04.exe,4,1.011543096624 <AU>,145.27,FORWARD,ASCENDING,"(""N/A"",""N/A"",""N/A"")","(01.389004288509,2.361934604279,-001.882739196228)",303638180.754,"(0.082048968337,-0.995632549382,0.044539795765)",0.04741563681,4,56.5,M3G20090815T202301_V01_L0.IMG,M3G20090815T202301_V01_BDE.IMG,M3G20090815T205242_V01_FF.IMG,145.27,r,,,,,,,,,,,,,,,,,,2011-09-01T02:15:01,ACTUAL,3,m3g_l1b_v04.exe,4,1.011543096624 <AU>,145.27,FORWARD,ASCENDING,"(""N/A"",""N/A"",""N/A"")","(01.389004288509,2.361934604279,-001.882739196228)",303638180.754,"(0.082048968337,-0.995632549382,0.044539795765)",0.04741563681,4,56.5,M3G20090815T202301_V01_L0.IMG,M3G20090815T202301_V01_BDE.IMG,M3G20090815T205242_V01_FF.IMG,145.27,u2
M3G20090816T003923,19bc,2009-08-18T20:31:33,3343,m3_igds_l0_v18.pl,18,144.97,GLOBAL,CH1-ORB-L-M3-2-L0-RAW-V1.0,2009-08-16T00:39:23,2009-08-16T00:39:46,,,,,,,,,,,,,,,,,,,,,,,,,,,,,,,,,,,,,,,,,,,,,,,,,,,,,,,,,,
M3G20090816T005433,19bc,2009-08-18T20:31:38,3343,m3_igds_l0_v18.pl,18,144.92,GLOBAL,CH1-ORB-L-M3-2-L0-RAW-V1.0,2009-08-16T00:54:33,2009-08-16T01:45:42,2009-05-10T18:01:10,PRELIMINARY,m3g_l1b_v04.exe,4,1.011425326958 <AU>,144.92,FORWARD,ASCENDING,"(""N/A"",""N/A"",""N/A"")","(01.744224388704,1.077833054132,-001.991450240218)",303653554.918,"(0.090854268963,-0.995107707073,0.038809188797)",0.047316150461,4,56.65,M3G20090816T003923_V01_L0.IMG,M3G20090816T003923_V01_BDE.IMG,M3G20090816T005433_V01_FF.IMG,144.92,r,,,,,,,,,,,,,,,,,,2011-09-01T02:15:01,ACTUAL,3,m3g_l1b_v04.exe,4,1.011425326958 <AU>,144.92,FORWARD,ASCENDING,"(""N/A"",""N/A"",""N/A"")","(01.744224388704,1.077833054132,-001.991450240218)",303653554.918,"(0.090854268963,-0.995107707073,0.038809188797)",0.047316150461,4,56.65,M3G20090816T003923_V01_L0.IMG,M3G20090816T003923_V01_BDE.IMG,M3G20090816T005433_V01_FF.IMG,144.92,u2
M3G20090816T045533,19bc,2009-08-18T20:44:01,3343,m3_igds_l0_v18.pl,18,144.74,GLOBAL,CH1-ORB-L-M3-2-L0-RAW-V1.0,2009-08-16T04:55:33,2009-08-16T04:55:56,,,,,,,,,,,,,,,,,,,,,,,,,,,,,,,,,,,,,,,,,,,,,,,,,,,,,,,,,,
M3G20090816T045833,19bc,2009-08-18T20:44:07,3343,m3_igds_l0_v18.pl,18,144.74,GLOBAL,CH1-ORB-L-M3-2-L0-RAW-V1.0,2009-08-16T04:58:33,2009-08-16T05:25:55,2009-05-10T18:01:10,PRELIMINARY,m3g_l1b_v04.exe,4,1.011319732613 <AU>,144.74,FORWARD,ASCENDING,"(""N/A"",""N/A"",""N/A"")","(01.616524695119,1.590361244639,-002.708200638518)",303668929.303,"(0.091854073635,-0.994808437625,0.043806410341)",0.047961966541,4,56.84,M3G20090816T045533_V01_L0.IMG,M3G20090816T045533_V01_BDE.IMG,M3G20090816T045833_V01_FF.IMG,144.8,r,,,,,,,,,,,,,,,,,,2011-09-01T02:15:01,ACTUAL,3,m3g_l1b_v04.exe,4,1.011319732613 <AU>,144.8,FORWARD,ASCENDING,"(""N/A"",""N/A"",""N/A"")","(01.616524695119,1.590361244639,-002.708200638518)",303668929.303,"(0.091854073635,-0.994808437625,0.043806410341)",0.047961966541,4,56.84,M3G20090816T045533_V01_L0.IMG,M3G20090816T045533_V01_BDE.IMG,M3G20090816T045833_V01_FF.IMG,144.8,u2
M3T20090416T001519,19bc,2009-05-01T05:49:12,1924,m3_igds_l0_v18.pl,18,146,GLOBAL,CH1-ORB-L-M3-2-L0-RAW-V1.0,2009-04-16T00:15:19,2009-04-16T00:15:44,,,,,,,,,,,,,,,,,,,,,,,,,,,,,,,,,,,,,,,,,,,,,,,,,,,,,,,,,,
M3T20090416T005419,19bc,2009-05-01T05:50:24,1924,m3_igds_l0_v18.pl,18,145.88,GLOBAL,CH1-ORB-L-M3-2-L0-RAW-V1.0,2009-04-16T00:54:19,2009-04-16T00:57:26,2009-05-10T18:01:10,PRELIMINARY,m3t_l1b_v07.exe,7,1.004286124720 <AU>,145.88,REVERSE,ASCENDING,"(0.235626265657,0.534307891593,180.721875119406)","(""N/A"",""N/A"",""N/A"")",N/A,"(""N/A"",""N/A"",""N/A"")",N/A,3,59.82,M3T20090416T001519_V01_L0.IMG,M3T20090416T001519_V01_BDE.IMG,M3T20090416T005419_V01_FF.IMG,146,,,,,,,,,,,,,,,,,,,2009-05-10T18:01:10,ACTUAL,3,m3t_l1b_v07.exe,7,1.004286124720 <AU>,145.88,REVERSE,ASCENDING,"(0.235626265657,0.534307891593,180.721875119406)","(""N/A"",""N/A"",""N/A"")",N/A,"(""N/A"",""N/A"",""N/A"")",N/A,3,59.82,M3T20090416T001519_V01_L0.IMG,M3T20090416T001519_V01_BDE.IMG,M3T20090416T005419_V01_FF.IMG,145.88,u2
M3T20090416T005726,19bc,2009-05-01T05:59:28,1925,m3_igds_l0_v18.pl,18,145.88,GLOBAL,CH1-ORB-L-M3-2-L0-RAW-V1.0,2009-04-16T00:57:26,2009-04-16T00:58:49,2009-05-10T18:01:10,PRELIMINARY,m3t_l1b_v07.exe,7,1.004286089012 <AU>,145.88,REVERSE,ASCENDING,"(0.235626265657,0.534307891593,180.721875119406)","(""N/A"",""N/A"",""N/A"")",N/A,"(""N/A"",""N/A"",""N/A"")",N/A,3,59.82,M3T20090416T001519_V01_L0.IMG,M3T20090416T001519_V01_BDE.IMG,M3T20090416T005419_V01_FF.IMG,146,,,,,,,,,,,,,,,,,,,2009-05-10T18:01:10,ACTUAL,3,m3t_l1b_v07.exe,7,1.004286089012 <AU>,145.88,REVERSE,ASCENDING,"(0.235626265657,0.534307891593,180.721875119406)","(""N/A"",""N/A"",""N/A"")",N/A,"(""N/A"",""N/A"",""N/A"")",N/A,3,59.82,M3T20090416T001519_V01_L0.IMG,M3T20090416T001519_V01_BDE.IMG,M3T20090416T005419_V01_FF.IMG,145.88,u2
M3T20090416T021319,19bc,2009-05-01T06:03:30,1925,m3_igds_l0_v18.pl,18,146.06,GLOBAL,CH1-ORB-L-M3-2-L0-RAW-V1.0,2009-04-16T02:13:19,2009-04-16T02:13:44,,,,,,,,,,,,,,,,,,,,,,,,,,,,,,,,,,,,,,,,,,,,,,,,,,,,,,,,,,
M3T20090416T030059,19bc,2009-05-01T06:04:41,1925,m3_igds_l0_v18.pl,18,146,GLOBAL,CH1-ORB-L-M3-2-L0-RAW-V1.0,2009-04-16T03:00:59,2009-04-16T03:03:23,2009-05-10T18:01:10,PRELIMINARY,m3t_l1b_v07.exe,7,1.004269693906 <AU>,146,REVERSE,ASCENDING,"(0.266226747826,0.376610798120,181.039170906351)","(""N/A"",""N/A"",""N/A"")",N/A,"(""N/A"",""N/A"",""N/A"")",N/A,3,59.82,M3T20090416T021319_V01_L0.IMG,M3T20090416T021319_V01_BDE.IMG,M3T20090416T030059_V01_FF.IMG,146,,,,,,,,,,,,,,,,,,,2009-05-10T18:01:10,ACTUAL,3,m3t_l1b_v07.exe,7,1.004269693906 <AU>,146,REVERSE,ASCENDING,"(0.266226747826,0.376610798120,181.039170906351)","(""N/A"",""N/A"",""N/A"")",N/A,"(""N/A"",""N/A"",""N/A"")",N/A,3,59.82,M3T20090416T021319_V01_L0.IMG,M3T20090416T021319_V01_BDE.IMG,M3T20090416T030059_V01_FF.IMG,146,u2
M3T20090416T030323,19bc,2009-05-01T06:11:41,1925,m3_igds_l0_v18.pl,18,146,GLOBAL,CH1-ORB-L-M3-2-L0-RAW-V1.0,2009-04-16T03:03:23,2009-04-16T03:05:29,2009-05-10T18:01:10,PRELIMINARY,m3t_l1b_v07.exe,7,1.004269907583 <AU>,146,REVERSE,ASCENDING,"(0.266226747826,0.376610798120,181.039170906351)","(""N/A"",""N/A"",""N/A"")",N/A,"(""N/A"",""N/A"",""N/A"")",N/A,3,59.82,M3T20090416T021319_V01_L0.IMG,M3T20090416T021319_V01_BDE.IMG,M3T20090416T030323_V01_FF.IMG,146,,,,,,,,,,,,,,,,,,,2009-05-10T18:01:10,ACTUAL,3,m3t_l1b_v07.exe,7,1.004269907583 <AU>,146,REVERSE,ASCENDING,"(0.266226747826,0.376610798120,181.039170906351)","(""N/A"",""N/A"",""N/A"")",N/A,"(""N/A"",""N/A"",""N/A"")",N/A,3,59.82,M3T20090416T021319_V01_L0.IMG,M3T20090416T021319_V01_BDE.IMG,M3T20090416T030323_V01_FF.IMG,146,u2
M3T20090416T041059,19bc,2009-05-01T06:17:43,1925,m3_igds_l0_v18.pl,18,146.06,GLOBAL,CH1-ORB-L-M3-2-L0-RAW-V1.0,2009-04-16T04:10:59,2009-04-16T04:11:24,,,,,,,,,,,,,,,,,,,,,,,,,,,,,,,,,,,,,,,,,,,,,,,,,,,,,,,,,,
M3T20090416T045859,19bc,2009-05-01T06:18:54,1925,m3_igds_l0_v18.pl,18,146,GLOBAL,CH1-ORB-L-M3-2-L0-RAW-V1.0,2009-04-16T04:58:59,2009-04-16T05:00:00,2009-05-10T18:01:10,PRELIMINARY,m3t_l1b_v07.exe,7,1.004252771935 <AU>,146,REVERSE,ASCENDING,"(0.269509920182,0.375890879091,180.892140303994)","(""N/A"",""N/A"",""N/A"")",N/A,"(""N/A"",""N/A"",""N/A"")",N/A,3,59.82,M3T20090416T041059_V01_L0.IMG,M3T20090416T041059_V01_BDE.IMG,M3T20090416T050055_V01_FF.IMG,146,,,,,,,,,,,,,,,,,,,2009-05-10T18:01:10,ACTUAL,3,m3t_l1b_v07.exe,7,1.004252771935 <AU>,146,REVERSE,ASCENDING,"(0.269509920182,0.375890879091,180.892140303994)","(""N/A"",""N/A"",""N/A"")",N/A,"(""N/A"",""N/A"",""N/A"")",N/A,3,59.82,M3T20090416T041059_V01_L0.IMG,M3T20090416T041059_V01_BDE.IMG,M3T20090416T050055_V01_FF.IMG,146,u2
M3T20090416T050000,19bc,2009-04-30T22:21:40,1926,m3_igds_l0_v18.pl,18,146.06,GLOBAL,CH1-ORB-L-M3-2-L0-RAW-V1.0,2009-04-16T05:00:00,2009-04-16T05:00:55,2009-05-10T18:01:10,PRELIMINARY,m3t_l1b_v07.exe,7,1.004252848575 <AU>,146.06,REVERSE,ASCENDING,"(0.269509920182,0.375890879091,180.892140303994)","(""N/A"",""N/A"",""N/A"")",N/A,"(""N/A"",""N/A"",""N/A"")",N/A,3,59.82,M3T20090416T041059_V01_L0.IMG,M3T20090416T041059_V01_BDE.IMG,M3T20090416T050055_V01_FF.IMG,146,,,,,,,,,,,,,,,,,,,2009-05-10T18:01:10,ACTUAL,3,m3t_l1b_v07.exe,7,1.004252848575 <AU>,146.06,REVERSE,ASCENDING,"(0.269509920182,0.375890879091,180.892140303994)","(""N/A"",""N/A"",""N/A"")",N/A,"(""N/A"",""N/A"",""N/A"")",N/A,3,59.82,M3T20090416T041059_V01_L0.IMG,M3T20090416T041059_V01_BDE.IMG,M3T20090416T050055_V01_FF.IMG,146.06,u2
M3T20090416T050055,19bc,2009-04-30T22:24:12,1926,m3_igds_l0_v18.pl,18,146.06,GLOBAL,CH1-ORB-L-M3-2-L0-RAW-V1.0,2009-04-16T05:00:55,2009-04-16T05:03:29,2009-05-10T18:01:10,PRELIMINARY,m3t_l1b_v07.exe,7,1.004253016159 <AU>,146.06,REVERSE,ASCENDING,"(0.269509920182,0.375890879091,180.892140303994)","(""N/A"",""N/A"",""N/A"")",N/A,"(""N/A"",""N/A"",""N/A"")",N/A,3,59.82,M3T20090416T041059_V01_L0.IMG,M3T20090416T041059_V01_BDE.IMG,M3T20090416T050055_V01_FF.IMG,146,,,,,,,,,,,,,,,,,,,2009-05-10T18:01:10,ACTUAL,3,m3t_l1b_v07.exe,7,1.004253016159 <AU>,146.06,REVERSE,ASCENDING,"(0.269509920182,0.375890879091,180.892140303994)","(""N/A"",""N/A"",""N/A"")",N/A,"(""N/A"",""N/A"",""N/A"")",N/A,3,59.82,M3T20090416T041059_V01_L0.IMG,M3T20090416T041059_V01_BDE.IMG,M3T20090416T050055_V01_FF.IMG,146.06,u2
M3T20090417T014839,19bc,2009-05-01T07:17:51,1937,m3_igds_l0_v18.pl,18,146.61,GLOBAL,CH1-ORB-L-M3-2-L0-RAW-V1.0,2009-04-17T01:48:39,2009-04-17T01:49:04,,,,,,,,,,,,,,,,,,,,,,,,,,,,,,,,,,,,,,,,,,,,,,,,,,,,,,,,,,
M3T20090417T021019,19bc,2009-05-01T07:19:02,1937,m3_igds_l0_v18.pl,18,146.49,GLOBAL,CH1-ORB-L-M3-2-L0-RAW-V1.0,2009-04-17T02:10:19,2009-04-17T02:14:17,2009-05-10T18:01:10,PRELIMINARY,m3t_l1b_v07.exe,7,1.004060466202 <AU>,146.49,REVERSE,ASCENDING,"(0.291976605907,0.381707771370,181.044538263889)","(""N/A"",""N/A"",""N/A"")",N/A,"(""N/A"",""N/A"",""N/A"")",N/A,3,59.1,M3T20090417T014839_V01_L0.IMG,M3T20090417T014839_V01_BDE.IMG,M3T20090417T021019_V01_FF.IMG,146.36,,,,,,,,,,,,,,,,,,,2009-05-10T18:01:10,ACTUAL,3,m3t_l1b_v07.exe,7,1.004060466202 <AU>,146.49,REVERSE,ASCENDING,"(0.291976605907,0.381707771370,181.044538263889)","(""N/A"",""N/A"",""N/A"")",N/A,"(""N/A"",""N/A"",""N/A"")",N/A,3,59.1,M3T20090417T014839_V01_L0.IMG,M3T20090417T014839_V01_BDE.IMG,M3T20090417T021019_V01_FF.IMG,146.49,u2
M3T20090417T021417,19bc,2009-04-30T23:01:59,1939,m3_igds_l0_v18.pl,18,146.42,GLOBAL,CH1-ORB-L-M3-2-L0-RAW-V1.0,2009-04-17T02:14:17,2009-04-17T02:14:49,2009-05-10T18:01:10,PRELIMINARY,m3t_l1b_v07.exe,7,1.004059762567 <AU>,146.42,REVERSE,ASCENDING,"(0.291976605907,0.381707771370,181.044538263889)","(""N/A"",""N/A"",""N/A"")",N/A,"(""N/A"",""N/A"",""N/A"")",N/A,3,59.1,M3T20090417T014839_V01_L0.IMG,M3T20090417T014839_V01_BDE.IMG,M3T20090417T021019_V01_FF.IMG,146.36,,,,,,,,,,,,,,,,,,,2009-05-10T18:01:10,ACTUAL,3,m3t_l1b_v07.exe,7,1.004059762567 <AU>,146.42,REVERSE,ASCENDING,"(0.291976605907,0.381707771370,181.044538263889)","(""N/A"",""N/A"",""N/A"")",N/A,"(""N/A"",""N/A"",""N/A"")",N/A,3,59.1,M3T20090417T014839_V01_L0.IMG,M3T20090417T014839_V01_BDE.IMG,M3T20090417T021019_V01_FF.IMG,146.42,u2
M3T20090417T034639,19bc,2009-04-30T23:03:27,1939,m3_igds_l0_v18.pl,18,146.61,GLOBAL,CH1-ORB-L-M3-2-L0-RAW-V1.0,2009-04-17T03:46:39,2009-04-17T03:47:04,,,,,,,,,,,,,,,,,,,,,,,,,,,,,,,,,,,,,,,,,,,,,,,,,,,,,,,,,,
M3T20090417T042619,19bc,2009-04-30T23:04:35,1939,m3_igds_l0_v18.pl,18,146.49,GLOBAL,CH1-ORB-L-M3-2-L0-RAW-V1.0,2009-04-17T04:26:19,2009-04-17T04:30:49,2009-05-10T18:01:10,PRELIMINARY,m3t_l1b_v07.exe,7,1.004038848574 <AU>,146.49,REVERSE,ASCENDING,"(0.288484220410,0.322906649092,180.924182550734)","(""N/A"",""N/A"",""N/A"")",N/A,"(""N/A"",""N/A"",""N/A"")",N/A,3,58.86,M3T20090417T034639_V01_L0.IMG,M3T20090417T034639_V01_BDE.IMG,M3T20090417T042619_V01_FF.IMG,146.61,,,,,,,,,,,,,,,,,,,2009-05-10T18:01:10,ACTUAL,3,m3t_l1b_v07.exe,7,1.004038848574 <AU>,146.49,REVERSE,ASCENDING,"(0.288484220410,0.322906649092,180.924182550734)","(""N/A"",""N/A"",""N/A"")",N/A,"(""N/A"",""N/A"",""N/A"")",N/A,3,58.86,M3T20090417T034639_V01_L0.IMG,M3T20090417T034639_V01_BDE.IMG,M3T20090417T042619_V01_FF.IMG,146.49,u2
M3T20090417T212819,19bc,2009-05-01T07:59:43,1948,m3_igds_l0_v18.pl,18,147.1,GLOBAL,CH1-ORB-L-M3-2-L0-RAW-V1.0,2009-04-17T21:28:19,2009-04-17T21:28:44,,,,,,,,,,,,,,,,,,,,,,,,,,,,,,,,,,,,,,,,,,,,,,,,,,,,,,,,,,
M3T20090417T220139,19bc,2009-05-01T08:00:52,1948,m3_igds_l0_v18.pl,18,146.85,GLOBAL,CH1-ORB-L-M3-2-L0-RAW-V1.0,2009-04-17T22:01:39,2009-04-17T22:04:37,2009-05-10T18:01:10,PRELIMINARY,m3t_l1b_v07.exe,7,1.003872377191 <AU>,146.85,REVERSE,ASCENDING,"(0.309805469487,0.429611949483,181.815637723334)","(""N/A"",""N/A"",""N/A"")",N/A,"(""N/A"",""N/A"",""N/A"")",N/A,3,58.28,M3T20090417T212819_V01_L0.IMG,M3T20090417T212819_V01_BDE.IMG,M3T20090417T220139_V01_FF.IMG,147.03,,,,,,,,,,,,,,,,,,,2009-05-10T18:01:10,ACTUAL,3,m3t_l1b_v07.exe,7,1.003872377191 <AU>,146.85,REVERSE,ASCENDING,"(0.309805469487,0.429611949483,181.815637723334)","(""N/A"",""N/A"",""N/A"")",N/A,"(""N/A"",""N/A"",""N/A"")",N/A,3,58.28,M3T20090417T212819_V01_L0.IMG,M3T20090417T212819_V01_BDE.IMG,M3T20090417T220139_V01_FF.IMG,146.85,u2
M3T20090417T232619,19bc,2009-05-01T08:09:02,1948,m3_igds_l0_v18.pl,18,147.03,GLOBAL,CH1-ORB-L-M3-2-L0-RAW-V1.0,2009-04-17T23:26:19,2009-04-17T23:26:44,,,,,,,,,,,,,,,,,,,,,,,,,,,,,,,,,,,,,,,,,,,,,,,,,,,,,,,,,,
M3T20090418T012419,19bc,2009-05-01T08:10:09,1948,m3_igds_l0_v18.pl,18,147.1,GLOBAL,CH1-ORB-L-M3-2-L0-RAW-V1.0,2009-04-18T01:24:19,2009-04-18T01:24:44,,,,,,,,,,,,,,,,,,,,,,,,,,,,,,,,,,,,,,,,,,,,,,,,,,,,,,,,,,
M3T20090418T020639,19bc,2009-05-01T08:11:17,1948,m3_igds_l0_v18.pl,18,146.97,GLOBAL,CH1-ORB-L-M3-2-L0-RAW-V1.0,2009-04-18T02:06:39,2009-04-18T02:06:44,2009-05-10T18:01:10,PRELIMINARY,m3t_l1b_v07.exe,7,1.003834790180 <AU>,146.97,REVERSE,ASCENDING,"(0.001255632486,0.495126775203,181.127825569614)","(""N/A"",""N/A"",""N/A"")",N/A,"(""N/A"",""N/A"",""N/A"")",N/A,3,57.6,M3T20090418T012419_V01_L0.IMG,M3T20090418T012419_V01_BDE.IMG,M3T20090418T020644_V01_FF.IMG,147.41,,,,,,,,,,,,,,,,,,,2009-05-10T18:01:10,ACTUAL,3,m3t_l1b_v07.exe,7,1.003834790180 <AU>,146.97,REVERSE,ASCENDING,"(0.001255632486,0.495126775203,181.127825569614)","(""N/A"",""N/A"",""N/A"")",N/A,"(""N/A"",""N/A"",""N/A"")",N/A,3,57.6,M3T20090418T012419_V01_L0.IMG,M3T20090418T012419_V01_BDE.IMG,M3T20090418T020644_V01_FF.IMG,146.97,u2
M3T20090418T020644,19bc,2009-05-01T16:35:00,1949,m3_igds_l0_v18.pl,18,146.97,GLOBAL,CH1-ORB-L-M3-2-L0-RAW-V1.0,2009-04-18T02:06:45,2009-04-18T02:08:48,2009-05-10T18:01:10,PRELIMINARY,m3t_l1b_v07.exe,7,1.003834793792 <AU>,146.97,REVERSE,ASCENDING,"(0.001255632486,0.495126775203,181.127825569614)","(""N/A"",""N/A"",""N/A"")",N/A,"(""N/A"",""N/A"",""N/A"")",N/A,3,57.6,M3T20090418T012419_V01_L0.IMG,M3T20090418T012419_V01_BDE.IMG,M3T20090418T020644_V01_FF.IMG,147.41,,,,,,,,,,,,,,,,,,,2009-05-10T18:01:10,ACTUAL,3,m3t_l1b_v07.exe,7,1.003834793792 <AU>,146.97,REVERSE,ASCENDING,"(0.001255632486,0.495126775203,181.127825569614)","(""N/A"",""N/A"",""N/A"")",N/A,"(""N/A"",""N/A"",""N/A"")",N/A,3,57.6,M3T20090418T012419_V01_L0.IMG,M3T20090418T012419_V01_BDE.IMG,M3T20090418T020644_V01_FF.IMG,146.97,u2
M3T20090418T020848,19bc,2009-05-01T08:11:33,1950,m3_igds_l0_v18.pl,18,147.03,GLOBAL,CH1-ORB-L-M3-2-L0-RAW-V1.0,2009-04-18T02:08:48,2009-04-18T02:10:28,2009-05-10T18:01:10,PRELIMINARY,m3t_l1b_v07.exe,7,1.003834834697 <AU>,147.03,REVERSE,ASCENDING,"(0.001255632486,0.495126775203,181.127825569614)","(""N/A"",""N/A"",""N/A"")",N/A,"(""N/A"",""N/A"",""N/A"")",N/A,3,57.6,M3T20090418T012419_V01_L0.IMG,M3T20090418T012419_V01_BDE.IMG,M3T20090418T020848_V01_FF.IMG,147.41,,,,,,,,,,,,,,,,,,,2009-05-10T18:01:10,ACTUAL,3,m3t_l1b_v07.exe,7,1.003834834697 <AU>,147.03,REVERSE,ASCENDING,"(0.001255632486,0.495126775203,181.127825569614)","(""N/A"",""N/A"",""N/A"")",N/A,"(""N/A"",""N/A"",""N/A"")",N/A,3,57.6,M3T20090418T012419_V01_L0.IMG,M3T20090418T012419_V01_BDE.IMG,M3T20090418T020848_V01_FF.IMG,147.03,u2
M3T20090418T021028,19bc,2009-05-01T08:16:07,1950,m3_igds_l0_v18.pl,18,147.03,GLOBAL,CH1-ORB-L-M3-2-L0-RAW-V1.0,2009-04-18T02:10:28,2009-04-18T02:11:09,2009-05-10T18:01:10,PRELIMINARY,m3t_l1b_v07.exe,7,1.003834885464 <AU>,147.03,REVERSE,ASCENDING,"(0.001255632486,0.495126775203,181.127825569614)","(""N/A"",""N/A"",""N/A"")",N/A,"(""N/A"",""N/A"",""N/A"")",N/A,3,57.6,M3T20090418T012419_V01_L0.IMG,M3T20090418T012419_V01_BDE.IMG,M3T20090418T020848_V01_FF.IMG,147.41,,,,,,,,,,,,,,,,,,,2009-05-10T18:01:10,ACTUAL,3,m3t_l1b_v07.exe,7,1.003834885464 <AU>,147.03,REVERSE,ASCENDING,"(0.001255632486,0.495126775203,181.127825569614)","(""N/A"",""N/A"",""N/A"")",N/A,"(""N/A"",""N/A"",""N/A"")",N/A,3,57.6,M3T20090418T012419_V01_L0.IMG,M3T20090418T012419_V01_BDE.IMG,M3T20090418T020848_V01_FF.IMG,147.03,u2
M3T20090418T032219,19bc,2009-05-01T08:18:01,1950,m3_igds_l0_v18.pl,18,147.1,GLOBAL,CH1-ORB-L-M3-2-L0-RAW-V1.0,2009-04-18T03:22:19,2009-04-18T03:22:44,,,,,,,,,,,,,,,,,,,,,,,,,,,,,,,,,,,,,,,,,,,,,,,,,,,,,,,,,,
M3T20090418T034459,19bc,2009-05-01T08:19:12,1950,m3_igds_l0_v18.pl,18,147.03,GLOBAL,CH1-ORB-L-M3-2-L0-RAW-V1.0,2009-04-18T03:44:59,2009-04-18T03:47:29,2009-05-10T18:01:10,PRELIMINARY,m3t_l1b_v07.exe,7,1.003819401197 <AU>,147.03,REVERSE,ASCENDING,"(0.187283645220,0.443906831171,180.434009145106)","(""N/A"",""N/A"",""N/A"")",N/A,"(""N/A"",""N/A"",""N/A"")",N/A,3,57.6,M3T20090418T032219_V01_L0.IMG,M3T20090418T032219_V01_BDE.IMG,M3T20090418T034459_V01_FF.IMG,147.41,,,,,,,,,,,,,,,,,,,2009-05-10T18:01:10,ACTUAL,3,m3t_l1b_v07.exe,7,1.003819401197 <AU>,147.03,REVERSE,ASCENDING,"(0.187283645220,0.443906831171,180.434009145106)","(""N/A"",""N/A"",""N/A"")",N/A,"(""N/A"",""N/A"",""N/A"")",N/A,3,57.6,M3T20090418T032219_V01_L0.IMG,M3T20090418T032219_V01_BDE.IMG,M3T20090418T034459_V01_FF.IMG,147.03,u2
M3T20090418T034729,19bc,2009-05-01T00:02:10,1952,m3_igds_l0_v18.pl,18,147.03,GLOBAL,CH1-ORB-L-M3-2-L0-RAW-V1.0,2009-04-18T03:47:29,2009-04-18T03:49:29,2009-05-10T18:01:10,PRELIMINARY,m3t_l1b_v07.exe,7,1.003818715637 <AU>,147.03,REVERSE,ASCENDING,"(0.187283645220,0.443906831171,180.434009145106)","(""N/A"",""N/A"",""N/A"")",N/A,"(""N/A"",""N/A"",""N/A"")",N/A,3,57.6,M3T20090418T032219_V01_L0.IMG,M3T20090418T032219_V01_BDE.IMG,M3T20090418T034729_V01_FF.IMG,147.41,,,,,,,,,,,,,,,,,,,2009-05-10T18:01:10,ACTUAL,3,m3t_l1b_v07.exe,7,1.003818715637 <AU>,147.03,REVERSE,ASCENDING,"(0.187283645220,0.443906831171,180.434009145106)","(""N/A"",""N/A"",""N/A"")",N/A,"(""N/A"",""N/A"",""N/A"")",N/A,3,57.6,M3T20090418T032219_V01_L0.IMG,M3T20090418T032219_V01_BDE.IMG,M3T20090418T034729_V01_FF.IMG,147.03,u2
M3T20090418T051959,19bc,2009-05-01T00:08:16,1952,m3_igds_l0_v18.pl,18,147.28,GLOBAL,CH1-ORB-L-M3-2-L0-RAW-V1.0,2009-04-18T05:19:59,2009-04-18T05:20:24,,,,,,,,,,,,,,,,,,,,,,,,,,,,,,,,,,,,,,,,,,,,,,,,,,,,,,,,,,
M3T20090418T054939,19bc,2009-05-01T00:09:25,1952,m3_igds_l0_v18.pl,18,147.1,GLOBAL,CH1-ORB-L-M3-2-L0-RAW-V1.0,2009-04-18T05:49:39,2009-04-18T05:50:38,2009-05-10T18:01:10,PRELIMINARY,m3t_l1b_v07.exe,7,1.003799420912 <AU>,147.1,REVERSE,ASCENDING,"(2.062436537643,5.274523528570,176.624218603210)","(""N/A"",""N/A"",""N/A"")",N/A,"(""N/A"",""N/A"",""N/A"")",N/A,3,57.6,M3T20090418T051959_V01_L0.IMG,M3T20090418T051959_V01_BDE.IMG,M3T20090418T055038_V01_FF.IMG,147.41,,,,,,,,,,,,,,,,,,,2009-05-10T18:01:10,ACTUAL,3,m3t_l1b_v07.exe,7,1.003799420912 <AU>,147.1,REVERSE,ASCENDING,"(2.062436537643,5.274523528570,176.624218603210)","(""N/A"",""N/A"",""N/A"")",N/A,"(""N/A"",""N/A"",""N/A"")",N/A,3,57.6,M3T20090418T051959_V01_L0.IMG,M3T20090418T051959_V01_BDE.IMG,M3T20090418T055038_V01_FF.IMG,147.1,u2
M3T20090418T055038,19bc,2009-05-01T00:12:11,1953,m3_igds_l0_v18.pl,18,147.03,GLOBAL,CH1-ORB-L-M3-2-L0-RAW-V1.0,2009-04-18T05:50:38,2009-04-18T05:52:54,2009-05-10T18:01:10,PRELIMINARY,m3t_l1b_v07.exe,7,1.003799082276 <AU>,147.03,REVERSE,ASCENDING,"(2.062436537643,5.274523528570,176.624218603210)","(""N/A"",""N/A"",""N/A"")",N/A,"(""N/A"",""N/A"",""N/A"")",N/A,3,57.6,M3T20090418T051959_V01_L0.IMG,M3T20090418T051959_V01_BDE.IMG,M3T20090418T055038_V01_FF.IMG,147.41,,,,,,,,,,,,,,,,,,,2009-05-10T18:01:10,ACTUAL,3,m3t_l1b_v07.exe,7,1.003799082276 <AU>,147.03,REVERSE,ASCENDING,"(2.062436537643,5.274523528570,176.624218603210)","(""N/A"",""N/A"",""N/A"")",N/A,"(""N/A"",""N/A"",""N/A"")",N/A,3,57.6,M3T20090418T051959_V01_L0.IMG,M3T20090418T051959_V01_BDE.IMG,M3T20090418T055038_V01_FF.IMG,147.03,u2
M3T20090418T071759,19bc,2009-05-01T00:18:22,1953,m3_igds_l0_v18.pl,18,147.16,GLOBAL,CH1-ORB-L-M3-2-L0-RAW-V1.0,2009-04-18T07:17:59,2009-04-18T07:18:24,,,,,,,,,,,,,,,,,,,,,,,,,,,,,,,,,,,,,,,,,,,,,,,,,,,,,,,,,,
M3T20090418T074719,19bc,2009-05-01T00:19:30,1953,m3_igds_l0_v18.pl,18,147.16,GLOBAL,CH1-ORB-L-M3-2-L0-RAW-V1.0,2009-04-18T07:47:19,2009-04-18T07:51:09,2009-05-10T18:01:10,PRELIMINARY,m3t_l1b_v07.exe,7,1.003780885862 <AU>,147.16,REVERSE,ASCENDING,"(1.949809160585,6.773193507808,176.697877210459)","(""N/A"",""N/A"",""N/A"")",N/A,"(""N/A"",""N/A"",""N/A"")",N/A,3,57.6,M3T20090418T071759_V01_L0.IMG,M3T20090418T071759_V01_BDE.IMG,M3T20090418T074719_V01_FF.IMG,147.41,,,,,,,,,,,,,,,,,,,2009-05-10T18:01:10,ACTUAL,3,m3t_l1b_v07.exe,7,1.003780885862 <AU>,147.16,REVERSE,ASCENDING,"(1.949809160585,6.773193507808,176.697877210459)","(""N/A"",""N/A"",""N/A"")",N/A,"(""N/A"",""N/A"",""N/A"")",N/A,3,57.6,M3T20090418T071759_V01_L0.IMG,M3T20090418T071759_V01_BDE.IMG,M3T20090418T074719_V01_FF.IMG,147.16,u2
M3T20090418T075109,19bc,2009-05-01T00:29:58,1953,m3_igds_l0_v18.pl,18,147.16,GLOBAL,CH1-ORB-L-M3-2-L0-RAW-V1.0,2009-04-18T07:51:09,2009-04-18T07:51:49,2009-05-10T18:01:10,PRELIMINARY,m3t_l1b_v07.exe,7,1.003780461257 <AU>,147.16,REVERSE,ASCENDING,"(1.949809160585,6.773193507808,176.697877210459)","(""N/A"",""N/A"",""N/A"")",N/A,"(""N/A"",""N/A"",""N/A"")",N/A,3,57.6,M3T20090418T071759_V01_L0.IMG,M3T20090418T071759_V01_BDE.IMG,M3T20090418T074719_V01_FF.IMG,147.41,,,,,,,,,,,,,,,,,,,2009-05-10T18:01:10,ACTUAL,3,m3t_l1b_v07.exe,7,1.003780461257 <AU>,147.16,REVERSE,ASCENDING,"(1.949809160585,6.773193507808,176.697877210459)","(""N/A"",""N/A"",""N/A"")",N/A,"(""N/A"",""N/A"",""N/A"")",N/A,3,57.6,M3T20090418T071759_V01_L0.IMG,M3T20090418T071759_V01_BDE.IMG,M3T20090418T074719_V01_FF.IMG,147.16,u2
M3T20090418T091559,19bc,2009-05-01T00:31:49,1953,m3_igds_l0_v18.pl,18,147.28,GLOBAL,CH1-ORB-L-M3-2-L0-RAW-V1.0,2009-04-18T09:15:59,2009-04-18T09:16:19,,,,,,,,,,,,,,,,,,,,,,,,,,,,,,,,,,,,,,,,,,,,,,,,,,,,,,,,,,
M3T20090418T111359,19bc,2009-05-01T00:32:44,1953,m3_igds_l0_v18.pl,18,147.34,GLOBAL,CH1-ORB-L-M3-2-L0-RAW-V1.0,2009-04-18T11:13:59,2009-04-18T11:14:24,,,,,,,,,,,,,,,,,,,,,,,,,,,,,,,,,,,,,,,,,,,,,,,,,,,,,,,,,,
M3T20090418T114319,19bc,2009-05-01T00:33:52,1953,m3_igds_l0_v18.pl,18,147.16,GLOBAL,CH1-ORB-L-M3-2-L0-RAW-V1.0,2009-04-18T11:43:19,2009-04-18T11:46:35,2009-05-10T18:01:10,PRELIMINARY,m3t_l1b_v07.exe,7,1.003744555929 <AU>,147.16,REVERSE,ASCENDING,"(0.085430291390,0.457888859770,180.709173699332)","(""N/A"",""N/A"",""N/A"")",N/A,"(""N/A"",""N/A"",""N/A"")",N/A,3,57.6,M3T20090418T111359_V01_L0.IMG,M3T20090418T111359_V01_BDE.IMG,M3T20090418T114319_V01_FF.IMG,147.41,,,,,,,,,,,,,,,,,,,2009-05-10T18:01:10,ACTUAL,3,m3t_l1b_v07.exe,7,1.003744555929 <AU>,147.16,REVERSE,ASCENDING,"(0.085430291390,0.457888859770,180.709173699332)","(""N/A"",""N/A"",""N/A"")",N/A,"(""N/A"",""N/A"",""N/A"")",N/A,3,57.6,M3T20090418T111359_V01_L0.IMG,M3T20090418T111359_V01_BDE.IMG,M3T20090418T114319_V01_FF.IMG,147.16,u2
M3T20090418T114635,19bc,2009-05-01T00:42:46,1953,m3_igds_l0_v18.pl,18,147.16,GLOBAL,CH1-ORB-L-M3-2-L0-RAW-V1.0,2009-04-18T11:46:35,2009-04-18T11:47:49,2009-05-10T18:01:10,PRELIMINARY,m3t_l1b_v07.exe,7,1.003744138306 <AU>,147.16,REVERSE,ASCENDING,"(0.085430291390,0.457888859770,180.709173699332)","(""N/A"",""N/A"",""N/A"")",N/A,"(""N/A"",""N/A"",""N/A"")",N/A,3,57.6,M3T20090418T111359_V01_L0.IMG,M3T20090418T111359_V01_BDE.IMG,M3T20090418T114319_V01_FF.IMG,147.41,,,,,,,,,,,,,,,,,,,2009-05-10T18:01:10,ACTUAL,3,m3t_l1b_v07.exe,7,1.003744138306 <AU>,147.16,REVERSE,ASCENDING,"(0.085430291390,0.457888859770,180.709173699332)","(""N/A"",""N/A"",""N/A"")",N/A,"(""N/A"",""N/A"",""N/A"")",N/A,3,57.6,M3T20090418T111359_V01_L0.IMG,M3T20090418T111359_V01_BDE.IMG,M3T20090418T114319_V01_FF.IMG,147.16,u2
M3T20090419T112437,19bc,2009-05-01T00:56:59,1964,m3_igds_l0_v18.pl,18,147.85,GLOBAL,CH1-ORB-L-M3-2-L0-RAW-V1.0,2009-04-19T11:24:37,2009-04-19T11:26:59,2009-05-10T18:01:10,PRELIMINARY,m3t_l1b_v07.exe,7,1.003537819942 <AU>,147.85,REVERSE,ASCENDING,"(0.239340854175,0.404122710117,181.201455946965)","(""N/A"",""N/A"",""N/A"")",N/A,"(""N/A"",""N/A"",""N/A"")",N/A,3,56.69,M3T20090420T003514_V01_L0.IMG,M3T20090420T003514_V01_BDE.IMG,M3T20090419T112437_V01_FF.IMG,148.1,,,,,,,,,,,,,,,,,,,2009-05-10T18:01:10,ACTUAL,3,m3t_l1b_v07.exe,7,1.003537819942 <AU>,147.85,REVERSE,ASCENDING,"(0.239340854175,0.404122710117,181.201455946965)","(""N/A"",""N/A"",""N/A"")",N/A,"(""N/A"",""N/A"",""N/A"")",N/A,3,56.69,M3T20090420T003514_V01_L0.IMG,M3T20090420T003514_V01_BDE.IMG,M3T20090419T112437_V01_FF.IMG,147.85,u2
M3T20090420T003514,19bc,2009-05-01T10:04:44,1974,m3_igds_l0_v18.pl,18,148.35,GLOBAL,CH1-ORB-L-M3-2-L0-RAW-V1.0,2009-04-20T00:35:14,2009-04-20T00:35:39,,,,,,,,,,,,,,,,,,,,,,,,,,,,,,,,,,,,,,,,,,,,,,,,,,,,,,,,,,
M3T20090420T011613,19bc,2009-05-01T10:05:54,1974,m3_igds_l0_v18.pl,18,148.29,GLOBAL,CH1-ORB-L-M3-2-L0-RAW-V1.0,2009-04-20T01:16:13,2009-04-20T01:19:18,2009-05-10T18:01:10,PRELIMINARY,m3t_l1b_v07.exe,7,1.003432217677 <AU>,148.29,REVERSE,ASCENDING,"(0.336168796485,0.413814394133,181.588052552522)","(""N/A"",""N/A"",""N/A"")",N/A,"(""N/A"",""N/A"",""N/A"")",N/A,3,55.73,M3T20090420T003514_V01_L0.IMG,M3T20090420T003514_V01_BDE.IMG,M3T20090420T011613_V01_FF.IMG,148.74,,,,,,,,,,,,,,,,,,,2009-05-10T18:01:10,ACTUAL,3,m3t_l1b_v07.exe,7,1.003432217677 <AU>,148.29,REVERSE,ASCENDING,"(0.336168796485,0.413814394133,181.588052552522)","(""N/A"",""N/A"",""N/A"")",N/A,"(""N/A"",""N/A"",""N/A"")",N/A,3,55.73,M3T20090420T003514_V01_L0.IMG,M3T20090420T003514_V01_BDE.IMG,M3T20090420T011613_V01_FF.IMG,148.29,u2
M3T20090420T011918,19bc,2009-05-01T10:14:32,1975,m3_igds_l0_v18.pl,18,148.29,GLOBAL,CH1-ORB-L-M3-2-L0-RAW-V1.0,2009-04-20T01:19:18,2009-04-20T01:20:27,2009-05-10T18:01:10,PRELIMINARY,m3t_l1b_v07.exe,7,1.003432338341 <AU>,148.29,REVERSE,ASCENDING,"(0.336168796485,0.413814394133,181.588052552522)","(""N/A"",""N/A"",""N/A"")",N/A,"(""N/A"",""N/A"",""N/A"")",N/A,3,55.73,M3T20090420T003514_V01_L0.IMG,M3T20090420T003514_V01_BDE.IMG,M3T20090420T011613_V01_FF.IMG,148.74,,,,,,,,,,,,,,,,,,,2009-05-10T18:01:10,ACTUAL,3,m3t_l1b_v07.exe,7,1.003432338341 <AU>,148.29,REVERSE,ASCENDING,"(0.336168796485,0.413814394133,181.588052552522)","(""N/A"",""N/A"",""N/A"")",N/A,"(""N/A"",""N/A"",""N/A"")",N/A,3,55.73,M3T20090420T003514_V01_L0.IMG,M3T20090420T003514_V01_BDE.IMG,M3T20090420T011613_V01_FF.IMG,148.29,u2
M3T20090420T012027,19bc,2009-05-01T10:17:49,1975,m3_igds_l0_v18.pl,18,148.35,GLOBAL,CH1-ORB-L-M3-2-L0-RAW-V1.0,2009-04-20T01:20:27,2009-04-20T01:20:44,2009-05-10T18:01:10,PRELIMINARY,m3t_l1b_v07.exe,7,1.003432396270 <AU>,148.35,REVERSE,ASCENDING,"(0.336168796485,0.413814394133,181.588052552522)","(""N/A"",""N/A"",""N/A"")",N/A,"(""N/A"",""N/A"",""N/A"")",N/A,3,55.73,M3T20090420T003514_V01_L0.IMG,M3T20090420T003514_V01_BDE.IMG,M3T20090420T011613_V01_FF.IMG,148.74,,,,,,,,,,,,,,,,,,,2009-05-10T18:01:10,ACTUAL,3,m3t_l1b_v07.exe,7,1.003432396270 <AU>,148.35,REVERSE,ASCENDING,"(0.336168796485,0.413814394133,181.588052552522)","(""N/A"",""N/A"",""N/A"")",N/A,"(""N/A"",""N/A"",""N/A"")",N/A,3,55.73,M3T20090420T003514_V01_L0.IMG,M3T20090420T003514_V01_BDE.IMG,M3T20090420T011613_V01_FF.IMG,148.35,u2
M3T20090420T023314,19bc,2009-05-01T10:18:35,1975,m3_igds_l0_v18.pl,18,148.42,GLOBAL,CH1-ORB-L-M3-2-L0-RAW-V1.0,2009-04-20T02:33:14,2009-04-20T02:33:38,,,,,,,,,,,,,,,,,,,,,,,,,,,,,,,,,,,,,,,,,,,,,,,,,,,,,,,,,,
M3T20090420T031414,19bc,2009-05-01T10:19:43,1975,m3_igds_l0_v18.pl,18,148.35,GLOBAL,CH1-ORB-L-M3-2-L0-RAW-V1.0,2009-04-20T03:14:14,2009-04-20T03:18:14,2009-05-10T18:01:10,PRELIMINARY,m3t_l1b_v07.exe,7,1.003418356469 <AU>,148.35,REVERSE,ASCENDING,"(0.344063732325,0.301998184257,181.763399475058)","(""N/A"",""N/A"",""N/A"")",N/A,"(""N/A"",""N/A"",""N/A"")",N/A,3,55.73,M3T20090420T023314_V01_L0.IMG,M3T20090420T023314_V01_BDE.IMG,M3T20090420T031414_V01_FF.IMG,148.74,,,,,,,,,,,,,,,,,,,2009-05-10T18:01:10,ACTUAL,3,m3t_l1b_v07.exe,7,1.003418356469 <AU>,148.35,REVERSE,ASCENDING,"(0.344063732325,0.301998184257,181.763399475058)","(""N/A"",""N/A"",""N/A"")",N/A,"(""N/A"",""N/A"",""N/A"")",N/A,3,55.73,M3T20090420T023314_V01_L0.IMG,M3T20090420T023314_V01_BDE.IMG,M3T20090420T031414_V01_FF.IMG,148.35,u2
M3T20090420T031814,19bc,2009-05-01T10:30:39,1976,m3_igds_l0_v18.pl,18,148.35,GLOBAL,CH1-ORB-L-M3-2-L0-RAW-V1.0,2009-04-20T03:18:14,2009-04-20T03:18:43,2009-05-10T18:01:10,PRELIMINARY,m3t_l1b_v07.exe,7,1.003418507462 <AU>,148.35,REVERSE,ASCENDING,"(0.344063732325,0.301998184257,181.763399475058)","(""N/A"",""N/A"",""N/A"")",N/A,"(""N/A"",""N/A"",""N/A"")",N/A,3,55.73,M3T20090420T023314_V01_L0.IMG,M3T20090420T023314_V01_BDE.IMG,M3T20090420T031414_V01_FF.IMG,148.74,,,,,,,,,,,,,,,,,,,2009-05-10T18:01:10,ACTUAL,3,m3t_l1b_v07.exe,7,1.003418507462 <AU>,148.35,REVERSE,ASCENDING,"(0.344063732325,0.301998184257,181.763399475058)","(""N/A"",""N/A"",""N/A"")",N/A,"(""N/A"",""N/A"",""N/A"")",N/A,3,55.73,M3T20090420T023314_V01_L0.IMG,M3T20090420T023314_V01_BDE.IMG,M3T20090420T031414_V01_FF.IMG,148.35,u2
M3T20090420T043113,19bc,2009-05-01T10:32:01,1976,m3_igds_l0_v18.pl,18,148.48,GLOBAL,CH1-ORB-L-M3-2-L0-RAW-V1.0,2009-04-20T04:31:13,2009-04-20T04:31:38,,,,,,,,,,,,,,,,,,,,,,,,,,,,,,,,,,,,,,,,,,,,,,,,,,,,,,,,,,
M3T20090420T051214,19bc,2009-05-01T10:33:13,1976,m3_igds_l0_v18.pl,18,148.42,GLOBAL,CH1-ORB-L-M3-2-L0-RAW-V1.0,2009-04-20T05:12:14,2009-04-20T05:13:16,2009-05-10T18:01:10,PRELIMINARY,m3t_l1b_v07.exe,7,1.003404716105 <AU>,148.42,REVERSE,ASCENDING,"(0.378475195352,0.148067391851,181.663822090815)","(""N/A"",""N/A"",""N/A"")",N/A,"(""N/A"",""N/A"",""N/A"")",N/A,3,55.73,M3T20090420T043113_V01_L0.IMG,M3T20090420T043113_V01_BDE.IMG,M3T20090420T051214_V01_FF.IMG,148.74,,,,,,,,,,,,,,,,,,,2009-05-10T18:01:10,ACTUAL,3,m3t_l1b_v07.exe,7,1.003404716105 <AU>,148.42,REVERSE,ASCENDING,"(0.378475195352,0.148067391851,181.663822090815)","(""N/A"",""N/A"",""N/A"")",N/A,"(""N/A"",""N/A"",""N/A"")",N/A,3,55.73,M3T20090420T043113_V01_L0.IMG,M3T20090420T043113_V01_BDE.IMG,M3T20090420T051214_V01_FF.IMG,148.42,u2
M3T20090420T051311,19bc,2009-05-04T23:09:48,7671,m3_igds_l0_v18.pl,18,148.42,GLOBAL,CH1-ORB-L-M3-2-L0-RAW-V1.0,2009-04-20T05:13:11,2009-04-20T05:13:16,2009-05-10T18:01:10,PRELIMINARY,m3t_l1b_v07.exe,7,1.003404733592 <AU>,148.42,REVERSE,ASCENDING,"(0.378475195352,0.148067391851,181.663822090815)","(""N/A"",""N/A"",""N/A"")",N/A,"(""N/A"",""N/A"",""N/A"")",N/A,3,55.73,M3T20090420T043113_V01_L0.IMG,M3T20090420T043113_V01_BDE.IMG,M3T20090420T051316_V01_FF.IMG,148.74,,,,,,,,,,,,,,,,,,,2009-05-10T18:01:10,ACTUAL,3,m3t_l1b_v07.exe,7,1.003404733592 <AU>,148.42,REVERSE,ASCENDING,"(0.378475195352,0.148067391851,181.663822090815)","(""N/A"",""N/A"",""N/A"")",N/A,"(""N/A"",""N/A"",""N/A"")",N/A,3,55.73,M3T20090420T043113_V01_L0.IMG,M3T20090420T043113_V01_BDE.IMG,M3T20090420T051316_V01_FF.IMG,148.42,u2
M3T20090420T051316,19bc,2009-05-01T01:26:05,1976,m3_igds_l0_v18.pl,18,148.42,GLOBAL,CH1-ORB-L-M3-2-L0-RAW-V1.0,2009-04-20T05:13:16,2009-04-20T05:14:16,2009-05-10T18:01:10,PRELIMINARY,m3t_l1b_v07.exe,7,1.003404759150 <AU>,148.42,REVERSE,ASCENDING,"(0.378475195352,0.148067391851,181.663822090815)","(""N/A"",""N/A"",""N/A"")",N/A,"(""N/A"",""N/A"",""N/A"")",N/A,3,55.73,M3T20090420T043113_V01_L0.IMG,M3T20090420T043113_V01_BDE.IMG,M3T20090420T051316_V01_FF.IMG,148.74,,,,,,,,,,,,,,,,,,,2009-05-10T18:01:10,ACTUAL,3,m3t_l1b_v07.exe,7,1.003404759150 <AU>,148.42,REVERSE,ASCENDING,"(0.378475195352,0.148067391851,181.663822090815)","(""N/A"",""N/A"",""N/A"")",N/A,"(""N/A"",""N/A"",""N/A"")",N/A,3,55.73,M3T20090420T043113_V01_L0.IMG,M3T20090420T043113_V01_BDE.IMG,M3T20090420T051316_V01_FF.IMG,148.42,u2
M3T20090420T051417,19bc,2009-05-01T01:28:55,1976,m3_igds_l0_v18.pl,18,148.42,GLOBAL,CH1-ORB-L-M3-2-L0-RAW-V1.0,2009-04-20T05:14:17,2009-04-20T05:15:22,2009-05-10T18:01:10,PRELIMINARY,m3t_l1b_v07.exe,7,1.003404821418 <AU>,148.42,REVERSE,ASCENDING,"(0.378475195352,0.148067391851,181.663822090815)","(""N/A"",""N/A"",""N/A"")",N/A,"(""N/A"",""N/A"",""N/A"")",N/A,3,55.73,M3T20090420T043113_V01_L0.IMG,M3T20090420T043113_V01_BDE.IMG,M3T20090420T051417_V01_FF.IMG,148.74,,,,,,,,,,,,,,,,,,,2009-05-10T18:01:10,ACTUAL,3,m3t_l1b_v07.exe,7,1.003404821418 <AU>,148.42,REVERSE,ASCENDING,"(0.378475195352,0.148067391851,181.663822090815)","(""N/A"",""N/A"",""N/A"")",N/A,"(""N/A"",""N/A"",""N/A"")",N/A,3,55.73,M3T20090420T043113_V01_L0.IMG,M3T20090420T043113_V01_BDE.IMG,M3T20090420T051417_V01_FF.IMG,148.42,u2
M3T20090420T051522,19bc,2009-05-01T01:31:57,1976,m3_igds_l0_v18.pl,18,148.42,GLOBAL,CH1-ORB-L-M3-2-L0-RAW-V1.0,2009-04-20T05:15:22,2009-04-20T05:15:59,2009-05-10T18:01:10,PRELIMINARY,m3t_l1b_v07.exe,7,1.003404884199 <AU>,148.42,REVERSE,ASCENDING,"(0.378475195352,0.148067391851,181.663822090815)","(""N/A"",""N/A"",""N/A"")",N/A,"(""N/A"",""N/A"",""N/A"")",N/A,3,55.73,M3T20090420T043113_V01_L0.IMG,M3T20090420T043113_V01_BDE.IMG,M3T20090420T051417_V01_FF.IMG,148.74,,,,,,,,,,,,,,,,,,,2009-05-10T18:01:10,ACTUAL,3,m3t_l1b_v07.exe,7,1.003404884199 <AU>,148.42,REVERSE,ASCENDING,"(0.378475195352,0.148067391851,181.663822090815)","(""N/A"",""N/A"",""N/A"")",N/A,"(""N/A"",""N/A"",""N/A"")",N/A,3,55.73,M3T20090420T043113_V01_L0.IMG,M3T20090420T043113_V01_BDE.IMG,M3T20090420T051417_V01_FF.IMG,148.42,u2
M3T20090420T051559,19bc,2009-05-01T01:33:39,1976,m3_igds_l0_v18.pl,18,148.42,GLOBAL,CH1-ORB-L-M3-2-L0-RAW-V1.0,2009-04-20T05:15:59,2009-04-20T05:16:24,2009-05-10T18:01:10,PRELIMINARY,m3t_l1b_v07.exe,7,1.003404928015 <AU>,148.42,REVERSE,ASCENDING,"(0.378475195352,0.148067391851,181.663822090815)","(""N/A"",""N/A"",""N/A"")",N/A,"(""N/A"",""N/A"",""N/A"")",N/A,3,55.73,M3T20090420T043113_V01_L0.IMG,M3T20090420T043113_V01_BDE.IMG,M3T20090420T051417_V01_FF.IMG,148.74,,,,,,,,,,,,,,,,,,,2009-05-10T18:01:10,ACTUAL,3,m3t_l1b_v07.exe,7,1.003404928015 <AU>,148.42,REVERSE,ASCENDING,"(0.378475195352,0.148067391851,181.663822090815)","(""N/A"",""N/A"",""N/A"")",N/A,"(""N/A"",""N/A"",""N/A"")",N/A,3,55.73,M3T20090420T043113_V01_L0.IMG,M3T20090420T043113_V01_BDE.IMG,M3T20090420T051417_V01_FF.IMG,148.42,u2
M3T20090420T071014,19bc,2009-05-01T01:34:48,1976,m3_igds_l0_v18.pl,18,148.42,GLOBAL,CH1-ORB-L-M3-2-L0-RAW-V1.0,2009-04-20T07:10:14,2009-04-20T07:12:31,2009-05-10T18:01:10,PRELIMINARY,m3t_l1b_v07.exe,7,1.003391513306 <AU>,148.42,REVERSE,ASCENDING,"(0.358942911614,0.004702172452,181.601943477093)","(""N/A"",""N/A"",""N/A"")",N/A,"(""N/A"",""N/A"",""N/A"")",N/A,3,55.73,M3T20090420T043113_V01_L0.IMG,M3T20090420T043113_V01_BDE.IMG,M3T20090420T071014_V01_FF.IMG,148.74,,,,,,,,,,,,,,,,,,,2009-05-10T18:01:10,ACTUAL,3,m3t_l1b_v07.exe,7,1.003391513306 <AU>,148.42,REVERSE,ASCENDING,"(0.358942911614,0.004702172452,181.601943477093)","(""N/A"",""N/A"",""N/A"")",N/A,"(""N/A"",""N/A"",""N/A"")",N/A,3,55.73,M3T20090420T043113_V01_L0.IMG,M3T20090420T043113_V01_BDE.IMG,M3T20090420T071014_V01_FF.IMG,148.42,u2
M3T20090420T071231,19bc,2009-05-01T01:40:58,1976,m3_igds_l0_v18.pl,18,148.42,GLOBAL,CH1-ORB-L-M3-2-L0-RAW-V1.0,2009-04-20T07:12:31,2009-04-20T07:14:43,2009-05-10T18:01:10,PRELIMINARY,m3t_l1b_v07.exe,7,1.003391661108 <AU>,148.42,REVERSE,ASCENDING,"(0.358942911614,0.004702172452,181.601943477093)","(""N/A"",""N/A"",""N/A"")",N/A,"(""N/A"",""N/A"",""N/A"")",N/A,3,55.73,M3T20090420T043113_V01_L0.IMG,M3T20090420T043113_V01_BDE.IMG,M3T20090420T071231_V01_FF.IMG,148.74,,,,,,,,,,,,,,,,,,,2009-05-10T18:01:10,ACTUAL,3,m3t_l1b_v07.exe,7,1.003391661108 <AU>,148.42,REVERSE,ASCENDING,"(0.358942911614,0.004702172452,181.601943477093)","(""N/A"",""N/A"",""N/A"")",N/A,"(""N/A"",""N/A"",""N/A"")",N/A,3,55.73,M3T20090420T043113_V01_L0.IMG,M3T20090420T043113_V01_BDE.IMG,M3T20090420T071231_V01_FF.IMG,148.42,u2
M3T20090420T085559,19bc,2009-05-01T01:47:02,1976,m3_igds_l0_v18.pl,18,148.42,GLOBAL,CH1-ORB-L-M3-2-L0-RAW-V1.0,2009-04-20T08:55:59,2009-04-20T08:59:16,2009-05-10T18:01:10,PRELIMINARY,m3t_l1b_v07.exe,7,1.003379283130 <AU>,148.42,REVERSE,ASCENDING,"(0.155014098088,0.081427502548,180.044167064418)","(""N/A"",""N/A"",""N/A"")",N/A,"(""N/A"",""N/A"",""N/A"")",N/A,3,55.73,M3T20090420T102514_V01_L0.IMG,M3T20090420T102514_V01_BDE.IMG,M3T20090420T085559_V01_FF.IMG,148.74,,,,,,,,,,,,,,,,,,,2009-05-10T18:01:10,ACTUAL,3,m3t_l1b_v07.exe,7,1.003379283130 <AU>,148.42,REVERSE,ASCENDING,"(0.155014098088,0.081427502548,180.044167064418)","(""N/A"",""N/A"",""N/A"")",N/A,"(""N/A"",""N/A"",""N/A"")",N/A,3,55.73,M3T20090420T102514_V01_L0.IMG,M3T20090420T102514_V01_BDE.IMG,M3T20090420T085559_V01_FF.IMG,148.42,u2
M3T20090420T102514,19bc,2009-05-01T01:56:11,1976,m3_igds_l0_v18.pl,18,148.61,GLOBAL,CH1-ORB-L-M3-2-L0-RAW-V1.0,2009-04-20T10:25:14,2009-04-20T10:25:39,,,,,,,,,,,,,,,,,,,,,,,,,,,,,,,,,,,,,,,,,,,,,,,,,,,,,,,,,,
M3T20090420T105359,19bc,2009-05-01T01:57:19,1976,m3_igds_l0_v18.pl,18,148.48,GLOBAL,CH1-ORB-L-M3-2-L0-RAW-V1.0,2009-04-20T10:53:59,2009-04-20T10:55:08,2009-05-10T18:01:10,PRELIMINARY,m3t_l1b_v07.exe,7,1.003366889946 <AU>,148.48,REVERSE,ASCENDING,"(0.205085812771,0.346091807430,180.806628938093)","(""N/A"",""N/A"",""N/A"")",N/A,"(""N/A"",""N/A"",""N/A"")",N/A,3,55.73,M3T20090420T102514_V01_L0.IMG,M3T20090420T102514_V01_BDE.IMG,M3T20090420T105359_V01_FF.IMG,148.74,,,,,,,,,,,,,,,,,,,2009-05-10T18:01:10,ACTUAL,3,m3t_l1b_v07.exe,7,1.003366889946 <AU>,148.48,REVERSE,ASCENDING,"(0.205085812771,0.346091807430,180.806628938093)","(""N/A"",""N/A"",""N/A"")",N/A,"(""N/A"",""N/A"",""N/A"")",N/A,3,55.73,M3T20090420T102514_V01_L0.IMG,M3T20090420T102514_V01_BDE.IMG,M3T20090420T105359_V01_FF.IMG,148.48,u2
M3T20090420T105508,19bc,2009-05-01T02:00:31,1976,m3_igds_l0_v18.pl,18,148.42,GLOBAL,CH1-ORB-L-M3-2-L0-RAW-V1.0,2009-04-20T10:55:08,2009-04-20T10:56:17,2009-05-10T18:01:10,PRELIMINARY,m3t_l1b_v07.exe,7,1.003366695704 <AU>,148.42,REVERSE,ASCENDING,"(0.205085812771,0.346091807430,180.806628938093)","(""N/A"",""N/A"",""N/A"")",N/A,"(""N/A"",""N/A"",""N/A"")",N/A,3,55.73,M3T20090420T102514_V01_L0.IMG,M3T20090420T102514_V01_BDE.IMG,M3T20090420T105508_V01_FF.IMG,148.74,,,,,,,,,,,,,,,,,,,2009-05-10T18:01:10,ACTUAL,3,m3t_l1b_v07.exe,7,1.003366695704 <AU>,148.42,REVERSE,ASCENDING,"(0.205085812771,0.346091807430,180.806628938093)","(""N/A"",""N/A"",""N/A"")",N/A,"(""N/A"",""N/A"",""N/A"")",N/A,3,55.73,M3T20090420T102514_V01_L0.IMG,M3T20090420T102514_V01_BDE.IMG,M3T20090420T105508_V01_FF.IMG,148.42,u2
M3T20090420T142114,19bc,2009-05-01T02:15:03,1976,m3_igds_l0_v18.pl,18,148.8,GLOBAL,CH1-ORB-L-M3-2-L0-RAW-V1.0,2009-04-20T14:21:14,2009-04-20T14:21:38,,,,,,,,,,,,,,,,,,,,,,,,,,,,,,,,,,,,,,,,,,,,,,,,,,,,,,,,,,
M3T20090420T145059,19bc,2009-05-01T02:16:10,1976,m3_igds_l0_v18.pl,18,148.54,GLOBAL,CH1-ORB-L-M3-2-L0-RAW-V1.0,2009-04-20T14:50:59,2009-04-20T14:55:28,2009-05-10T18:01:10,PRELIMINARY,m3t_l1b_v07.exe,7,1.003342477544 <AU>,148.54,REVERSE,ASCENDING,"(0.219562395977,0.706878185834,181.113305558075)","(""N/A"",""N/A"",""N/A"")",N/A,"(""N/A"",""N/A"",""N/A"")",N/A,3,55.73,M3T20090420T142114_V01_L0.IMG,M3T20090420T142114_V01_BDE.IMG,M3T20090420T145059_V01_FF.IMG,148.48,,,,,,,,,,,,,,,,,,,2009-05-10T18:01:10,ACTUAL,3,m3t_l1b_v07.exe,7,1.003342477544 <AU>,148.54,REVERSE,ASCENDING,"(0.219562395977,0.706878185834,181.113305558075)","(""N/A"",""N/A"",""N/A"")",N/A,"(""N/A"",""N/A"",""N/A"")",N/A,3,55.73,M3T20090420T142114_V01_L0.IMG,M3T20090420T142114_V01_BDE.IMG,M3T20090420T145059_V01_FF.IMG,148.54,u2
M3T20090420T161913,19bc,2009-05-01T02:28:41,1976,m3_igds_l0_v18.pl,18,148.67,GLOBAL,CH1-ORB-L-M3-2-L0-RAW-V1.0,2009-04-20T16:19:13,2009-04-20T16:19:25,,,,,,,,,,,,,,,,,,,,,,,,,,,,,,,,,,,,,,,,,,,,,,,,,,,,,,,,,,
M3T20090420T161925,19bc,2009-05-01T10:36:11,1983,m3_igds_l0_v18.pl,18,148.67,GLOBAL,CH1-ORB-L-M3-2-L0-RAW-V1.0,2009-04-20T16:19:25,2009-04-20T16:19:38,,,,,,,,,,,,,,,,,,,,,,,,,,,,,,,,,,,,,,,,,,,,,,,,,,,,,,,,,,
M3T20090420T164859,19bc,2009-05-01T10:36:49,1983,m3_igds_l0_v18.pl,18,148.61,GLOBAL,CH1-ORB-L-M3-2-L0-RAW-V1.0,2009-04-20T16:48:59,2009-04-20T16:50:26,2009-05-10T18:01:10,PRELIMINARY,m3t_l1b_v07.exe,7,1.003331244558 <AU>,148.61,REVERSE,ASCENDING,"(0.239953371875,0.705745968129,181.403759284874)","(""N/A"",""N/A"",""N/A"")",N/A,"(""N/A"",""N/A"",""N/A"")",N/A,3,55.48,M3T20090420T142114_V01_L0.IMG,M3T20090420T142114_V01_BDE.IMG,M3T20090420T165026_V01_FF.IMG,148.93,,,,,,,,,,,,,,,,,,,2009-05-10T18:01:10,ACTUAL,3,m3t_l1b_v07.exe,7,1.003331244558 <AU>,148.61,REVERSE,ASCENDING,"(0.239953371875,0.705745968129,181.403759284874)","(""N/A"",""N/A"",""N/A"")",N/A,"(""N/A"",""N/A"",""N/A"")",N/A,3,55.48,M3T20090420T142114_V01_L0.IMG,M3T20090420T142114_V01_BDE.IMG,M3T20090420T165026_V01_FF.IMG,148.61,u2
M3T20090420T165026,19bc,2009-05-01T10:40:58,1983,m3_igds_l0_v18.pl,18,148.61,GLOBAL,CH1-ORB-L-M3-2-L0-RAW-V1.0,2009-04-20T16:50:26,2009-04-20T16:52:41,2009-05-10T18:01:10,PRELIMINARY,m3t_l1b_v07.exe,7,1.003331002421 <AU>,148.61,REVERSE,ASCENDING,"(0.239953371875,0.705745968129,181.403759284874)","(""N/A"",""N/A"",""N/A"")",N/A,"(""N/A"",""N/A"",""N/A"")",N/A,3,55.48,M3T20090420T142114_V01_L0.IMG,M3T20090420T142114_V01_BDE.IMG,M3T20090420T165026_V01_FF.IMG,148.93,,,,,,,,,,,,,,,,,,,2009-05-10T18:01:10,ACTUAL,3,m3t_l1b_v07.exe,7,1.003331002421 <AU>,148.61,REVERSE,ASCENDING,"(0.239953371875,0.705745968129,181.403759284874)","(""N/A"",""N/A"",""N/A"")",N/A,"(""N/A"",""N/A"",""N/A"")",N/A,3,55.48,M3T20090420T142114_V01_L0.IMG,M3T20090420T142114_V01_BDE.IMG,M3T20090420T165026_V01_FF.IMG,148.61,u2
M3T20090421T020859,19bc,2009-07-13T03:30:48,1983,m3_igds_l0_v18.pl,18,148.99,GLOBAL,CH1-ORB-L-M3-2-L0-RAW-V1.0,2009-04-21T02:08:59,2009-04-21T02:09:24,,,,,,,,,,,,,,,,,,,,,,,,,,,,,,,,,,,,,,,,,,,,,,,,,,,,,,,,,,
M3T20090421T023229,19bc,2009-07-13T03:31:55,1983,m3_igds_l0_v18.pl,18,148.86,GLOBAL,CH1-ORB-L-M3-2-L0-RAW-V1.0,2009-04-21T02:32:29,2009-04-21T02:32:35,2009-05-10T18:01:10,PRELIMINARY,m3t_l1b_v07.exe,7,1.003281728297 <AU>,148.86,REVERSE,ASCENDING,"(0.273871591577,0.596755076746,181.345941899260)","(""N/A"",""N/A"",""N/A"")",N/A,"(""N/A"",""N/A"",""N/A"")",N/A,3,55.24,M3T20090421T020859_V01_L0.IMG,M3T20090421T020859_V01_BDE.IMG,M3T20090421T023235_V01_FF.IMG,149.06,,,,,,,,,,,,,,,,,,,2009-05-10T18:01:10,ACTUAL,3,m3t_l1b_v07.exe,7,1.003281728297 <AU>,148.86,REVERSE,ASCENDING,"(0.273871591577,0.596755076746,181.345941899260)","(""N/A"",""N/A"",""N/A"")",N/A,"(""N/A"",""N/A"",""N/A"")",N/A,3,55.24,M3T20090421T020859_V01_L0.IMG,M3T20090421T020859_V01_BDE.IMG,M3T20090421T023235_V01_FF.IMG,148.86,u2
M3T20090421T023235,19bc,2009-05-01T10:58:19,1983,m3_igds_l0_v18.pl,18,148.86,GLOBAL,CH1-ORB-L-M3-2-L0-RAW-V1.0,2009-04-21T02:32:35,2009-04-21T02:35:49,2009-05-10T18:01:10,PRELIMINARY,m3t_l1b_v07.exe,7,1.003281326434 <AU>,148.86,REVERSE,ASCENDING,"(0.273871591577,0.596755076746,181.345941899260)","(""N/A"",""N/A"",""N/A"")",N/A,"(""N/A"",""N/A"",""N/A"")",N/A,3,55.24,M3T20090421T020859_V01_L0.IMG,M3T20090421T020859_V01_BDE.IMG,M3T20090421T023235_V01_FF.IMG,149.06,,,,,,,,,,,,,,,,,,,2009-05-10T18:01:10,ACTUAL,3,m3t_l1b_v07.exe,7,1.003281326434 <AU>,148.86,REVERSE,ASCENDING,"(0.273871591577,0.596755076746,181.345941899260)","(""N/A"",""N/A"",""N/A"")",N/A,"(""N/A"",""N/A"",""N/A"")",N/A,3,55.24,M3T20090421T020859_V01_L0.IMG,M3T20090421T020859_V01_BDE.IMG,M3T20090421T023235_V01_FF.IMG,148.86,u2
M3T20090421T040659,19bc,2009-05-01T11:07:19,1983,m3_igds_l0_v18.pl,18,149.06,GLOBAL,CH1-ORB-L-M3-2-L0-RAW-V1.0,2009-04-21T04:06:59,2009-04-21T04:07:24,,,,,,,,,,,,,,,,,,,,,,,,,,,,,,,,,,,,,,,,,,,,,,,,,,,,,,,,,,
M3T20090421T042859,19bc,2009-05-01T11:08:28,1983,m3_igds_l0_v18.pl,18,148.93,GLOBAL,CH1-ORB-L-M3-2-L0-RAW-V1.0,2009-04-21T04:28:59,2009-04-21T04:32:53,2009-05-10T18:01:10,PRELIMINARY,m3t_l1b_v07.exe,7,1.003272745782 <AU>,148.93,REVERSE,ASCENDING,"(0.301246647648,0.518132069427,181.326267816529)","(""N/A"",""N/A"",""N/A"")",N/A,"(""N/A"",""N/A"",""N/A"")",N/A,3,54.91,M3T20090421T040659_V01_L0.IMG,M3T20090421T040659_V01_BDE.IMG,M3T20090421T042859_V01_FF.IMG,149.38,,,,,,,,,,,,,,,,,,,2009-05-10T18:01:10,ACTUAL,3,m3t_l1b_v07.exe,7,1.003272745782 <AU>,148.93,REVERSE,ASCENDING,"(0.301246647648,0.518132069427,181.326267816529)","(""N/A"",""N/A"",""N/A"")",N/A,"(""N/A"",""N/A"",""N/A"")",N/A,3,54.91,M3T20090421T040659_V01_L0.IMG,M3T20090421T040659_V01_BDE.IMG,M3T20090421T042859_V01_FF.IMG,148.93,u2
M3T20090421T043253,19bc,2009-05-01T11:19:14,1983,m3_igds_l0_v18.pl,18,148.93,GLOBAL,CH1-ORB-L-M3-2-L0-RAW-V1.0,2009-04-21T04:32:53,2009-04-21T04:33:28,2009-05-10T18:01:10,PRELIMINARY,m3t_l1b_v07.exe,7,1.003272214929 <AU>,148.93,REVERSE,ASCENDING,"(0.301246647648,0.518132069427,181.326267816529)","(""N/A"",""N/A"",""N/A"")",N/A,"(""N/A"",""N/A"",""N/A"")",N/A,3,54.91,M3T20090421T040659_V01_L0.IMG,M3T20090421T040659_V01_BDE.IMG,M3T20090421T042859_V01_FF.IMG,149.38,,,,,,,,,,,,,,,,,,,2009-05-10T18:01:10,ACTUAL,3,m3t_l1b_v07.exe,7,1.003272214929 <AU>,148.93,REVERSE,ASCENDING,"(0.301246647648,0.518132069427,181.326267816529)","(""N/A"",""N/A"",""N/A"")",N/A,"(""N/A"",""N/A"",""N/A"")",N/A,3,54.91,M3T20090421T040659_V01_L0.IMG,M3T20090421T040659_V01_BDE.IMG,M3T20090421T042859_V01_FF.IMG,148.93,u2
M3T20090421T060459,19bc,2009-05-01T11:20:54,1983,m3_igds_l0_v18.pl,18,149.12,GLOBAL,CH1-ORB-L-M3-2-L0-RAW-V1.0,2009-04-21T06:04:59,2009-04-21T06:05:24,,,,,,,,,,,,,,,,,,,,,,,,,,,,,,,,,,,,,,,,,,,,,,,,,,,,,,,,,,
M3T20090421T063144,19bc,2009-05-01T11:22:03,1983,m3_igds_l0_v18.pl,18,148.99,GLOBAL,CH1-ORB-L-M3-2-L0-RAW-V1.0,2009-04-21T06:31:44,2009-04-21T06:32:55,2009-05-10T18:01:10,PRELIMINARY,m3t_l1b_v07.exe,7,1.003263566988 <AU>,148.99,REVERSE,ASCENDING,"(0.151166373782,0.455532729796,180.889242343049)","(""N/A"",""N/A"",""N/A"")",N/A,"(""N/A"",""N/A"",""N/A"")",N/A,3,54.91,M3T20090421T060459_V01_L0.IMG,M3T20090421T060459_V01_BDE.IMG,M3T20090421T063255_V01_FF.IMG,149.38,,,,,,,,,,,,,,,,,,,2009-05-10T18:01:10,ACTUAL,3,m3t_l1b_v07.exe,7,1.003263566988 <AU>,148.99,REVERSE,ASCENDING,"(0.151166373782,0.455532729796,180.889242343049)","(""N/A"",""N/A"",""N/A"")",N/A,"(""N/A"",""N/A"",""N/A"")",N/A,3,54.91,M3T20090421T060459_V01_L0.IMG,M3T20090421T060459_V01_BDE.IMG,M3T20090421T063255_V01_FF.IMG,148.99,u2
M3T20090421T063255,19bc,2009-05-01T11:25:20,1983,m3_igds_l0_v18.pl,18,149.06,GLOBAL,CH1-ORB-L-M3-2-L0-RAW-V1.0,2009-04-21T06:32:55,2009-04-21T06:35:43,2009-05-10T18:01:10,PRELIMINARY,m3t_l1b_v07.exe,7,1.003263237831 <AU>,149.06,REVERSE,ASCENDING,"(0.151166373782,0.455532729796,180.889242343049)","(""N/A"",""N/A"",""N/A"")",N/A,"(""N/A"",""N/A"",""N/A"")",N/A,3,54.91,M3T20090421T060459_V01_L0.IMG,M3T20090421T060459_V01_BDE.IMG,M3T20090421T063255_V01_FF.IMG,149.38,,,,,,,,,,,,,,,,,,,2009-05-10T18:01:10,ACTUAL,3,m3t_l1b_v07.exe,7,1.003263237831 <AU>,149.06,REVERSE,ASCENDING,"(0.151166373782,0.455532729796,180.889242343049)","(""N/A"",""N/A"",""N/A"")",N/A,"(""N/A"",""N/A"",""N/A"")",N/A,3,54.91,M3T20090421T060459_V01_L0.IMG,M3T20090421T060459_V01_BDE.IMG,M3T20090421T063255_V01_FF.IMG,149.06,u2
M3T20090421T063543,19bc,2009-05-01T02:29:12,1988,m3_igds_l0_v18.pl,18,149.06,GLOBAL,CH1-ORB-L-M3-2-L0-RAW-V1.0,2009-04-21T06:35:43,2009-04-21T06:36:14,2009-05-10T18:01:10,PRELIMINARY,m3t_l1b_v07.exe,7,1.003263013893 <AU>,149.06,REVERSE,ASCENDING,"(0.151166373782,0.455532729796,180.889242343049)","(""N/A"",""N/A"",""N/A"")",N/A,"(""N/A"",""N/A"",""N/A"")",N/A,3,54.91,M3T20090421T060459_V01_L0.IMG,M3T20090421T060459_V01_BDE.IMG,M3T20090421T063255_V01_FF.IMG,149.38,,,,,,,,,,,,,,,,,,,2009-05-10T18:01:10,ACTUAL,3,m3t_l1b_v07.exe,7,1.003263013893 <AU>,149.06,REVERSE,ASCENDING,"(0.151166373782,0.455532729796,180.889242343049)","(""N/A"",""N/A"",""N/A"")",N/A,"(""N/A"",""N/A"",""N/A"")",N/A,3,54.91,M3T20090421T060459_V01_L0.IMG,M3T20090421T060459_V01_BDE.IMG,M3T20090421T063255_V01_FF.IMG,149.06,u2
M3T20090421T100058,19bc,2009-05-01T02:42:06,1988,m3_igds_l0_v18.pl,18,149.38,GLOBAL,CH1-ORB-L-M3-2-L0-RAW-V1.0,2009-04-21T10:00:58,2009-04-21T10:01:23,,,,,,,,,,,,,,,,,,,,,,,,,,,,,,,,,,,,,,,,,,,,,,,,,,,,,,,,,,
M3T20090421T102544,19bc,2009-05-01T02:43:14,1988,m3_igds_l0_v18.pl,18,149.25,GLOBAL,CH1-ORB-L-M3-2-L0-RAW-V1.0,2009-04-21T10:25:44,2009-04-21T10:27:51,2009-05-10T18:01:10,PRELIMINARY,m3t_l1b_v07.exe,7,1.003248468502 <AU>,149.25,REVERSE,ASCENDING,"(0.260111907936,0.435427004290,181.507231982978)","(""N/A"",""N/A"",""N/A"")",N/A,"(""N/A"",""N/A"",""N/A"")",N/A,3,54.91,M3T20090421T100058_V01_L0.IMG,M3T20090421T100058_V01_BDE.IMG,M3T20090421T102544_V01_FF.IMG,149.18,,,,,,,,,,,,,,,,,,,2009-05-10T18:01:10,ACTUAL,3,m3t_l1b_v07.exe,7,1.003248468502 <AU>,149.25,REVERSE,ASCENDING,"(0.260111907936,0.435427004290,181.507231982978)","(""N/A"",""N/A"",""N/A"")",N/A,"(""N/A"",""N/A"",""N/A"")",N/A,3,54.91,M3T20090421T100058_V01_L0.IMG,M3T20090421T100058_V01_BDE.IMG,M3T20090421T102544_V01_FF.IMG,149.25,u2
M3T20090421T102751,19bc,2009-05-01T02:49:02,1988,m3_igds_l0_v18.pl,18,149.25,GLOBAL,CH1-ORB-L-M3-2-L0-RAW-V1.0,2009-04-21T10:27:51,2009-04-21T10:30:13,2009-05-10T18:01:10,PRELIMINARY,m3t_l1b_v07.exe,7,1.003248046530 <AU>,149.25,REVERSE,ASCENDING,"(0.260111907936,0.435427004290,181.507231982978)","(""N/A"",""N/A"",""N/A"")",N/A,"(""N/A"",""N/A"",""N/A"")",N/A,3,54.91,M3T20090421T100058_V01_L0.IMG,M3T20090421T100058_V01_BDE.IMG,M3T20090421T102751_V01_FF.IMG,149.18,,,,,,,,,,,,,,,,,,,2009-05-10T18:01:10,ACTUAL,3,m3t_l1b_v07.exe,7,1.003248046530 <AU>,149.25,REVERSE,ASCENDING,"(0.260111907936,0.435427004290,181.507231982978)","(""N/A"",""N/A"",""N/A"")",N/A,"(""N/A"",""N/A"",""N/A"")",N/A,3,54.91,M3T20090421T100058_V01_L0.IMG,M3T20090421T100058_V01_BDE.IMG,M3T20090421T102751_V01_FF.IMG,149.25,u2
M3T20090421T115858,19bc,2009-05-01T02:55:35,1988,m3_igds_l0_v18.pl,18,149.63,GLOBAL,CH1-ORB-L-M3-2-L0-RAW-V1.0,2009-04-21T11:58:58,2009-04-21T11:59:23,,,,,,,,,,,,,,,,,,,,,,,,,,,,,,,,,,,,,,,,,,,,,,,,,,,,,,,,,,
M3T20090421T122429,19bc,2009-05-01T02:56:44,1988,m3_igds_l0_v18.pl,18,149.38,GLOBAL,CH1-ORB-L-M3-2-L0-RAW-V1.0,2009-04-21T12:24:29,2009-04-21T12:26:26,2009-05-10T18:01:10,PRELIMINARY,m3t_l1b_v07.exe,7,1.003241367155 <AU>,149.38,REVERSE,ASCENDING,"(0.292109907072,0.351936204347,181.409840701025)","(""N/A"",""N/A"",""N/A"")",N/A,"(""N/A"",""N/A"",""N/A"")",N/A,3,54.91,M3T20090421T115858_V01_L0.IMG,M3T20090421T115858_V01_BDE.IMG,M3T20090421T122429_V01_FF.IMG,149.18,,,,,,,,,,,,,,,,,,,2009-05-10T18:01:10,ACTUAL,3,m3t_l1b_v07.exe,7,1.003241367155 <AU>,149.38,REVERSE,ASCENDING,"(0.292109907072,0.351936204347,181.409840701025)","(""N/A"",""N/A"",""N/A"")",N/A,"(""N/A"",""N/A"",""N/A"")",N/A,3,54.91,M3T20090421T115858_V01_L0.IMG,M3T20090421T115858_V01_BDE.IMG,M3T20090421T122429_V01_FF.IMG,149.38,u2
M3T20090421T122626,19bc,2009-05-01T03:02:04,1988,m3_igds_l0_v18.pl,18,149.38,GLOBAL,CH1-ORB-L-M3-2-L0-RAW-V1.0,2009-04-21T12:26:26,2009-04-21T12:28:59,2009-05-10T18:01:10,PRELIMINARY,m3t_l1b_v07.exe,7,1.003240985399 <AU>,149.38,REVERSE,ASCENDING,"(0.292109907072,0.351936204347,181.409840701025)","(""N/A"",""N/A"",""N/A"")",N/A,"(""N/A"",""N/A"",""N/A"")",N/A,3,54.91,M3T20090421T115858_V01_L0.IMG,M3T20090421T115858_V01_BDE.IMG,M3T20090421T122626_V01_FF.IMG,149.18,,,,,,,,,,,,,,,,,,,2009-05-10T18:01:10,ACTUAL,3,m3t_l1b_v07.exe,7,1.003240985399 <AU>,149.38,REVERSE,ASCENDING,"(0.292109907072,0.351936204347,181.409840701025)","(""N/A"",""N/A"",""N/A"")",N/A,"(""N/A"",""N/A"",""N/A"")",N/A,3,54.91,M3T20090421T115858_V01_L0.IMG,M3T20090421T115858_V01_BDE.IMG,M3T20090421T122626_V01_FF.IMG,149.38,u2
M3T20090421T135659,19bc,2009-05-01T03:09:22,1988,m3_igds_l0_v18.pl,18,149.7,GLOBAL,CH1-ORB-L-M3-2-L0-RAW-V1.0,2009-04-21T13:56:59,2009-04-21T13:57:24,,,,,,,,,,,,,,,,,,,,,,,,,,,,,,,,,,,,,,,,,,,,,,,,,,,,,,,,,,
M3T20090421T142043,19bc,2009-05-01T03:10:33,1988,m3_igds_l0_v18.pl,18,149.5,GLOBAL,CH1-ORB-L-M3-2-L0-RAW-V1.0,2009-04-21T14:20:43,2009-04-21T14:21:45,2009-05-10T18:01:10,PRELIMINARY,m3t_l1b_v07.exe,7,1.003235355318 <AU>,149.5,REVERSE,ASCENDING,"(0.304171242372,0.223800773475,181.173214703640)","(""N/A"",""N/A"",""N/A"")",N/A,"(""N/A"",""N/A"",""N/A"")",N/A,3,54.91,M3T20090421T135659_V01_L0.IMG,M3T20090421T135659_V01_BDE.IMG,M3T20090421T142145_V01_FF.IMG,149.18,,,,,,,,,,,,,,,,,,,2009-05-10T18:01:10,ACTUAL,3,m3t_l1b_v07.exe,7,1.003235355318 <AU>,149.5,REVERSE,ASCENDING,"(0.304171242372,0.223800773475,181.173214703640)","(""N/A"",""N/A"",""N/A"")",N/A,"(""N/A"",""N/A"",""N/A"")",N/A,3,54.91,M3T20090421T135659_V01_L0.IMG,M3T20090421T135659_V01_BDE.IMG,M3T20090421T142145_V01_FF.IMG,149.5,u2
M3T20090421T142145,19bc,2009-05-01T03:13:32,1988,m3_igds_l0_v18.pl,18,149.44,GLOBAL,CH1-ORB-L-M3-2-L0-RAW-V1.0,2009-04-21T14:21:45,2009-04-21T14:25:14,2009-05-10T18:01:10,PRELIMINARY,m3t_l1b_v07.exe,7,1.003234903721 <AU>,149.44,REVERSE,ASCENDING,"(0.304171242372,0.223800773475,181.173214703640)","(""N/A"",""N/A"",""N/A"")",N/A,"(""N/A"",""N/A"",""N/A"")",N/A,3,54.91,M3T20090421T135659_V01_L0.IMG,M3T20090421T135659_V01_BDE.IMG,M3T20090421T142145_V01_FF.IMG,149.18,,,,,,,,,,,,,,,,,,,2009-05-10T18:01:10,ACTUAL,3,m3t_l1b_v07.exe,7,1.003234903721 <AU>,149.44,REVERSE,ASCENDING,"(0.304171242372,0.223800773475,181.173214703640)","(""N/A"",""N/A"",""N/A"")",N/A,"(""N/A"",""N/A"",""N/A"")",N/A,3,54.91,M3T20090421T135659_V01_L0.IMG,M3T20090421T135659_V01_BDE.IMG,M3T20090421T142145_V01_FF.IMG,149.44,u2
M3T20090421T155459,19bc,2009-05-01T03:23:03,1988,m3_igds_l0_v18.pl,18,149.7,GLOBAL,CH1-ORB-L-M3-2-L0-RAW-V1.0,2009-04-21T15:54:59,2009-04-21T15:55:24,,,,,,,,,,,,,,,,,,,,,,,,,,,,,,,,,,,,,,,,,,,,,,,,,,,,,,,,,,
M3T20090421T161644,19bc,2009-05-01T03:24:11,1988,m3_igds_l0_v18.pl,18,149.63,GLOBAL,CH1-ORB-L-M3-2-L0-RAW-V1.0,2009-04-21T16:16:44,2009-04-21T16:21:14,2009-05-10T18:01:10,PRELIMINARY,m3t_l1b_v07.exe,7,1.003229472618 <AU>,149.63,REVERSE,ASCENDING,"(0.341351059883,0.269772789510,180.848625540118)","(""N/A"",""N/A"",""N/A"")",N/A,"(""N/A"",""N/A"",""N/A"")",N/A,3,54.33,M3T20090421T155459_V01_L0.IMG,M3T20090421T155459_V01_BDE.IMG,M3T20090421T161644_V01_FF.IMG,150.16,,,,,,,,,,,,,,,,,,,2009-05-10T18:01:10,ACTUAL,3,m3t_l1b_v07.exe,7,1.003229472618 <AU>,149.63,REVERSE,ASCENDING,"(0.341351059883,0.269772789510,180.848625540118)","(""N/A"",""N/A"",""N/A"")",N/A,"(""N/A"",""N/A"",""N/A"")",N/A,3,54.33,M3T20090421T155459_V01_L0.IMG,M3T20090421T155459_V01_BDE.IMG,M3T20090421T161644_V01_FF.IMG,149.63,u2
M3T20090421T183929,19bc,2009-05-01T11:33:09,1995,m3_igds_l0_v18.pl,18,150.02,GLOBAL,CH1-ORB-L-M3-2-L0-RAW-V1.0,2009-04-21T18:39:29,2009-04-21T18:43:58,2009-05-10T18:01:10,PRELIMINARY,m3t_l1b_v07.exe,7,1.003224331533 <AU>,150.02,REVERSE,ASCENDING,"(0.193323019401,0.352481615871,180.866744924082)","(""N/A"",""N/A"",""N/A"")",N/A,"(""N/A"",""N/A"",""N/A"")",N/A,3,54.33,M3T20090421T155459_V01_L0.IMG,M3T20090421T155459_V01_BDE.IMG,M3T20090421T183929_V01_FF.IMG,150.16,,,,,,,,,,,,,,,,,,,2009-05-10T18:01:10,ACTUAL,3,m3t_l1b_v07.exe,7,1.003224331533 <AU>,150.02,REVERSE,ASCENDING,"(0.193323019401,0.352481615871,180.866744924082)","(""N/A"",""N/A"",""N/A"")",N/A,"(""N/A"",""N/A"",""N/A"")",N/A,3,54.33,M3T20090421T155459_V01_L0.IMG,M3T20090421T155459_V01_BDE.IMG,M3T20090421T183929_V01_FF.IMG,150.02,u2
M3T20090516T080004,19bc,2009-05-18T20:57:39,2292,m3_igds_l0_v18.pl,18,164.87,GLOBAL,CH1-ORB-L-M3-2-L0-RAW-V1.0,2009-05-16T08:00:04,2009-05-16T08:00:26,,,,,,,,,,,,,,,,,,,,,,,,,,,,,,,,,,,,,,,,,,,,,,,,,,,,,,,,,,
M3T20090516T083435,19bc,2009-05-18T20:58:41,2292,m3_igds_l0_v18.pl,18,164.45,GLOBAL,CH1-ORB-L-M3-2-L0-RAW-V1.0,2009-05-16T08:34:35,2009-05-16T08:35:04,2009-05-10T18:01:10,PRELIMINARY,m3t_l1b_v07.exe,7,1.011623841335 <AU>,164.45,REVERSE,ASCENDING,"(""N/A"",""N/A"",""N/A"")","(10.065349231215,48.457186829133,304.018747101836)",295731291.127,"(""N/A"",""N/A"",""N/A"")",N/A,3,30.95,M3T20090516T080004_V01_L0.IMG,M3T20090516T080004_V01_BDE.IMG,M3T20090516T083552_V01_FF.IMG,164.2,,,,,,,,,,,,,,,,,,,2009-05-10T18:01:10,ACTUAL,3,m3t_l1b_v07.exe,7,1.011623841335 <AU>,164.45,REVERSE,ASCENDING,"(""N/A"",""N/A"",""N/A"")","(10.065349231215,48.457186829133,304.018747101836)",295731291.127,"(""N/A"",""N/A"",""N/A"")",N/A,3,30.95,M3T20090516T080004_V01_L0.IMG,M3T20090516T080004_V01_BDE.IMG,M3T20090516T083552_V01_FF.IMG,164.45,u2
M3T20090516T083505,19bc,2009-05-18T21:00:09,2292,m3_igds_l0_v18.pl,18,164.45,GLOBAL,CH1-ORB-L-M3-2-L0-RAW-V1.0,2009-05-16T08:35:05,2009-05-16T08:35:52,2009-05-10T18:01:10,PRELIMINARY,m3t_l1b_v07.exe,7,1.011623744077 <AU>,164.45,REVERSE,ASCENDING,"(""N/A"",""N/A"",""N/A"")","(10.065349231215,48.457186829133,304.018747101836)",295731291.127,"(""N/A"",""N/A"",""N/A"")",N/A,3,30.95,M3T20090516T080004_V01_L0.IMG,M3T20090516T080004_V01_BDE.IMG,M3T20090516T083552_V01_FF.IMG,164.2,,,,,,,,,,,,,,,,,,,2009-05-10T18:01:10,ACTUAL,3,m3t_l1b_v07.exe,7,1.011623744077 <AU>,164.45,REVERSE,ASCENDING,"(""N/A"",""N/A"",""N/A"")","(10.065349231215,48.457186829133,304.018747101836)",295731291.127,"(""N/A"",""N/A"",""N/A"")",N/A,3,30.95,M3T20090516T080004_V01_L0.IMG,M3T20090516T080004_V01_BDE.IMG,M3T20090516T083552_V01_FF.IMG,164.45,u2
M3T20090516T083552,19bc,2009-05-18T21:02:45,2292,m3_igds_l0_v18.pl,18,164.53,GLOBAL,CH1-ORB-L-M3-2-L0-RAW-V1.0,2009-05-16T08:35:52,2009-05-16T08:37:51,2009-05-10T18:01:10,PRELIMINARY,m3t_l1b_v07.exe,7,1.011623576685 <AU>,164.53,REVERSE,ASCENDING,"(""N/A"",""N/A"",""N/A"")","(10.065349231215,48.457186829133,304.018747101836)",295731291.127,"(""N/A"",""N/A"",""N/A"")",N/A,3,30.95,M3T20090516T080004_V01_L0.IMG,M3T20090516T080004_V01_BDE.IMG,M3T20090516T083552_V01_FF.IMG,164.2,,,,,,,,,,,,,,,,,,,2009-05-10T18:01:10,ACTUAL,3,m3t_l1b_v07.exe,7,1.011623576685 <AU>,164.53,REVERSE,ASCENDING,"(""N/A"",""N/A"",""N/A"")","(10.065349231215,48.457186829133,304.018747101836)",295731291.127,"(""N/A"",""N/A"",""N/A"")",N/A,3,30.95,M3T20090516T080004_V01_L0.IMG,M3T20090516T080004_V01_BDE.IMG,M3T20090516T083552_V01_FF.IMG,164.53,u2
M3T20090516T083751,19bc,2009-05-18T21:08:49,2292,m3_igds_l0_v18.pl,18,164.62,GLOBAL,CH1-ORB-L-M3-2-L0-RAW-V1.0,2009-05-16T08:37:51,2009-05-16T08:38:44,2009-05-10T18:01:10,PRELIMINARY,m3t_l1b_v07.exe,7,1.011623460131 <AU>,164.62,REVERSE,ASCENDING,"(""N/A"",""N/A"",""N/A"")","(10.065349231215,48.457186829133,304.018747101836)",295731291.127,"(""N/A"",""N/A"",""N/A"")",N/A,3,30.95,M3T20090516T080004_V01_L0.IMG,M3T20090516T080004_V01_BDE.IMG,M3T20090516T083552_V01_FF.IMG,164.2,,,,,,,,,,,,,,,,,,,2009-05-10T18:01:10,ACTUAL,3,m3t_l1b_v07.exe,7,1.011623460131 <AU>,164.62,REVERSE,ASCENDING,"(""N/A"",""N/A"",""N/A"")","(10.065349231215,48.457186829133,304.018747101836)",295731291.127,"(""N/A"",""N/A"",""N/A"")",N/A,3,30.95,M3T20090516T080004_V01_L0.IMG,M3T20090516T080004_V01_BDE.IMG,M3T20090516T083552_V01_FF.IMG,164.62,u2
M3T20090516T095805,19bc,2009-05-18T21:11:31,2292,m3_igds_l0_v18.pl,18,165.3,GLOBAL,CH1-ORB-L-M3-2-L0-RAW-V1.0,2009-05-16T09:58:05,2009-05-16T09:58:30,,,,,,,,,,,,,,,,,,,,,,,,,,,,,,,,,,,,,,,,,,,,,,,,,,,,,,,,,,
M3T20090516T103232,19bc,2009-05-18T21:12:46,2292,m3_igds_l0_v18.pl,18,164.79,GLOBAL,CH1-ORB-L-M3-2-L0-RAW-V1.0,2009-05-16T10:32:32,2009-05-16T10:36:45,2009-05-10T18:01:10,PRELIMINARY,m3t_l1b_v07.exe,7,1.011599686802 <AU>,164.79,REVERSE,ASCENDING,"(""N/A"",""N/A"",""N/A"")","(-01.773253413464,19.807109322238,140.937579664261)",295738374.081,"(""N/A"",""N/A"",""N/A"")",N/A,3,30.95,M3T20090516T095805_V01_L0.IMG,M3T20090516T095805_V01_BDE.IMG,M3T20090516T083552_V01_FF.IMG,164.2,,,,,,,,,,,,,,,,,,,2009-05-10T18:01:10,ACTUAL,3,m3t_l1b_v07.exe,7,1.011599686802 <AU>,164.79,REVERSE,ASCENDING,"(""N/A"",""N/A"",""N/A"")","(-01.773253413464,19.807109322238,140.937579664261)",295738374.081,"(""N/A"",""N/A"",""N/A"")",N/A,3,30.95,M3T20090516T095805_V01_L0.IMG,M3T20090516T095805_V01_BDE.IMG,M3T20090516T083552_V01_FF.IMG,164.79,u2
M3T20090516T115610,19bc,2009-05-18T21:25:35,2292,m3_igds_l0_v18.pl,18,165.55,GLOBAL,CH1-ORB-L-M3-2-L0-RAW-V1.0,2009-05-16T11:56:10,2009-05-16T11:56:34,,,,,,,,,,,,,,,,,,,,,,,,,,,,,,,,,,,,,,,,,,,,,,,,,,,,,,,,,,
M3T20090516T123035,19bc,2009-05-18T21:26:49,2292,m3_igds_l0_v18.pl,18,165.04,GLOBAL,CH1-ORB-L-M3-2-L0-RAW-V1.0,2009-05-16T12:30:35,2009-05-16T12:32:05,2009-05-10T18:01:10,PRELIMINARY,m3t_l1b_v07.exe,7,1.011575767941 <AU>,165.04,REVERSE,ASCENDING,"(""N/A"",""N/A"",""N/A"")","(00.315741510312,39.529384669335,259.430109649252)",295745457.112,"(""N/A"",""N/A"",""N/A"")",N/A,3,30.95,M3T20090516T095805_V01_L0.IMG,M3T20090516T095805_V01_BDE.IMG,M3T20090516T083552_V01_FF.IMG,164.2,,,,,,,,,,,,,,,,,,,2009-05-10T18:01:10,ACTUAL,3,m3t_l1b_v07.exe,7,1.011575767941 <AU>,165.04,REVERSE,ASCENDING,"(""N/A"",""N/A"",""N/A"")","(00.315741510312,39.529384669335,259.430109649252)",295745457.112,"(""N/A"",""N/A"",""N/A"")",N/A,3,30.95,M3T20090516T095805_V01_L0.IMG,M3T20090516T095805_V01_BDE.IMG,M3T20090516T083552_V01_FF.IMG,165.04,u2
M3T20090628T150804,19bc,2009-06-29T18:10:29,2781,m3_igds_l0_v18.pl,18,162.88,GLOBAL,CH1-ORB-L-M3-2-L0-RAW-V1.0,2009-06-28T15:08:04,2009-06-28T15:08:27,,,,,,,,,,,,,,,,,,,,,,,,,,,,,,,,,,,,,,,,,,,,,,,,,,,,,,,,,,
M3T20090628T155010,19bc,2009-06-29T18:11:40,2781,m3_igds_l0_v18.pl,18,162.88,GLOBAL,CH1-ORB-L-M3-2-L0-RAW-V1.0,2009-06-28T15:50:10,2009-06-28T15:55:26,2009-05-10T18:01:10,PRELIMINARY,m3t_l1b_v07.exe,7,1.016153125180 <AU>,162.88,FORWARD,ASCENDING,"(""N/A"",""N/A"",""N/A"")","(01.790747472991,-2.416713054449,009.139173528093)",299472250.94,"(0.066275726667,-0.996371633282,0.053395659430)",0.046724991475,4,9.78,M3T20090628T150804_V01_L0.IMG,M3T20090628T150804_V01_BDE.IMG,M3T20090628T200530_V01_FF.IMG,162.39,,,,,,,,,,,,,,,,,,,2009-05-10T18:01:10,ACTUAL,3,m3t_l1b_v07.exe,7,1.016153125180 <AU>,162.88,FORWARD,ASCENDING,"(""N/A"",""N/A"",""N/A"")","(01.790747472991,-2.416713054449,009.139173528093)",299472250.94,"(0.066275726667,-0.996371633282,0.053395659430)",0.046724991475,4,9.78,M3T20090628T150804_V01_L0.IMG,M3T20090628T150804_V01_BDE.IMG,M3T20090628T200530_V01_FF.IMG,162.88,u2
M3T20090628T192325,19bc,2009-07-01T19:24:32,2786,m3_igds_l0_v18.pl,18,162.88,GLOBAL,CH1-ORB-L-M3-2-L0-RAW-V1.0,2009-06-28T19:23:25,2009-06-28T19:23:45,,,,,,,,,,,,,,,,,,,,,,,,,,,,,,,,,,,,,,,,,,,,,,,,,,,,,,,,,,
M3T20090628T200530,19bc,2009-07-01T19:25:27,2786,m3_igds_l0_v18.pl,18,162.88,GLOBAL,CH1-ORB-L-M3-2-L0-RAW-V1.0,2009-06-28T20:05:30,2009-06-28T20:09:01,2009-05-10T18:01:10,PRELIMINARY,m3t_l1b_v07.exe,7,1.016252882486 <AU>,162.88,FORWARD,ASCENDING,"(""N/A"",""N/A"",""N/A"")","(-01.243645814042,0.492953309780,006.980186702656)",299487574.284,"(0.049419846041,-0.998326566919,0.030029062608)",0.046965623513,4,9.78,M3T20090628T192325_V01_L0.IMG,M3T20090628T192325_V01_BDE.IMG,M3T20090628T200530_V01_FF.IMG,162.39,,,,,,,,,,,,,,,,,,,2009-05-10T18:01:10,ACTUAL,3,m3t_l1b_v07.exe,7,1.016252882486 <AU>,162.88,FORWARD,ASCENDING,"(""N/A"",""N/A"",""N/A"")","(-01.243645814042,0.492953309780,006.980186702656)",299487574.284,"(0.049419846041,-0.998326566919,0.030029062608)",0.046965623513,4,9.78,M3T20090628T192325_V01_L0.IMG,M3T20090628T192325_V01_BDE.IMG,M3T20090628T200530_V01_FF.IMG,162.88,u2
M3T20090629T060120,19bc,2009-07-01T19:35:08,2792,m3_igds_l0_v18.pl,18,162.39,GLOBAL,CH1-ORB-L-M3-2-L0-RAW-V1.0,2009-06-29T06:01:20,2009-06-29T06:01:42,,,,,,,,,,,,,,,,,,,,,,,,,,,,,,,,,,,,,,,,,,,,,,,,,,,,,,,,,,
M3T20090629T080900,19bc,2009-07-01T19:47:38,2792,m3_igds_l0_v18.pl,18,162.72,GLOBAL,CH1-ORB-L-M3-2-L0-RAW-V1.0,2009-06-29T08:09:00,2009-06-29T08:09:22,,,,,,,,,,,,,,,,,,,,,,,,,,,,,,,,,,,,,,,,,,,,,,,,,,,,,,,,,,
M3T20090630T073716,19bc,2009-07-06T16:30:31,2804,m3_igds_l0_v18.pl,18,162.23,GLOBAL,CH1-ORB-L-M3-2-L0-RAW-V1.0,2009-06-30T07:37:16,2009-06-30T07:37:42,,,,,,,,,,,,,,,,,,,,,,,,,,,,,,,,,,,,,,,,,,,,,,,,,,,,,,,,,,
M3T20090630T083026,19bc,2009-07-06T16:31:52,2804,m3_igds_l0_v18.pl,18,161.99,GLOBAL,CH1-ORB-L-M3-2-L0-RAW-V1.0,2009-06-30T08:30:26,2009-06-30T08:34:07,2009-05-10T18:01:10,PRELIMINARY,m3t_l1b_v07.exe,7,1.017113789636 <AU>,161.99,FORWARD,ASCENDING,"(""N/A"",""N/A"",""N/A"")","(00.233580805487,2.281265294933,004.003902254047)",299617824.351,"(0.049715054267,-0.997329135941,0.053507083471)",0.046843426581,4,9.78,M3T20090630T073716_V01_L0.IMG,M3T20090630T073716_V01_BDE.IMG,M3T20090630T083026_V01_FF.IMG,162.39,,,,,,,,,,,,,,,,,,,2009-05-10T18:01:10,ACTUAL,3,m3t_l1b_v07.exe,7,1.017113789636 <AU>,161.99,FORWARD,ASCENDING,"(""N/A"",""N/A"",""N/A"")","(00.233580805487,2.281265294933,004.003902254047)",299617824.351,"(0.049715054267,-0.997329135941,0.053507083471)",0.046843426581,4,9.78,M3T20090630T073716_V01_L0.IMG,M3T20090630T073716_V01_BDE.IMG,M3T20090630T083026_V01_FF.IMG,161.99,u2
M3T20090630T083407,19bc,2009-07-06T16:58:19,2804,m3_igds_l0_v18.pl,18,161.99,GLOBAL,CH1-ORB-L-M3-2-L0-RAW-V1.0,2009-06-30T08:34:07,2009-06-30T08:34:36,2009-05-10T18:01:10,PRELIMINARY,m3t_l1b_v07.exe,7,1.017115567610 <AU>,161.99,FORWARD,ASCENDING,"(""N/A"",""N/A"",""N/A"")","(00.233580805487,2.281265294933,004.003902254047)",299617824.351,"(0.049715054267,-0.997329135941,0.053507083471)",0.046843426581,4,9.78,M3T20090630T073716_V01_L0.IMG,M3T20090630T073716_V01_BDE.IMG,M3T20090630T083026_V01_FF.IMG,162.39,,,,,,,,,,,,,,,,,,,2009-05-10T18:01:10,ACTUAL,3,m3t_l1b_v07.exe,7,1.017115567610 <AU>,161.99,FORWARD,ASCENDING,"(""N/A"",""N/A"",""N/A"")","(00.233580805487,2.281265294933,004.003902254047)",299617824.351,"(0.049715054267,-0.997329135941,0.053507083471)",0.046843426581,4,9.78,M3T20090630T073716_V01_L0.IMG,M3T20090630T073716_V01_BDE.IMG,M3T20090630T083026_V01_FF.IMG,161.99,u2
M3T20090630T094506,19bc,2009-07-06T16:59:41,2804,m3_igds_l0_v18.pl,18,162.15,GLOBAL,CH1-ORB-L-M3-2-L0-RAW-V1.0,2009-06-30T09:45:06,2009-06-30T09:45:28,,,,,,,,,,,,,,,,,,,,,,,,,,,,,,,,,,,,,,,,,,,,,,,,,,,,,,,,,,
M3T20090630T103803,19bc,2009-07-06T17:00:44,2804,m3_igds_l0_v18.pl,18,161.91,GLOBAL,CH1-ORB-L-M3-2-L0-RAW-V1.0,2009-06-30T10:38:03,2009-06-30T10:42:06,2009-05-10T18:01:10,PRELIMINARY,m3t_l1b_v07.exe,7,1.017162803307 <AU>,161.91,FORWARD,ASCENDING,"(""N/A"",""N/A"",""N/A"")","(-01.624504191559,2.321743909495,002.731908943189)",299625486.229,"(0.046418796227,-0.998370096349,0.033203103351)",0.04682031259,4,9.78,M3T20090630T094506_V01_L0.IMG,M3T20090630T094506_V01_BDE.IMG,M3T20090630T103803_V01_FF.IMG,162.39,,,,,,,,,,,,,,,,,,,2009-05-10T18:01:10,ACTUAL,3,m3t_l1b_v07.exe,7,1.017162803307 <AU>,161.91,FORWARD,ASCENDING,"(""N/A"",""N/A"",""N/A"")","(-01.624504191559,2.321743909495,002.731908943189)",299625486.229,"(0.046418796227,-0.998370096349,0.033203103351)",0.04682031259,4,9.78,M3T20090630T094506_V01_L0.IMG,M3T20090630T094506_V01_BDE.IMG,M3T20090630T103803_V01_FF.IMG,161.91,u2
M3T20090630T115247,19bc,2009-07-06T17:12:44,2804,m3_igds_l0_v18.pl,18,162.15,GLOBAL,CH1-ORB-L-M3-2-L0-RAW-V1.0,2009-06-30T11:52:47,2009-06-30T11:52:55,,,,,,,,,,,,,,,,,,,,,,,,,,,,,,,,,,,,,,,,,,,,,,,,,,,,,,,,,,
M3T20090630T115255,19bc,2009-07-06T17:13:07,2807,m3_igds_l0_v18.pl,18,162.23,GLOBAL,CH1-ORB-L-M3-2-L0-RAW-V1.0,2009-06-30T11:52:55,2009-06-30T11:53:11,,,,,,,,,,,,,,,,,,,,,,,,,,,,,,,,,,,,,,,,,,,,,,,,,,,,,,,,,,
M3T20090630T124550,19bc,2009-07-06T17:13:53,2807,m3_igds_l0_v18.pl,18,161.91,GLOBAL,CH1-ORB-L-M3-2-L0-RAW-V1.0,2009-06-30T12:45:50,2009-06-30T12:50:01,2009-05-10T18:01:10,PRELIMINARY,m3t_l1b_v07.exe,7,1.017211633717 <AU>,161.91,FORWARD,ASCENDING,"(""N/A"",""N/A"",""N/A"")","(-01.645940916845,1.846854392060,002.585432737601)",299633148.112,"(0.047251706627,-0.998323554238,0.033426894488)",0.046690779048,4,9.78,M3T20090630T115255_V01_L0.IMG,M3T20090630T115255_V01_BDE.IMG,M3T20090630T124550_V01_FF.IMG,162.39,,,,,,,,,,,,,,,,,,,2009-05-10T18:01:10,ACTUAL,3,m3t_l1b_v07.exe,7,1.017211633717 <AU>,161.91,FORWARD,ASCENDING,"(""N/A"",""N/A"",""N/A"")","(-01.645940916845,1.846854392060,002.585432737601)",299633148.112,"(0.047251706627,-0.998323554238,0.033426894488)",0.046690779048,4,9.78,M3T20090630T115255_V01_L0.IMG,M3T20090630T115255_V01_BDE.IMG,M3T20090630T124550_V01_FF.IMG,161.91,u2
M3T20090701T090944,19bc,2009-07-06T17:32:33,2817,m3_igds_l0_v18.pl,18,161.74,GLOBAL,CH1-ORB-L-M3-2-L0-RAW-V1.0,2009-07-01T09:09:44,2009-07-01T09:10:06,,,,,,,,,,,,,,,,,,,,,,,,,,,,,,,,,,,,,,,,,,,,,,,,,,,,,,,,,,
M3T20090701T094734,19bc,2009-07-06T17:33:36,2817,m3_igds_l0_v18.pl,18,161.26,GLOBAL,CH1-ORB-L-M3-2-L0-RAW-V1.0,2009-07-01T09:47:34,2009-07-01T09:49:18,2009-05-10T18:01:10,PRELIMINARY,m3t_l1b_v07.exe,7,1.017671990464 <AU>,161.26,FORWARD,ASCENDING,"(""N/A"",""N/A"",""N/A"")","(01.004846926042,-0.201508849038,011.838123918849)",299709766.893,"(0.047351922228,-0.987947408046,0.147369312938)",0.047072374989,4,23.46,M3T20090701T090944_V01_L0.IMG,M3T20090701T090944_V01_BDE.IMG,M3T20090701T094734_V01_FF.IMG,160.87,,,,,,,,,,,,,,,,,,,2009-05-10T18:01:10,ACTUAL,3,m3t_l1b_v07.exe,7,1.017671990464 <AU>,161.26,FORWARD,ASCENDING,"(""N/A"",""N/A"",""N/A"")","(01.004846926042,-0.201508849038,011.838123918849)",299709766.893,"(0.047351922228,-0.987947408046,0.147369312938)",0.047072374989,4,23.46,M3T20090701T090944_V01_L0.IMG,M3T20090701T090944_V01_BDE.IMG,M3T20090701T094734_V01_FF.IMG,161.26,u2
M3T20090701T094918,19bc,2009-07-06T17:38:58,2818,m3_igds_l0_v18.pl,18,161.26,GLOBAL,CH1-ORB-L-M3-2-L0-RAW-V1.0,2009-07-01T09:49:18,2009-07-01T09:50:59,2009-05-10T18:01:10,PRELIMINARY,m3t_l1b_v07.exe,7,1.017672811432 <AU>,161.26,FORWARD,ASCENDING,"(""N/A"",""N/A"",""N/A"")","(01.004846926042,-0.201508849038,011.838123918849)",299709766.893,"(0.047351922228,-0.987947408046,0.147369312938)",0.047072374989,4,23.46,M3T20090701T090944_V01_L0.IMG,M3T20090701T090944_V01_BDE.IMG,M3T20090701T094918_V01_FF.IMG,160.87,,,,,,,,,,,,,,,,,,,2009-05-10T18:01:10,ACTUAL,3,m3t_l1b_v07.exe,7,1.017672811432 <AU>,161.26,FORWARD,ASCENDING,"(""N/A"",""N/A"",""N/A"")","(01.004846926042,-0.201508849038,011.838123918849)",299709766.893,"(0.047351922228,-0.987947408046,0.147369312938)",0.047072374989,4,23.46,M3T20090701T090944_V01_L0.IMG,M3T20090701T090944_V01_BDE.IMG,M3T20090701T094918_V01_FF.IMG,161.26,u2
M3T20090701T095059,19bc,2009-07-06T17:44:07,2818,m3_igds_l0_v18.pl,18,161.26,GLOBAL,CH1-ORB-L-M3-2-L0-RAW-V1.0,2009-07-01T09:50:59,2009-07-01T09:51:36,2009-05-10T18:01:10,PRELIMINARY,m3t_l1b_v07.exe,7,1.017673397355 <AU>,161.26,FORWARD,ASCENDING,"(""N/A"",""N/A"",""N/A"")","(01.004846926042,-0.201508849038,011.838123918849)",299709766.893,"(0.047351922228,-0.987947408046,0.147369312938)",0.047072374989,4,23.46,M3T20090701T090944_V01_L0.IMG,M3T20090701T090944_V01_BDE.IMG,M3T20090701T094918_V01_FF.IMG,160.87,,,,,,,,,,,,,,,,,,,2009-05-10T18:01:10,ACTUAL,3,m3t_l1b_v07.exe,7,1.017673397355 <AU>,161.26,FORWARD,ASCENDING,"(""N/A"",""N/A"",""N/A"")","(01.004846926042,-0.201508849038,011.838123918849)",299709766.893,"(0.047351922228,-0.987947408046,0.147369312938)",0.047072374989,4,23.46,M3T20090701T090944_V01_L0.IMG,M3T20090701T090944_V01_BDE.IMG,M3T20090701T094918_V01_FF.IMG,161.26,u2
M3T20090701T111725,19bc,2009-07-06T17:46:02,2818,m3_igds_l0_v18.pl,18,161.66,GLOBAL,CH1-ORB-L-M3-2-L0-RAW-V1.0,2009-07-01T11:17:25,2009-07-01T11:17:47,,,,,,,,,,,,,,,,,,,,,,,,,,,,,,,,,,,,,,,,,,,,,,,,,,,,,,,,,,
M3T20090701T115515,19bc,2009-07-06T17:47:04,2818,m3_igds_l0_v18.pl,18,161.26,GLOBAL,CH1-ORB-L-M3-2-L0-RAW-V1.0,2009-07-01T11:55:15,2009-07-01T11:59:17,2009-05-10T18:01:10,PRELIMINARY,m3t_l1b_v07.exe,7,1.017717804127 <AU>,161.26,FORWARD,ASCENDING,"(""N/A"",""N/A"",""N/A"")","(00.867698872712,-0.635623082266,010.273362479821)",299717428.474,"(0.052537613001,-0.988968628421,0.138494950158)",0.046938462081,4,23.46,M3T20090701T111725_V01_L0.IMG,M3T20090701T111725_V01_BDE.IMG,M3T20090701T115515_V01_FF.IMG,160.87,,,,,,,,,,,,,,,,,,,2009-05-10T18:01:10,ACTUAL,3,m3t_l1b_v07.exe,7,1.017717804127 <AU>,161.26,FORWARD,ASCENDING,"(""N/A"",""N/A"",""N/A"")","(00.867698872712,-0.635623082266,010.273362479821)",299717428.474,"(0.052537613001,-0.988968628421,0.138494950158)",0.046938462081,4,23.46,M3T20090701T111725_V01_L0.IMG,M3T20090701T111725_V01_BDE.IMG,M3T20090701T115515_V01_FF.IMG,161.26,u2
M3T20090701T132506,19bc,2009-07-06T17:59:51,2818,m3_igds_l0_v18.pl,18,161.66,GLOBAL,CH1-ORB-L-M3-2-L0-RAW-V1.0,2009-07-01T13:25:06,2009-07-01T13:25:28,,,,,,,,,,,,,,,,,,,,,,,,,,,,,,,,,,,,,,,,,,,,,,,,,,,,,,,,,,
M3T20090701T140255,19bc,2009-07-06T18:01:04,2818,m3_igds_l0_v18.pl,18,161.18,GLOBAL,CH1-ORB-L-M3-2-L0-RAW-V1.0,2009-07-01T14:02:55,2009-07-01T14:03:57,2009-05-10T18:01:10,PRELIMINARY,m3t_l1b_v07.exe,7,1.017761945845 <AU>,161.18,FORWARD,ASCENDING,"(""N/A"",""N/A"",""N/A"")","(01.031146394661,0.438353506430,009.815672814417)",299725090.048,"(0.055324931516,-0.988673470452,0.139513156284)",0.047089563249,4,23.46,M3T20090701T132506_V01_L0.IMG,M3T20090701T132506_V01_BDE.IMG,M3T20090701T140357_V01_FF.IMG,160.87,,,,,,,,,,,,,,,,,,,2009-05-10T18:01:10,ACTUAL,3,m3t_l1b_v07.exe,7,1.017761945845 <AU>,161.18,FORWARD,ASCENDING,"(""N/A"",""N/A"",""N/A"")","(01.031146394661,0.438353506430,009.815672814417)",299725090.048,"(0.055324931516,-0.988673470452,0.139513156284)",0.047089563249,4,23.46,M3T20090701T132506_V01_L0.IMG,M3T20090701T132506_V01_BDE.IMG,M3T20090701T140357_V01_FF.IMG,161.18,u2
M3T20090701T140357,19bc,2009-07-06T18:04:45,2819,m3_igds_l0_v18.pl,18,161.1,GLOBAL,CH1-ORB-L-M3-2-L0-RAW-V1.0,2009-07-01T14:03:57,2009-07-01T14:07:01,2009-05-10T18:01:10,PRELIMINARY,m3t_l1b_v07.exe,7,1.017762916227 <AU>,161.1,FORWARD,ASCENDING,"(""N/A"",""N/A"",""N/A"")","(01.031146394661,0.438353506430,009.815672814417)",299725090.048,"(0.055324931516,-0.988673470452,0.139513156284)",0.047089563249,4,23.46,M3T20090701T132506_V01_L0.IMG,M3T20090701T132506_V01_BDE.IMG,M3T20090701T140357_V01_FF.IMG,160.87,,,,,,,,,,,,,,,,,,,2009-05-10T18:01:10,ACTUAL,3,m3t_l1b_v07.exe,7,1.017762916227 <AU>,161.1,FORWARD,ASCENDING,"(""N/A"",""N/A"",""N/A"")","(01.031146394661,0.438353506430,009.815672814417)",299725090.048,"(0.055324931516,-0.988673470452,0.139513156284)",0.047089563249,4,23.46,M3T20090701T132506_V01_L0.IMG,M3T20090701T132506_V01_BDE.IMG,M3T20090701T140357_V01_FF.IMG,161.1,u2
M3T20090704T134620,19bc,2009-07-08T20:32:59,2852,m3_igds_l0_v18.pl,18,160.55,GLOBAL,CH1-ORB-L-M3-2-L0-RAW-V1.0,2009-07-04T13:46:20,2009-07-04T13:46:42,,,,,,,,,,,,,,,,,,,,,,,,,,,,,,,,,,,,,,,,,,,,,,,,,,,,,,,,,,
M3T20090704T141557,19bc,2009-07-08T20:33:59,2852,m3_igds_l0_v18.pl,18,160.16,GLOBAL,CH1-ORB-L-M3-2-L0-RAW-V1.0,2009-07-04T14:15:57,2009-07-04T14:18:02,2009-05-10T18:01:10,PRELIMINARY,m3t_l1b_v07.exe,7,1.018967360954 <AU>,160.16,FORWARD,ASCENDING,"(""N/A"",""N/A"",""N/A"")","(13.253513004942,3.783923516103,067.899669993955)",299985618.662,"(0.050311394001,-0.862796013552,0.503042545550)",0.047051352476,4,23.46,M3T20090704T134620_V01_L0.IMG,M3T20090704T134620_V01_BDE.IMG,M3T20090704T141557_V01_FF.IMG,160.87,,,,,,,,,,,,,,,,,,,2009-05-10T18:01:10,ACTUAL,3,m3t_l1b_v07.exe,7,1.018967360954 <AU>,160.16,FORWARD,ASCENDING,"(""N/A"",""N/A"",""N/A"")","(13.253513004942,3.783923516103,067.899669993955)",299985618.662,"(0.050311394001,-0.862796013552,0.503042545550)",0.047051352476,4,23.46,M3T20090704T134620_V01_L0.IMG,M3T20090704T134620_V01_BDE.IMG,M3T20090704T141557_V01_FF.IMG,160.16,u2
M3T20090704T141802,19bc,2009-07-21T20:51:56,2854,m3_igds_l0_v18.pl,18,160.16,GLOBAL,CH1-ORB-L-M3-2-L0-RAW-V1.0,2009-07-04T14:18:02,2009-07-04T14:19:47,2009-05-10T18:01:10,PRELIMINARY,m3t_l1b_v07.exe,7,1.018967496925 <AU>,160.16,FORWARD,ASCENDING,"(""N/A"",""N/A"",""N/A"")","(13.253513004942,3.783923516103,067.899669993955)",299985618.662,"(0.050311394001,-0.862796013552,0.503042545550)",0.047051352476,4,23.46,M3T20090704T134620_V01_L0.IMG,M3T20090704T134620_V01_BDE.IMG,M3T20090704T141802_V01_FF.IMG,160.87,,,,,,,,,,,,,,,,,,,2009-05-10T18:01:10,ACTUAL,3,m3t_l1b_v07.exe,7,1.018967496925 <AU>,160.16,FORWARD,ASCENDING,"(""N/A"",""N/A"",""N/A"")","(13.253513004942,3.783923516103,067.899669993955)",299985618.662,"(0.050311394001,-0.862796013552,0.503042545550)",0.047051352476,4,23.46,M3T20090704T134620_V01_L0.IMG,M3T20090704T134620_V01_BDE.IMG,M3T20090704T141802_V01_FF.IMG,160.16,u2
M3T20090704T141947,19bc,2009-07-08T20:39:43,2855,m3_igds_l0_v18.pl,18,160.16,GLOBAL,CH1-ORB-L-M3-2-L0-RAW-V1.0,2009-07-04T14:19:47,2009-07-04T14:20:11,2009-05-10T18:01:10,PRELIMINARY,m3t_l1b_v07.exe,7,1.018967620278 <AU>,160.16,FORWARD,ASCENDING,"(""N/A"",""N/A"",""N/A"")","(13.253513004942,3.783923516103,067.899669993955)",299985618.662,"(0.050311394001,-0.862796013552,0.503042545550)",0.047051352476,4,23.46,M3T20090704T134620_V01_L0.IMG,M3T20090704T134620_V01_BDE.IMG,M3T20090704T141802_V01_FF.IMG,160.87,,,,,,,,,,,,,,,,,,,2009-05-10T18:01:10,ACTUAL,3,m3t_l1b_v07.exe,7,1.018967620278 <AU>,160.16,FORWARD,ASCENDING,"(""N/A"",""N/A"",""N/A"")","(13.253513004942,3.783923516103,067.899669993955)",299985618.662,"(0.050311394001,-0.862796013552,0.503042545550)",0.047051352476,4,23.46,M3T20090704T134620_V01_L0.IMG,M3T20090704T134620_V01_BDE.IMG,M3T20090704T141802_V01_FF.IMG,160.16,u2
M3T20090704T155400,19bc,2009-07-08T20:40:55,2855,m3_igds_l0_v18.pl,18,160.55,GLOBAL,CH1-ORB-L-M3-2-L0-RAW-V1.0,2009-07-04T15:54:00,2009-07-04T15:54:32,,,,,,,,,,,,,,,,,,,,,,,,,,,,,,,,,,,,,,,,,,,,,,,,,,,,,,,,,,
M3T20090704T162336,19bc,2009-07-08T20:42:26,2855,m3_igds_l0_v18.pl,18,160.16,GLOBAL,CH1-ORB-L-M3-2-L0-RAW-V1.0,2009-07-04T16:23:36,2009-07-04T16:24:06,2009-05-10T18:01:10,PRELIMINARY,m3t_l1b_v07.exe,7,1.018991470009 <AU>,160.16,FORWARD,ASCENDING,"(""N/A"",""N/A"",""N/A"")","(13.127867004388,6.447151097699,067.978864073485)",299993280.786,"(0.043717337829,-0.865253197086,0.499425369104)",0.046917233885,4,23.46,M3T20090704T155400_V01_L0.IMG,M3T20090704T155400_V01_BDE.IMG,M3T20090704T141802_V01_FF.IMG,160.87,,,,,,,,,,,,,,,,,,,2009-05-10T18:01:10,ACTUAL,3,m3t_l1b_v07.exe,7,1.018991470009 <AU>,160.16,FORWARD,ASCENDING,"(""N/A"",""N/A"",""N/A"")","(13.127867004388,6.447151097699,067.978864073485)",299993280.786,"(0.043717337829,-0.865253197086,0.499425369104)",0.046917233885,4,23.46,M3T20090704T155400_V01_L0.IMG,M3T20090704T155400_V01_BDE.IMG,M3T20090704T141802_V01_FF.IMG,160.16,u2
M3T20090704T162420,19bc,2009-07-08T20:43:53,2855,m3_igds_l0_v18.pl,18,160.16,GLOBAL,CH1-ORB-L-M3-2-L0-RAW-V1.0,2009-07-04T16:24:21,2009-07-04T16:24:28,2009-05-10T18:01:10,PRELIMINARY,m3t_l1b_v07.exe,7,1.018991479320 <AU>,160.16,FORWARD,ASCENDING,"(""N/A"",""N/A"",""N/A"")","(13.127867004388,6.447151097699,067.978864073485)",299993280.786,"(0.043717337829,-0.865253197086,0.499425369104)",0.046917233885,4,23.46,M3T20090704T155400_V01_L0.IMG,M3T20090704T155400_V01_BDE.IMG,M3T20090704T141802_V01_FF.IMG,160.87,,,,,,,,,,,,,,,,,,,2009-05-10T18:01:10,ACTUAL,3,m3t_l1b_v07.exe,7,1.018991479320 <AU>,160.16,FORWARD,ASCENDING,"(""N/A"",""N/A"",""N/A"")","(13.127867004388,6.447151097699,067.978864073485)",299993280.786,"(0.043717337829,-0.865253197086,0.499425369104)",0.046917233885,4,23.46,M3T20090704T155400_V01_L0.IMG,M3T20090704T155400_V01_BDE.IMG,M3T20090704T141802_V01_FF.IMG,160.16,u2
M3T20090705T131208,19bc,2009-07-08T17:28:45,2868,m3_igds_l0_v18.pl,18,160.16,GLOBAL,CH1-ORB-L-M3-2-L0-RAW-V1.0,2009-07-05T13:12:08,2009-07-05T13:12:30,,,,,,,,,,,,,,,,,,,,,,,,,,,,,,,,,,,,,,,,,,,,,,,,,,,,,,,,,,
M3T20090705T152032,19bc,2009-07-08T17:36:11,2871,m3_igds_l0_v18.pl,18,160.08,GLOBAL,CH1-ORB-L-M3-2-L0-RAW-V1.0,2009-07-05T15:20:32,2009-07-05T15:21:13,,,,,,,,,,,,,,,,,,,,,,,,,,,,,,,,,,,,,,,,,,,,,,,,,,,,,,,,,,
M3T20090707T161722,19bc,2009-07-09T17:07:15,2887,m3_igds_l0_v18.pl,18,159.01,GLOBAL,CH1-ORB-L-M3-2-L0-RAW-V1.0,2009-07-07T16:17:22,2009-07-07T16:17:44,,,,,,,,,,,,,,,,,,,,,,,,,,,,,,,,,,,,,,,,,,,,,,,,,,,,,,,,,,
M3T20090707T182504,19bc,2009-07-09T17:20:11,2889,m3_igds_l0_v18.pl,18,159.16,GLOBAL,CH1-ORB-L-M3-2-L0-RAW-V1.0,2009-07-07T18:25:04,2009-07-07T18:25:25,,,,,,,,,,,,,,,,,,,,,,,,,,,,,,,,,,,,,,,,,,,,,,,,,,,,,,,,,,
